dispensingId,receiptNumber,medicineId,medicineName,batchId,batchNumber,expiryDate,customerId,customerName,customerPhone,quantity,unitPrice,totalAmount,pharmacistId,pharmacistName,dispensedAt,dispenseDate,fefoCompliant,workspaceId,provenance
DISP-00001,RCPT-2026-10000,MED-0001,Paracetamol 500mg,BATCH-0001,PCT101,2027-11-30,CUST-0001,Rahul Kumar,+91 98450 48123,10,30.0,300.0,PHARM-KA-2022-7212,Deepak R,2026-07-11T15:02:00Z,2026-07-11,True,pharmaflow-main,SYNTHETIC_OPERATIONAL_RECORD
DISP-00002,RCPT-2026-10001,MED-0002,Paracetamol 650mg (Dolo 650),BATCH-0002,VD102,2026-09-25,CUST-0002,Priya Sharma,+91 97312 90342,5,41.2,206.0,PHARM-HIST-0001,Aravind Swaminathan,2026-07-08T12:53:00Z,2026-07-08,True,pharmaflow-main,SYNTHETIC_OPERATIONAL_RECORD
DISP-00003,RCPT-2026-10002,MED-0003,Vitamin D3 60K (Calcirol),BATCH-0003,AMX204,2026-10-15,CUST-0003,Arun Kumar,+91 94480 77109,15,86.4,1296.0,PHARM-KA-2022-7212,Deepak R,2026-09-23T13:32:00Z,2026-09-23,True,pharmaflow-main,SYNTHETIC_OPERATIONAL_RECORD
DISP-00004,RCPT-2026-10003,MED-0004,Amoxicillin 500mg (Novamox),BATCH-0004,CTZ302,2027-01-15,CUST-0004,Kavya S,+91 99001 22584,20,124.6,2492.0,PHARM-KA-2022-7212,Deepak R,2026-09-27T19:15:00Z,2026-09-27,True,pharmaflow-main,SYNTHETIC_OPERATIONAL_RECORD
DISP-00005,RCPT-2026-10004,MED-0005,Amoxicillin + Clavulanic Acid 625mg (Augmentin),BATCH-0005,DEMO-EXP-001,2026-10-23,CUST-0005,Meena Devi,+91 96114 64190,10,217.8,2178.0,PHARM-HIST-0004,Divya Menon,2026-07-06T19:21:00Z,2026-07-06,True,pharmaflow-main,SYNTHETIC_OPERATIONAL_RECORD
DISP-00006,RCPT-2026-10005,MED-0006,Cetirizine 10mg (Cetzine),BATCH-0006,DEMO-EXP-002,2026-10-08,CUST-0006,Deepak,+91 93845 99028,5,58.0,290.0,PHARM-HIST-0005,Rohan Mehta,2026-08-20T18:36:00Z,2026-08-20,True,pharmaflow-main,SYNTHETIC_OPERATIONAL_RECORD
DISP-00007,RCPT-2026-10006,MED-0007,Levocetirizine 5mg (Levocet),BATCH-0007,LEV106,2026-09-13,CUST-0007,Manish,+91 90802 04902,15,77.2,1158.0,PHARM-HIST-0006,Ananya Sharma,2026-07-02T06:02:00Z,2026-07-02,True,pharmaflow-main,SYNTHETIC_OPERATIONAL_RECORD
DISP-00008,RCPT-2026-10007,MED-0008,Azithromycin 250mg (Azee 250),BATCH-0008,AZI107,2026-09-22,CUST-0008,Deeps,+91 80988 51999,10,145.0,1450.0,PHARM-HIST-0007,Venkatesh Iyer,2026-07-27T14:05:00Z,2026-07-27,True,pharmaflow-main,SYNTHETIC_OPERATIONAL_RECORD
DISP-00009,RCPT-2026-10008,MED-0009,Azithromycin 500mg (Azithral 500),BATCH-0009,AZI108,2026-10-03,CUST-0009,Suresh Pillai,+91 9445652586,5,218.2,1091.0,PHARM-KA-2022-7212,Deepak R,2026-09-18T07:49:00Z,2026-09-18,True,pharmaflow-main,SYNTHETIC_OPERATIONAL_RECORD
DISP-00010,RCPT-2026-10009,MED-0010,Metformin 500mg (Glycomet 500),BATCH-0010,MET109,2026-09-24,CUST-0010,Lakshmi Bhat,+91 9668942178,20,61.4,1228.0,PHARM-HIST-0009,Sanjay Nambiar,2026-08-16T02:41:00Z,2026-08-16,True,pharmaflow-main,SYNTHETIC_OPERATIONAL_RECORD
DISP-00011,RCPT-2026-10010,MED-0011,Metformin 1000mg SR (Glucophage),BATCH-0011,MET110,2026-09-24,CUST-0011,Vignesh Murthy,+91 7068755000,5,91.6,458.0,PHARM-HIST-0010,Meera Krishnan,2026-09-01T15:49:00Z,2026-09-01,True,pharmaflow-main,SYNTHETIC_OPERATIONAL_RECORD
DISP-00012,RCPT-2026-10011,MED-0012,Pantoprazole 40mg (Pan 40),BATCH-0012,PAN111,2026-10-04,CUST-0012,Anitha Kumar,+91 9822257687,5,117.8,589.0,PHARM-HIST-0011,Aditya Kulkarni,2026-06-15T07:48:00Z,2026-06-15,True,pharmaflow-main,SYNTHETIC_OPERATIONAL_RECORD
DISP-00013,RCPT-2026-10012,MED-0013,Pantoprazole + Domperidone (Pan-D),BATCH-0013,PAN112,2026-09-01,CUST-0013,Ramesh Iyer,+91 9473149551,20,194.0,3880.0,PHARM-HIST-0012,Swati Deshmukh,2026-07-21T04:00:00Z,2026-07-21,True,pharmaflow-main,SYNTHETIC_OPERATIONAL_RECORD
DISP-00014,RCPT-2026-10013,MED-0014,Omeprazole 20mg (Omez),BATCH-0014,OME113,2026-09-23,CUST-0014,Sangeetha Reddy,+91 7022246348,5,94.2,471.0,PHARM-HIST-0013,Nikhil Bhat,2026-08-05T20:26:00Z,2026-08-05,True,pharmaflow-main,SYNTHETIC_OPERATIONAL_RECORD
DISP-00015,RCPT-2026-10014,MED-0015,Telmisartan 40mg (Telma 40),BATCH-0015,TEL114,2026-09-16,CUST-0015,Vijay Gowda,+91 9065250068,10,122.0,1220.0,PHARM-HIST-0014,Shalini Verma,2026-07-22T20:45:00Z,2026-07-22,True,pharmaflow-main,SYNTHETIC_OPERATIONAL_RECORD
DISP-00016,RCPT-2026-10015,MED-0016,Telmisartan + Amlodipine (Telma-AM),BATCH-0016,TEL115,2026-10-03,CUST-0016,Sandhya Desai,+91 7021819185,20,175.2,3504.0,PHARM-HIST-0015,Gautam Pillai,2026-07-24T14:30:00Z,2026-07-24,True,pharmaflow-main,SYNTHETIC_OPERATIONAL_RECORD
DISP-00017,RCPT-2026-10016,MED-0017,Atorvastatin 10mg (Atorva 10),BATCH-0017,ATO116,2026-09-10,CUST-0017,Prashanth Shenoy,+91 7065465150,30,144.4,4332.0,PHARM-HIST-0016,Rashmi Nair,2026-08-16T21:55:00Z,2026-08-16,True,pharmaflow-main,SYNTHETIC_OPERATIONAL_RECORD
DISP-00018,RCPT-2026-10017,MED-0018,Rosuvastatin 10mg (Rosuvas 10),BATCH-0018,ROS117,2026-10-07,CUST-0018,Swetha Krishnan,+91 9945843681,30,177.6,5328.0,PHARM-HIST-0017,Varun Shenoy,2026-07-24T11:45:00Z,2026-07-24,True,pharmaflow-main,SYNTHETIC_OPERATIONAL_RECORD
DISP-00019,RCPT-2026-10018,MED-0019,Ciprofloxacin 500mg (Ciplox 500),BATCH-0019,CIP118,2026-10-05,CUST-0019,Rajesh Sharma,+91 9931257157,30,100.8,3024.0,PHARM-HIST-0018,Geetha Radhakrishnan,2026-09-02T16:20:00Z,2026-09-02,True,pharmaflow-main,SYNTHETIC_OPERATIONAL_RECORD
DISP-00020,RCPT-2026-10019,MED-0020,Ofloxacin + Ornidazole (O2),BATCH-0020,OFL119,2026-09-10,CUST-0020,Nandini Rao,+91 9771934487,10,158.0,1580.0,PHARM-HIST-0019,Manoj Patil,2026-06-26T05:57:00Z,2026-06-26,True,pharmaflow-main,SYNTHETIC_OPERATIONAL_RECORD
DISP-00021,RCPT-2026-10020,MED-0021,Montelukast + Levocetirizine (Montair-LC),BATCH-0021,MON120,2026-09-13,CUST-0021,Rahul Menon,+91 9665766169,15,214.2,3213.0,PHARM-KA-2022-7212,Deepak R,2026-09-20T10:19:00Z,2026-09-20,True,pharmaflow-main,SYNTHETIC_OPERATIONAL_RECORD
DISP-00022,RCPT-2026-10021,MED-0022,Ibuprofen 400mg (Brufen 400),BATCH-0022,IBU121,2026-08-30,CUST-0022,Priya Verma,+91 8035583290,5,35.0,175.0,PHARM-KA-2022-7212,Deepak R,2026-10-04T07:06:00Z,2026-10-04,True,pharmaflow-main,SYNTHETIC_OPERATIONAL_RECORD
DISP-00023,RCPT-2026-10022,MED-0023,Aceclofenac + Paracetamol (Zerodol-P),BATCH-0023,ACE122,2026-08-29,CUST-0023,Arun Hegde,+91 9610344303,30,95.2,2856.0,PHARM-HIST-0022,Deepa Namboodiri,2026-07-14T17:07:00Z,2026-07-14,True,pharmaflow-main,SYNTHETIC_OPERATIONAL_RECORD
DISP-00024,RCPT-2026-10023,MED-0024,Vildagliptin + Metformin (Galvus Met),BATCH-0024,VIL123,2026-09-17,CUST-0024,Kavya Gupta,+91 7056321751,5,304.4,1522.0,PHARM-HIST-0023,Raghavendra Rao,2026-08-31T01:02:00Z,2026-08-31,True,pharmaflow-main,SYNTHETIC_OPERATIONAL_RECORD
DISP-00025,RCPT-2026-10024,MED-0025,Rabeprazole 20mg (Razo 20),BATCH-0025,RAB124,2026-09-24,CUST-0025,Meena Joshi,+91 9986745380,10,147.6,1476.0,PHARM-KA-2022-7212,Deepak R,2026-10-02T08:34:00Z,2026-10-02,True,pharmaflow-main,SYNTHETIC_OPERATIONAL_RECORD
DISP-00026,RCPT-2026-10025,MED-0026,Cough Syrup (Ascoril-D),BATCH-0026,COU125,2026-09-15,CUST-0026,Deepak Nair,+91 8061818612,30,122.8,3684.0,PHARM-KA-2022-7212,Deepak R,2026-09-17T14:42:00Z,2026-09-17,True,pharmaflow-main,SYNTHETIC_OPERATIONAL_RECORD
DISP-00027,RCPT-2026-10026,MED-0027,Oral Rehydration Salts (Electral ORS),BATCH-0027,ORA126,2026-10-01,CUST-0027,Manish Patel,+91 9023470708,30,38.5,1155.0,PHARM-HIST-0001,Aravind Swaminathan,2026-07-15T13:16:00Z,2026-07-15,True,pharmaflow-main,SYNTHETIC_OPERATIONAL_RECORD
DISP-00028,RCPT-2026-10027,MED-0028,Multivitamin + Zinc (Becadexamin),BATCH-0028,MUL127,2026-09-27,CUST-0028,Deeps Sundaram,+91 9465026398,20,71.2,1424.0,PHARM-HIST-0002,Sneha Rao,2026-07-26T18:49:00Z,2026-07-26,True,pharmaflow-main,SYNTHETIC_OPERATIONAL_RECORD
DISP-00029,RCPT-2026-10028,MED-0029,Thyroxine Sodium 50mcg (Thyronorm 50),BATCH-0029,THY128,2026-09-30,CUST-0029,Suresh Pillai,+91 8097219599,5,155.0,775.0,PHARM-HIST-0003,Karthik Subramanian,2026-07-04T17:37:00Z,2026-07-04,True,pharmaflow-main,SYNTHETIC_OPERATIONAL_RECORD
DISP-00030,RCPT-2026-10029,MED-0030,Clopidogrel 75mg (Clopilet 75),BATCH-0030,CLO129,2026-09-02,CUST-0030,Lakshmi Bhat,+91 9741510328,15,165.2,2478.0,PHARM-KA-2022-7212,Deepak R,2026-09-27T02:40:00Z,2026-09-27,True,pharmaflow-main,SYNTHETIC_OPERATIONAL_RECORD
DISP-00031,RCPT-2026-10030,MED-0031,Paracetamol 500mg (Formula 31),BATCH-0031,PAR130,2026-10-15,CUST-0031,Vignesh Murthy,+91 9769549527,5,36.4,182.0,PHARM-HIST-0005,Rohan Mehta,2026-06-15T23:08:00Z,2026-06-15,True,pharmaflow-main,SYNTHETIC_OPERATIONAL_RECORD
DISP-00032,RCPT-2026-10031,MED-0032,Paracetamol 650mg (Dolo 650) (Formula 32),BATCH-0032,PAR131,2026-10-13,CUST-0032,Anitha Kumar,+91 9658112135,30,47.6,1428.0,PHARM-HIST-0006,Ananya Sharma,2026-07-02T22:07:00Z,2026-07-02,True,pharmaflow-main,SYNTHETIC_OPERATIONAL_RECORD
DISP-00033,RCPT-2026-10032,MED-0033,Vitamin D3 60K (Calcirol) (Formula 33),BATCH-0033,VIT132,2026-10-15,CUST-0033,Ramesh Iyer,+91 9432814819,10,92.8,928.0,PHARM-KA-2022-7212,Deepak R,2026-09-30T02:30:00Z,2026-09-30,True,pharmaflow-main,SYNTHETIC_OPERATIONAL_RECORD
DISP-00034,RCPT-2026-10033,MED-0034,Amoxicillin 500mg (Novamox) (Formula 34),BATCH-0034,AMO133,2026-10-14,CUST-0034,Sangeetha Reddy,+91 9441163805,15,131.0,1965.0,PHARM-KA-2022-7212,Deepak R,2026-09-22T13:05:00Z,2026-09-22,True,pharmaflow-main,SYNTHETIC_OPERATIONAL_RECORD
DISP-00035,RCPT-2026-10034,MED-0035,Amoxicillin + Clavulanic Acid 625mg (Augmentin) (Formula 35),BATCH-0035,AMO134,2026-10-12,CUST-0035,Vijay Gowda,+91 9683363160,30,224.2,6726.0,PHARM-HIST-0009,Sanjay Nambiar,2026-08-26T19:34:00Z,2026-08-26,True,pharmaflow-main,SYNTHETIC_OPERATIONAL_RECORD
DISP-00036,RCPT-2026-10035,MED-0036,Cetirizine 10mg (Cetzine) (Formula 36),BATCH-0036,CET135,2026-10-18,CUST-0036,Sandhya Desai,+91 9671315464,30,42.0,1260.0,PHARM-KA-2022-7212,Deepak R,2026-09-11T13:47:00Z,2026-09-11,True,pharmaflow-main,SYNTHETIC_OPERATIONAL_RECORD
DISP-00037,RCPT-2026-10036,MED-0037,Levocetirizine 5mg (Levocet) (Formula 37),BATCH-0037,LEV136,2026-10-11,CUST-0037,Prashanth Shenoy,+91 8086762164,30,61.2,1836.0,PHARM-KA-2022-7212,Deepak R,2026-10-01T08:24:00Z,2026-10-01,True,pharmaflow-main,SYNTHETIC_OPERATIONAL_RECORD
DISP-00038,RCPT-2026-10037,MED-0038,Azithromycin 250mg (Azee 250) (Formula 38),BATCH-0038,AZI137,2026-10-15,CUST-0038,Swetha Krishnan,+91 8046840133,30,151.4,4542.0,PHARM-KA-2022-7212,Deepak R,2026-09-26T20:14:00Z,2026-09-26,True,pharmaflow-main,SYNTHETIC_OPERATIONAL_RECORD
DISP-00039,RCPT-2026-10038,MED-0039,Azithromycin 500mg (Azithral 500) (Formula 39),BATCH-0039,AZI138,2026-10-12,CUST-0039,Rajesh Sharma,+91 9039394291,20,224.6,4492.0,PHARM-HIST-0013,Nikhil Bhat,2026-06-10T13:42:00Z,2026-06-10,True,pharmaflow-main,SYNTHETIC_OPERATIONAL_RECORD
DISP-00040,RCPT-2026-10039,MED-0040,Metformin 500mg (Glycomet 500) (Formula 40),BATCH-0040,MET139,2026-10-13,CUST-0040,Nandini Rao,+91 9851464269,30,67.8,2034.0,PHARM-HIST-0014,Shalini Verma,2026-07-23T01:44:00Z,2026-07-23,True,pharmaflow-main,SYNTHETIC_OPERATIONAL_RECORD
DISP-00041,RCPT-2026-10040,MED-0041,Metformin 1000mg SR (Glucophage) (Formula 41),BATCH-0041,MET140,2026-10-13,CUST-0041,Rahul Menon,+91 9653851498,10,98.0,980.0,PHARM-HIST-0015,Gautam Pillai,2026-07-26T16:38:00Z,2026-07-26,True,pharmaflow-main,SYNTHETIC_OPERATIONAL_RECORD
DISP-00042,RCPT-2026-10041,MED-0042,Pantoprazole 40mg (Pan 40) (Formula 42),BATCH-0042,PAN141,2026-10-09,CUST-0042,Priya Verma,+91 9632084778,30,124.2,3726.0,PHARM-HIST-0016,Rashmi Nair,2026-07-21T17:29:00Z,2026-07-21,True,pharmaflow-main,SYNTHETIC_OPERATIONAL_RECORD
DISP-00043,RCPT-2026-10042,MED-0043,Pantoprazole + Domperidone (Pan-D) (Formula 43),BATCH-0043,PAN142,2026-10-14,CUST-0043,Arun Hegde,+91 9440281491,20,178.0,3560.0,PHARM-HIST-0017,Varun Shenoy,2026-07-06T15:29:00Z,2026-07-06,True,pharmaflow-main,SYNTHETIC_OPERATIONAL_RECORD
DISP-00044,RCPT-2026-10043,MED-0044,Omeprazole 20mg (Omez) (Formula 44),BATCH-0044,OME143,2026-10-14,CUST-0044,Kavya Gupta,+91 9845495029,30,78.2,2346.0,PHARM-HIST-0018,Geetha Radhakrishnan,2026-06-27T06:04:00Z,2026-06-27,True,pharmaflow-main,SYNTHETIC_OPERATIONAL_RECORD
DISP-00045,RCPT-2026-10044,MED-0045,Telmisartan 40mg (Telma 40) (Formula 45),BATCH-0045,TEL144,2026-10-13,CUST-0045,Meena Joshi,+91 9024541967,10,128.4,1284.0,PHARM-KA-2022-7212,Deepak R,2026-09-08T13:42:00Z,2026-09-08,True,pharmaflow-main,SYNTHETIC_OPERATIONAL_RECORD
DISP-00046,RCPT-2026-10045,MED-0046,Telmisartan + Amlodipine (Telma-AM) (Formula 46),BATCH-0046,TEL145,2026-10-09,CUST-0046,Deepak Nair,+91 9795282470,20,181.6,3632.0,PHARM-KA-2022-7212,Deepak R,2026-10-08T08:59:00Z,2026-10-08,True,pharmaflow-main,SYNTHETIC_OPERATIONAL_RECORD
DISP-00047,RCPT-2026-10046,MED-0047,Atorvastatin 10mg (Atorva 10) (Formula 47),BATCH-0047,ATO146,2026-10-17,CUST-0047,Manish Patel,+91 9814994527,10,150.8,1508.0,PHARM-HIST-0021,Suresh Prabhu,2026-07-20T08:13:00Z,2026-07-20,True,pharmaflow-main,SYNTHETIC_OPERATIONAL_RECORD
DISP-00048,RCPT-2026-10047,MED-0048,Rosuvastatin 10mg (Rosuvas 10) (Formula 48),BATCH-0048,ROS147,2026-10-16,CUST-0048,Deeps Sundaram,+91 8070887034,20,184.0,3680.0,PHARM-HIST-0022,Deepa Namboodiri,2026-06-27T16:34:00Z,2026-06-27,True,pharmaflow-main,SYNTHETIC_OPERATIONAL_RECORD
DISP-00049,RCPT-2026-10048,MED-0049,Ciprofloxacin 500mg (Ciplox 500) (Formula 49),BATCH-0049,CIP148,2026-10-11,CUST-0049,Suresh Pillai,+91 9775679047,30,107.2,3216.0,PHARM-KA-2022-7212,Deepak R,2026-10-03T01:38:00Z,2026-10-03,True,pharmaflow-main,SYNTHETIC_OPERATIONAL_RECORD
DISP-00050,RCPT-2026-10049,MED-0050,Ofloxacin + Ornidazole (O2) (Formula 50),BATCH-0050,OFL149,2026-10-12,CUST-0050,Lakshmi Bhat,+91 7041690501,5,142.0,710.0,PHARM-HIST-0024,Kavita Acharya,2026-06-26T15:47:00Z,2026-06-26,True,pharmaflow-main,SYNTHETIC_OPERATIONAL_RECORD
DISP-00051,RCPT-2026-10050,MED-0051,Montelukast + Levocetirizine (Montair-LC) (Formula 51),BATCH-0051,MON150,2026-10-14,CUST-0051,Vignesh Murthy,+91 9018126895,15,198.2,2973.0,PHARM-KA-2022-7212,Deepak R,2026-07-19T05:16:00Z,2026-07-19,True,pharmaflow-main,SYNTHETIC_OPERATIONAL_RECORD
DISP-00052,RCPT-2026-10051,MED-0052,Ibuprofen 400mg (Brufen 400) (Formula 52),BATCH-0052,IBU151,2026-10-10,CUST-0052,Anitha Kumar,+91 9996128115,15,41.4,621.0,PHARM-HIST-0001,Aravind Swaminathan,2026-09-06T09:41:00Z,2026-09-06,True,pharmaflow-main,SYNTHETIC_OPERATIONAL_RECORD
DISP-00053,RCPT-2026-10052,MED-0053,Aceclofenac + Paracetamol (Zerodol-P) (Formula 53),BATCH-0053,ACE152,2026-10-10,CUST-0053,Ramesh Iyer,+91 9919208698,5,101.6,508.0,PHARM-HIST-0002,Sneha Rao,2026-08-04T18:40:00Z,2026-08-04,True,pharmaflow-main,SYNTHETIC_OPERATIONAL_RECORD
DISP-00054,RCPT-2026-10053,MED-0054,Vildagliptin + Metformin (Galvus Met) (Formula 54),BATCH-0054,VIL153,2026-10-16,CUST-0054,Sangeetha Reddy,+91 9489991301,15,310.8,4662.0,PHARM-KA-2022-7212,Deepak R,2026-09-23T14:39:00Z,2026-09-23,True,pharmaflow-main,SYNTHETIC_OPERATIONAL_RECORD
DISP-00055,RCPT-2026-10054,MED-0055,Rabeprazole 20mg (Razo 20) (Formula 55),BATCH-0055,RAB154,2026-10-10,CUST-0055,Vijay Gowda,+91 9827690330,30,154.0,4620.0,PHARM-HIST-0004,Divya Menon,2026-08-18T12:24:00Z,2026-08-18,True,pharmaflow-main,SYNTHETIC_OPERATIONAL_RECORD
DISP-00056,RCPT-2026-10055,MED-0056,Cough Syrup (Ascoril-D) (Formula 56),BATCH-0056,COU155,2026-10-11,CUST-0056,Sandhya Desai,+91 9617032877,15,129.2,1938.0,PHARM-KA-2022-7212,Deepak R,2026-10-05T06:48:00Z,2026-10-05,True,pharmaflow-main,SYNTHETIC_OPERATIONAL_RECORD
DISP-00057,RCPT-2026-10056,MED-0057,Oral Rehydration Salts (Electral ORS) (Formula 57),BATCH-0057,ORA156,2026-10-15,CUST-0057,Prashanth Shenoy,+91 7058592048,20,22.5,450.0,PHARM-HIST-0006,Ananya Sharma,2026-06-24T01:01:00Z,2026-06-24,True,pharmaflow-main,SYNTHETIC_OPERATIONAL_RECORD
DISP-00058,RCPT-2026-10057,MED-0058,Multivitamin + Zinc (Becadexamin) (Formula 58),BATCH-0058,MUL157,2026-10-15,CUST-0058,Swetha Krishnan,+91 9671477426,5,55.2,276.0,PHARM-HIST-0007,Venkatesh Iyer,2026-06-12T20:09:00Z,2026-06-12,True,pharmaflow-main,SYNTHETIC_OPERATIONAL_RECORD
DISP-00059,RCPT-2026-10058,MED-0059,Thyroxine Sodium 50mcg (Thyronorm 50) (Formula 59),BATCH-0059,THY158,2026-10-11,CUST-0059,Rajesh Sharma,+91 9775802771,10,161.4,1614.0,PHARM-HIST-0008,Pooja Hegde,2026-07-18T07:30:00Z,2026-07-18,True,pharmaflow-main,SYNTHETIC_OPERATIONAL_RECORD
DISP-00060,RCPT-2026-10059,MED-0060,Clopidogrel 75mg (Clopilet 75) (Formula 60),BATCH-0060,CLO159,2026-10-11,CUST-0060,Nandini Rao,+91 9726937148,30,171.6,5148.0,PHARM-HIST-0009,Sanjay Nambiar,2026-07-19T21:03:00Z,2026-07-19,True,pharmaflow-main,SYNTHETIC_OPERATIONAL_RECORD
DISP-00061,RCPT-2026-10060,MED-0061,Paracetamol 500mg (Formula 61),BATCH-0061,PAR160,2026-10-13,CUST-0061,Rahul Menon,+91 8023311507,20,42.8,856.0,PHARM-HIST-0010,Meera Krishnan,2026-06-16T01:31:00Z,2026-06-16,True,pharmaflow-main,SYNTHETIC_OPERATIONAL_RECORD
DISP-00062,RCPT-2026-10061,MED-0062,Paracetamol 650mg (Dolo 650) (Formula 62),BATCH-0062,PAR161,2026-10-17,CUST-0062,Priya Verma,+91 9965541117,30,54.0,1620.0,PHARM-HIST-0011,Aditya Kulkarni,2026-06-11T12:57:00Z,2026-06-11,True,pharmaflow-main,SYNTHETIC_OPERATIONAL_RECORD
DISP-00063,RCPT-2026-10062,MED-0063,Vitamin D3 60K (Calcirol) (Formula 63),BATCH-0063,VIT162,2026-10-13,CUST-0063,Arun Hegde,+91 9099269266,15,99.2,1488.0,PHARM-HIST-0012,Swati Deshmukh,2026-08-30T17:14:00Z,2026-08-30,True,pharmaflow-main,SYNTHETIC_OPERATIONAL_RECORD
DISP-00064,RCPT-2026-10063,MED-0064,Amoxicillin 500mg (Novamox) (Formula 64),BATCH-0064,AMO163,2026-10-12,CUST-0064,Kavya Gupta,+91 9722513132,10,115.0,1150.0,PHARM-HIST-0013,Nikhil Bhat,2026-07-28T18:59:00Z,2026-07-28,True,pharmaflow-main,SYNTHETIC_OPERATIONAL_RECORD
DISP-00065,RCPT-2026-10064,MED-0065,Amoxicillin + Clavulanic Acid 625mg (Augmentin) (Formula 65),BATCH-0065,AMO164,2026-10-12,CUST-0065,Meena Joshi,+91 9099927658,15,208.2,3123.0,PHARM-HIST-0014,Shalini Verma,2026-07-26T14:39:00Z,2026-07-26,True,pharmaflow-main,SYNTHETIC_OPERATIONAL_RECORD
DISP-00066,RCPT-2026-10065,MED-0066,Cetirizine 10mg (Cetzine) (Formula 66),BATCH-0066,CET165,2026-10-19,CUST-0066,Deepak Nair,+91 9657197152,5,48.4,242.0,PHARM-KA-2022-7212,Deepak R,2026-09-30T07:43:00Z,2026-09-30,True,pharmaflow-main,SYNTHETIC_OPERATIONAL_RECORD
DISP-00067,RCPT-2026-10066,MED-0067,Levocetirizine 5mg (Levocet) (Formula 67),BATCH-0067,LEV166,2026-10-30,CUST-0067,Manish Patel,+91 9084660688,30,67.6,2028.0,PHARM-HIST-0016,Rashmi Nair,2026-08-25T23:20:00Z,2026-08-25,True,pharmaflow-main,SYNTHETIC_OPERATIONAL_RECORD
DISP-00068,RCPT-2026-10067,MED-0068,Azithromycin 250mg (Azee 250) (Formula 68),BATCH-0068,AZI167,2026-10-30,CUST-0068,Deeps Sundaram,+91 9891737913,30,157.8,4734.0,PHARM-HIST-0017,Varun Shenoy,2026-06-23T06:24:00Z,2026-06-23,True,pharmaflow-main,SYNTHETIC_OPERATIONAL_RECORD
DISP-00069,RCPT-2026-10068,MED-0069,Azithromycin 500mg (Azithral 500) (Formula 69),BATCH-0069,AZI168,2026-10-31,CUST-0069,Suresh Pillai,+91 9655610493,5,231.0,1155.0,PHARM-HIST-0018,Geetha Radhakrishnan,2026-08-20T06:22:00Z,2026-08-20,True,pharmaflow-main,SYNTHETIC_OPERATIONAL_RECORD
DISP-00070,RCPT-2026-10069,MED-0070,Metformin 500mg (Glycomet 500) (Formula 70),BATCH-0070,MET169,2026-10-29,CUST-0070,Lakshmi Bhat,+91 9822315507,15,74.2,1113.0,PHARM-HIST-0019,Manoj Patil,2026-06-20T02:15:00Z,2026-06-20,True,pharmaflow-main,SYNTHETIC_OPERATIONAL_RECORD
DISP-00071,RCPT-2026-10070,MED-0071,Metformin 1000mg SR (Glucophage) (Formula 71),BATCH-0071,MET170,2026-10-27,CUST-0071,Vignesh Murthy,+91 9459667685,20,82.0,1640.0,PHARM-HIST-0020,Harini Sundaram,2026-07-10T10:43:00Z,2026-07-10,True,pharmaflow-main,SYNTHETIC_OPERATIONAL_RECORD
DISP-00072,RCPT-2026-10071,MED-0072,Pantoprazole 40mg (Pan 40) (Formula 72),BATCH-0072,PAN171,2026-11-04,CUST-0072,Anitha Kumar,+91 9492924837,10,108.2,1082.0,PHARM-KA-2022-7212,Deepak R,2026-09-26T20:04:00Z,2026-09-26,True,pharmaflow-main,SYNTHETIC_OPERATIONAL_RECORD
DISP-00073,RCPT-2026-10072,MED-0073,Pantoprazole + Domperidone (Pan-D) (Formula 73),BATCH-0073,PAN172,2026-10-26,CUST-0073,Ramesh Iyer,+91 7065590800,15,184.4,2766.0,PHARM-HIST-0022,Deepa Namboodiri,2026-08-21T21:07:00Z,2026-08-21,True,pharmaflow-main,SYNTHETIC_OPERATIONAL_RECORD
DISP-00074,RCPT-2026-10073,MED-0074,Omeprazole 20mg (Omez) (Formula 74),BATCH-0074,OME173,2026-10-26,CUST-0074,Sangeetha Reddy,+91 7080723898,10,84.6,846.0,PHARM-KA-2022-7212,Deepak R,2026-09-10T19:41:00Z,2026-09-10,True,pharmaflow-main,SYNTHETIC_OPERATIONAL_RECORD
DISP-00075,RCPT-2026-10074,MED-0075,Telmisartan 40mg (Telma 40) (Formula 75),BATCH-0075,TEL174,2026-10-26,CUST-0075,Vijay Gowda,+91 9837437207,5,134.8,674.0,PHARM-KA-2022-7212,Deepak R,2026-09-24T00:10:00Z,2026-09-24,True,pharmaflow-main,SYNTHETIC_OPERATIONAL_RECORD
DISP-00076,RCPT-2026-10075,MED-0076,Telmisartan + Amlodipine (Telma-AM) (Formula 76),BATCH-0076,TEL175,2026-10-31,CUST-0076,Sandhya Desai,+91 9876757928,5,188.0,940.0,PHARM-KA-2022-7212,Deepak R,2026-07-01T05:02:00Z,2026-07-01,True,pharmaflow-main,SYNTHETIC_OPERATIONAL_RECORD
DISP-00077,RCPT-2026-10076,MED-0077,Atorvastatin 10mg (Atorva 10) (Formula 77),BATCH-0077,ATO176,2026-10-24,CUST-0077,Prashanth Shenoy,+91 9977144075,20,157.2,3144.0,PHARM-HIST-0001,Aravind Swaminathan,2026-08-12T19:59:00Z,2026-08-12,True,pharmaflow-main,SYNTHETIC_OPERATIONAL_RECORD
DISP-00078,RCPT-2026-10077,MED-0078,Rosuvastatin 10mg (Rosuvas 10) (Formula 78),BATCH-0078,ROS177,2026-10-30,CUST-0078,Swetha Krishnan,+91 9871707170,10,168.0,1680.0,PHARM-HIST-0002,Sneha Rao,2026-06-14T19:51:00Z,2026-06-14,True,pharmaflow-main,SYNTHETIC_OPERATIONAL_RECORD
DISP-00079,RCPT-2026-10078,MED-0079,Ciprofloxacin 500mg (Ciplox 500) (Formula 79),BATCH-0079,CIP178,2026-11-06,CUST-0079,Rajesh Sharma,+91 8048858073,30,91.2,2736.0,PHARM-HIST-0003,Karthik Subramanian,2026-08-25T20:14:00Z,2026-08-25,True,pharmaflow-main,SYNTHETIC_OPERATIONAL_RECORD
DISP-00080,RCPT-2026-10079,MED-0080,Ofloxacin + Ornidazole (O2) (Formula 80),BATCH-0080,OFL179,2026-11-03,CUST-0080,Nandini Rao,+91 9021828592,5,148.4,742.0,PHARM-HIST-0004,Divya Menon,2026-08-30T01:51:00Z,2026-08-30,True,pharmaflow-main,SYNTHETIC_OPERATIONAL_RECORD
DISP-00081,RCPT-2026-10080,MED-0081,Montelukast + Levocetirizine (Montair-LC) (Formula 81),BATCH-0081,MON180,2026-11-03,CUST-0081,Rahul Menon,+91 8051644346,10,204.6,2046.0,PHARM-HIST-0005,Rohan Mehta,2026-06-24T19:17:00Z,2026-06-24,True,pharmaflow-main,SYNTHETIC_OPERATIONAL_RECORD
DISP-00082,RCPT-2026-10081,MED-0082,Ibuprofen 400mg (Brufen 400) (Formula 82),BATCH-0082,IBU181,2026-10-26,CUST-0082,Priya Verma,+91 9781216573,20,47.8,956.0,PHARM-KA-2022-7212,Deepak R,2026-09-11T12:58:00Z,2026-09-11,True,pharmaflow-main,SYNTHETIC_OPERATIONAL_RECORD
DISP-00083,RCPT-2026-10082,MED-0083,Aceclofenac + Paracetamol (Zerodol-P) (Formula 83),BATCH-0083,ACE182,2026-11-04,CUST-0083,Arun Hegde,+91 9444355473,30,108.0,3240.0,PHARM-HIST-0007,Venkatesh Iyer,2026-08-19T13:05:00Z,2026-08-19,True,pharmaflow-main,SYNTHETIC_OPERATIONAL_RECORD
DISP-00084,RCPT-2026-10083,MED-0084,Vildagliptin + Metformin (Galvus Met) (Formula 84),BATCH-0084,VIL183,2026-11-07,CUST-0084,Kavya Gupta,+91 7072270726,5,317.2,1586.0,PHARM-KA-2022-7212,Deepak R,2026-09-24T11:41:00Z,2026-09-24,True,pharmaflow-main,SYNTHETIC_OPERATIONAL_RECORD
DISP-00085,RCPT-2026-10084,MED-0085,Rabeprazole 20mg (Razo 20) (Formula 85),BATCH-0085,RAB184,2026-10-29,CUST-0085,Meena Joshi,+91 7019165226,5,138.0,690.0,PHARM-HIST-0009,Sanjay Nambiar,2026-07-12T16:05:00Z,2026-07-12,True,pharmaflow-main,SYNTHETIC_OPERATIONAL_RECORD
DISP-00086,RCPT-2026-10085,MED-0086,Cough Syrup (Ascoril-D) (Formula 86),BATCH-0086,COU185,2026-10-29,CUST-0086,Deepak Nair,+91 9751662236,5,113.2,566.0,PHARM-HIST-0010,Meera Krishnan,2026-08-26T21:04:00Z,2026-08-26,True,pharmaflow-main,SYNTHETIC_OPERATIONAL_RECORD
DISP-00087,RCPT-2026-10086,MED-0087,Oral Rehydration Salts (Electral ORS) (Formula 87),BATCH-0087,ORA186,2026-11-06,CUST-0087,Manish Patel,+91 9792545028,15,28.9,433.5,PHARM-KA-2022-7212,Deepak R,2026-09-24T19:11:00Z,2026-09-24,True,pharmaflow-main,SYNTHETIC_OPERATIONAL_RECORD
DISP-00088,RCPT-2026-10087,MED-0088,Multivitamin + Zinc (Becadexamin) (Formula 88),BATCH-0088,MUL187,2026-11-04,CUST-0088,Deeps Sundaram,+91 9953154591,15,61.6,924.0,PHARM-KA-2022-7212,Deepak R,2026-10-05T17:12:00Z,2026-10-05,True,pharmaflow-main,SYNTHETIC_OPERATIONAL_RECORD
DISP-00089,RCPT-2026-10088,MED-0089,Thyroxine Sodium 50mcg (Thyronorm 50) (Formula 89),BATCH-0089,THY188,2026-10-31,CUST-0089,Suresh Pillai,+91 9777719420,10,167.8,1678.0,PHARM-HIST-0013,Nikhil Bhat,2026-07-19T05:40:00Z,2026-07-19,True,pharmaflow-main,SYNTHETIC_OPERATIONAL_RECORD
DISP-00090,RCPT-2026-10089,MED-0090,Clopidogrel 75mg (Clopilet 75) (Formula 90),BATCH-0090,CLO189,2026-10-28,CUST-0090,Lakshmi Bhat,+91 9458841557,30,178.0,5340.0,PHARM-KA-2022-7212,Deepak R,2026-09-14T02:43:00Z,2026-09-14,True,pharmaflow-main,SYNTHETIC_OPERATIONAL_RECORD
DISP-00091,RCPT-2026-10090,MED-0091,Paracetamol 500mg (Formula 91),BATCH-0091,PAR190,2026-11-01,CUST-0091,Vignesh Murthy,+91 9018846539,5,49.2,246.0,PHARM-HIST-0015,Gautam Pillai,2026-08-28T21:18:00Z,2026-08-28,True,pharmaflow-main,SYNTHETIC_OPERATIONAL_RECORD
DISP-00092,RCPT-2026-10091,MED-0092,Paracetamol 650mg (Dolo 650) (Formula 92),BATCH-0092,PAR191,2026-10-29,CUST-0092,Anitha Kumar,+91 9020939011,15,38.0,570.0,PHARM-HIST-0016,Rashmi Nair,2026-09-04T07:50:00Z,2026-09-04,True,pharmaflow-main,SYNTHETIC_OPERATIONAL_RECORD
DISP-00093,RCPT-2026-10092,MED-0093,Vitamin D3 60K (Calcirol) (Formula 93),BATCH-0093,VIT192,2026-11-07,CUST-0093,Ramesh Iyer,+91 9751551377,30,83.2,2496.0,PHARM-KA-2022-7212,Deepak R,2026-09-24T11:21:00Z,2026-09-24,True,pharmaflow-main,SYNTHETIC_OPERATIONAL_RECORD
DISP-00094,RCPT-2026-10093,MED-0094,Amoxicillin 500mg (Novamox) (Formula 94),BATCH-0094,AMO193,2026-10-31,CUST-0094,Sangeetha Reddy,+91 9012446861,30,121.4,3642.0,PHARM-HIST-0018,Geetha Radhakrishnan,2026-08-04T08:47:00Z,2026-08-04,True,pharmaflow-main,SYNTHETIC_OPERATIONAL_RECORD
DISP-00095,RCPT-2026-10094,MED-0095,Amoxicillin + Clavulanic Acid 625mg (Augmentin) (Formula 95),BATCH-0095,AMO194,2026-10-28,CUST-0095,Vijay Gowda,+91 9928463709,15,214.6,3219.0,PHARM-HIST-0019,Manoj Patil,2026-08-24T18:40:00Z,2026-08-24,True,pharmaflow-main,SYNTHETIC_OPERATIONAL_RECORD
DISP-00096,RCPT-2026-10095,MED-0096,Cetirizine 10mg (Cetzine) (Formula 96),BATCH-0096,CET195,2026-11-06,CUST-0096,Sandhya Desai,+91 9490161060,15,54.8,822.0,PHARM-KA-2022-7212,Deepak R,2026-09-19T13:09:00Z,2026-09-19,True,pharmaflow-main,SYNTHETIC_OPERATIONAL_RECORD
DISP-00097,RCPT-2026-10096,MED-0097,Levocetirizine 5mg (Levocet) (Formula 97),BATCH-0097,LEV196,2026-11-06,CUST-0097,Prashanth Shenoy,+91 8058895439,5,74.0,370.0,PHARM-HIST-0021,Suresh Prabhu,2026-07-27T04:50:00Z,2026-07-27,True,pharmaflow-main,SYNTHETIC_OPERATIONAL_RECORD
DISP-00098,RCPT-2026-10097,MED-0098,Azithromycin 250mg (Azee 250) (Formula 98),BATCH-0098,AZI197,2026-11-07,CUST-0098,Swetha Krishnan,+91 9951536077,15,164.2,2463.0,PHARM-HIST-0022,Deepa Namboodiri,2026-08-29T16:03:00Z,2026-08-29,True,pharmaflow-main,SYNTHETIC_OPERATIONAL_RECORD
DISP-00099,RCPT-2026-10098,MED-0099,Azithromycin 500mg (Azithral 500) (Formula 99),BATCH-0099,AZI198,2026-10-22,CUST-0099,Rajesh Sharma,+91 8077498993,10,215.0,2150.0,PHARM-HIST-0023,Raghavendra Rao,2026-07-30T21:57:00Z,2026-07-30,True,pharmaflow-main,SYNTHETIC_OPERATIONAL_RECORD
DISP-00100,RCPT-2026-10099,MED-0100,Metformin 500mg (Glycomet 500) (Formula 100),BATCH-0100,MET199,2026-10-21,CUST-0100,Nandini Rao,+91 7059823245,5,58.2,291.0,PHARM-KA-2022-7212,Deepak R,2026-10-04T20:03:00Z,2026-10-04,True,pharmaflow-main,SYNTHETIC_OPERATIONAL_RECORD
DISP-00101,RCPT-2026-10100,MED-0101,Metformin 1000mg SR (Glucophage) (Formula 101),BATCH-0101,MET200,2026-10-24,CUST-0101,Rahul Menon,+91 7078901038,5,88.4,442.0,PHARM-KA-2022-7212,Deepak R,2026-09-24T23:57:00Z,2026-09-24,True,pharmaflow-main,SYNTHETIC_OPERATIONAL_RECORD
DISP-00102,RCPT-2026-10101,MED-0102,Pantoprazole 40mg (Pan 40) (Formula 102),BATCH-0102,PAN201,2026-11-02,CUST-0102,Priya Verma,+91 8017148018,30,114.6,3438.0,PHARM-HIST-0001,Aravind Swaminathan,2026-08-14T23:49:00Z,2026-08-14,True,pharmaflow-main,SYNTHETIC_OPERATIONAL_RECORD
DISP-00103,RCPT-2026-10102,MED-0103,Pantoprazole + Domperidone (Pan-D) (Formula 103),BATCH-0103,PAN202,2026-10-26,CUST-0103,Arun Hegde,+91 9913783268,20,190.8,3816.0,PHARM-HIST-0002,Sneha Rao,2026-06-15T17:20:00Z,2026-06-15,True,pharmaflow-main,SYNTHETIC_OPERATIONAL_RECORD
DISP-00104,RCPT-2026-10103,MED-0104,Omeprazole 20mg (Omez) (Formula 104),BATCH-0104,OME203,2026-10-27,CUST-0104,Kavya Gupta,+91 7028628439,15,91.0,1365.0,PHARM-HIST-0003,Karthik Subramanian,2026-07-22T00:41:00Z,2026-07-22,True,pharmaflow-main,SYNTHETIC_OPERATIONAL_RECORD
DISP-00105,RCPT-2026-10104,MED-0105,Telmisartan 40mg (Telma 40) (Formula 105),BATCH-0105,TEL204,2026-10-20,CUST-0105,Meena Joshi,+91 9638944689,30,141.2,4236.0,PHARM-HIST-0004,Divya Menon,2026-06-26T05:15:00Z,2026-06-26,True,pharmaflow-main,SYNTHETIC_OPERATIONAL_RECORD
DISP-00106,RCPT-2026-10105,MED-0106,Telmisartan + Amlodipine (Telma-AM) (Formula 106),BATCH-0106,TEL205,2026-11-01,CUST-0106,Deepak Nair,+91 9716408822,10,172.0,1720.0,PHARM-KA-2022-7212,Deepak R,2026-09-27T21:24:00Z,2026-09-27,True,pharmaflow-main,SYNTHETIC_OPERATIONAL_RECORD
DISP-00107,RCPT-2026-10106,MED-0107,Atorvastatin 10mg (Atorva 10) (Formula 107),BATCH-0107,ATO206,2026-10-31,CUST-0107,Manish Patel,+91 9894819556,5,141.2,706.0,PHARM-KA-2022-7212,Deepak R,2026-09-26T13:31:00Z,2026-09-26,True,pharmaflow-main,SYNTHETIC_OPERATIONAL_RECORD
DISP-00108,RCPT-2026-10107,MED-0108,Rosuvastatin 10mg (Rosuvas 10) (Formula 108),BATCH-0108,ROS207,2026-10-22,CUST-0108,Deeps Sundaram,+91 9042287985,20,174.4,3488.0,PHARM-HIST-0007,Venkatesh Iyer,2026-08-11T02:17:00Z,2026-08-11,True,pharmaflow-main,SYNTHETIC_OPERATIONAL_RECORD
DISP-00109,RCPT-2026-10108,MED-0109,Ciprofloxacin 500mg (Ciplox 500) (Formula 109),BATCH-0109,CIP208,2026-11-06,CUST-0109,Suresh Pillai,+91 9780606503,10,97.6,976.0,PHARM-HIST-0008,Pooja Hegde,2026-08-09T04:46:00Z,2026-08-09,True,pharmaflow-main,SYNTHETIC_OPERATIONAL_RECORD
DISP-00110,RCPT-2026-10109,MED-0110,Ofloxacin + Ornidazole (O2) (Formula 110),BATCH-0110,OFL209,2026-10-26,CUST-0110,Lakshmi Bhat,+91 8060103798,15,154.8,2322.0,PHARM-HIST-0009,Sanjay Nambiar,2026-06-19T16:44:00Z,2026-06-19,True,pharmaflow-main,SYNTHETIC_OPERATIONAL_RECORD
DISP-00111,RCPT-2026-10110,MED-0111,Montelukast + Levocetirizine (Montair-LC) (Formula 111),BATCH-0111,MON210,2026-10-20,CUST-0111,Vignesh Murthy,+91 9788101741,15,211.0,3165.0,PHARM-HIST-0010,Meera Krishnan,2026-08-19T06:16:00Z,2026-08-19,True,pharmaflow-main,SYNTHETIC_OPERATIONAL_RECORD
DISP-00112,RCPT-2026-10111,MED-0112,Ibuprofen 400mg (Brufen 400) (Formula 112),BATCH-0112,IBU211,2026-10-27,CUST-0112,Anitha Kumar,+91 9096274567,20,54.2,1084.0,PHARM-HIST-0011,Aditya Kulkarni,2026-06-30T01:31:00Z,2026-06-30,True,pharmaflow-main,SYNTHETIC_OPERATIONAL_RECORD
DISP-00113,RCPT-2026-10112,MED-0113,Aceclofenac + Paracetamol (Zerodol-P) (Formula 113),BATCH-0113,ACE212,2026-10-24,CUST-0113,Ramesh Iyer,+91 9771428713,5,92.0,460.0,PHARM-KA-2022-7212,Deepak R,2026-10-05T09:30:00Z,2026-10-05,True,pharmaflow-main,SYNTHETIC_OPERATIONAL_RECORD
DISP-00114,RCPT-2026-10113,MED-0114,Vildagliptin + Metformin (Galvus Met) (Formula 114),BATCH-0114,VIL213,2026-11-05,CUST-0114,Sangeetha Reddy,+91 9679173614,10,301.2,3012.0,PHARM-HIST-0013,Nikhil Bhat,2026-08-24T20:31:00Z,2026-08-24,True,pharmaflow-main,SYNTHETIC_OPERATIONAL_RECORD
DISP-00115,RCPT-2026-10114,MED-0115,Rabeprazole 20mg (Razo 20) (Formula 115),BATCH-0115,RAB214,2026-11-07,CUST-0115,Vijay Gowda,+91 9016416148,30,144.4,4332.0,PHARM-HIST-0014,Shalini Verma,2026-09-02T00:22:00Z,2026-09-02,True,pharmaflow-main,SYNTHETIC_OPERATIONAL_RECORD
DISP-00116,RCPT-2026-10115,MED-0116,Cough Syrup (Ascoril-D) (Formula 116),BATCH-0116,COU215,2026-11-01,CUST-0116,Sandhya Desai,+91 8069020451,20,119.6,2392.0,PHARM-KA-2022-7212,Deepak R,2026-09-21T19:54:00Z,2026-09-21,True,pharmaflow-main,SYNTHETIC_OPERATIONAL_RECORD
DISP-00117,RCPT-2026-10116,MED-0117,Oral Rehydration Salts (Electral ORS) (Formula 117),BATCH-0117,ORA216,2026-10-24,CUST-0117,Prashanth Shenoy,+91 9621087928,5,35.3,176.5,PHARM-HIST-0016,Rashmi Nair,2026-06-25T13:10:00Z,2026-06-25,True,pharmaflow-main,SYNTHETIC_OPERATIONAL_RECORD
DISP-00118,RCPT-2026-10117,MED-0118,Multivitamin + Zinc (Becadexamin) (Formula 118),BATCH-0118,MUL217,2026-10-25,CUST-0118,Swetha Krishnan,+91 9023770458,5,68.0,340.0,PHARM-HIST-0017,Varun Shenoy,2026-08-27T18:19:00Z,2026-08-27,True,pharmaflow-main,SYNTHETIC_OPERATIONAL_RECORD
DISP-00119,RCPT-2026-10118,MED-0119,Thyroxine Sodium 50mcg (Thyronorm 50) (Formula 119),BATCH-0119,THY218,2026-11-05,CUST-0119,Rajesh Sharma,+91 8032366682,20,174.2,3484.0,PHARM-HIST-0018,Geetha Radhakrishnan,2026-06-29T02:26:00Z,2026-06-29,True,pharmaflow-main,SYNTHETIC_OPERATIONAL_RECORD
DISP-00120,RCPT-2026-10119,MED-0120,Clopidogrel 75mg (Clopilet 75) (Formula 120),BATCH-0120,CLO219,2026-10-28,CUST-0120,Nandini Rao,+91 8046850196,10,162.0,1620.0,PHARM-HIST-0019,Manoj Patil,2026-08-17T17:34:00Z,2026-08-17,True,pharmaflow-main,SYNTHETIC_OPERATIONAL_RECORD
DISP-00121,RCPT-2026-10120,MED-0121,Paracetamol 500mg (Formula 121),BATCH-0121,PAR220,2026-12-28,CUST-0121,Rahul Menon,+91 9414179623,10,33.2,332.0,PHARM-HIST-0020,Harini Sundaram,2026-07-21T04:25:00Z,2026-07-21,True,pharmaflow-main,SYNTHETIC_OPERATIONAL_RECORD
DISP-00122,RCPT-2026-10121,MED-0122,Paracetamol 650mg (Dolo 650) (Formula 122),BATCH-0122,PAR221,2027-04-14,CUST-0122,Priya Verma,+91 9058607028,15,44.4,666.0,PHARM-HIST-0021,Suresh Prabhu,2026-08-07T23:56:00Z,2026-08-07,True,pharmaflow-main,SYNTHETIC_OPERATIONAL_RECORD
DISP-00123,RCPT-2026-10122,MED-0123,Vitamin D3 60K (Calcirol) (Formula 123),BATCH-0123,VIT222,2028-01-19,CUST-0123,Arun Hegde,+91 9069584522,20,89.6,1792.0,PHARM-KA-2022-7212,Deepak R,2026-09-11T13:23:00Z,2026-09-11,True,pharmaflow-main,SYNTHETIC_OPERATIONAL_RECORD
DISP-00124,RCPT-2026-10123,MED-0124,Amoxicillin 500mg (Novamox) (Formula 124),BATCH-0124,AMO223,2028-03-13,CUST-0124,Kavya Gupta,+91 9643502308,15,127.8,1917.0,PHARM-HIST-0023,Raghavendra Rao,2026-06-29T22:24:00Z,2026-06-29,True,pharmaflow-main,SYNTHETIC_OPERATIONAL_RECORD
DISP-00125,RCPT-2026-10124,MED-0125,Amoxicillin + Clavulanic Acid 625mg (Augmentin) (Formula 125),BATCH-0125,AMO224,2027-06-07,CUST-0125,Meena Joshi,+91 9644935501,10,221.0,2210.0,PHARM-HIST-0024,Kavita Acharya,2026-07-30T13:45:00Z,2026-07-30,True,pharmaflow-main,SYNTHETIC_OPERATIONAL_RECORD
DISP-00126,RCPT-2026-10125,MED-0126,Cetirizine 10mg (Cetzine) (Formula 126),BATCH-0126,CET225,2027-01-30,CUST-0126,Deepak Nair,+91 9728217159,30,61.2,1836.0,PHARM-KA-2022-7212,Deepak R,2026-07-15T14:56:00Z,2026-07-15,True,pharmaflow-main,SYNTHETIC_OPERATIONAL_RECORD
DISP-00127,RCPT-2026-10126,MED-0127,Levocetirizine 5mg (Levocet) (Formula 127),BATCH-0127,LEV226,2027-09-19,CUST-0127,Manish Patel,+91 9099635939,30,58.0,1740.0,PHARM-HIST-0001,Aravind Swaminathan,2026-06-22T20:53:00Z,2026-06-22,True,pharmaflow-main,SYNTHETIC_OPERATIONAL_RECORD
DISP-00128,RCPT-2026-10127,MED-0128,Azithromycin 250mg (Azee 250) (Formula 128),BATCH-0128,AZI227,2027-08-06,CUST-0128,Deeps Sundaram,+91 9458518659,30,148.2,4446.0,PHARM-HIST-0002,Sneha Rao,2026-07-23T21:40:00Z,2026-07-23,True,pharmaflow-main,SYNTHETIC_OPERATIONAL_RECORD
DISP-00129,RCPT-2026-10128,MED-0129,Azithromycin 500mg (Azithral 500) (Formula 129),BATCH-0129,AZI228,2027-12-09,CUST-0129,Suresh Pillai,+91 9858438711,15,221.4,3321.0,PHARM-KA-2022-7212,Deepak R,2026-09-25T21:49:00Z,2026-09-25,True,pharmaflow-main,SYNTHETIC_OPERATIONAL_RECORD
DISP-00130,RCPT-2026-10129,MED-0130,Metformin 500mg (Glycomet 500) (Formula 130),BATCH-0130,MET229,2027-11-21,CUST-0130,Lakshmi Bhat,+91 9751512297,5,64.6,323.0,PHARM-HIST-0004,Divya Menon,2026-08-18T09:22:00Z,2026-08-18,True,pharmaflow-main,SYNTHETIC_OPERATIONAL_RECORD
DISP-00131,RCPT-2026-10130,MED-0131,Metformin 1000mg SR (Glucophage) (Formula 131),BATCH-0131,MET230,2027-08-04,CUST-0131,Vignesh Murthy,+91 9726821075,20,94.8,1896.0,PHARM-HIST-0005,Rohan Mehta,2026-07-12T16:11:00Z,2026-07-12,True,pharmaflow-main,SYNTHETIC_OPERATIONAL_RECORD
DISP-00132,RCPT-2026-10131,MED-0132,Pantoprazole 40mg (Pan 40) (Formula 132),BATCH-0132,PAN231,2027-06-27,CUST-0132,Anitha Kumar,+91 9483994695,5,121.0,605.0,PHARM-HIST-0006,Ananya Sharma,2026-08-27T20:19:00Z,2026-08-27,True,pharmaflow-main,SYNTHETIC_OPERATIONAL_RECORD
DISP-00133,RCPT-2026-10132,MED-0133,Pantoprazole + Domperidone (Pan-D) (Formula 133),BATCH-0133,PAN232,2027-04-11,CUST-0133,Ramesh Iyer,+91 9779538491,10,197.2,1972.0,PHARM-KA-2022-7212,Deepak R,2026-09-27T05:08:00Z,2026-09-27,True,pharmaflow-main,SYNTHETIC_OPERATIONAL_RECORD
DISP-00134,RCPT-2026-10133,MED-0134,Omeprazole 20mg (Omez) (Formula 134),BATCH-0134,OME233,2027-02-03,CUST-0134,Sangeetha Reddy,+91 9620584397,5,75.0,375.0,PHARM-HIST-0008,Pooja Hegde,2026-06-16T17:03:00Z,2026-06-16,True,pharmaflow-main,SYNTHETIC_OPERATIONAL_RECORD
DISP-00135,RCPT-2026-10134,MED-0135,Telmisartan 40mg (Telma 40) (Formula 135),BATCH-0135,TEL234,2028-01-05,CUST-0135,Vijay Gowda,+91 9777454225,10,125.2,1252.0,PHARM-HIST-0009,Sanjay Nambiar,2026-07-04T07:18:00Z,2026-07-04,True,pharmaflow-main,SYNTHETIC_OPERATIONAL_RECORD
DISP-00136,RCPT-2026-10135,MED-0136,Telmisartan + Amlodipine (Telma-AM) (Formula 136),BATCH-0136,TEL235,2027-12-09,CUST-0136,Sandhya Desai,+91 9820901547,20,178.4,3568.0,PHARM-HIST-0010,Meera Krishnan,2026-08-11T18:42:00Z,2026-08-11,True,pharmaflow-main,SYNTHETIC_OPERATIONAL_RECORD
DISP-00137,RCPT-2026-10136,MED-0137,Atorvastatin 10mg (Atorva 10) (Formula 137),BATCH-0137,ATO236,2028-03-08,CUST-0137,Prashanth Shenoy,+91 9876845536,10,147.6,1476.0,PHARM-HIST-0011,Aditya Kulkarni,2026-07-21T17:32:00Z,2026-07-21,True,pharmaflow-main,SYNTHETIC_OPERATIONAL_RECORD
DISP-00138,RCPT-2026-10137,MED-0138,Rosuvastatin 10mg (Rosuvas 10) (Formula 138),BATCH-0138,ROS237,2027-09-10,CUST-0138,Swetha Krishnan,+91 8049920898,15,180.8,2712.0,PHARM-KA-2022-7212,Deepak R,2026-09-11T14:04:00Z,2026-09-11,True,pharmaflow-main,SYNTHETIC_OPERATIONAL_RECORD
DISP-00139,RCPT-2026-10138,MED-0139,Ciprofloxacin 500mg (Ciplox 500) (Formula 139),BATCH-0139,CIP238,2026-12-13,CUST-0139,Rajesh Sharma,+91 7037383505,15,104.0,1560.0,PHARM-HIST-0013,Nikhil Bhat,2026-08-30T17:10:00Z,2026-08-30,True,pharmaflow-main,SYNTHETIC_OPERATIONAL_RECORD
DISP-00140,RCPT-2026-10139,MED-0140,Ofloxacin + Ornidazole (O2) (Formula 140),BATCH-0140,OFL239,2027-04-07,CUST-0140,Nandini Rao,+91 9459733063,15,161.2,2418.0,PHARM-HIST-0014,Shalini Verma,2026-06-12T22:15:00Z,2026-06-12,True,pharmaflow-main,SYNTHETIC_OPERATIONAL_RECORD
DISP-00141,RCPT-2026-10140,MED-0141,Montelukast + Levocetirizine (Montair-LC) (Formula 141),BATCH-0141,MON240,2027-05-04,CUST-0141,Rahul Menon,+91 9670343755,30,195.0,5850.0,PHARM-KA-2022-7212,Deepak R,2026-09-26T18:00:00Z,2026-09-26,True,pharmaflow-main,SYNTHETIC_OPERATIONAL_RECORD
DISP-00142,RCPT-2026-10141,MED-0142,Ibuprofen 400mg (Brufen 400) (Formula 142),BATCH-0142,IBU241,2027-03-17,CUST-0142,Priya Verma,+91 8043322272,10,38.2,382.0,PHARM-HIST-0016,Rashmi Nair,2026-08-03T23:06:00Z,2026-08-03,True,pharmaflow-main,SYNTHETIC_OPERATIONAL_RECORD
DISP-00143,RCPT-2026-10142,MED-0143,Aceclofenac + Paracetamol (Zerodol-P) (Formula 143),BATCH-0143,ACE242,2028-01-27,CUST-0143,Arun Hegde,+91 7079085198,15,98.4,1476.0,PHARM-HIST-0017,Varun Shenoy,2026-06-21T02:57:00Z,2026-06-21,True,pharmaflow-main,SYNTHETIC_OPERATIONAL_RECORD
DISP-00144,RCPT-2026-10143,MED-0144,Vildagliptin + Metformin (Galvus Met) (Formula 144),BATCH-0144,VIL243,2027-04-08,CUST-0144,Kavya Gupta,+91 7042310051,5,307.6,1538.0,PHARM-HIST-0018,Geetha Radhakrishnan,2026-06-14T18:57:00Z,2026-06-14,True,pharmaflow-main,SYNTHETIC_OPERATIONAL_RECORD
DISP-00145,RCPT-2026-10144,MED-0145,Rabeprazole 20mg (Razo 20) (Formula 145),BATCH-0145,RAB244,2027-01-15,CUST-0145,Meena Joshi,+91 7048352498,15,150.8,2262.0,PHARM-HIST-0019,Manoj Patil,2026-07-09T18:08:00Z,2026-07-09,True,pharmaflow-main,SYNTHETIC_OPERATIONAL_RECORD
DISP-00146,RCPT-2026-10145,MED-0146,Cough Syrup (Ascoril-D) (Formula 146),BATCH-0146,COU245,2027-12-19,CUST-0146,Deepak Nair,+91 9064123845,5,126.0,630.0,PHARM-KA-2022-7212,Deepak R,2026-09-24T02:05:00Z,2026-09-24,True,pharmaflow-main,SYNTHETIC_OPERATIONAL_RECORD
DISP-00147,RCPT-2026-10146,MED-0147,Oral Rehydration Salts (Electral ORS) (Formula 147),BATCH-0147,ORA246,2028-04-23,CUST-0147,Manish Patel,+91 9619869264,30,41.7,1251.0,PHARM-HIST-0021,Suresh Prabhu,2026-09-07T22:16:00Z,2026-09-07,True,pharmaflow-main,SYNTHETIC_OPERATIONAL_RECORD
DISP-00148,RCPT-2026-10147,MED-0148,Multivitamin + Zinc (Becadexamin) (Formula 148),BATCH-0148,MUL247,2028-04-26,CUST-0148,Deeps Sundaram,+91 9727268907,20,52.0,1040.0,PHARM-HIST-0022,Deepa Namboodiri,2026-08-18T15:40:00Z,2026-08-18,True,pharmaflow-main,SYNTHETIC_OPERATIONAL_RECORD
DISP-00149,RCPT-2026-10148,MED-0149,Thyroxine Sodium 50mcg (Thyronorm 50) (Formula 149),BATCH-0149,THY248,2027-04-10,CUST-0149,Suresh Pillai,+91 8077119320,30,158.2,4746.0,PHARM-HIST-0023,Raghavendra Rao,2026-08-17T23:33:00Z,2026-08-17,True,pharmaflow-main,SYNTHETIC_OPERATIONAL_RECORD
DISP-00150,RCPT-2026-10149,MED-0150,Clopidogrel 75mg (Clopilet 75) (Formula 150),BATCH-0150,CLO249,2027-02-24,CUST-0150,Lakshmi Bhat,+91 7029990477,20,168.4,3368.0,PHARM-KA-2022-7212,Deepak R,2026-09-10T14:49:00Z,2026-09-10,True,pharmaflow-main,SYNTHETIC_OPERATIONAL_RECORD
DISP-00151,RCPT-2026-10150,MED-0151,Paracetamol 500mg (Formula 151),BATCH-0151,PAR250,2027-08-27,CUST-0001,Rahul Kumar,+91 98450 48123,20,39.6,792.0,PHARM-KA-2022-7212,Deepak R,2026-09-21T05:25:00Z,2026-09-21,True,pharmaflow-main,SYNTHETIC_OPERATIONAL_RECORD
DISP-00152,RCPT-2026-10151,MED-0152,Paracetamol 650mg (Dolo 650) (Formula 152),BATCH-0152,PAR251,2027-08-05,CUST-0002,Priya Sharma,+91 97312 90342,20,50.8,1016.0,PHARM-HIST-0001,Aravind Swaminathan,2026-06-23T00:07:00Z,2026-06-23,True,pharmaflow-main,SYNTHETIC_OPERATIONAL_RECORD
DISP-00153,RCPT-2026-10152,MED-0153,Vitamin D3 60K (Calcirol) (Formula 153),BATCH-0153,VIT252,2028-03-06,CUST-0003,Arun Kumar,+91 94480 77109,10,96.0,960.0,PHARM-KA-2022-7212,Deepak R,2026-09-19T02:05:00Z,2026-09-19,True,pharmaflow-main,SYNTHETIC_OPERATIONAL_RECORD
DISP-00154,RCPT-2026-10153,MED-0154,Amoxicillin 500mg (Novamox) (Formula 154),BATCH-0154,AMO253,2027-12-25,CUST-0004,Kavya S,+91 99001 22584,5,134.2,671.0,PHARM-KA-2022-7212,Deepak R,2026-09-21T11:56:00Z,2026-09-21,True,pharmaflow-main,SYNTHETIC_OPERATIONAL_RECORD
DISP-00155,RCPT-2026-10154,MED-0155,Amoxicillin + Clavulanic Acid 625mg (Augmentin) (Formula 155),BATCH-0155,AMO254,2026-12-17,CUST-0005,Meena Devi,+91 96114 64190,20,205.0,4100.0,PHARM-KA-2022-7212,Deepak R,2026-09-19T12:04:00Z,2026-09-19,True,pharmaflow-main,SYNTHETIC_OPERATIONAL_RECORD
DISP-00156,RCPT-2026-10155,MED-0156,Cetirizine 10mg (Cetzine) (Formula 156),BATCH-0156,CET255,2027-07-09,CUST-0006,Deepak,+91 93845 99028,5,45.2,226.0,PHARM-HIST-0005,Rohan Mehta,2026-07-15T22:52:00Z,2026-07-15,True,pharmaflow-main,SYNTHETIC_OPERATIONAL_RECORD
DISP-00157,RCPT-2026-10156,MED-0157,Levocetirizine 5mg (Levocet) (Formula 157),BATCH-0157,LEV256,2027-08-10,CUST-0007,Manish,+91 90802 04902,20,64.4,1288.0,PHARM-KA-2022-7212,Deepak R,2026-09-20T15:09:00Z,2026-09-20,True,pharmaflow-main,SYNTHETIC_OPERATIONAL_RECORD
DISP-00158,RCPT-2026-10157,MED-0158,Azithromycin 250mg (Azee 250) (Formula 158),BATCH-0158,AZI257,2027-09-14,CUST-0008,Deeps,+91 80988 51999,30,154.6,4638.0,PHARM-HIST-0007,Venkatesh Iyer,2026-06-19T21:03:00Z,2026-06-19,True,pharmaflow-main,SYNTHETIC_OPERATIONAL_RECORD
DISP-00159,RCPT-2026-10158,MED-0159,Azithromycin 500mg (Azithral 500) (Formula 159),BATCH-0159,AZI258,2027-02-16,CUST-0009,Suresh Pillai,+91 9445652586,10,227.8,2278.0,PHARM-HIST-0008,Pooja Hegde,2026-06-10T22:21:00Z,2026-06-10,True,pharmaflow-main,SYNTHETIC_OPERATIONAL_RECORD
DISP-00160,RCPT-2026-10159,MED-0160,Metformin 500mg (Glycomet 500) (Formula 160),BATCH-0160,MET259,2028-02-04,CUST-0010,Lakshmi Bhat,+91 9668942178,30,71.0,2130.0,PHARM-HIST-0009,Sanjay Nambiar,2026-08-10T19:33:00Z,2026-08-10,True,pharmaflow-main,SYNTHETIC_OPERATIONAL_RECORD
DISP-00161,RCPT-2026-10160,MED-0161,Metformin 1000mg SR (Glucophage) (Formula 161),BATCH-0161,MET260,2027-02-07,CUST-0011,Vignesh Murthy,+91 7068755000,15,101.2,1518.0,PHARM-HIST-0010,Meera Krishnan,2026-06-25T21:36:00Z,2026-06-25,True,pharmaflow-main,SYNTHETIC_OPERATIONAL_RECORD
DISP-00162,RCPT-2026-10161,MED-0162,Pantoprazole 40mg (Pan 40) (Formula 162),BATCH-0162,PAN261,2027-12-29,CUST-0012,Anitha Kumar,+91 9822257687,30,105.0,3150.0,PHARM-KA-2022-7212,Deepak R,2026-09-10T06:33:00Z,2026-09-10,True,pharmaflow-main,SYNTHETIC_OPERATIONAL_RECORD
DISP-00163,RCPT-2026-10162,MED-0163,Pantoprazole + Domperidone (Pan-D) (Formula 163),BATCH-0163,PAN262,2027-11-25,CUST-0013,Ramesh Iyer,+91 9473149551,10,181.2,1812.0,PHARM-KA-2022-7212,Deepak R,2026-10-07T17:29:00Z,2026-10-07,True,pharmaflow-main,SYNTHETIC_OPERATIONAL_RECORD
DISP-00164,RCPT-2026-10163,MED-0164,Omeprazole 20mg (Omez) (Formula 164),BATCH-0164,OME263,2027-01-14,CUST-0014,Sangeetha Reddy,+91 7022246348,20,81.4,1628.0,PHARM-HIST-0013,Nikhil Bhat,2026-07-08T19:43:00Z,2026-07-08,True,pharmaflow-main,SYNTHETIC_OPERATIONAL_RECORD
DISP-00165,RCPT-2026-10164,MED-0165,Telmisartan 40mg (Telma 40) (Formula 165),BATCH-0165,TEL264,2027-12-26,CUST-0015,Vijay Gowda,+91 9065250068,15,131.6,1974.0,PHARM-HIST-0014,Shalini Verma,2026-06-11T18:24:00Z,2026-06-11,True,pharmaflow-main,SYNTHETIC_OPERATIONAL_RECORD
DISP-00166,RCPT-2026-10165,MED-0166,Telmisartan + Amlodipine (Telma-AM) (Formula 166),BATCH-0166,TEL265,2028-04-27,CUST-0016,Sandhya Desai,+91 7021819185,20,184.8,3696.0,PHARM-KA-2022-7212,Deepak R,2026-10-04T10:24:00Z,2026-10-04,True,pharmaflow-main,SYNTHETIC_OPERATIONAL_RECORD
DISP-00167,RCPT-2026-10166,MED-0167,Atorvastatin 10mg (Atorva 10) (Formula 167),BATCH-0167,ATO266,2027-05-24,CUST-0017,Prashanth Shenoy,+91 7065465150,30,154.0,4620.0,PHARM-HIST-0016,Rashmi Nair,2026-07-10T00:53:00Z,2026-07-10,True,pharmaflow-main,SYNTHETIC_OPERATIONAL_RECORD
DISP-00168,RCPT-2026-10167,MED-0168,Rosuvastatin 10mg (Rosuvas 10) (Formula 168),BATCH-0168,ROS267,2027-07-21,CUST-0018,Swetha Krishnan,+91 9945843681,10,187.2,1872.0,PHARM-HIST-0017,Varun Shenoy,2026-08-07T13:55:00Z,2026-08-07,True,pharmaflow-main,SYNTHETIC_OPERATIONAL_RECORD
DISP-00169,RCPT-2026-10168,MED-0169,Ciprofloxacin 500mg (Ciplox 500) (Formula 169),BATCH-0169,CIP268,2027-11-12,CUST-0019,Rajesh Sharma,+91 9931257157,15,88.0,1320.0,PHARM-HIST-0018,Geetha Radhakrishnan,2026-07-06T12:27:00Z,2026-07-06,True,pharmaflow-main,SYNTHETIC_OPERATIONAL_RECORD
DISP-00170,RCPT-2026-10169,MED-0170,Ofloxacin + Ornidazole (O2) (Formula 170),BATCH-0170,OFL269,2027-11-20,CUST-0020,Nandini Rao,+91 9771934487,30,145.2,4356.0,PHARM-HIST-0019,Manoj Patil,2026-08-09T19:55:00Z,2026-08-09,True,pharmaflow-main,SYNTHETIC_OPERATIONAL_RECORD
DISP-00171,RCPT-2026-10170,MED-0171,Montelukast + Levocetirizine (Montair-LC) (Formula 171),BATCH-0171,MON270,2027-03-14,CUST-0021,Rahul Menon,+91 9665766169,10,201.4,2014.0,PHARM-HIST-0020,Harini Sundaram,2026-06-16T16:55:00Z,2026-06-16,True,pharmaflow-main,SYNTHETIC_OPERATIONAL_RECORD
DISP-00172,RCPT-2026-10171,MED-0172,Ibuprofen 400mg (Brufen 400) (Formula 172),BATCH-0172,IBU271,2027-11-24,CUST-0022,Priya Verma,+91 8035583290,5,44.6,223.0,PHARM-HIST-0021,Suresh Prabhu,2026-08-08T15:13:00Z,2026-08-08,True,pharmaflow-main,SYNTHETIC_OPERATIONAL_RECORD
DISP-00173,RCPT-2026-10172,MED-0173,Aceclofenac + Paracetamol (Zerodol-P) (Formula 173),BATCH-0173,ACE272,2027-05-08,CUST-0023,Arun Hegde,+91 9610344303,30,104.8,3144.0,PHARM-HIST-0022,Deepa Namboodiri,2026-07-12T15:26:00Z,2026-07-12,True,pharmaflow-main,SYNTHETIC_OPERATIONAL_RECORD
DISP-00174,RCPT-2026-10173,MED-0174,Vildagliptin + Metformin (Galvus Met) (Formula 174),BATCH-0174,VIL273,2027-10-26,CUST-0024,Kavya Gupta,+91 7056321751,15,314.0,4710.0,PHARM-HIST-0023,Raghavendra Rao,2026-08-29T16:57:00Z,2026-08-29,True,pharmaflow-main,SYNTHETIC_OPERATIONAL_RECORD
DISP-00175,RCPT-2026-10174,MED-0175,Rabeprazole 20mg (Razo 20) (Formula 175),BATCH-0175,RAB274,2027-07-30,CUST-0025,Meena Joshi,+91 9986745380,20,157.2,3144.0,PHARM-HIST-0024,Kavita Acharya,2026-08-01T11:30:00Z,2026-08-01,True,pharmaflow-main,SYNTHETIC_OPERATIONAL_RECORD
DISP-00176,RCPT-2026-10175,MED-0176,Cough Syrup (Ascoril-D) (Formula 176),BATCH-0176,COU275,2026-12-06,CUST-0026,Deepak Nair,+91 8061818612,15,110.0,1650.0,PHARM-KA-2022-7212,Deepak R,2026-08-03T20:24:00Z,2026-08-03,True,pharmaflow-main,SYNTHETIC_OPERATIONAL_RECORD
DISP-00177,RCPT-2026-10176,MED-0177,Oral Rehydration Salts (Electral ORS) (Formula 177),BATCH-0177,ORA276,2027-06-15,CUST-0027,Manish Patel,+91 9023470708,15,25.7,385.5,PHARM-HIST-0001,Aravind Swaminathan,2026-08-16T00:09:00Z,2026-08-16,True,pharmaflow-main,SYNTHETIC_OPERATIONAL_RECORD
DISP-00178,RCPT-2026-10177,MED-0178,Multivitamin + Zinc (Becadexamin) (Formula 178),BATCH-0178,MUL277,2027-06-07,CUST-0028,Deeps Sundaram,+91 9465026398,30,58.4,1752.0,PHARM-HIST-0002,Sneha Rao,2026-09-01T06:58:00Z,2026-09-01,True,pharmaflow-main,SYNTHETIC_OPERATIONAL_RECORD
DISP-00179,RCPT-2026-10178,MED-0179,Thyroxine Sodium 50mcg (Thyronorm 50) (Formula 179),BATCH-0179,THY278,2028-04-16,CUST-0029,Suresh Pillai,+91 8097219599,30,164.6,4938.0,PHARM-HIST-0003,Karthik Subramanian,2026-07-05T02:14:00Z,2026-07-05,True,pharmaflow-main,SYNTHETIC_OPERATIONAL_RECORD
DISP-00180,RCPT-2026-10179,MED-0180,Clopidogrel 75mg (Clopilet 75) (Formula 180),BATCH-0180,CLO279,2026-11-17,CUST-0030,Lakshmi Bhat,+91 9741510328,20,174.8,3496.0,PHARM-HIST-0004,Divya Menon,2026-09-05T10:20:00Z,2026-09-05,True,pharmaflow-main,SYNTHETIC_OPERATIONAL_RECORD
DISP-00181,RCPT-2026-10180,MED-0181,Paracetamol 500mg (Formula 181),BATCH-0181,PAR280,2026-11-16,CUST-0031,Vignesh Murthy,+91 9769549527,5,46.0,230.0,PHARM-HIST-0005,Rohan Mehta,2026-07-26T06:24:00Z,2026-07-26,True,pharmaflow-main,SYNTHETIC_OPERATIONAL_RECORD
DISP-00182,RCPT-2026-10181,MED-0182,Paracetamol 650mg (Dolo 650) (Formula 182),BATCH-0182,PAR281,2027-09-16,CUST-0032,Anitha Kumar,+91 9658112135,30,57.2,1716.0,PHARM-HIST-0006,Ananya Sharma,2026-07-16T02:09:00Z,2026-07-16,True,pharmaflow-main,SYNTHETIC_OPERATIONAL_RECORD
DISP-00183,RCPT-2026-10182,MED-0183,Vitamin D3 60K (Calcirol) (Formula 183),BATCH-0183,VIT282,2027-08-16,CUST-0033,Ramesh Iyer,+91 9432814819,5,80.0,400.0,PHARM-KA-2022-7212,Deepak R,2026-10-05T02:29:00Z,2026-10-05,True,pharmaflow-main,SYNTHETIC_OPERATIONAL_RECORD
DISP-00184,RCPT-2026-10183,MED-0184,Amoxicillin 500mg (Novamox) (Formula 184),BATCH-0184,AMO283,2027-10-31,CUST-0034,Sangeetha Reddy,+91 9441163805,15,118.2,1773.0,PHARM-KA-2022-7212,Deepak R,2026-09-21T19:56:00Z,2026-09-21,True,pharmaflow-main,SYNTHETIC_OPERATIONAL_RECORD
DISP-00185,RCPT-2026-10184,MED-0185,Amoxicillin + Clavulanic Acid 625mg (Augmentin) (Formula 185),BATCH-0185,AMO284,2028-02-28,CUST-0035,Vijay Gowda,+91 9683363160,15,211.4,3171.0,PHARM-HIST-0009,Sanjay Nambiar,2026-09-06T07:21:00Z,2026-09-06,True,pharmaflow-main,SYNTHETIC_OPERATIONAL_RECORD
DISP-00186,RCPT-2026-10185,MED-0186,Cetirizine 10mg (Cetzine) (Formula 186),BATCH-0186,CET285,2027-12-19,CUST-0036,Sandhya Desai,+91 9671315464,5,51.6,258.0,PHARM-HIST-0010,Meera Krishnan,2026-09-03T04:00:00Z,2026-09-03,True,pharmaflow-main,SYNTHETIC_OPERATIONAL_RECORD
DISP-00187,RCPT-2026-10186,MED-0187,Levocetirizine 5mg (Levocet) (Formula 187),BATCH-0187,LEV286,2028-04-14,CUST-0037,Prashanth Shenoy,+91 8086762164,30,70.8,2124.0,PHARM-HIST-0011,Aditya Kulkarni,2026-07-23T06:02:00Z,2026-07-23,True,pharmaflow-main,SYNTHETIC_OPERATIONAL_RECORD
DISP-00188,RCPT-2026-10187,MED-0188,Azithromycin 250mg (Azee 250) (Formula 188),BATCH-0188,AZI287,2027-11-26,CUST-0038,Swetha Krishnan,+91 8046840133,20,161.0,3220.0,PHARM-HIST-0012,Swati Deshmukh,2026-07-06T07:18:00Z,2026-07-06,True,pharmaflow-main,SYNTHETIC_OPERATIONAL_RECORD
DISP-00189,RCPT-2026-10188,MED-0189,Azithromycin 500mg (Azithral 500) (Formula 189),BATCH-0189,AZI288,2027-08-24,CUST-0039,Rajesh Sharma,+91 9039394291,10,234.2,2342.0,PHARM-HIST-0013,Nikhil Bhat,2026-08-22T06:44:00Z,2026-08-22,True,pharmaflow-main,SYNTHETIC_OPERATIONAL_RECORD
DISP-00190,RCPT-2026-10189,MED-0190,Metformin 500mg (Glycomet 500) (Formula 190),BATCH-0190,MET289,2028-03-15,CUST-0040,Nandini Rao,+91 9851464269,30,55.0,1650.0,PHARM-HIST-0014,Shalini Verma,2026-08-07T06:09:00Z,2026-08-07,True,pharmaflow-main,SYNTHETIC_OPERATIONAL_RECORD
DISP-00191,RCPT-2026-10190,MED-0191,Metformin 1000mg SR (Glucophage) (Formula 191),BATCH-0191,MET290,2027-10-06,CUST-0041,Rahul Menon,+91 9653851498,5,85.2,426.0,PHARM-HIST-0015,Gautam Pillai,2026-06-20T10:39:00Z,2026-06-20,True,pharmaflow-main,SYNTHETIC_OPERATIONAL_RECORD
DISP-00192,RCPT-2026-10191,MED-0192,Pantoprazole 40mg (Pan 40) (Formula 192),BATCH-0192,PAN291,2027-09-09,CUST-0042,Priya Verma,+91 9632084778,10,111.4,1114.0,PHARM-KA-2022-7212,Deepak R,2026-09-19T16:01:00Z,2026-09-19,True,pharmaflow-main,SYNTHETIC_OPERATIONAL_RECORD
DISP-00193,RCPT-2026-10192,MED-0193,Pantoprazole + Domperidone (Pan-D) (Formula 193),BATCH-0193,PAN292,2027-01-05,CUST-0043,Arun Hegde,+91 9440281491,20,187.6,3752.0,PHARM-HIST-0017,Varun Shenoy,2026-06-22T20:12:00Z,2026-06-22,True,pharmaflow-main,SYNTHETIC_OPERATIONAL_RECORD
DISP-00194,RCPT-2026-10193,MED-0194,Omeprazole 20mg (Omez) (Formula 194),BATCH-0194,OME293,2027-10-01,CUST-0044,Kavya Gupta,+91 9845495029,20,87.8,1756.0,PHARM-HIST-0018,Geetha Radhakrishnan,2026-07-01T23:45:00Z,2026-07-01,True,pharmaflow-main,SYNTHETIC_OPERATIONAL_RECORD
DISP-00195,RCPT-2026-10194,MED-0195,Telmisartan 40mg (Telma 40) (Formula 195),BATCH-0195,TEL294,2028-03-31,CUST-0045,Meena Joshi,+91 9024541967,10,138.0,1380.0,PHARM-HIST-0019,Manoj Patil,2026-07-07T15:50:00Z,2026-07-07,True,pharmaflow-main,SYNTHETIC_OPERATIONAL_RECORD
DISP-00196,RCPT-2026-10195,MED-0196,Telmisartan + Amlodipine (Telma-AM) (Formula 196),BATCH-0196,TEL295,2027-12-27,CUST-0046,Deepak Nair,+91 9795282470,15,191.2,2868.0,PHARM-HIST-0020,Harini Sundaram,2026-07-26T12:07:00Z,2026-07-26,True,pharmaflow-main,SYNTHETIC_OPERATIONAL_RECORD
DISP-00197,RCPT-2026-10196,MED-0197,Atorvastatin 10mg (Atorva 10) (Formula 197),BATCH-0197,ATO296,2027-05-21,CUST-0047,Manish Patel,+91 9814994527,5,138.0,690.0,PHARM-KA-2022-7212,Deepak R,2026-10-01T15:44:00Z,2026-10-01,True,pharmaflow-main,SYNTHETIC_OPERATIONAL_RECORD
DISP-00198,RCPT-2026-10197,MED-0198,Rosuvastatin 10mg (Rosuvas 10) (Formula 198),BATCH-0198,ROS297,2027-06-23,CUST-0048,Deeps Sundaram,+91 8070887034,20,171.2,3424.0,PHARM-KA-2022-7212,Deepak R,2026-10-02T06:31:00Z,2026-10-02,True,pharmaflow-main,SYNTHETIC_OPERATIONAL_RECORD
DISP-00199,RCPT-2026-10198,MED-0199,Ciprofloxacin 500mg (Ciplox 500) (Formula 199),BATCH-0199,CIP298,2027-11-10,CUST-0049,Suresh Pillai,+91 9775679047,30,94.4,2832.0,PHARM-HIST-0023,Raghavendra Rao,2026-08-09T02:30:00Z,2026-08-09,True,pharmaflow-main,SYNTHETIC_OPERATIONAL_RECORD
DISP-00200,RCPT-2026-10199,MED-0200,Ofloxacin + Ornidazole (O2) (Formula 200),BATCH-0200,OFL299,2027-05-12,CUST-0050,Lakshmi Bhat,+91 7041690501,20,151.6,3032.0,PHARM-KA-2022-7212,Deepak R,2026-09-08T23:17:00Z,2026-09-08,True,pharmaflow-main,SYNTHETIC_OPERATIONAL_RECORD
DISP-00201,RCPT-2026-10200,MED-0201,Montelukast + Levocetirizine (Montair-LC) (Formula 201),BATCH-0201,MON300,2027-03-19,CUST-0051,Vignesh Murthy,+91 9018126895,30,207.8,6234.0,PHARM-KA-2022-7212,Deepak R,2026-08-09T03:51:00Z,2026-08-09,True,pharmaflow-main,SYNTHETIC_OPERATIONAL_RECORD
DISP-00202,RCPT-2026-10201,MED-0202,Ibuprofen 400mg (Brufen 400) (Formula 202),BATCH-0202,IBU301,2027-05-14,CUST-0052,Anitha Kumar,+91 9996128115,15,51.0,765.0,PHARM-HIST-0001,Aravind Swaminathan,2026-06-18T23:00:00Z,2026-06-18,True,pharmaflow-main,SYNTHETIC_OPERATIONAL_RECORD
DISP-00203,RCPT-2026-10202,MED-0203,Aceclofenac + Paracetamol (Zerodol-P) (Formula 203),BATCH-0203,ACE302,2027-02-07,CUST-0053,Ramesh Iyer,+91 9919208698,15,111.2,1668.0,PHARM-HIST-0002,Sneha Rao,2026-06-11T21:36:00Z,2026-06-11,True,pharmaflow-main,SYNTHETIC_OPERATIONAL_RECORD
DISP-00204,RCPT-2026-10203,MED-0204,Vildagliptin + Metformin (Galvus Met) (Formula 204),BATCH-0204,VIL303,2027-09-18,CUST-0054,Sangeetha Reddy,+91 9489991301,5,298.0,1490.0,PHARM-HIST-0003,Karthik Subramanian,2026-08-01T14:58:00Z,2026-08-01,True,pharmaflow-main,SYNTHETIC_OPERATIONAL_RECORD
DISP-00205,RCPT-2026-10204,MED-0205,Rabeprazole 20mg (Razo 20) (Formula 205),BATCH-0205,RAB304,2027-10-13,CUST-0055,Vijay Gowda,+91 9827690330,15,141.2,2118.0,PHARM-HIST-0004,Divya Menon,2026-06-12T18:20:00Z,2026-06-12,True,pharmaflow-main,SYNTHETIC_OPERATIONAL_RECORD
DISP-00206,RCPT-2026-10205,MED-0206,Cough Syrup (Ascoril-D) (Formula 206),BATCH-0206,COU305,2027-09-05,CUST-0056,Sandhya Desai,+91 9617032877,15,116.4,1746.0,PHARM-HIST-0005,Rohan Mehta,2026-06-21T22:21:00Z,2026-06-21,True,pharmaflow-main,SYNTHETIC_OPERATIONAL_RECORD
DISP-00207,RCPT-2026-10206,MED-0207,Oral Rehydration Salts (Electral ORS) (Formula 207),BATCH-0207,ORA306,2028-03-03,CUST-0057,Prashanth Shenoy,+91 7058592048,5,32.1,160.5,PHARM-HIST-0006,Ananya Sharma,2026-08-27T03:43:00Z,2026-08-27,True,pharmaflow-main,SYNTHETIC_OPERATIONAL_RECORD
DISP-00208,RCPT-2026-10207,MED-0208,Multivitamin + Zinc (Becadexamin) (Formula 208),BATCH-0208,MUL307,2027-01-19,CUST-0058,Swetha Krishnan,+91 9671477426,20,64.8,1296.0,PHARM-HIST-0007,Venkatesh Iyer,2026-09-05T15:23:00Z,2026-09-05,True,pharmaflow-main,SYNTHETIC_OPERATIONAL_RECORD
DISP-00209,RCPT-2026-10208,MED-0209,Thyroxine Sodium 50mcg (Thyronorm 50) (Formula 209),BATCH-0209,THY308,2027-03-10,CUST-0059,Rajesh Sharma,+91 9775802771,10,171.0,1710.0,PHARM-HIST-0008,Pooja Hegde,2026-08-09T14:13:00Z,2026-08-09,True,pharmaflow-main,SYNTHETIC_OPERATIONAL_RECORD
DISP-00210,RCPT-2026-10209,MED-0210,Clopidogrel 75mg (Clopilet 75) (Formula 210),BATCH-0210,CLO309,2027-09-09,CUST-0060,Nandini Rao,+91 9726937148,10,181.2,1812.0,PHARM-HIST-0009,Sanjay Nambiar,2026-07-06T14:23:00Z,2026-07-06,True,pharmaflow-main,SYNTHETIC_OPERATIONAL_RECORD
DISP-00211,RCPT-2026-10210,MED-0211,Paracetamol 500mg (Formula 211),BATCH-0211,PAR310,2027-03-28,CUST-0061,Rahul Menon,+91 8023311507,10,30.0,300.0,PHARM-HIST-0010,Meera Krishnan,2026-08-03T01:17:00Z,2026-08-03,True,pharmaflow-main,SYNTHETIC_OPERATIONAL_RECORD
DISP-00212,RCPT-2026-10211,MED-0212,Paracetamol 650mg (Dolo 650) (Formula 212),BATCH-0212,PAR311,2028-02-19,CUST-0062,Priya Verma,+91 9965541117,5,41.2,206.0,PHARM-HIST-0011,Aditya Kulkarni,2026-08-28T19:00:00Z,2026-08-28,True,pharmaflow-main,SYNTHETIC_OPERATIONAL_RECORD
DISP-00213,RCPT-2026-10212,MED-0213,Vitamin D3 60K (Calcirol) (Formula 213),BATCH-0213,VIT312,2027-01-29,CUST-0063,Arun Hegde,+91 9099269266,20,86.4,1728.0,PHARM-HIST-0012,Swati Deshmukh,2026-06-24T10:00:00Z,2026-06-24,True,pharmaflow-main,SYNTHETIC_OPERATIONAL_RECORD
DISP-00214,RCPT-2026-10213,MED-0214,Amoxicillin 500mg (Novamox) (Formula 214),BATCH-0214,AMO313,2027-05-08,CUST-0064,Kavya Gupta,+91 9722513132,20,124.6,2492.0,PHARM-KA-2022-7212,Deepak R,2026-09-25T19:54:00Z,2026-09-25,True,pharmaflow-main,SYNTHETIC_OPERATIONAL_RECORD
DISP-00215,RCPT-2026-10214,MED-0215,Amoxicillin + Clavulanic Acid 625mg (Augmentin) (Formula 215),BATCH-0215,AMO314,2026-11-12,CUST-0065,Meena Joshi,+91 9099927658,15,217.8,3267.0,PHARM-HIST-0014,Shalini Verma,2026-08-25T04:14:00Z,2026-08-25,True,pharmaflow-main,SYNTHETIC_OPERATIONAL_RECORD
DISP-00216,RCPT-2026-10215,MED-0216,Cetirizine 10mg (Cetzine) (Formula 216),BATCH-0216,CET315,2027-04-29,CUST-0066,Deepak Nair,+91 9657197152,5,58.0,290.0,PHARM-HIST-0015,Gautam Pillai,2026-09-06T05:58:00Z,2026-09-06,True,pharmaflow-main,SYNTHETIC_OPERATIONAL_RECORD
DISP-00217,RCPT-2026-10216,MED-0217,Levocetirizine 5mg (Levocet) (Formula 217),BATCH-0217,LEV316,2028-03-23,CUST-0067,Manish Patel,+91 9084660688,30,77.2,2316.0,PHARM-HIST-0016,Rashmi Nair,2026-07-21T09:57:00Z,2026-07-21,True,pharmaflow-main,SYNTHETIC_OPERATIONAL_RECORD
DISP-00218,RCPT-2026-10217,MED-0218,Azithromycin 250mg (Azee 250) (Formula 218),BATCH-0218,AZI317,2028-01-21,CUST-0068,Deeps Sundaram,+91 9891737913,5,145.0,725.0,PHARM-HIST-0017,Varun Shenoy,2026-07-16T05:22:00Z,2026-07-16,True,pharmaflow-main,SYNTHETIC_OPERATIONAL_RECORD
DISP-00219,RCPT-2026-10218,MED-0219,Azithromycin 500mg (Azithral 500) (Formula 219),BATCH-0219,AZI318,2027-12-05,CUST-0069,Suresh Pillai,+91 9655610493,30,218.2,6546.0,PHARM-HIST-0018,Geetha Radhakrishnan,2026-07-10T08:55:00Z,2026-07-10,True,pharmaflow-main,SYNTHETIC_OPERATIONAL_RECORD
DISP-00220,RCPT-2026-10219,MED-0220,Metformin 500mg (Glycomet 500) (Formula 220),BATCH-0220,MET319,2027-05-31,CUST-0070,Lakshmi Bhat,+91 9822315507,30,61.4,1842.0,PHARM-KA-2022-7212,Deepak R,2026-09-21T23:18:00Z,2026-09-21,True,pharmaflow-main,SYNTHETIC_OPERATIONAL_RECORD
DISP-00221,RCPT-2026-10220,MED-0221,Metformin 1000mg SR (Glucophage) (Formula 221),BATCH-0221,MET320,2028-05-04,CUST-0071,Vignesh Murthy,+91 9459667685,5,91.6,458.0,PHARM-HIST-0020,Harini Sundaram,2026-06-28T06:03:00Z,2026-06-28,True,pharmaflow-main,SYNTHETIC_OPERATIONAL_RECORD
DISP-00222,RCPT-2026-10221,MED-0222,Pantoprazole 40mg (Pan 40) (Formula 222),BATCH-0222,PAN321,2027-07-20,CUST-0072,Anitha Kumar,+91 9492924837,15,117.8,1767.0,PHARM-HIST-0021,Suresh Prabhu,2026-07-11T06:44:00Z,2026-07-11,True,pharmaflow-main,SYNTHETIC_OPERATIONAL_RECORD
DISP-00223,RCPT-2026-10222,MED-0223,Pantoprazole + Domperidone (Pan-D) (Formula 223),BATCH-0223,PAN322,2027-09-23,CUST-0073,Ramesh Iyer,+91 7065590800,5,194.0,970.0,PHARM-HIST-0022,Deepa Namboodiri,2026-08-09T14:01:00Z,2026-08-09,True,pharmaflow-main,SYNTHETIC_OPERATIONAL_RECORD
DISP-00224,RCPT-2026-10223,MED-0224,Omeprazole 20mg (Omez) (Formula 224),BATCH-0224,OME323,2028-04-06,CUST-0074,Sangeetha Reddy,+91 7080723898,15,94.2,1413.0,PHARM-HIST-0023,Raghavendra Rao,2026-07-18T21:01:00Z,2026-07-18,True,pharmaflow-main,SYNTHETIC_OPERATIONAL_RECORD
DISP-00225,RCPT-2026-10224,MED-0225,Telmisartan 40mg (Telma 40) (Formula 225),BATCH-0225,TEL324,2027-01-13,CUST-0075,Vijay Gowda,+91 9837437207,15,122.0,1830.0,PHARM-HIST-0024,Kavita Acharya,2026-07-01T22:16:00Z,2026-07-01,True,pharmaflow-main,SYNTHETIC_OPERATIONAL_RECORD
DISP-00226,RCPT-2026-10225,MED-0226,Telmisartan + Amlodipine (Telma-AM) (Formula 226),BATCH-0226,TEL325,2028-02-17,CUST-0076,Sandhya Desai,+91 9876757928,5,175.2,876.0,PHARM-KA-2022-7212,Deepak R,2026-09-06T06:11:00Z,2026-09-06,True,pharmaflow-main,SYNTHETIC_OPERATIONAL_RECORD
DISP-00227,RCPT-2026-10226,MED-0227,Atorvastatin 10mg (Atorva 10) (Formula 227),BATCH-0227,ATO326,2027-10-19,CUST-0077,Prashanth Shenoy,+91 9977144075,20,144.4,2888.0,PHARM-HIST-0001,Aravind Swaminathan,2026-09-03T10:36:00Z,2026-09-03,True,pharmaflow-main,SYNTHETIC_OPERATIONAL_RECORD
DISP-00228,RCPT-2026-10227,MED-0228,Rosuvastatin 10mg (Rosuvas 10) (Formula 228),BATCH-0228,ROS327,2027-10-24,CUST-0078,Swetha Krishnan,+91 9871707170,15,177.6,2664.0,PHARM-HIST-0002,Sneha Rao,2026-08-27T10:44:00Z,2026-08-27,True,pharmaflow-main,SYNTHETIC_OPERATIONAL_RECORD
DISP-00229,RCPT-2026-10228,MED-0229,Ciprofloxacin 500mg (Ciplox 500) (Formula 229),BATCH-0229,CIP328,2027-04-25,CUST-0079,Rajesh Sharma,+91 8048858073,20,100.8,2016.0,PHARM-KA-2022-7212,Deepak R,2026-09-15T21:56:00Z,2026-09-15,True,pharmaflow-main,SYNTHETIC_OPERATIONAL_RECORD
DISP-00230,RCPT-2026-10229,MED-0230,Ofloxacin + Ornidazole (O2) (Formula 230),BATCH-0230,OFL329,2027-06-25,CUST-0080,Nandini Rao,+91 9021828592,20,158.0,3160.0,PHARM-HIST-0004,Divya Menon,2026-06-12T05:21:00Z,2026-06-12,True,pharmaflow-main,SYNTHETIC_OPERATIONAL_RECORD
DISP-00231,RCPT-2026-10230,MED-0231,Montelukast + Levocetirizine (Montair-LC) (Formula 231),BATCH-0231,MON330,2028-04-07,CUST-0081,Rahul Menon,+91 8051644346,5,214.2,1071.0,PHARM-KA-2022-7212,Deepak R,2026-09-15T15:29:00Z,2026-09-15,True,pharmaflow-main,SYNTHETIC_OPERATIONAL_RECORD
DISP-00232,RCPT-2026-10231,MED-0232,Ibuprofen 400mg (Brufen 400) (Formula 232),BATCH-0232,IBU331,2026-12-16,CUST-0082,Priya Verma,+91 9781216573,20,35.0,700.0,PHARM-KA-2022-7212,Deepak R,2026-09-19T18:11:00Z,2026-09-19,True,pharmaflow-main,SYNTHETIC_OPERATIONAL_RECORD
DISP-00233,RCPT-2026-10232,MED-0233,Aceclofenac + Paracetamol (Zerodol-P) (Formula 233),BATCH-0233,ACE332,2028-05-08,CUST-0083,Arun Hegde,+91 9444355473,5,95.2,476.0,PHARM-KA-2022-7212,Deepak R,2026-09-10T16:19:00Z,2026-09-10,True,pharmaflow-main,SYNTHETIC_OPERATIONAL_RECORD
DISP-00234,RCPT-2026-10233,MED-0234,Vildagliptin + Metformin (Galvus Met) (Formula 234),BATCH-0234,VIL333,2026-12-27,CUST-0084,Kavya Gupta,+91 7072270726,15,304.4,4566.0,PHARM-HIST-0008,Pooja Hegde,2026-06-13T21:15:00Z,2026-06-13,True,pharmaflow-main,SYNTHETIC_OPERATIONAL_RECORD
DISP-00235,RCPT-2026-10234,MED-0235,Rabeprazole 20mg (Razo 20) (Formula 235),BATCH-0235,RAB334,2026-12-27,CUST-0085,Meena Joshi,+91 7019165226,5,147.6,738.0,PHARM-KA-2022-7212,Deepak R,2026-09-25T10:56:00Z,2026-09-25,True,pharmaflow-main,SYNTHETIC_OPERATIONAL_RECORD
DISP-00236,RCPT-2026-10235,MED-0236,Cough Syrup (Ascoril-D) (Formula 236),BATCH-0236,COU335,2028-02-05,CUST-0086,Deepak Nair,+91 9751662236,20,122.8,2456.0,PHARM-HIST-0010,Meera Krishnan,2026-07-26T12:44:00Z,2026-07-26,True,pharmaflow-main,SYNTHETIC_OPERATIONAL_RECORD
DISP-00237,RCPT-2026-10236,MED-0237,Oral Rehydration Salts (Electral ORS) (Formula 237),BATCH-0237,ORA336,2027-07-24,CUST-0087,Manish Patel,+91 9792545028,5,38.5,192.5,PHARM-KA-2022-7212,Deepak R,2026-10-05T20:51:00Z,2026-10-05,True,pharmaflow-main,SYNTHETIC_OPERATIONAL_RECORD
DISP-00238,RCPT-2026-10237,MED-0238,Multivitamin + Zinc (Becadexamin) (Formula 238),BATCH-0238,MUL337,2027-06-06,CUST-0088,Deeps Sundaram,+91 9953154591,20,71.2,1424.0,PHARM-HIST-0012,Swati Deshmukh,2026-06-11T10:18:00Z,2026-06-11,True,pharmaflow-main,SYNTHETIC_OPERATIONAL_RECORD
DISP-00239,RCPT-2026-10238,MED-0239,Thyroxine Sodium 50mcg (Thyronorm 50) (Formula 239),BATCH-0239,THY338,2026-11-17,CUST-0089,Suresh Pillai,+91 9777719420,15,155.0,2325.0,PHARM-HIST-0013,Nikhil Bhat,2026-09-04T07:16:00Z,2026-09-04,True,pharmaflow-main,SYNTHETIC_OPERATIONAL_RECORD
DISP-00240,RCPT-2026-10239,MED-0240,Clopidogrel 75mg (Clopilet 75) (Formula 240),BATCH-0240,CLO339,2027-02-19,CUST-0090,Lakshmi Bhat,+91 9458841557,5,165.2,826.0,PHARM-HIST-0014,Shalini Verma,2026-06-14T23:24:00Z,2026-06-14,True,pharmaflow-main,SYNTHETIC_OPERATIONAL_RECORD
DISP-00241,RCPT-2026-10240,MED-0241,Paracetamol 500mg (Formula 241),BATCH-0241,PAR340,2027-03-28,CUST-0091,Vignesh Murthy,+91 9018846539,20,36.4,728.0,PHARM-HIST-0015,Gautam Pillai,2026-08-03T13:11:00Z,2026-08-03,True,pharmaflow-main,SYNTHETIC_OPERATIONAL_RECORD
DISP-00242,RCPT-2026-10241,MED-0242,Paracetamol 650mg (Dolo 650) (Formula 242),BATCH-0242,PAR341,2027-02-23,CUST-0092,Anitha Kumar,+91 9020939011,5,47.6,238.0,PHARM-HIST-0016,Rashmi Nair,2026-08-07T22:35:00Z,2026-08-07,True,pharmaflow-main,SYNTHETIC_OPERATIONAL_RECORD
DISP-00243,RCPT-2026-10242,MED-0243,Vitamin D3 60K (Calcirol) (Formula 243),BATCH-0243,VIT342,2027-03-08,CUST-0093,Ramesh Iyer,+91 9751551377,20,92.8,1856.0,PHARM-HIST-0017,Varun Shenoy,2026-07-31T05:00:00Z,2026-07-31,True,pharmaflow-main,SYNTHETIC_OPERATIONAL_RECORD
DISP-00244,RCPT-2026-10243,MED-0244,Amoxicillin 500mg (Novamox) (Formula 244),BATCH-0244,AMO343,2028-03-31,CUST-0094,Sangeetha Reddy,+91 9012446861,30,131.0,3930.0,PHARM-HIST-0018,Geetha Radhakrishnan,2026-07-11T20:53:00Z,2026-07-11,True,pharmaflow-main,SYNTHETIC_OPERATIONAL_RECORD
DISP-00245,RCPT-2026-10244,MED-0245,Amoxicillin + Clavulanic Acid 625mg (Augmentin) (Formula 245),BATCH-0245,AMO344,2027-08-04,CUST-0095,Vijay Gowda,+91 9928463709,15,224.2,3363.0,PHARM-HIST-0019,Manoj Patil,2026-08-01T00:39:00Z,2026-08-01,True,pharmaflow-main,SYNTHETIC_OPERATIONAL_RECORD
DISP-00246,RCPT-2026-10245,MED-0246,Cetirizine 10mg (Cetzine) (Formula 246),BATCH-0246,CET345,2028-01-01,CUST-0096,Sandhya Desai,+91 9490161060,5,42.0,210.0,PHARM-HIST-0020,Harini Sundaram,2026-08-18T10:20:00Z,2026-08-18,True,pharmaflow-main,SYNTHETIC_OPERATIONAL_RECORD
DISP-00247,RCPT-2026-10246,MED-0247,Levocetirizine 5mg (Levocet) (Formula 247),BATCH-0247,LEV346,2028-05-22,CUST-0097,Prashanth Shenoy,+91 8058895439,15,61.2,918.0,PHARM-HIST-0021,Suresh Prabhu,2026-08-22T18:06:00Z,2026-08-22,True,pharmaflow-main,SYNTHETIC_OPERATIONAL_RECORD
DISP-00248,RCPT-2026-10247,MED-0248,Azithromycin 250mg (Azee 250) (Formula 248),BATCH-0248,AZI347,2027-10-12,CUST-0098,Swetha Krishnan,+91 9951536077,15,151.4,2271.0,PHARM-KA-2022-7212,Deepak R,2026-09-27T21:12:00Z,2026-09-27,True,pharmaflow-main,SYNTHETIC_OPERATIONAL_RECORD
DISP-00249,RCPT-2026-10248,MED-0249,Azithromycin 500mg (Azithral 500) (Formula 249),BATCH-0249,AZI348,2027-02-07,CUST-0099,Rajesh Sharma,+91 8077498993,30,224.6,6738.0,PHARM-HIST-0023,Raghavendra Rao,2026-07-18T05:49:00Z,2026-07-18,True,pharmaflow-main,SYNTHETIC_OPERATIONAL_RECORD
DISP-00250,RCPT-2026-10249,MED-0250,Metformin 500mg (Glycomet 500) (Formula 250),BATCH-0250,MET349,2028-03-27,CUST-0100,Nandini Rao,+91 7059823245,10,67.8,678.0,PHARM-KA-2022-7212,Deepak R,2026-10-02T23:18:00Z,2026-10-02,True,pharmaflow-main,SYNTHETIC_OPERATIONAL_RECORD
DISP-00251,RCPT-2026-10250,MED-0251,Metformin 1000mg SR (Glucophage) (Formula 251),BATCH-0251,MET350,2027-01-23,CUST-0101,Rahul Menon,+91 7078901038,5,98.0,490.0,PHARM-KA-2022-7212,Deepak R,2026-08-30T13:36:00Z,2026-08-30,True,pharmaflow-main,SYNTHETIC_OPERATIONAL_RECORD
DISP-00252,RCPT-2026-10251,MED-0252,Pantoprazole 40mg (Pan 40) (Formula 252),BATCH-0252,PAN351,2027-07-02,CUST-0102,Priya Verma,+91 8017148018,20,124.2,2484.0,PHARM-HIST-0001,Aravind Swaminathan,2026-07-19T13:38:00Z,2026-07-19,True,pharmaflow-main,SYNTHETIC_OPERATIONAL_RECORD
DISP-00253,RCPT-2026-10252,MED-0253,Pantoprazole + Domperidone (Pan-D) (Formula 253),BATCH-0253,PAN352,2028-02-26,CUST-0103,Arun Hegde,+91 9913783268,10,178.0,1780.0,PHARM-KA-2022-7212,Deepak R,2026-09-27T15:32:00Z,2026-09-27,True,pharmaflow-main,SYNTHETIC_OPERATIONAL_RECORD
DISP-00254,RCPT-2026-10253,MED-0254,Omeprazole 20mg (Omez) (Formula 254),BATCH-0254,OME353,2026-12-18,CUST-0104,Kavya Gupta,+91 7028628439,5,78.2,391.0,PHARM-KA-2022-7212,Deepak R,2026-09-21T10:48:00Z,2026-09-21,True,pharmaflow-main,SYNTHETIC_OPERATIONAL_RECORD
DISP-00255,RCPT-2026-10254,MED-0255,Telmisartan 40mg (Telma 40) (Formula 255),BATCH-0255,TEL354,2027-09-24,CUST-0105,Meena Joshi,+91 9638944689,20,128.4,2568.0,PHARM-HIST-0004,Divya Menon,2026-07-07T17:45:00Z,2026-07-07,True,pharmaflow-main,SYNTHETIC_OPERATIONAL_RECORD
DISP-00256,RCPT-2026-10255,MED-0256,Telmisartan + Amlodipine (Telma-AM) (Formula 256),BATCH-0256,TEL355,2027-02-13,CUST-0106,Deepak Nair,+91 9716408822,30,181.6,5448.0,PHARM-HIST-0005,Rohan Mehta,2026-08-20T09:10:00Z,2026-08-20,True,pharmaflow-main,SYNTHETIC_OPERATIONAL_RECORD
DISP-00257,RCPT-2026-10256,MED-0257,Atorvastatin 10mg (Atorva 10) (Formula 257),BATCH-0257,ATO356,2027-05-01,CUST-0107,Manish Patel,+91 9894819556,30,150.8,4524.0,PHARM-HIST-0006,Ananya Sharma,2026-07-18T02:29:00Z,2026-07-18,True,pharmaflow-main,SYNTHETIC_OPERATIONAL_RECORD
DISP-00258,RCPT-2026-10257,MED-0258,Rosuvastatin 10mg (Rosuvas 10) (Formula 258),BATCH-0258,ROS357,2027-08-09,CUST-0108,Deeps Sundaram,+91 9042287985,5,184.0,920.0,PHARM-HIST-0007,Venkatesh Iyer,2026-06-23T21:59:00Z,2026-06-23,True,pharmaflow-main,SYNTHETIC_OPERATIONAL_RECORD
DISP-00259,RCPT-2026-10258,MED-0259,Ciprofloxacin 500mg (Ciplox 500) (Formula 259),BATCH-0259,CIP358,2027-05-14,CUST-0109,Suresh Pillai,+91 9780606503,5,107.2,536.0,PHARM-HIST-0008,Pooja Hegde,2026-08-26T10:39:00Z,2026-08-26,True,pharmaflow-main,SYNTHETIC_OPERATIONAL_RECORD
DISP-00260,RCPT-2026-10259,MED-0260,Ofloxacin + Ornidazole (O2) (Formula 260),BATCH-0260,OFL359,2028-02-18,CUST-0110,Lakshmi Bhat,+91 8060103798,30,142.0,4260.0,PHARM-HIST-0009,Sanjay Nambiar,2026-08-18T08:47:00Z,2026-08-18,True,pharmaflow-main,SYNTHETIC_OPERATIONAL_RECORD
DISP-00261,RCPT-2026-10260,MED-0261,Montelukast + Levocetirizine (Montair-LC) (Formula 261),BATCH-0261,MON360,2028-03-11,CUST-0111,Vignesh Murthy,+91 9788101741,30,198.2,5946.0,PHARM-HIST-0010,Meera Krishnan,2026-08-10T14:05:00Z,2026-08-10,True,pharmaflow-main,SYNTHETIC_OPERATIONAL_RECORD
DISP-00262,RCPT-2026-10261,MED-0262,Ibuprofen 400mg (Brufen 400) (Formula 262),BATCH-0262,IBU361,2027-03-03,CUST-0112,Anitha Kumar,+91 9096274567,10,41.4,414.0,PHARM-KA-2022-7212,Deepak R,2026-09-18T12:23:00Z,2026-09-18,True,pharmaflow-main,SYNTHETIC_OPERATIONAL_RECORD
DISP-00263,RCPT-2026-10262,MED-0263,Aceclofenac + Paracetamol (Zerodol-P) (Formula 263),BATCH-0263,ACE362,2027-01-07,CUST-0113,Ramesh Iyer,+91 9771428713,10,101.6,1016.0,PHARM-HIST-0012,Swati Deshmukh,2026-06-12T09:58:00Z,2026-06-12,True,pharmaflow-main,SYNTHETIC_OPERATIONAL_RECORD
DISP-00264,RCPT-2026-10263,MED-0264,Vildagliptin + Metformin (Galvus Met) (Formula 264),BATCH-0264,VIL363,2028-03-16,CUST-0114,Sangeetha Reddy,+91 9679173614,20,310.8,6216.0,PHARM-HIST-0013,Nikhil Bhat,2026-08-06T15:59:00Z,2026-08-06,True,pharmaflow-main,SYNTHETIC_OPERATIONAL_RECORD
DISP-00265,RCPT-2026-10264,MED-0265,Rabeprazole 20mg (Razo 20) (Formula 265),BATCH-0265,RAB364,2027-05-12,CUST-0115,Vijay Gowda,+91 9016416148,10,154.0,1540.0,PHARM-HIST-0014,Shalini Verma,2026-06-13T16:58:00Z,2026-06-13,True,pharmaflow-main,SYNTHETIC_OPERATIONAL_RECORD
DISP-00266,RCPT-2026-10265,MED-0266,Cough Syrup (Ascoril-D) (Formula 266),BATCH-0266,COU365,2027-11-10,CUST-0116,Sandhya Desai,+91 8069020451,5,129.2,646.0,PHARM-HIST-0015,Gautam Pillai,2026-07-10T15:52:00Z,2026-07-10,True,pharmaflow-main,SYNTHETIC_OPERATIONAL_RECORD
DISP-00267,RCPT-2026-10266,MED-0267,Oral Rehydration Salts (Electral ORS) (Formula 267),BATCH-0267,ORA366,2028-03-16,CUST-0117,Prashanth Shenoy,+91 9621087928,15,22.5,337.5,PHARM-KA-2022-7212,Deepak R,2026-09-15T15:57:00Z,2026-09-15,True,pharmaflow-main,SYNTHETIC_OPERATIONAL_RECORD
DISP-00268,RCPT-2026-10267,MED-0268,Multivitamin + Zinc (Becadexamin) (Formula 268),BATCH-0268,MUL367,2028-02-02,CUST-0118,Swetha Krishnan,+91 9023770458,30,55.2,1656.0,PHARM-HIST-0017,Varun Shenoy,2026-06-25T08:31:00Z,2026-06-25,True,pharmaflow-main,SYNTHETIC_OPERATIONAL_RECORD
DISP-00269,RCPT-2026-10268,MED-0269,Thyroxine Sodium 50mcg (Thyronorm 50) (Formula 269),BATCH-0269,THY368,2027-09-25,CUST-0119,Rajesh Sharma,+91 8032366682,5,161.4,807.0,PHARM-KA-2022-7212,Deepak R,2026-09-16T17:56:00Z,2026-09-16,True,pharmaflow-main,SYNTHETIC_OPERATIONAL_RECORD
DISP-00270,RCPT-2026-10269,MED-0270,Clopidogrel 75mg (Clopilet 75) (Formula 270),BATCH-0270,CLO369,2028-04-28,CUST-0120,Nandini Rao,+91 8046850196,30,171.6,5148.0,PHARM-KA-2022-7212,Deepak R,2026-09-23T20:22:00Z,2026-09-23,True,pharmaflow-main,SYNTHETIC_OPERATIONAL_RECORD
DISP-00271,RCPT-2026-10270,MED-0271,Paracetamol 500mg (Formula 271),BATCH-0271,PAR370,2027-06-25,CUST-0121,Rahul Menon,+91 9414179623,10,42.8,428.0,PHARM-KA-2022-7212,Deepak R,2026-09-10T09:09:00Z,2026-09-10,True,pharmaflow-main,SYNTHETIC_OPERATIONAL_RECORD
DISP-00272,RCPT-2026-10271,MED-0272,Paracetamol 650mg (Dolo 650) (Formula 272),BATCH-0272,PAR371,2028-04-22,CUST-0122,Priya Verma,+91 9058607028,20,54.0,1080.0,PHARM-HIST-0021,Suresh Prabhu,2026-08-15T01:09:00Z,2026-08-15,True,pharmaflow-main,SYNTHETIC_OPERATIONAL_RECORD
DISP-00273,RCPT-2026-10272,MED-0273,Vitamin D3 60K (Calcirol) (Formula 273),BATCH-0273,VIT372,2027-02-13,CUST-0123,Arun Hegde,+91 9069584522,30,99.2,2976.0,PHARM-HIST-0022,Deepa Namboodiri,2026-08-28T08:17:00Z,2026-08-28,True,pharmaflow-main,SYNTHETIC_OPERATIONAL_RECORD
DISP-00274,RCPT-2026-10273,MED-0274,Amoxicillin 500mg (Novamox) (Formula 274),BATCH-0274,AMO373,2027-07-20,CUST-0124,Kavya Gupta,+91 9643502308,10,115.0,1150.0,PHARM-HIST-0023,Raghavendra Rao,2026-07-31T07:40:00Z,2026-07-31,True,pharmaflow-main,SYNTHETIC_OPERATIONAL_RECORD
DISP-00275,RCPT-2026-10274,MED-0275,Amoxicillin + Clavulanic Acid 625mg (Augmentin) (Formula 275),BATCH-0275,AMO374,2027-12-07,CUST-0125,Meena Joshi,+91 9644935501,10,208.2,2082.0,PHARM-HIST-0024,Kavita Acharya,2026-07-03T10:23:00Z,2026-07-03,True,pharmaflow-main,SYNTHETIC_OPERATIONAL_RECORD
DISP-00276,RCPT-2026-10275,MED-0276,Cetirizine 10mg (Cetzine) (Formula 276),BATCH-0276,CET375,2027-01-02,CUST-0126,Deepak Nair,+91 9728217159,15,48.4,726.0,PHARM-KA-2022-7212,Deepak R,2026-08-27T09:53:00Z,2026-08-27,True,pharmaflow-main,SYNTHETIC_OPERATIONAL_RECORD
DISP-00277,RCPT-2026-10276,MED-0277,Levocetirizine 5mg (Levocet) (Formula 277),BATCH-0277,LEV376,2028-04-08,CUST-0127,Manish Patel,+91 9099635939,15,67.6,1014.0,PHARM-KA-2022-7212,Deepak R,2026-09-19T22:50:00Z,2026-09-19,True,pharmaflow-main,SYNTHETIC_OPERATIONAL_RECORD
DISP-00278,RCPT-2026-10277,MED-0278,Azithromycin 250mg (Azee 250) (Formula 278),BATCH-0278,AZI377,2027-04-26,CUST-0128,Deeps Sundaram,+91 9458518659,10,157.8,1578.0,PHARM-HIST-0002,Sneha Rao,2026-07-30T06:32:00Z,2026-07-30,True,pharmaflow-main,SYNTHETIC_OPERATIONAL_RECORD
DISP-00279,RCPT-2026-10278,MED-0279,Azithromycin 500mg (Azithral 500) (Formula 279),BATCH-0279,AZI378,2027-10-02,CUST-0129,Suresh Pillai,+91 9858438711,10,231.0,2310.0,PHARM-HIST-0003,Karthik Subramanian,2026-06-11T17:58:00Z,2026-06-11,True,pharmaflow-main,SYNTHETIC_OPERATIONAL_RECORD
DISP-00280,RCPT-2026-10279,MED-0280,Metformin 500mg (Glycomet 500) (Formula 280),BATCH-0280,MET379,2026-12-29,CUST-0130,Lakshmi Bhat,+91 9751512297,20,74.2,1484.0,PHARM-KA-2022-7212,Deepak R,2026-09-25T15:21:00Z,2026-09-25,True,pharmaflow-main,SYNTHETIC_OPERATIONAL_RECORD
DISP-00281,RCPT-2026-10280,MED-0281,Metformin 1000mg SR (Glucophage) (Formula 281),BATCH-0281,MET380,2027-12-25,CUST-0131,Vignesh Murthy,+91 9726821075,20,82.0,1640.0,PHARM-HIST-0005,Rohan Mehta,2026-07-01T06:59:00Z,2026-07-01,True,pharmaflow-main,SYNTHETIC_OPERATIONAL_RECORD
DISP-00282,RCPT-2026-10281,MED-0282,Pantoprazole 40mg (Pan 40) (Formula 282),BATCH-0282,PAN381,2028-02-05,CUST-0132,Anitha Kumar,+91 9483994695,10,108.2,1082.0,PHARM-KA-2022-7212,Deepak R,2026-09-28T12:00:00Z,2026-09-28,True,pharmaflow-main,SYNTHETIC_OPERATIONAL_RECORD
DISP-00283,RCPT-2026-10282,MED-0283,Pantoprazole + Domperidone (Pan-D) (Formula 283),BATCH-0283,PAN382,2028-04-01,CUST-0133,Ramesh Iyer,+91 9779538491,30,184.4,5532.0,PHARM-HIST-0007,Venkatesh Iyer,2026-06-12T09:15:00Z,2026-06-12,True,pharmaflow-main,SYNTHETIC_OPERATIONAL_RECORD
DISP-00284,RCPT-2026-10283,MED-0284,Omeprazole 20mg (Omez) (Formula 284),BATCH-0284,OME383,2028-03-31,CUST-0134,Sangeetha Reddy,+91 9620584397,20,84.6,1692.0,PHARM-HIST-0008,Pooja Hegde,2026-06-17T02:34:00Z,2026-06-17,True,pharmaflow-main,SYNTHETIC_OPERATIONAL_RECORD
DISP-00285,RCPT-2026-10284,MED-0285,Telmisartan 40mg (Telma 40) (Formula 285),BATCH-0285,TEL384,2027-12-26,CUST-0135,Vijay Gowda,+91 9777454225,10,134.8,1348.0,PHARM-HIST-0009,Sanjay Nambiar,2026-07-12T07:47:00Z,2026-07-12,True,pharmaflow-main,SYNTHETIC_OPERATIONAL_RECORD
DISP-00286,RCPT-2026-10285,MED-0286,Telmisartan + Amlodipine (Telma-AM) (Formula 286),BATCH-0286,TEL385,2028-05-23,CUST-0136,Sandhya Desai,+91 9820901547,20,188.0,3760.0,PHARM-HIST-0010,Meera Krishnan,2026-07-19T03:27:00Z,2026-07-19,True,pharmaflow-main,SYNTHETIC_OPERATIONAL_RECORD
DISP-00287,RCPT-2026-10286,MED-0287,Atorvastatin 10mg (Atorva 10) (Formula 287),BATCH-0287,ATO386,2027-09-15,CUST-0137,Prashanth Shenoy,+91 9876845536,30,157.2,4716.0,PHARM-HIST-0011,Aditya Kulkarni,2026-08-17T04:49:00Z,2026-08-17,True,pharmaflow-main,SYNTHETIC_OPERATIONAL_RECORD
DISP-00288,RCPT-2026-10287,MED-0288,Rosuvastatin 10mg (Rosuvas 10) (Formula 288),BATCH-0288,ROS387,2028-02-18,CUST-0138,Swetha Krishnan,+91 8049920898,10,168.0,1680.0,PHARM-HIST-0012,Swati Deshmukh,2026-07-12T10:22:00Z,2026-07-12,True,pharmaflow-main,SYNTHETIC_OPERATIONAL_RECORD
DISP-00289,RCPT-2026-10288,MED-0289,Ciprofloxacin 500mg (Ciplox 500) (Formula 289),BATCH-0289,CIP388,2027-06-24,CUST-0139,Rajesh Sharma,+91 7037383505,5,91.2,456.0,PHARM-HIST-0013,Nikhil Bhat,2026-07-08T20:21:00Z,2026-07-08,True,pharmaflow-main,SYNTHETIC_OPERATIONAL_RECORD
DISP-00290,RCPT-2026-10289,MED-0290,Ofloxacin + Ornidazole (O2) (Formula 290),BATCH-0290,OFL389,2028-03-06,CUST-0140,Nandini Rao,+91 9459733063,20,148.4,2968.0,PHARM-HIST-0014,Shalini Verma,2026-07-20T02:38:00Z,2026-07-20,True,pharmaflow-main,SYNTHETIC_OPERATIONAL_RECORD
DISP-00291,RCPT-2026-10290,MED-0291,Montelukast + Levocetirizine (Montair-LC) (Formula 291),BATCH-0291,MON390,2027-03-04,CUST-0141,Rahul Menon,+91 9670343755,10,204.6,2046.0,PHARM-KA-2022-7212,Deepak R,2026-10-07T18:45:00Z,2026-10-07,True,pharmaflow-main,SYNTHETIC_OPERATIONAL_RECORD
DISP-00292,RCPT-2026-10291,MED-0292,Ibuprofen 400mg (Brufen 400) (Formula 292),BATCH-0292,IBU391,2027-06-23,CUST-0142,Priya Verma,+91 8043322272,30,47.8,1434.0,PHARM-KA-2022-7212,Deepak R,2026-09-22T19:54:00Z,2026-09-22,True,pharmaflow-main,SYNTHETIC_OPERATIONAL_RECORD
DISP-00293,RCPT-2026-10292,MED-0293,Aceclofenac + Paracetamol (Zerodol-P) (Formula 293),BATCH-0293,ACE392,2027-09-02,CUST-0143,Arun Hegde,+91 7079085198,10,108.0,1080.0,PHARM-HIST-0017,Varun Shenoy,2026-08-22T18:28:00Z,2026-08-22,True,pharmaflow-main,SYNTHETIC_OPERATIONAL_RECORD
DISP-00294,RCPT-2026-10293,MED-0294,Vildagliptin + Metformin (Galvus Met) (Formula 294),BATCH-0294,VIL393,2027-02-24,CUST-0144,Kavya Gupta,+91 7042310051,10,317.2,3172.0,PHARM-HIST-0018,Geetha Radhakrishnan,2026-08-09T15:18:00Z,2026-08-09,True,pharmaflow-main,SYNTHETIC_OPERATIONAL_RECORD
DISP-00295,RCPT-2026-10294,MED-0295,Rabeprazole 20mg (Razo 20) (Formula 295),BATCH-0295,RAB394,2027-03-31,CUST-0145,Meena Joshi,+91 7048352498,5,138.0,690.0,PHARM-HIST-0019,Manoj Patil,2026-09-03T10:48:00Z,2026-09-03,True,pharmaflow-main,SYNTHETIC_OPERATIONAL_RECORD
DISP-00296,RCPT-2026-10295,MED-0296,Cough Syrup (Ascoril-D) (Formula 296),BATCH-0296,COU395,2027-05-27,CUST-0146,Deepak Nair,+91 9064123845,20,113.2,2264.0,PHARM-HIST-0020,Harini Sundaram,2026-06-29T07:17:00Z,2026-06-29,True,pharmaflow-main,SYNTHETIC_OPERATIONAL_RECORD
DISP-00297,RCPT-2026-10296,MED-0297,Oral Rehydration Salts (Electral ORS) (Formula 297),BATCH-0297,ORA396,2027-06-16,CUST-0147,Manish Patel,+91 9619869264,5,28.9,144.5,PHARM-HIST-0021,Suresh Prabhu,2026-08-06T06:50:00Z,2026-08-06,True,pharmaflow-main,SYNTHETIC_OPERATIONAL_RECORD
DISP-00298,RCPT-2026-10297,MED-0298,Multivitamin + Zinc (Becadexamin) (Formula 298),BATCH-0298,MUL397,2027-05-22,CUST-0148,Deeps Sundaram,+91 9727268907,15,61.6,924.0,PHARM-KA-2022-7212,Deepak R,2026-10-01T15:37:00Z,2026-10-01,True,pharmaflow-main,SYNTHETIC_OPERATIONAL_RECORD
DISP-00299,RCPT-2026-10298,MED-0299,Thyroxine Sodium 50mcg (Thyronorm 50) (Formula 299),BATCH-0299,THY398,2026-12-25,CUST-0149,Suresh Pillai,+91 8077119320,15,167.8,2517.0,PHARM-KA-2022-7212,Deepak R,2026-09-11T22:44:00Z,2026-09-11,True,pharmaflow-main,SYNTHETIC_OPERATIONAL_RECORD
DISP-00300,RCPT-2026-10299,MED-0300,Clopidogrel 75mg (Clopilet 75) (Formula 300),BATCH-0300,CLO399,2027-03-14,CUST-0150,Lakshmi Bhat,+91 7029990477,5,178.0,890.0,PHARM-HIST-0024,Kavita Acharya,2026-07-21T21:58:00Z,2026-07-21,True,pharmaflow-main,SYNTHETIC_OPERATIONAL_RECORD
DISP-00301,RCPT-2026-10300,MED-0301,Paracetamol 500mg (Formula 301),BATCH-0301,PAR400,2028-04-07,CUST-0001,Rahul Kumar,+91 98450 48123,30,49.2,1476.0,PHARM-KA-2022-7212,Deepak R,2026-07-06T10:01:00Z,2026-07-06,True,pharmaflow-main,SYNTHETIC_OPERATIONAL_RECORD
DISP-00302,RCPT-2026-10301,MED-0302,Paracetamol 650mg (Dolo 650) (Formula 302),BATCH-0302,PAR401,2028-05-04,CUST-0002,Priya Sharma,+91 97312 90342,5,38.0,190.0,PHARM-KA-2022-7212,Deepak R,2026-09-16T06:10:00Z,2026-09-16,True,pharmaflow-main,SYNTHETIC_OPERATIONAL_RECORD
DISP-00303,RCPT-2026-10302,MED-0303,Vitamin D3 60K (Calcirol) (Formula 303),BATCH-0303,VIT402,2028-03-16,CUST-0003,Arun Kumar,+91 94480 77109,5,83.2,416.0,PHARM-HIST-0002,Sneha Rao,2026-08-06T19:53:00Z,2026-08-06,True,pharmaflow-main,SYNTHETIC_OPERATIONAL_RECORD
DISP-00304,RCPT-2026-10303,MED-0304,Amoxicillin 500mg (Novamox) (Formula 304),BATCH-0304,AMO403,2027-05-08,CUST-0004,Kavya S,+91 99001 22584,20,121.4,2428.0,PHARM-HIST-0003,Karthik Subramanian,2026-06-16T04:14:00Z,2026-06-16,True,pharmaflow-main,SYNTHETIC_OPERATIONAL_RECORD
DISP-00305,RCPT-2026-10304,MED-0305,Amoxicillin + Clavulanic Acid 625mg (Augmentin) (Formula 305),BATCH-0305,AMO404,2027-03-19,CUST-0005,Meena Devi,+91 96114 64190,20,214.6,4292.0,PHARM-HIST-0004,Divya Menon,2026-07-24T17:40:00Z,2026-07-24,True,pharmaflow-main,SYNTHETIC_OPERATIONAL_RECORD
DISP-00306,RCPT-2026-10305,MED-0306,Cetirizine 10mg (Cetzine) (Formula 306),BATCH-0306,CET405,2027-10-03,CUST-0006,Deepak,+91 93845 99028,15,54.8,822.0,PHARM-KA-2022-7212,Deepak R,2026-09-12T12:17:00Z,2026-09-12,True,pharmaflow-main,SYNTHETIC_OPERATIONAL_RECORD
DISP-00307,RCPT-2026-10306,MED-0307,Levocetirizine 5mg (Levocet) (Formula 307),BATCH-0307,LEV406,2027-07-20,CUST-0007,Manish,+91 90802 04902,10,74.0,740.0,PHARM-KA-2022-7212,Deepak R,2026-09-09T08:40:00Z,2026-09-09,True,pharmaflow-main,SYNTHETIC_OPERATIONAL_RECORD
DISP-00308,RCPT-2026-10307,MED-0308,Azithromycin 250mg (Azee 250) (Formula 308),BATCH-0308,AZI407,2027-09-05,CUST-0008,Deeps,+91 80988 51999,20,164.2,3284.0,PHARM-KA-2022-7212,Deepak R,2026-09-26T04:13:00Z,2026-09-26,True,pharmaflow-main,SYNTHETIC_OPERATIONAL_RECORD
DISP-00309,RCPT-2026-10308,MED-0309,Azithromycin 500mg (Azithral 500) (Formula 309),BATCH-0309,AZI408,2027-03-29,CUST-0009,Suresh Pillai,+91 9445652586,10,215.0,2150.0,PHARM-HIST-0008,Pooja Hegde,2026-06-19T05:36:00Z,2026-06-19,True,pharmaflow-main,SYNTHETIC_OPERATIONAL_RECORD
DISP-00310,RCPT-2026-10309,MED-0310,Metformin 500mg (Glycomet 500) (Formula 310),BATCH-0310,MET409,2027-09-10,CUST-0010,Lakshmi Bhat,+91 9668942178,20,58.2,1164.0,PHARM-KA-2022-7212,Deepak R,2026-09-28T20:23:00Z,2026-09-28,True,pharmaflow-main,SYNTHETIC_OPERATIONAL_RECORD
DISP-00311,RCPT-2026-10310,MED-0311,Metformin 1000mg SR (Glucophage) (Formula 311),BATCH-0311,MET410,2028-05-27,CUST-0011,Vignesh Murthy,+91 7068755000,10,88.4,884.0,PHARM-KA-2022-7212,Deepak R,2026-10-01T22:51:00Z,2026-10-01,True,pharmaflow-main,SYNTHETIC_OPERATIONAL_RECORD
DISP-00312,RCPT-2026-10311,MED-0312,Pantoprazole 40mg (Pan 40) (Formula 312),BATCH-0312,PAN411,2027-06-10,CUST-0012,Anitha Kumar,+91 9822257687,10,114.6,1146.0,PHARM-HIST-0011,Aditya Kulkarni,2026-06-11T16:31:00Z,2026-06-11,True,pharmaflow-main,SYNTHETIC_OPERATIONAL_RECORD
DISP-00313,RCPT-2026-10312,MED-0313,Pantoprazole + Domperidone (Pan-D) (Formula 313),BATCH-0313,PAN412,2027-10-27,CUST-0013,Ramesh Iyer,+91 9473149551,20,190.8,3816.0,PHARM-HIST-0012,Swati Deshmukh,2026-08-20T00:52:00Z,2026-08-20,True,pharmaflow-main,SYNTHETIC_OPERATIONAL_RECORD
DISP-00314,RCPT-2026-10313,MED-0314,Omeprazole 20mg (Omez) (Formula 314),BATCH-0314,OME413,2028-04-06,CUST-0014,Sangeetha Reddy,+91 7022246348,15,91.0,1365.0,PHARM-HIST-0013,Nikhil Bhat,2026-07-08T05:20:00Z,2026-07-08,True,pharmaflow-main,SYNTHETIC_OPERATIONAL_RECORD
DISP-00315,RCPT-2026-10314,MED-0315,Telmisartan 40mg (Telma 40) (Formula 315),BATCH-0315,TEL414,2027-10-04,CUST-0015,Vijay Gowda,+91 9065250068,10,141.2,1412.0,PHARM-HIST-0014,Shalini Verma,2026-09-04T05:39:00Z,2026-09-04,True,pharmaflow-main,SYNTHETIC_OPERATIONAL_RECORD
DISP-00316,RCPT-2026-10315,MED-0316,Telmisartan + Amlodipine (Telma-AM) (Formula 316),BATCH-0316,TEL415,2028-03-13,CUST-0016,Sandhya Desai,+91 7021819185,5,172.0,860.0,PHARM-KA-2022-7212,Deepak R,2026-10-03T13:24:00Z,2026-10-03,True,pharmaflow-main,SYNTHETIC_OPERATIONAL_RECORD
DISP-00317,RCPT-2026-10316,MED-0317,Atorvastatin 10mg (Atorva 10) (Formula 317),BATCH-0317,ATO416,2028-05-07,CUST-0017,Prashanth Shenoy,+91 7065465150,20,141.2,2824.0,PHARM-HIST-0016,Rashmi Nair,2026-09-03T07:53:00Z,2026-09-03,True,pharmaflow-main,SYNTHETIC_OPERATIONAL_RECORD
DISP-00318,RCPT-2026-10317,MED-0318,Rosuvastatin 10mg (Rosuvas 10) (Formula 318),BATCH-0318,ROS417,2026-11-21,CUST-0018,Swetha Krishnan,+91 9945843681,15,174.4,2616.0,PHARM-HIST-0017,Varun Shenoy,2026-08-10T22:50:00Z,2026-08-10,True,pharmaflow-main,SYNTHETIC_OPERATIONAL_RECORD
DISP-00319,RCPT-2026-10318,MED-0319,Ciprofloxacin 500mg (Ciplox 500) (Formula 319),BATCH-0319,CIP418,2027-12-03,CUST-0019,Rajesh Sharma,+91 9931257157,10,97.6,976.0,PHARM-KA-2022-7212,Deepak R,2026-09-10T02:22:00Z,2026-09-10,True,pharmaflow-main,SYNTHETIC_OPERATIONAL_RECORD
DISP-00320,RCPT-2026-10319,MED-0320,Ofloxacin + Ornidazole (O2) (Formula 320),BATCH-0320,OFL419,2027-05-31,CUST-0020,Nandini Rao,+91 9771934487,10,154.8,1548.0,PHARM-HIST-0019,Manoj Patil,2026-06-28T15:21:00Z,2026-06-28,True,pharmaflow-main,SYNTHETIC_OPERATIONAL_RECORD
DISP-00321,RCPT-2026-10320,MED-0321,Montelukast + Levocetirizine (Montair-LC) (Formula 321),BATCH-0321,MON420,2027-04-21,CUST-0021,Rahul Menon,+91 9665766169,10,211.0,2110.0,PHARM-HIST-0020,Harini Sundaram,2026-07-26T18:06:00Z,2026-07-26,True,pharmaflow-main,SYNTHETIC_OPERATIONAL_RECORD
DISP-00322,RCPT-2026-10321,MED-0322,Ibuprofen 400mg (Brufen 400) (Formula 322),BATCH-0322,IBU421,2027-04-06,CUST-0022,Priya Verma,+91 8035583290,30,54.2,1626.0,PHARM-KA-2022-7212,Deepak R,2026-09-26T22:06:00Z,2026-09-26,True,pharmaflow-main,SYNTHETIC_OPERATIONAL_RECORD
DISP-00323,RCPT-2026-10322,MED-0323,Aceclofenac + Paracetamol (Zerodol-P) (Formula 323),BATCH-0323,ACE422,2027-06-04,CUST-0023,Arun Hegde,+91 9610344303,20,92.0,1840.0,PHARM-HIST-0022,Deepa Namboodiri,2026-08-07T05:23:00Z,2026-08-07,True,pharmaflow-main,SYNTHETIC_OPERATIONAL_RECORD
DISP-00324,RCPT-2026-10323,MED-0324,Vildagliptin + Metformin (Galvus Met) (Formula 324),BATCH-0324,VIL423,2028-02-14,CUST-0024,Kavya Gupta,+91 7056321751,5,301.2,1506.0,PHARM-HIST-0023,Raghavendra Rao,2026-06-22T21:43:00Z,2026-06-22,True,pharmaflow-main,SYNTHETIC_OPERATIONAL_RECORD
DISP-00325,RCPT-2026-10324,MED-0325,Rabeprazole 20mg (Razo 20) (Formula 325),BATCH-0325,RAB424,2027-12-11,CUST-0025,Meena Joshi,+91 9986745380,10,144.4,1444.0,PHARM-HIST-0024,Kavita Acharya,2026-07-06T22:13:00Z,2026-07-06,True,pharmaflow-main,SYNTHETIC_OPERATIONAL_RECORD
DISP-00326,RCPT-2026-10325,MED-0326,Cough Syrup (Ascoril-D) (Formula 326),BATCH-0326,COU425,2026-12-26,CUST-0026,Deepak Nair,+91 8061818612,30,119.6,3588.0,PHARM-KA-2022-7212,Deepak R,2026-09-07T01:33:00Z,2026-09-07,True,pharmaflow-main,SYNTHETIC_OPERATIONAL_RECORD
DISP-00327,RCPT-2026-10326,MED-0327,Oral Rehydration Salts (Electral ORS) (Formula 327),BATCH-0327,ORA426,2027-09-24,CUST-0027,Manish Patel,+91 9023470708,30,35.3,1059.0,PHARM-KA-2022-7212,Deepak R,2026-09-09T17:51:00Z,2026-09-09,True,pharmaflow-main,SYNTHETIC_OPERATIONAL_RECORD
DISP-00328,RCPT-2026-10327,MED-0328,Multivitamin + Zinc (Becadexamin) (Formula 328),BATCH-0328,MUL427,2027-07-23,CUST-0028,Deeps Sundaram,+91 9465026398,5,68.0,340.0,PHARM-HIST-0002,Sneha Rao,2026-06-16T11:34:00Z,2026-06-16,True,pharmaflow-main,SYNTHETIC_OPERATIONAL_RECORD
DISP-00329,RCPT-2026-10328,MED-0329,Thyroxine Sodium 50mcg (Thyronorm 50) (Formula 329),BATCH-0001,PCT101,2027-11-30,CUST-0029,Suresh Pillai,+91 8097219599,30,174.2,5226.0,PHARM-KA-2022-7212,Deepak R,2026-10-02T20:14:00Z,2026-10-02,True,pharmaflow-main,SYNTHETIC_OPERATIONAL_RECORD
DISP-00330,RCPT-2026-10329,MED-0330,Clopidogrel 75mg (Clopilet 75) (Formula 330),BATCH-0002,VD102,2026-09-25,CUST-0030,Lakshmi Bhat,+91 9741510328,20,162.0,3240.0,PHARM-KA-2022-7212,Deepak R,2026-10-03T22:27:00Z,2026-10-03,True,pharmaflow-main,SYNTHETIC_OPERATIONAL_RECORD
DISP-00331,RCPT-2026-10330,MED-0331,Paracetamol 500mg (Formula 331),BATCH-0003,AMX204,2026-10-15,CUST-0031,Vignesh Murthy,+91 9769549527,5,33.2,166.0,PHARM-HIST-0005,Rohan Mehta,2026-08-07T13:08:00Z,2026-08-07,True,pharmaflow-main,SYNTHETIC_OPERATIONAL_RECORD
DISP-00332,RCPT-2026-10331,MED-0332,Paracetamol 650mg (Dolo 650) (Formula 332),BATCH-0004,CTZ302,2027-01-15,CUST-0032,Anitha Kumar,+91 9658112135,5,44.4,222.0,PHARM-HIST-0006,Ananya Sharma,2026-08-11T20:45:00Z,2026-08-11,True,pharmaflow-main,SYNTHETIC_OPERATIONAL_RECORD
DISP-00333,RCPT-2026-10332,MED-0333,Vitamin D3 60K (Calcirol) (Formula 333),BATCH-0005,DEMO-EXP-001,2026-10-23,CUST-0033,Ramesh Iyer,+91 9432814819,20,89.6,1792.0,PHARM-HIST-0007,Venkatesh Iyer,2026-07-29T11:16:00Z,2026-07-29,True,pharmaflow-main,SYNTHETIC_OPERATIONAL_RECORD
DISP-00334,RCPT-2026-10333,MED-0334,Amoxicillin 500mg (Novamox) (Formula 334),BATCH-0006,DEMO-EXP-002,2026-10-08,CUST-0034,Sangeetha Reddy,+91 9441163805,15,127.8,1917.0,PHARM-KA-2022-7212,Deepak R,2026-09-11T07:38:00Z,2026-09-11,True,pharmaflow-main,SYNTHETIC_OPERATIONAL_RECORD
DISP-00335,RCPT-2026-10334,MED-0335,Amoxicillin + Clavulanic Acid 625mg (Augmentin) (Formula 335),BATCH-0007,LEV106,2026-09-13,CUST-0035,Vijay Gowda,+91 9683363160,5,221.0,1105.0,PHARM-HIST-0009,Sanjay Nambiar,2026-09-07T15:55:00Z,2026-09-07,True,pharmaflow-main,SYNTHETIC_OPERATIONAL_RECORD
DISP-00336,RCPT-2026-10335,MED-0336,Cetirizine 10mg (Cetzine) (Formula 336),BATCH-0008,AZI107,2026-09-22,CUST-0036,Sandhya Desai,+91 9671315464,10,61.2,612.0,PHARM-HIST-0010,Meera Krishnan,2026-08-07T14:41:00Z,2026-08-07,True,pharmaflow-main,SYNTHETIC_OPERATIONAL_RECORD
DISP-00337,RCPT-2026-10336,MED-0337,Levocetirizine 5mg (Levocet) (Formula 337),BATCH-0009,AZI108,2026-10-03,CUST-0037,Prashanth Shenoy,+91 8086762164,30,58.0,1740.0,PHARM-HIST-0011,Aditya Kulkarni,2026-07-09T21:06:00Z,2026-07-09,True,pharmaflow-main,SYNTHETIC_OPERATIONAL_RECORD
DISP-00338,RCPT-2026-10337,MED-0338,Azithromycin 250mg (Azee 250) (Formula 338),BATCH-0010,MET109,2026-09-24,CUST-0038,Swetha Krishnan,+91 8046840133,20,148.2,2964.0,PHARM-HIST-0012,Swati Deshmukh,2026-07-04T17:59:00Z,2026-07-04,True,pharmaflow-main,SYNTHETIC_OPERATIONAL_RECORD
DISP-00339,RCPT-2026-10338,MED-0339,Azithromycin 500mg (Azithral 500) (Formula 339),BATCH-0011,MET110,2026-09-24,CUST-0039,Rajesh Sharma,+91 9039394291,20,221.4,4428.0,PHARM-HIST-0013,Nikhil Bhat,2026-08-10T07:05:00Z,2026-08-10,True,pharmaflow-main,SYNTHETIC_OPERATIONAL_RECORD
DISP-00340,RCPT-2026-10339,MED-0340,Metformin 500mg (Glycomet 500) (Formula 340),BATCH-0012,PAN111,2026-10-04,CUST-0040,Nandini Rao,+91 9851464269,20,64.6,1292.0,PHARM-KA-2022-7212,Deepak R,2026-09-15T00:20:00Z,2026-09-15,True,pharmaflow-main,SYNTHETIC_OPERATIONAL_RECORD
DISP-00341,RCPT-2026-10340,MED-0341,Metformin 1000mg SR (Glucophage) (Formula 341),BATCH-0013,PAN112,2026-09-01,CUST-0041,Rahul Menon,+91 9653851498,5,94.8,474.0,PHARM-HIST-0015,Gautam Pillai,2026-07-09T16:00:00Z,2026-07-09,True,pharmaflow-main,SYNTHETIC_OPERATIONAL_RECORD
DISP-00342,RCPT-2026-10341,MED-0342,Pantoprazole 40mg (Pan 40) (Formula 342),BATCH-0014,OME113,2026-09-23,CUST-0042,Priya Verma,+91 9632084778,30,121.0,3630.0,PHARM-HIST-0016,Rashmi Nair,2026-08-19T13:39:00Z,2026-08-19,True,pharmaflow-main,SYNTHETIC_OPERATIONAL_RECORD
DISP-00343,RCPT-2026-10342,MED-0343,Pantoprazole + Domperidone (Pan-D) (Formula 343),BATCH-0015,TEL114,2026-09-16,CUST-0043,Arun Hegde,+91 9440281491,15,197.2,2958.0,PHARM-KA-2022-7212,Deepak R,2026-10-04T02:33:00Z,2026-10-04,True,pharmaflow-main,SYNTHETIC_OPERATIONAL_RECORD
DISP-00344,RCPT-2026-10343,MED-0344,Omeprazole 20mg (Omez) (Formula 344),BATCH-0016,TEL115,2026-10-03,CUST-0044,Kavya Gupta,+91 9845495029,30,75.0,2250.0,PHARM-HIST-0018,Geetha Radhakrishnan,2026-07-10T16:26:00Z,2026-07-10,True,pharmaflow-main,SYNTHETIC_OPERATIONAL_RECORD
DISP-00345,RCPT-2026-10344,MED-0345,Telmisartan 40mg (Telma 40) (Formula 345),BATCH-0017,ATO116,2026-09-10,CUST-0045,Meena Joshi,+91 9024541967,5,125.2,626.0,PHARM-HIST-0019,Manoj Patil,2026-06-29T05:10:00Z,2026-06-29,True,pharmaflow-main,SYNTHETIC_OPERATIONAL_RECORD
DISP-00346,RCPT-2026-10345,MED-0346,Telmisartan + Amlodipine (Telma-AM) (Formula 346),BATCH-0018,ROS117,2026-10-07,CUST-0046,Deepak Nair,+91 9795282470,5,178.4,892.0,PHARM-HIST-0020,Harini Sundaram,2026-07-21T01:13:00Z,2026-07-21,True,pharmaflow-main,SYNTHETIC_OPERATIONAL_RECORD
DISP-00347,RCPT-2026-10346,MED-0347,Atorvastatin 10mg (Atorva 10) (Formula 347),BATCH-0019,CIP118,2026-10-05,CUST-0047,Manish Patel,+91 9814994527,5,147.6,738.0,PHARM-HIST-0021,Suresh Prabhu,2026-08-03T14:37:00Z,2026-08-03,True,pharmaflow-main,SYNTHETIC_OPERATIONAL_RECORD
DISP-00348,RCPT-2026-10347,MED-0348,Rosuvastatin 10mg (Rosuvas 10) (Formula 348),BATCH-0020,OFL119,2026-09-10,CUST-0048,Deeps Sundaram,+91 8070887034,20,180.8,3616.0,PHARM-KA-2022-7212,Deepak R,2026-09-23T23:37:00Z,2026-09-23,True,pharmaflow-main,SYNTHETIC_OPERATIONAL_RECORD
DISP-00349,RCPT-2026-10348,MED-0349,Ciprofloxacin 500mg (Ciplox 500) (Formula 349),BATCH-0021,MON120,2026-09-13,CUST-0049,Suresh Pillai,+91 9775679047,15,104.0,1560.0,PHARM-HIST-0023,Raghavendra Rao,2026-07-21T10:37:00Z,2026-07-21,True,pharmaflow-main,SYNTHETIC_OPERATIONAL_RECORD
DISP-00350,RCPT-2026-10349,MED-0350,Ofloxacin + Ornidazole (O2) (Formula 350),BATCH-0022,IBU121,2026-08-30,CUST-0050,Lakshmi Bhat,+91 7041690501,5,161.2,806.0,PHARM-KA-2022-7212,Deepak R,2026-09-15T15:25:00Z,2026-09-15,True,pharmaflow-main,SYNTHETIC_OPERATIONAL_RECORD
DISP-00351,RCPT-2026-10350,MED-0351,Montelukast + Levocetirizine (Montair-LC) (Formula 351),BATCH-0023,ACE122,2026-08-29,CUST-0051,Vignesh Murthy,+91 9018126895,10,195.0,1950.0,PHARM-KA-2022-7212,Deepak R,2026-07-28T13:11:00Z,2026-07-28,True,pharmaflow-main,SYNTHETIC_OPERATIONAL_RECORD
DISP-00352,RCPT-2026-10351,MED-0352,Ibuprofen 400mg (Brufen 400) (Formula 352),BATCH-0024,VIL123,2026-09-17,CUST-0052,Anitha Kumar,+91 9996128115,30,38.2,1146.0,PHARM-KA-2022-7212,Deepak R,2026-09-21T01:45:00Z,2026-09-21,True,pharmaflow-main,SYNTHETIC_OPERATIONAL_RECORD
DISP-00353,RCPT-2026-10352,MED-0353,Aceclofenac + Paracetamol (Zerodol-P) (Formula 353),BATCH-0025,RAB124,2026-09-24,CUST-0053,Ramesh Iyer,+91 9919208698,30,98.4,2952.0,PHARM-KA-2022-7212,Deepak R,2026-09-23T15:30:00Z,2026-09-23,True,pharmaflow-main,SYNTHETIC_OPERATIONAL_RECORD
DISP-00354,RCPT-2026-10353,MED-0354,Vildagliptin + Metformin (Galvus Met) (Formula 354),BATCH-0026,COU125,2026-09-15,CUST-0054,Sangeetha Reddy,+91 9489991301,10,307.6,3076.0,PHARM-HIST-0003,Karthik Subramanian,2026-06-18T13:47:00Z,2026-06-18,True,pharmaflow-main,SYNTHETIC_OPERATIONAL_RECORD
DISP-00355,RCPT-2026-10354,MED-0355,Rabeprazole 20mg (Razo 20) (Formula 355),BATCH-0027,ORA126,2026-10-01,CUST-0055,Vijay Gowda,+91 9827690330,15,150.8,2262.0,PHARM-HIST-0004,Divya Menon,2026-08-28T00:03:00Z,2026-08-28,True,pharmaflow-main,SYNTHETIC_OPERATIONAL_RECORD
DISP-00356,RCPT-2026-10355,MED-0356,Cough Syrup (Ascoril-D) (Formula 356),BATCH-0028,MUL127,2026-09-27,CUST-0056,Sandhya Desai,+91 9617032877,15,126.0,1890.0,PHARM-HIST-0005,Rohan Mehta,2026-08-04T14:33:00Z,2026-08-04,True,pharmaflow-main,SYNTHETIC_OPERATIONAL_RECORD
DISP-00357,RCPT-2026-10356,MED-0357,Oral Rehydration Salts (Electral ORS) (Formula 357),BATCH-0029,THY128,2026-09-30,CUST-0057,Prashanth Shenoy,+91 7058592048,15,41.7,625.5,PHARM-KA-2022-7212,Deepak R,2026-10-02T09:37:00Z,2026-10-02,True,pharmaflow-main,SYNTHETIC_OPERATIONAL_RECORD
DISP-00358,RCPT-2026-10357,MED-0358,Multivitamin + Zinc (Becadexamin) (Formula 358),BATCH-0030,CLO129,2026-09-02,CUST-0058,Swetha Krishnan,+91 9671477426,30,52.0,1560.0,PHARM-HIST-0007,Venkatesh Iyer,2026-08-11T20:28:00Z,2026-08-11,True,pharmaflow-main,SYNTHETIC_OPERATIONAL_RECORD
DISP-00359,RCPT-2026-10358,MED-0359,Thyroxine Sodium 50mcg (Thyronorm 50) (Formula 359),BATCH-0031,PAR130,2026-10-15,CUST-0059,Rajesh Sharma,+91 9775802771,30,158.2,4746.0,PHARM-HIST-0008,Pooja Hegde,2026-06-24T08:30:00Z,2026-06-24,True,pharmaflow-main,SYNTHETIC_OPERATIONAL_RECORD
DISP-00360,RCPT-2026-10359,MED-0360,Clopidogrel 75mg (Clopilet 75) (Formula 360),BATCH-0032,PAR131,2026-10-13,CUST-0060,Nandini Rao,+91 9726937148,15,168.4,2526.0,PHARM-HIST-0009,Sanjay Nambiar,2026-07-13T18:03:00Z,2026-07-13,True,pharmaflow-main,SYNTHETIC_OPERATIONAL_RECORD
DISP-00361,RCPT-2026-10360,MED-0361,Paracetamol 500mg (Formula 361),BATCH-0033,VIT132,2026-10-15,CUST-0061,Rahul Menon,+91 8023311507,5,39.6,198.0,PHARM-HIST-0010,Meera Krishnan,2026-08-11T16:37:00Z,2026-08-11,True,pharmaflow-main,SYNTHETIC_OPERATIONAL_RECORD
DISP-00362,RCPT-2026-10361,MED-0362,Paracetamol 650mg (Dolo 650) (Formula 362),BATCH-0034,AMO133,2026-10-14,CUST-0062,Priya Verma,+91 9965541117,5,50.8,254.0,PHARM-KA-2022-7212,Deepak R,2026-09-13T21:55:00Z,2026-09-13,True,pharmaflow-main,SYNTHETIC_OPERATIONAL_RECORD
DISP-00363,RCPT-2026-10362,MED-0363,Vitamin D3 60K (Calcirol) (Formula 363),BATCH-0035,AMO134,2026-10-12,CUST-0063,Arun Hegde,+91 9099269266,5,96.0,480.0,PHARM-HIST-0012,Swati Deshmukh,2026-08-19T06:42:00Z,2026-08-19,True,pharmaflow-main,SYNTHETIC_OPERATIONAL_RECORD
DISP-00364,RCPT-2026-10363,MED-0364,Amoxicillin 500mg (Novamox) (Formula 364),BATCH-0036,CET135,2026-10-18,CUST-0064,Kavya Gupta,+91 9722513132,5,134.2,671.0,PHARM-KA-2022-7212,Deepak R,2026-09-25T06:43:00Z,2026-09-25,True,pharmaflow-main,SYNTHETIC_OPERATIONAL_RECORD
DISP-00365,RCPT-2026-10364,MED-0365,Amoxicillin + Clavulanic Acid 625mg (Augmentin) (Formula 365),BATCH-0037,LEV136,2026-10-11,CUST-0065,Meena Joshi,+91 9099927658,10,205.0,2050.0,PHARM-HIST-0014,Shalini Verma,2026-07-11T07:29:00Z,2026-07-11,True,pharmaflow-main,SYNTHETIC_OPERATIONAL_RECORD
DISP-00366,RCPT-2026-10365,MED-0366,Cetirizine 10mg (Cetzine) (Formula 366),BATCH-0038,AZI137,2026-10-15,CUST-0066,Deepak Nair,+91 9657197152,5,45.2,226.0,PHARM-HIST-0015,Gautam Pillai,2026-06-19T05:27:00Z,2026-06-19,True,pharmaflow-main,SYNTHETIC_OPERATIONAL_RECORD
DISP-00367,RCPT-2026-10366,MED-0367,Levocetirizine 5mg (Levocet) (Formula 367),BATCH-0039,AZI138,2026-10-12,CUST-0067,Manish Patel,+91 9084660688,30,64.4,1932.0,PHARM-HIST-0016,Rashmi Nair,2026-08-31T22:17:00Z,2026-08-31,True,pharmaflow-main,SYNTHETIC_OPERATIONAL_RECORD
DISP-00368,RCPT-2026-10367,MED-0368,Azithromycin 250mg (Azee 250) (Formula 368),BATCH-0040,MET139,2026-10-13,CUST-0068,Deeps Sundaram,+91 9891737913,15,154.6,2319.0,PHARM-HIST-0017,Varun Shenoy,2026-06-11T07:30:00Z,2026-06-11,True,pharmaflow-main,SYNTHETIC_OPERATIONAL_RECORD
DISP-00369,RCPT-2026-10368,MED-0369,Azithromycin 500mg (Azithral 500) (Formula 369),BATCH-0041,MET140,2026-10-13,CUST-0069,Suresh Pillai,+91 9655610493,5,227.8,1139.0,PHARM-HIST-0018,Geetha Radhakrishnan,2026-08-15T21:13:00Z,2026-08-15,True,pharmaflow-main,SYNTHETIC_OPERATIONAL_RECORD
DISP-00370,RCPT-2026-10369,MED-0370,Metformin 500mg (Glycomet 500) (Formula 370),BATCH-0042,PAN141,2026-10-09,CUST-0070,Lakshmi Bhat,+91 9822315507,5,71.0,355.0,PHARM-HIST-0019,Manoj Patil,2026-09-01T05:56:00Z,2026-09-01,True,pharmaflow-main,SYNTHETIC_OPERATIONAL_RECORD
DISP-00371,RCPT-2026-10370,MED-0371,Metformin 1000mg SR (Glucophage) (Formula 371),BATCH-0043,PAN142,2026-10-14,CUST-0071,Vignesh Murthy,+91 9459667685,30,101.2,3036.0,PHARM-HIST-0020,Harini Sundaram,2026-06-19T04:07:00Z,2026-06-19,True,pharmaflow-main,SYNTHETIC_OPERATIONAL_RECORD
DISP-00372,RCPT-2026-10371,MED-0372,Pantoprazole 40mg (Pan 40) (Formula 372),BATCH-0044,OME143,2026-10-14,CUST-0072,Anitha Kumar,+91 9492924837,30,105.0,3150.0,PHARM-HIST-0021,Suresh Prabhu,2026-07-18T01:34:00Z,2026-07-18,True,pharmaflow-main,SYNTHETIC_OPERATIONAL_RECORD
DISP-00373,RCPT-2026-10372,MED-0373,Pantoprazole + Domperidone (Pan-D) (Formula 373),BATCH-0045,TEL144,2026-10-13,CUST-0073,Ramesh Iyer,+91 7065590800,15,181.2,2718.0,PHARM-HIST-0022,Deepa Namboodiri,2026-08-25T15:19:00Z,2026-08-25,True,pharmaflow-main,SYNTHETIC_OPERATIONAL_RECORD
DISP-00374,RCPT-2026-10373,MED-0374,Omeprazole 20mg (Omez) (Formula 374),BATCH-0046,TEL145,2026-10-09,CUST-0074,Sangeetha Reddy,+91 7080723898,30,81.4,2442.0,PHARM-HIST-0023,Raghavendra Rao,2026-08-06T17:18:00Z,2026-08-06,True,pharmaflow-main,SYNTHETIC_OPERATIONAL_RECORD
DISP-00375,RCPT-2026-10374,MED-0375,Telmisartan 40mg (Telma 40) (Formula 375),BATCH-0047,ATO146,2026-10-17,CUST-0075,Vijay Gowda,+91 9837437207,20,131.6,2632.0,PHARM-HIST-0024,Kavita Acharya,2026-06-22T18:32:00Z,2026-06-22,True,pharmaflow-main,SYNTHETIC_OPERATIONAL_RECORD
DISP-00376,RCPT-2026-10375,MED-0376,Telmisartan + Amlodipine (Telma-AM) (Formula 376),BATCH-0048,ROS147,2026-10-16,CUST-0076,Sandhya Desai,+91 9876757928,15,184.8,2772.0,PHARM-KA-2022-7212,Deepak R,2026-08-30T17:52:00Z,2026-08-30,True,pharmaflow-main,SYNTHETIC_OPERATIONAL_RECORD
DISP-00377,RCPT-2026-10376,MED-0377,Atorvastatin 10mg (Atorva 10) (Formula 377),BATCH-0049,CIP148,2026-10-11,CUST-0077,Prashanth Shenoy,+91 9977144075,20,154.0,3080.0,PHARM-KA-2022-7212,Deepak R,2026-09-17T03:46:00Z,2026-09-17,True,pharmaflow-main,SYNTHETIC_OPERATIONAL_RECORD
DISP-00378,RCPT-2026-10377,MED-0378,Rosuvastatin 10mg (Rosuvas 10) (Formula 378),BATCH-0050,OFL149,2026-10-12,CUST-0078,Swetha Krishnan,+91 9871707170,5,187.2,936.0,PHARM-HIST-0002,Sneha Rao,2026-08-22T02:11:00Z,2026-08-22,True,pharmaflow-main,SYNTHETIC_OPERATIONAL_RECORD
DISP-00379,RCPT-2026-10378,MED-0379,Ciprofloxacin 500mg (Ciplox 500) (Formula 379),BATCH-0051,MON150,2026-10-14,CUST-0079,Rajesh Sharma,+91 8048858073,20,88.0,1760.0,PHARM-KA-2022-7212,Deepak R,2026-09-20T00:42:00Z,2026-09-20,True,pharmaflow-main,SYNTHETIC_OPERATIONAL_RECORD
DISP-00380,RCPT-2026-10379,MED-0380,Ofloxacin + Ornidazole (O2) (Formula 380),BATCH-0052,IBU151,2026-10-10,CUST-0080,Nandini Rao,+91 9021828592,10,145.2,1452.0,PHARM-KA-2022-7212,Deepak R,2026-09-16T16:01:00Z,2026-09-16,True,pharmaflow-main,SYNTHETIC_OPERATIONAL_RECORD
DISP-00381,RCPT-2026-10380,MED-0381,Montelukast + Levocetirizine (Montair-LC) (Formula 381),BATCH-0053,ACE152,2026-10-10,CUST-0081,Rahul Menon,+91 8051644346,10,201.4,2014.0,PHARM-HIST-0005,Rohan Mehta,2026-07-08T18:42:00Z,2026-07-08,True,pharmaflow-main,SYNTHETIC_OPERATIONAL_RECORD
DISP-00382,RCPT-2026-10381,MED-0382,Ibuprofen 400mg (Brufen 400) (Formula 382),BATCH-0054,VIL153,2026-10-16,CUST-0082,Priya Verma,+91 9781216573,10,44.6,446.0,PHARM-KA-2022-7212,Deepak R,2026-09-15T13:16:00Z,2026-09-15,True,pharmaflow-main,SYNTHETIC_OPERATIONAL_RECORD
DISP-00383,RCPT-2026-10382,MED-0383,Aceclofenac + Paracetamol (Zerodol-P) (Formula 383),BATCH-0055,RAB154,2026-10-10,CUST-0083,Arun Hegde,+91 9444355473,5,104.8,524.0,PHARM-KA-2022-7212,Deepak R,2026-09-18T04:53:00Z,2026-09-18,True,pharmaflow-main,SYNTHETIC_OPERATIONAL_RECORD
DISP-00384,RCPT-2026-10383,MED-0384,Vildagliptin + Metformin (Galvus Met) (Formula 384),BATCH-0056,COU155,2026-10-11,CUST-0084,Kavya Gupta,+91 7072270726,20,314.0,6280.0,PHARM-HIST-0008,Pooja Hegde,2026-08-28T17:52:00Z,2026-08-28,True,pharmaflow-main,SYNTHETIC_OPERATIONAL_RECORD
DISP-00385,RCPT-2026-10384,MED-0385,Rabeprazole 20mg (Razo 20) (Formula 385),BATCH-0057,ORA156,2026-10-15,CUST-0085,Meena Joshi,+91 7019165226,10,157.2,1572.0,PHARM-HIST-0009,Sanjay Nambiar,2026-09-05T00:49:00Z,2026-09-05,True,pharmaflow-main,SYNTHETIC_OPERATIONAL_RECORD
DISP-00386,RCPT-2026-10385,MED-0386,Cough Syrup (Ascoril-D) (Formula 386),BATCH-0058,MUL157,2026-10-15,CUST-0086,Deepak Nair,+91 9751662236,15,110.0,1650.0,PHARM-HIST-0010,Meera Krishnan,2026-07-28T13:58:00Z,2026-07-28,True,pharmaflow-main,SYNTHETIC_OPERATIONAL_RECORD
DISP-00387,RCPT-2026-10386,MED-0387,Oral Rehydration Salts (Electral ORS) (Formula 387),BATCH-0059,THY158,2026-10-11,CUST-0087,Manish Patel,+91 9792545028,20,25.7,514.0,PHARM-HIST-0011,Aditya Kulkarni,2026-08-25T07:37:00Z,2026-08-25,True,pharmaflow-main,SYNTHETIC_OPERATIONAL_RECORD
DISP-00388,RCPT-2026-10387,MED-0388,Multivitamin + Zinc (Becadexamin) (Formula 388),BATCH-0060,CLO159,2026-10-11,CUST-0088,Deeps Sundaram,+91 9953154591,15,58.4,876.0,PHARM-HIST-0012,Swati Deshmukh,2026-07-31T06:26:00Z,2026-07-31,True,pharmaflow-main,SYNTHETIC_OPERATIONAL_RECORD
DISP-00389,RCPT-2026-10388,MED-0389,Thyroxine Sodium 50mcg (Thyronorm 50) (Formula 389),BATCH-0061,PAR160,2026-10-13,CUST-0089,Suresh Pillai,+91 9777719420,20,164.6,3292.0,PHARM-KA-2022-7212,Deepak R,2026-09-23T11:35:00Z,2026-09-23,True,pharmaflow-main,SYNTHETIC_OPERATIONAL_RECORD
DISP-00390,RCPT-2026-10389,MED-0390,Clopidogrel 75mg (Clopilet 75) (Formula 390),BATCH-0062,PAR161,2026-10-17,CUST-0090,Lakshmi Bhat,+91 9458841557,15,174.8,2622.0,PHARM-HIST-0014,Shalini Verma,2026-07-02T07:31:00Z,2026-07-02,True,pharmaflow-main,SYNTHETIC_OPERATIONAL_RECORD
DISP-00391,RCPT-2026-10390,MED-0391,Paracetamol 500mg (Formula 391),BATCH-0063,VIT162,2026-10-13,CUST-0091,Vignesh Murthy,+91 9018846539,30,46.0,1380.0,PHARM-KA-2022-7212,Deepak R,2026-09-19T11:13:00Z,2026-09-19,True,pharmaflow-main,SYNTHETIC_OPERATIONAL_RECORD
DISP-00392,RCPT-2026-10391,MED-0392,Paracetamol 650mg (Dolo 650) (Formula 392),BATCH-0064,AMO163,2026-10-12,CUST-0092,Anitha Kumar,+91 9020939011,15,57.2,858.0,PHARM-HIST-0016,Rashmi Nair,2026-08-05T01:19:00Z,2026-08-05,True,pharmaflow-main,SYNTHETIC_OPERATIONAL_RECORD
DISP-00393,RCPT-2026-10392,MED-0393,Vitamin D3 60K (Calcirol) (Formula 393),BATCH-0065,AMO164,2026-10-12,CUST-0093,Ramesh Iyer,+91 9751551377,30,80.0,2400.0,PHARM-HIST-0017,Varun Shenoy,2026-08-09T02:12:00Z,2026-08-09,True,pharmaflow-main,SYNTHETIC_OPERATIONAL_RECORD
DISP-00394,RCPT-2026-10393,MED-0394,Amoxicillin 500mg (Novamox) (Formula 394),BATCH-0066,CET165,2026-10-19,CUST-0094,Sangeetha Reddy,+91 9012446861,30,118.2,3546.0,PHARM-HIST-0018,Geetha Radhakrishnan,2026-07-15T07:09:00Z,2026-07-15,True,pharmaflow-main,SYNTHETIC_OPERATIONAL_RECORD
DISP-00395,RCPT-2026-10394,MED-0395,Amoxicillin + Clavulanic Acid 625mg (Augmentin) (Formula 395),BATCH-0067,LEV166,2026-10-30,CUST-0095,Vijay Gowda,+91 9928463709,5,211.4,1057.0,PHARM-HIST-0019,Manoj Patil,2026-07-06T21:39:00Z,2026-07-06,True,pharmaflow-main,SYNTHETIC_OPERATIONAL_RECORD
DISP-00396,RCPT-2026-10395,MED-0396,Cetirizine 10mg (Cetzine) (Formula 396),BATCH-0068,AZI167,2026-10-30,CUST-0096,Sandhya Desai,+91 9490161060,5,51.6,258.0,PHARM-HIST-0020,Harini Sundaram,2026-07-06T20:03:00Z,2026-07-06,True,pharmaflow-main,SYNTHETIC_OPERATIONAL_RECORD
DISP-00397,RCPT-2026-10396,MED-0397,Levocetirizine 5mg (Levocet) (Formula 397),BATCH-0069,AZI168,2026-10-31,CUST-0097,Prashanth Shenoy,+91 8058895439,5,70.8,354.0,PHARM-KA-2022-7212,Deepak R,2026-09-20T14:25:00Z,2026-09-20,True,pharmaflow-main,SYNTHETIC_OPERATIONAL_RECORD
DISP-00398,RCPT-2026-10397,MED-0398,Azithromycin 250mg (Azee 250) (Formula 398),BATCH-0070,MET169,2026-10-29,CUST-0098,Swetha Krishnan,+91 9951536077,30,161.0,4830.0,PHARM-HIST-0022,Deepa Namboodiri,2026-08-30T11:35:00Z,2026-08-30,True,pharmaflow-main,SYNTHETIC_OPERATIONAL_RECORD
DISP-00399,RCPT-2026-10398,MED-0399,Azithromycin 500mg (Azithral 500) (Formula 399),BATCH-0071,MET170,2026-10-27,CUST-0099,Rajesh Sharma,+91 8077498993,15,234.2,3513.0,PHARM-HIST-0023,Raghavendra Rao,2026-06-23T04:32:00Z,2026-06-23,True,pharmaflow-main,SYNTHETIC_OPERATIONAL_RECORD
DISP-00400,RCPT-2026-10399,MED-0400,Metformin 500mg (Glycomet 500) (Formula 400),BATCH-0072,PAN171,2026-11-04,CUST-0100,Nandini Rao,+91 7059823245,30,55.0,1650.0,PHARM-KA-2022-7212,Deepak R,2026-09-27T01:57:00Z,2026-09-27,True,pharmaflow-main,SYNTHETIC_OPERATIONAL_RECORD
DISP-00401,RCPT-2026-10400,MED-0401,Metformin 1000mg SR (Glucophage) (Formula 401),BATCH-0073,PAN172,2026-10-26,CUST-0101,Rahul Menon,+91 7078901038,30,85.2,2556.0,PHARM-KA-2022-7212,Deepak R,2026-07-18T05:23:00Z,2026-07-18,True,pharmaflow-main,SYNTHETIC_OPERATIONAL_RECORD
DISP-00402,RCPT-2026-10401,MED-0402,Pantoprazole 40mg (Pan 40) (Formula 402),BATCH-0074,OME173,2026-10-26,CUST-0102,Priya Verma,+91 8017148018,5,111.4,557.0,PHARM-KA-2022-7212,Deepak R,2026-09-10T03:48:00Z,2026-09-10,True,pharmaflow-main,SYNTHETIC_OPERATIONAL_RECORD
DISP-00403,RCPT-2026-10402,MED-0403,Pantoprazole + Domperidone (Pan-D) (Formula 403),BATCH-0075,TEL174,2026-10-26,CUST-0103,Arun Hegde,+91 9913783268,20,187.6,3752.0,PHARM-KA-2022-7212,Deepak R,2026-09-27T18:06:00Z,2026-09-27,True,pharmaflow-main,SYNTHETIC_OPERATIONAL_RECORD
DISP-00404,RCPT-2026-10403,MED-0404,Omeprazole 20mg (Omez) (Formula 404),BATCH-0076,TEL175,2026-10-31,CUST-0104,Kavya Gupta,+91 7028628439,30,87.8,2634.0,PHARM-HIST-0003,Karthik Subramanian,2026-07-13T14:55:00Z,2026-07-13,True,pharmaflow-main,SYNTHETIC_OPERATIONAL_RECORD
DISP-00405,RCPT-2026-10404,MED-0405,Telmisartan 40mg (Telma 40) (Formula 405),BATCH-0077,ATO176,2026-10-24,CUST-0105,Meena Joshi,+91 9638944689,15,138.0,2070.0,PHARM-HIST-0004,Divya Menon,2026-08-19T05:29:00Z,2026-08-19,True,pharmaflow-main,SYNTHETIC_OPERATIONAL_RECORD
DISP-00406,RCPT-2026-10405,MED-0406,Telmisartan + Amlodipine (Telma-AM) (Formula 406),BATCH-0078,ROS177,2026-10-30,CUST-0106,Deepak Nair,+91 9716408822,5,191.2,956.0,PHARM-HIST-0005,Rohan Mehta,2026-07-22T16:28:00Z,2026-07-22,True,pharmaflow-main,SYNTHETIC_OPERATIONAL_RECORD
DISP-00407,RCPT-2026-10406,MED-0407,Atorvastatin 10mg (Atorva 10) (Formula 407),BATCH-0079,CIP178,2026-11-06,CUST-0107,Manish Patel,+91 9894819556,20,138.0,2760.0,PHARM-HIST-0006,Ananya Sharma,2026-06-13T14:37:00Z,2026-06-13,True,pharmaflow-main,SYNTHETIC_OPERATIONAL_RECORD
DISP-00408,RCPT-2026-10407,MED-0408,Rosuvastatin 10mg (Rosuvas 10) (Formula 408),BATCH-0080,OFL179,2026-11-03,CUST-0108,Deeps Sundaram,+91 9042287985,20,171.2,3424.0,PHARM-KA-2022-7212,Deepak R,2026-09-19T13:06:00Z,2026-09-19,True,pharmaflow-main,SYNTHETIC_OPERATIONAL_RECORD
DISP-00409,RCPT-2026-10408,MED-0409,Ciprofloxacin 500mg (Ciplox 500) (Formula 409),BATCH-0081,MON180,2026-11-03,CUST-0109,Suresh Pillai,+91 9780606503,5,94.4,472.0,PHARM-HIST-0008,Pooja Hegde,2026-08-21T23:37:00Z,2026-08-21,True,pharmaflow-main,SYNTHETIC_OPERATIONAL_RECORD
DISP-00410,RCPT-2026-10409,MED-0410,Ofloxacin + Ornidazole (O2) (Formula 410),BATCH-0082,IBU181,2026-10-26,CUST-0110,Lakshmi Bhat,+91 8060103798,15,151.6,2274.0,PHARM-HIST-0009,Sanjay Nambiar,2026-09-02T00:38:00Z,2026-09-02,True,pharmaflow-main,SYNTHETIC_OPERATIONAL_RECORD
DISP-00411,RCPT-2026-10410,MED-0411,Montelukast + Levocetirizine (Montair-LC) (Formula 411),BATCH-0083,ACE182,2026-11-04,CUST-0111,Vignesh Murthy,+91 9788101741,10,207.8,2078.0,PHARM-HIST-0010,Meera Krishnan,2026-08-11T18:55:00Z,2026-08-11,True,pharmaflow-main,SYNTHETIC_OPERATIONAL_RECORD
DISP-00412,RCPT-2026-10411,MED-0412,Ibuprofen 400mg (Brufen 400) (Formula 412),BATCH-0084,VIL183,2026-11-07,CUST-0112,Anitha Kumar,+91 9096274567,20,51.0,1020.0,PHARM-HIST-0011,Aditya Kulkarni,2026-07-06T21:13:00Z,2026-07-06,True,pharmaflow-main,SYNTHETIC_OPERATIONAL_RECORD
DISP-00413,RCPT-2026-10412,MED-0413,Aceclofenac + Paracetamol (Zerodol-P) (Formula 413),BATCH-0085,RAB184,2026-10-29,CUST-0113,Ramesh Iyer,+91 9771428713,10,111.2,1112.0,PHARM-HIST-0012,Swati Deshmukh,2026-06-27T21:42:00Z,2026-06-27,True,pharmaflow-main,SYNTHETIC_OPERATIONAL_RECORD
DISP-00414,RCPT-2026-10413,MED-0414,Vildagliptin + Metformin (Galvus Met) (Formula 414),BATCH-0086,COU185,2026-10-29,CUST-0114,Sangeetha Reddy,+91 9679173614,20,298.0,5960.0,PHARM-HIST-0013,Nikhil Bhat,2026-06-26T12:03:00Z,2026-06-26,True,pharmaflow-main,SYNTHETIC_OPERATIONAL_RECORD
DISP-00415,RCPT-2026-10414,MED-0415,Rabeprazole 20mg (Razo 20) (Formula 415),BATCH-0087,ORA186,2026-11-06,CUST-0115,Vijay Gowda,+91 9016416148,30,141.2,4236.0,PHARM-HIST-0014,Shalini Verma,2026-07-06T22:52:00Z,2026-07-06,True,pharmaflow-main,SYNTHETIC_OPERATIONAL_RECORD
DISP-00416,RCPT-2026-10415,MED-0416,Cough Syrup (Ascoril-D) (Formula 416),BATCH-0088,MUL187,2026-11-04,CUST-0116,Sandhya Desai,+91 8069020451,10,116.4,1164.0,PHARM-HIST-0015,Gautam Pillai,2026-07-24T09:51:00Z,2026-07-24,True,pharmaflow-main,SYNTHETIC_OPERATIONAL_RECORD
DISP-00417,RCPT-2026-10416,MED-0417,Oral Rehydration Salts (Electral ORS) (Formula 417),BATCH-0089,THY188,2026-10-31,CUST-0117,Prashanth Shenoy,+91 9621087928,30,32.1,963.0,PHARM-HIST-0016,Rashmi Nair,2026-08-30T20:05:00Z,2026-08-30,True,pharmaflow-main,SYNTHETIC_OPERATIONAL_RECORD
DISP-00418,RCPT-2026-10417,MED-0418,Multivitamin + Zinc (Becadexamin) (Formula 418),BATCH-0090,CLO189,2026-10-28,CUST-0118,Swetha Krishnan,+91 9023770458,30,64.8,1944.0,PHARM-HIST-0017,Varun Shenoy,2026-08-27T09:01:00Z,2026-08-27,True,pharmaflow-main,SYNTHETIC_OPERATIONAL_RECORD
DISP-00419,RCPT-2026-10418,MED-0419,Thyroxine Sodium 50mcg (Thyronorm 50) (Formula 419),BATCH-0091,PAR190,2026-11-01,CUST-0119,Rajesh Sharma,+91 8032366682,5,171.0,855.0,PHARM-HIST-0018,Geetha Radhakrishnan,2026-07-03T23:55:00Z,2026-07-03,True,pharmaflow-main,SYNTHETIC_OPERATIONAL_RECORD
DISP-00420,RCPT-2026-10419,MED-0420,Clopidogrel 75mg (Clopilet 75) (Formula 420),BATCH-0092,PAR191,2026-10-29,CUST-0120,Nandini Rao,+91 8046850196,15,181.2,2718.0,PHARM-HIST-0019,Manoj Patil,2026-08-16T15:02:00Z,2026-08-16,True,pharmaflow-main,SYNTHETIC_OPERATIONAL_RECORD
DISP-00421,RCPT-2026-10420,MED-0421,Paracetamol 500mg (Formula 421),BATCH-0093,VIT192,2026-11-07,CUST-0121,Rahul Menon,+91 9414179623,20,30.0,600.0,PHARM-HIST-0020,Harini Sundaram,2026-08-16T06:25:00Z,2026-08-16,True,pharmaflow-main,SYNTHETIC_OPERATIONAL_RECORD
DISP-00422,RCPT-2026-10421,MED-0422,Paracetamol 650mg (Dolo 650) (Formula 422),BATCH-0094,AMO193,2026-10-31,CUST-0122,Priya Verma,+91 9058607028,10,41.2,412.0,PHARM-HIST-0021,Suresh Prabhu,2026-07-09T17:12:00Z,2026-07-09,True,pharmaflow-main,SYNTHETIC_OPERATIONAL_RECORD
DISP-00423,RCPT-2026-10422,MED-0423,Vitamin D3 60K (Calcirol) (Formula 423),BATCH-0095,AMO194,2026-10-28,CUST-0123,Arun Hegde,+91 9069584522,20,86.4,1728.0,PHARM-KA-2022-7212,Deepak R,2026-09-13T06:07:00Z,2026-09-13,True,pharmaflow-main,SYNTHETIC_OPERATIONAL_RECORD
DISP-00424,RCPT-2026-10423,MED-0424,Amoxicillin 500mg (Novamox) (Formula 424),BATCH-0096,CET195,2026-11-06,CUST-0124,Kavya Gupta,+91 9643502308,5,124.6,623.0,PHARM-HIST-0023,Raghavendra Rao,2026-08-31T18:29:00Z,2026-08-31,True,pharmaflow-main,SYNTHETIC_OPERATIONAL_RECORD
DISP-00425,RCPT-2026-10424,MED-0425,Amoxicillin + Clavulanic Acid 625mg (Augmentin) (Formula 425),BATCH-0097,LEV196,2026-11-06,CUST-0125,Meena Joshi,+91 9644935501,30,217.8,6534.0,PHARM-HIST-0024,Kavita Acharya,2026-06-25T02:07:00Z,2026-06-25,True,pharmaflow-main,SYNTHETIC_OPERATIONAL_RECORD
DISP-00426,RCPT-2026-10425,MED-0426,Cetirizine 10mg (Cetzine) (Formula 426),BATCH-0098,AZI197,2026-11-07,CUST-0126,Deepak Nair,+91 9728217159,20,58.0,1160.0,PHARM-KA-2022-7212,Deepak R,2026-08-30T20:25:00Z,2026-08-30,True,pharmaflow-main,SYNTHETIC_OPERATIONAL_RECORD
DISP-00427,RCPT-2026-10426,MED-0427,Levocetirizine 5mg (Levocet) (Formula 427),BATCH-0099,AZI198,2026-10-22,CUST-0127,Manish Patel,+91 9099635939,5,77.2,386.0,PHARM-KA-2022-7212,Deepak R,2026-09-10T11:10:00Z,2026-09-10,True,pharmaflow-main,SYNTHETIC_OPERATIONAL_RECORD
DISP-00428,RCPT-2026-10427,MED-0428,Azithromycin 250mg (Azee 250) (Formula 428),BATCH-0100,MET199,2026-10-21,CUST-0128,Deeps Sundaram,+91 9458518659,20,145.0,2900.0,PHARM-KA-2022-7212,Deepak R,2026-09-19T03:41:00Z,2026-09-19,True,pharmaflow-main,SYNTHETIC_OPERATIONAL_RECORD
DISP-00429,RCPT-2026-10428,MED-0429,Azithromycin 500mg (Azithral 500) (Formula 429),BATCH-0101,MET200,2026-10-24,CUST-0129,Suresh Pillai,+91 9858438711,15,218.2,3273.0,PHARM-KA-2022-7212,Deepak R,2026-09-22T15:18:00Z,2026-09-22,True,pharmaflow-main,SYNTHETIC_OPERATIONAL_RECORD
DISP-00430,RCPT-2026-10429,MED-0430,Metformin 500mg (Glycomet 500) (Formula 430),BATCH-0102,PAN201,2026-11-02,CUST-0130,Lakshmi Bhat,+91 9751512297,10,61.4,614.0,PHARM-HIST-0004,Divya Menon,2026-08-16T06:29:00Z,2026-08-16,True,pharmaflow-main,SYNTHETIC_OPERATIONAL_RECORD
DISP-00431,RCPT-2026-10430,MED-0431,Metformin 1000mg SR (Glucophage) (Formula 431),BATCH-0103,PAN202,2026-10-26,CUST-0131,Vignesh Murthy,+91 9726821075,15,91.6,1374.0,PHARM-KA-2022-7212,Deepak R,2026-10-05T08:12:00Z,2026-10-05,True,pharmaflow-main,SYNTHETIC_OPERATIONAL_RECORD
DISP-00432,RCPT-2026-10431,MED-0432,Pantoprazole 40mg (Pan 40) (Formula 432),BATCH-0104,OME203,2026-10-27,CUST-0132,Anitha Kumar,+91 9483994695,15,117.8,1767.0,PHARM-HIST-0006,Ananya Sharma,2026-08-06T09:22:00Z,2026-08-06,True,pharmaflow-main,SYNTHETIC_OPERATIONAL_RECORD
DISP-00433,RCPT-2026-10432,MED-0433,Pantoprazole + Domperidone (Pan-D) (Formula 433),BATCH-0105,TEL204,2026-10-20,CUST-0133,Ramesh Iyer,+91 9779538491,20,194.0,3880.0,PHARM-HIST-0007,Venkatesh Iyer,2026-07-25T20:24:00Z,2026-07-25,True,pharmaflow-main,SYNTHETIC_OPERATIONAL_RECORD
DISP-00434,RCPT-2026-10433,MED-0434,Omeprazole 20mg (Omez) (Formula 434),BATCH-0106,TEL205,2026-11-01,CUST-0134,Sangeetha Reddy,+91 9620584397,20,94.2,1884.0,PHARM-HIST-0008,Pooja Hegde,2026-06-19T03:20:00Z,2026-06-19,True,pharmaflow-main,SYNTHETIC_OPERATIONAL_RECORD
DISP-00435,RCPT-2026-10434,MED-0435,Telmisartan 40mg (Telma 40) (Formula 435),BATCH-0107,ATO206,2026-10-31,CUST-0135,Vijay Gowda,+91 9777454225,30,122.0,3660.0,PHARM-HIST-0009,Sanjay Nambiar,2026-07-12T08:37:00Z,2026-07-12,True,pharmaflow-main,SYNTHETIC_OPERATIONAL_RECORD
DISP-00436,RCPT-2026-10435,MED-0436,Telmisartan + Amlodipine (Telma-AM) (Formula 436),BATCH-0108,ROS207,2026-10-22,CUST-0136,Sandhya Desai,+91 9820901547,15,175.2,2628.0,PHARM-HIST-0010,Meera Krishnan,2026-07-06T17:59:00Z,2026-07-06,True,pharmaflow-main,SYNTHETIC_OPERATIONAL_RECORD
DISP-00437,RCPT-2026-10436,MED-0437,Atorvastatin 10mg (Atorva 10) (Formula 437),BATCH-0109,CIP208,2026-11-06,CUST-0137,Prashanth Shenoy,+91 9876845536,10,144.4,1444.0,PHARM-KA-2022-7212,Deepak R,2026-09-17T17:57:00Z,2026-09-17,True,pharmaflow-main,SYNTHETIC_OPERATIONAL_RECORD
DISP-00438,RCPT-2026-10437,MED-0438,Rosuvastatin 10mg (Rosuvas 10) (Formula 438),BATCH-0110,OFL209,2026-10-26,CUST-0138,Swetha Krishnan,+91 8049920898,10,177.6,1776.0,PHARM-HIST-0012,Swati Deshmukh,2026-08-28T21:04:00Z,2026-08-28,True,pharmaflow-main,SYNTHETIC_OPERATIONAL_RECORD
DISP-00439,RCPT-2026-10438,MED-0439,Ciprofloxacin 500mg (Ciplox 500) (Formula 439),BATCH-0111,MON210,2026-10-20,CUST-0139,Rajesh Sharma,+91 7037383505,15,100.8,1512.0,PHARM-HIST-0013,Nikhil Bhat,2026-08-24T06:57:00Z,2026-08-24,True,pharmaflow-main,SYNTHETIC_OPERATIONAL_RECORD
DISP-00440,RCPT-2026-10439,MED-0440,Ofloxacin + Ornidazole (O2) (Formula 440),BATCH-0112,IBU211,2026-10-27,CUST-0140,Nandini Rao,+91 9459733063,15,158.0,2370.0,PHARM-HIST-0014,Shalini Verma,2026-08-22T22:20:00Z,2026-08-22,True,pharmaflow-main,SYNTHETIC_OPERATIONAL_RECORD
DISP-00441,RCPT-2026-10440,MED-0441,Montelukast + Levocetirizine (Montair-LC) (Formula 441),BATCH-0113,ACE212,2026-10-24,CUST-0141,Rahul Menon,+91 9670343755,30,214.2,6426.0,PHARM-KA-2022-7212,Deepak R,2026-10-02T02:42:00Z,2026-10-02,True,pharmaflow-main,SYNTHETIC_OPERATIONAL_RECORD
DISP-00442,RCPT-2026-10441,MED-0442,Ibuprofen 400mg (Brufen 400) (Formula 442),BATCH-0114,VIL213,2026-11-05,CUST-0142,Priya Verma,+91 8043322272,10,35.0,350.0,PHARM-HIST-0016,Rashmi Nair,2026-07-19T09:28:00Z,2026-07-19,True,pharmaflow-main,SYNTHETIC_OPERATIONAL_RECORD
DISP-00443,RCPT-2026-10442,MED-0443,Aceclofenac + Paracetamol (Zerodol-P) (Formula 443),BATCH-0115,RAB214,2026-11-07,CUST-0143,Arun Hegde,+91 7079085198,5,95.2,476.0,PHARM-HIST-0017,Varun Shenoy,2026-07-01T15:49:00Z,2026-07-01,True,pharmaflow-main,SYNTHETIC_OPERATIONAL_RECORD
DISP-00444,RCPT-2026-10443,MED-0444,Vildagliptin + Metformin (Galvus Met) (Formula 444),BATCH-0116,COU215,2026-11-01,CUST-0144,Kavya Gupta,+91 7042310051,15,304.4,4566.0,PHARM-HIST-0018,Geetha Radhakrishnan,2026-07-24T06:26:00Z,2026-07-24,True,pharmaflow-main,SYNTHETIC_OPERATIONAL_RECORD
DISP-00445,RCPT-2026-10444,MED-0445,Rabeprazole 20mg (Razo 20) (Formula 445),BATCH-0117,ORA216,2026-10-24,CUST-0145,Meena Joshi,+91 7048352498,15,147.6,2214.0,PHARM-HIST-0019,Manoj Patil,2026-06-19T01:08:00Z,2026-06-19,True,pharmaflow-main,SYNTHETIC_OPERATIONAL_RECORD
DISP-00446,RCPT-2026-10445,MED-0446,Cough Syrup (Ascoril-D) (Formula 446),BATCH-0118,MUL217,2026-10-25,CUST-0146,Deepak Nair,+91 9064123845,15,122.8,1842.0,PHARM-HIST-0020,Harini Sundaram,2026-09-03T14:16:00Z,2026-09-03,True,pharmaflow-main,SYNTHETIC_OPERATIONAL_RECORD
DISP-00447,RCPT-2026-10446,MED-0447,Oral Rehydration Salts (Electral ORS) (Formula 447),BATCH-0119,THY218,2026-11-05,CUST-0147,Manish Patel,+91 9619869264,15,38.5,577.5,PHARM-KA-2022-7212,Deepak R,2026-09-25T18:23:00Z,2026-09-25,True,pharmaflow-main,SYNTHETIC_OPERATIONAL_RECORD
DISP-00448,RCPT-2026-10447,MED-0448,Multivitamin + Zinc (Becadexamin) (Formula 448),BATCH-0120,CLO219,2026-10-28,CUST-0148,Deeps Sundaram,+91 9727268907,10,71.2,712.0,PHARM-HIST-0022,Deepa Namboodiri,2026-06-25T08:00:00Z,2026-06-25,True,pharmaflow-main,SYNTHETIC_OPERATIONAL_RECORD
DISP-00449,RCPT-2026-10448,MED-0449,Thyroxine Sodium 50mcg (Thyronorm 50) (Formula 449),BATCH-0121,PAR220,2026-12-28,CUST-0149,Suresh Pillai,+91 8077119320,20,155.0,3100.0,PHARM-HIST-0023,Raghavendra Rao,2026-08-03T02:37:00Z,2026-08-03,True,pharmaflow-main,SYNTHETIC_OPERATIONAL_RECORD
DISP-00450,RCPT-2026-10449,MED-0450,Clopidogrel 75mg (Clopilet 75) (Formula 450),BATCH-0122,PAR221,2027-04-14,CUST-0150,Lakshmi Bhat,+91 7029990477,10,165.2,1652.0,PHARM-HIST-0024,Kavita Acharya,2026-08-17T01:02:00Z,2026-08-17,True,pharmaflow-main,SYNTHETIC_OPERATIONAL_RECORD
DISP-00451,RCPT-2026-10450,MED-0451,Paracetamol 500mg (Formula 451),BATCH-0123,VIT222,2028-01-19,CUST-0001,Rahul Kumar,+91 98450 48123,30,36.4,1092.0,PHARM-KA-2022-7212,Deepak R,2026-09-25T05:51:00Z,2026-09-25,True,pharmaflow-main,SYNTHETIC_OPERATIONAL_RECORD
DISP-00452,RCPT-2026-10451,MED-0452,Paracetamol 650mg (Dolo 650) (Formula 452),BATCH-0124,AMO223,2028-03-13,CUST-0002,Priya Sharma,+91 97312 90342,30,47.6,1428.0,PHARM-KA-2022-7212,Deepak R,2026-09-10T05:10:00Z,2026-09-10,True,pharmaflow-main,SYNTHETIC_OPERATIONAL_RECORD
DISP-00453,RCPT-2026-10452,MED-0453,Vitamin D3 60K (Calcirol) (Formula 453),BATCH-0125,AMO224,2027-06-07,CUST-0003,Arun Kumar,+91 94480 77109,30,92.8,2784.0,PHARM-HIST-0002,Sneha Rao,2026-07-21T13:07:00Z,2026-07-21,True,pharmaflow-main,SYNTHETIC_OPERATIONAL_RECORD
DISP-00454,RCPT-2026-10453,MED-0454,Amoxicillin 500mg (Novamox) (Formula 454),BATCH-0126,CET225,2027-01-30,CUST-0004,Kavya S,+91 99001 22584,30,131.0,3930.0,PHARM-HIST-0003,Karthik Subramanian,2026-06-21T18:15:00Z,2026-06-21,True,pharmaflow-main,SYNTHETIC_OPERATIONAL_RECORD
DISP-00455,RCPT-2026-10454,MED-0455,Amoxicillin + Clavulanic Acid 625mg (Augmentin) (Formula 455),BATCH-0127,LEV226,2027-09-19,CUST-0005,Meena Devi,+91 96114 64190,20,224.2,4484.0,PHARM-HIST-0004,Divya Menon,2026-07-11T08:34:00Z,2026-07-11,True,pharmaflow-main,SYNTHETIC_OPERATIONAL_RECORD
DISP-00456,RCPT-2026-10455,MED-0456,Cetirizine 10mg (Cetzine) (Formula 456),BATCH-0128,AZI227,2027-08-06,CUST-0006,Deepak,+91 93845 99028,10,42.0,420.0,PHARM-HIST-0005,Rohan Mehta,2026-06-13T09:53:00Z,2026-06-13,True,pharmaflow-main,SYNTHETIC_OPERATIONAL_RECORD
DISP-00457,RCPT-2026-10456,MED-0457,Levocetirizine 5mg (Levocet) (Formula 457),BATCH-0129,AZI228,2027-12-09,CUST-0007,Manish,+91 90802 04902,15,61.2,918.0,PHARM-HIST-0006,Ananya Sharma,2026-06-12T11:30:00Z,2026-06-12,True,pharmaflow-main,SYNTHETIC_OPERATIONAL_RECORD
DISP-00458,RCPT-2026-10457,MED-0458,Azithromycin 250mg (Azee 250) (Formula 458),BATCH-0130,MET229,2027-11-21,CUST-0008,Deeps,+91 80988 51999,10,151.4,1514.0,PHARM-HIST-0007,Venkatesh Iyer,2026-08-29T13:37:00Z,2026-08-29,True,pharmaflow-main,SYNTHETIC_OPERATIONAL_RECORD
DISP-00459,RCPT-2026-10458,MED-0459,Azithromycin 500mg (Azithral 500) (Formula 459),BATCH-0131,MET230,2027-08-04,CUST-0009,Suresh Pillai,+91 9445652586,30,224.6,6738.0,PHARM-HIST-0008,Pooja Hegde,2026-06-25T21:04:00Z,2026-06-25,True,pharmaflow-main,SYNTHETIC_OPERATIONAL_RECORD
DISP-00460,RCPT-2026-10459,MED-0460,Metformin 500mg (Glycomet 500) (Formula 460),BATCH-0132,PAN231,2027-06-27,CUST-0010,Lakshmi Bhat,+91 9668942178,15,67.8,1017.0,PHARM-HIST-0009,Sanjay Nambiar,2026-08-03T01:49:00Z,2026-08-03,True,pharmaflow-main,SYNTHETIC_OPERATIONAL_RECORD
DISP-00461,RCPT-2026-10460,MED-0461,Metformin 1000mg SR (Glucophage) (Formula 461),BATCH-0133,PAN232,2027-04-11,CUST-0011,Vignesh Murthy,+91 7068755000,5,98.0,490.0,PHARM-KA-2022-7212,Deepak R,2026-10-04T12:08:00Z,2026-10-04,True,pharmaflow-main,SYNTHETIC_OPERATIONAL_RECORD
DISP-00462,RCPT-2026-10461,MED-0462,Pantoprazole 40mg (Pan 40) (Formula 462),BATCH-0134,OME233,2027-02-03,CUST-0012,Anitha Kumar,+91 9822257687,10,124.2,1242.0,PHARM-KA-2022-7212,Deepak R,2026-09-10T07:06:00Z,2026-09-10,True,pharmaflow-main,SYNTHETIC_OPERATIONAL_RECORD
DISP-00463,RCPT-2026-10462,MED-0463,Pantoprazole + Domperidone (Pan-D) (Formula 463),BATCH-0135,TEL234,2028-01-05,CUST-0013,Ramesh Iyer,+91 9473149551,10,178.0,1780.0,PHARM-HIST-0012,Swati Deshmukh,2026-07-12T04:41:00Z,2026-07-12,True,pharmaflow-main,SYNTHETIC_OPERATIONAL_RECORD
DISP-00464,RCPT-2026-10463,MED-0464,Omeprazole 20mg (Omez) (Formula 464),BATCH-0136,TEL235,2027-12-09,CUST-0014,Sangeetha Reddy,+91 7022246348,20,78.2,1564.0,PHARM-KA-2022-7212,Deepak R,2026-09-12T07:55:00Z,2026-09-12,True,pharmaflow-main,SYNTHETIC_OPERATIONAL_RECORD
DISP-00465,RCPT-2026-10464,MED-0465,Telmisartan 40mg (Telma 40) (Formula 465),BATCH-0137,ATO236,2028-03-08,CUST-0015,Vijay Gowda,+91 9065250068,5,128.4,642.0,PHARM-HIST-0014,Shalini Verma,2026-07-12T08:56:00Z,2026-07-12,True,pharmaflow-main,SYNTHETIC_OPERATIONAL_RECORD
DISP-00466,RCPT-2026-10465,MED-0466,Telmisartan + Amlodipine (Telma-AM) (Formula 466),BATCH-0138,ROS237,2027-09-10,CUST-0016,Sandhya Desai,+91 7021819185,20,181.6,3632.0,PHARM-HIST-0015,Gautam Pillai,2026-06-30T20:12:00Z,2026-06-30,True,pharmaflow-main,SYNTHETIC_OPERATIONAL_RECORD
DISP-00467,RCPT-2026-10466,MED-0467,Atorvastatin 10mg (Atorva 10) (Formula 467),BATCH-0139,CIP238,2026-12-13,CUST-0017,Prashanth Shenoy,+91 7065465150,5,150.8,754.0,PHARM-KA-2022-7212,Deepak R,2026-10-03T05:54:00Z,2026-10-03,True,pharmaflow-main,SYNTHETIC_OPERATIONAL_RECORD
DISP-00468,RCPT-2026-10467,MED-0468,Rosuvastatin 10mg (Rosuvas 10) (Formula 468),BATCH-0140,OFL239,2027-04-07,CUST-0018,Swetha Krishnan,+91 9945843681,30,184.0,5520.0,PHARM-HIST-0017,Varun Shenoy,2026-06-28T14:28:00Z,2026-06-28,True,pharmaflow-main,SYNTHETIC_OPERATIONAL_RECORD
DISP-00469,RCPT-2026-10468,MED-0469,Ciprofloxacin 500mg (Ciplox 500) (Formula 469),BATCH-0141,MON240,2027-05-04,CUST-0019,Rajesh Sharma,+91 9931257157,15,107.2,1608.0,PHARM-KA-2022-7212,Deepak R,2026-09-30T20:53:00Z,2026-09-30,True,pharmaflow-main,SYNTHETIC_OPERATIONAL_RECORD
DISP-00470,RCPT-2026-10469,MED-0470,Ofloxacin + Ornidazole (O2) (Formula 470),BATCH-0142,IBU241,2027-03-17,CUST-0020,Nandini Rao,+91 9771934487,5,142.0,710.0,PHARM-KA-2022-7212,Deepak R,2026-10-03T09:41:00Z,2026-10-03,True,pharmaflow-main,SYNTHETIC_OPERATIONAL_RECORD
DISP-00471,RCPT-2026-10470,MED-0471,Montelukast + Levocetirizine (Montair-LC) (Formula 471),BATCH-0143,ACE242,2028-01-27,CUST-0021,Rahul Menon,+91 9665766169,5,198.2,991.0,PHARM-HIST-0020,Harini Sundaram,2026-07-04T08:10:00Z,2026-07-04,True,pharmaflow-main,SYNTHETIC_OPERATIONAL_RECORD
DISP-00472,RCPT-2026-10471,MED-0472,Ibuprofen 400mg (Brufen 400) (Formula 472),BATCH-0144,VIL243,2027-04-08,CUST-0022,Priya Verma,+91 8035583290,30,41.4,1242.0,PHARM-HIST-0021,Suresh Prabhu,2026-06-12T16:47:00Z,2026-06-12,True,pharmaflow-main,SYNTHETIC_OPERATIONAL_RECORD
DISP-00473,RCPT-2026-10472,MED-0473,Aceclofenac + Paracetamol (Zerodol-P) (Formula 473),BATCH-0145,RAB244,2027-01-15,CUST-0023,Arun Hegde,+91 9610344303,15,101.6,1524.0,PHARM-HIST-0022,Deepa Namboodiri,2026-06-15T05:49:00Z,2026-06-15,True,pharmaflow-main,SYNTHETIC_OPERATIONAL_RECORD
DISP-00474,RCPT-2026-10473,MED-0474,Vildagliptin + Metformin (Galvus Met) (Formula 474),BATCH-0146,COU245,2027-12-19,CUST-0024,Kavya Gupta,+91 7056321751,15,310.8,4662.0,PHARM-KA-2022-7212,Deepak R,2026-10-05T09:51:00Z,2026-10-05,True,pharmaflow-main,SYNTHETIC_OPERATIONAL_RECORD
DISP-00475,RCPT-2026-10474,MED-0475,Rabeprazole 20mg (Razo 20) (Formula 475),BATCH-0147,ORA246,2028-04-23,CUST-0025,Meena Joshi,+91 9986745380,10,154.0,1540.0,PHARM-HIST-0024,Kavita Acharya,2026-07-26T00:38:00Z,2026-07-26,True,pharmaflow-main,SYNTHETIC_OPERATIONAL_RECORD
DISP-00476,RCPT-2026-10475,MED-0476,Cough Syrup (Ascoril-D) (Formula 476),BATCH-0148,MUL247,2028-04-26,CUST-0026,Deepak Nair,+91 8061818612,30,129.2,3876.0,PHARM-KA-2022-7212,Deepak R,2026-06-20T19:11:00Z,2026-06-20,True,pharmaflow-main,SYNTHETIC_OPERATIONAL_RECORD
DISP-00477,RCPT-2026-10476,MED-0477,Oral Rehydration Salts (Electral ORS) (Formula 477),BATCH-0149,THY248,2027-04-10,CUST-0027,Manish Patel,+91 9023470708,5,22.5,112.5,PHARM-HIST-0001,Aravind Swaminathan,2026-09-07T19:24:00Z,2026-09-07,True,pharmaflow-main,SYNTHETIC_OPERATIONAL_RECORD
DISP-00478,RCPT-2026-10477,MED-0478,Multivitamin + Zinc (Becadexamin) (Formula 478),BATCH-0150,CLO249,2027-02-24,CUST-0028,Deeps Sundaram,+91 9465026398,5,55.2,276.0,PHARM-KA-2022-7212,Deepak R,2026-09-25T17:12:00Z,2026-09-25,True,pharmaflow-main,SYNTHETIC_OPERATIONAL_RECORD
DISP-00479,RCPT-2026-10478,MED-0479,Thyroxine Sodium 50mcg (Thyronorm 50) (Formula 479),BATCH-0151,PAR250,2027-08-27,CUST-0029,Suresh Pillai,+91 8097219599,10,161.4,1614.0,PHARM-HIST-0003,Karthik Subramanian,2026-08-02T05:15:00Z,2026-08-02,True,pharmaflow-main,SYNTHETIC_OPERATIONAL_RECORD
DISP-00480,RCPT-2026-10479,MED-0480,Clopidogrel 75mg (Clopilet 75) (Formula 480),BATCH-0152,PAR251,2027-08-05,CUST-0030,Lakshmi Bhat,+91 9741510328,30,171.6,5148.0,PHARM-HIST-0004,Divya Menon,2026-09-02T06:03:00Z,2026-09-02,True,pharmaflow-main,SYNTHETIC_OPERATIONAL_RECORD
DISP-00481,RCPT-2026-10480,MED-0481,Paracetamol 500mg (Formula 481),BATCH-0153,VIT252,2028-03-06,CUST-0031,Vignesh Murthy,+91 9769549527,10,42.8,428.0,PHARM-KA-2022-7212,Deepak R,2026-10-07T12:54:00Z,2026-10-07,True,pharmaflow-main,SYNTHETIC_OPERATIONAL_RECORD
DISP-00482,RCPT-2026-10481,MED-0482,Paracetamol 650mg (Dolo 650) (Formula 482),BATCH-0154,AMO253,2027-12-25,CUST-0032,Anitha Kumar,+91 9658112135,20,54.0,1080.0,PHARM-HIST-0006,Ananya Sharma,2026-06-12T19:06:00Z,2026-06-12,True,pharmaflow-main,SYNTHETIC_OPERATIONAL_RECORD
DISP-00483,RCPT-2026-10482,MED-0483,Vitamin D3 60K (Calcirol) (Formula 483),BATCH-0155,AMO254,2026-12-17,CUST-0033,Ramesh Iyer,+91 9432814819,10,99.2,992.0,PHARM-HIST-0007,Venkatesh Iyer,2026-08-22T13:23:00Z,2026-08-22,True,pharmaflow-main,SYNTHETIC_OPERATIONAL_RECORD
DISP-00484,RCPT-2026-10483,MED-0484,Amoxicillin 500mg (Novamox) (Formula 484),BATCH-0156,CET255,2027-07-09,CUST-0034,Sangeetha Reddy,+91 9441163805,10,115.0,1150.0,PHARM-HIST-0008,Pooja Hegde,2026-08-12T14:54:00Z,2026-08-12,True,pharmaflow-main,SYNTHETIC_OPERATIONAL_RECORD
DISP-00485,RCPT-2026-10484,MED-0485,Amoxicillin + Clavulanic Acid 625mg (Augmentin) (Formula 485),BATCH-0157,LEV256,2027-08-10,CUST-0035,Vijay Gowda,+91 9683363160,20,208.2,4164.0,PHARM-HIST-0009,Sanjay Nambiar,2026-06-24T00:36:00Z,2026-06-24,True,pharmaflow-main,SYNTHETIC_OPERATIONAL_RECORD
DISP-00486,RCPT-2026-10485,MED-0486,Cetirizine 10mg (Cetzine) (Formula 486),BATCH-0158,AZI257,2027-09-14,CUST-0036,Sandhya Desai,+91 9671315464,20,48.4,968.0,PHARM-KA-2022-7212,Deepak R,2026-09-10T19:46:00Z,2026-09-10,True,pharmaflow-main,SYNTHETIC_OPERATIONAL_RECORD
DISP-00487,RCPT-2026-10486,MED-0487,Levocetirizine 5mg (Levocet) (Formula 487),BATCH-0159,AZI258,2027-02-16,CUST-0037,Prashanth Shenoy,+91 8086762164,20,67.6,1352.0,PHARM-KA-2022-7212,Deepak R,2026-09-24T01:53:00Z,2026-09-24,True,pharmaflow-main,SYNTHETIC_OPERATIONAL_RECORD
DISP-00488,RCPT-2026-10487,MED-0488,Azithromycin 250mg (Azee 250) (Formula 488),BATCH-0160,MET259,2028-02-04,CUST-0038,Swetha Krishnan,+91 8046840133,20,157.8,3156.0,PHARM-KA-2022-7212,Deepak R,2026-09-23T19:52:00Z,2026-09-23,True,pharmaflow-main,SYNTHETIC_OPERATIONAL_RECORD
DISP-00489,RCPT-2026-10488,MED-0489,Azithromycin 500mg (Azithral 500) (Formula 489),BATCH-0161,MET260,2027-02-07,CUST-0039,Rajesh Sharma,+91 9039394291,15,231.0,3465.0,PHARM-HIST-0013,Nikhil Bhat,2026-07-03T00:15:00Z,2026-07-03,True,pharmaflow-main,SYNTHETIC_OPERATIONAL_RECORD
DISP-00490,RCPT-2026-10489,MED-0490,Metformin 500mg (Glycomet 500) (Formula 490),BATCH-0162,PAN261,2027-12-29,CUST-0040,Nandini Rao,+91 9851464269,5,74.2,371.0,PHARM-HIST-0014,Shalini Verma,2026-07-28T12:58:00Z,2026-07-28,True,pharmaflow-main,SYNTHETIC_OPERATIONAL_RECORD
DISP-00491,RCPT-2026-10490,MED-0491,Metformin 1000mg SR (Glucophage) (Formula 491),BATCH-0163,PAN262,2027-11-25,CUST-0041,Rahul Menon,+91 9653851498,20,82.0,1640.0,PHARM-HIST-0015,Gautam Pillai,2026-08-27T20:53:00Z,2026-08-27,True,pharmaflow-main,SYNTHETIC_OPERATIONAL_RECORD
DISP-00492,RCPT-2026-10491,MED-0492,Pantoprazole 40mg (Pan 40) (Formula 492),BATCH-0164,OME263,2027-01-14,CUST-0042,Priya Verma,+91 9632084778,15,108.2,1623.0,PHARM-HIST-0016,Rashmi Nair,2026-09-01T21:22:00Z,2026-09-01,True,pharmaflow-main,SYNTHETIC_OPERATIONAL_RECORD
DISP-00493,RCPT-2026-10492,MED-0493,Pantoprazole + Domperidone (Pan-D) (Formula 493),BATCH-0165,TEL264,2027-12-26,CUST-0043,Arun Hegde,+91 9440281491,30,184.4,5532.0,PHARM-HIST-0017,Varun Shenoy,2026-07-12T21:46:00Z,2026-07-12,True,pharmaflow-main,SYNTHETIC_OPERATIONAL_RECORD
DISP-00494,RCPT-2026-10493,MED-0494,Omeprazole 20mg (Omez) (Formula 494),BATCH-0166,TEL265,2028-04-27,CUST-0044,Kavya Gupta,+91 9845495029,20,84.6,1692.0,PHARM-HIST-0018,Geetha Radhakrishnan,2026-08-17T02:06:00Z,2026-08-17,True,pharmaflow-main,SYNTHETIC_OPERATIONAL_RECORD
DISP-00495,RCPT-2026-10494,MED-0495,Telmisartan 40mg (Telma 40) (Formula 495),BATCH-0167,ATO266,2027-05-24,CUST-0045,Meena Joshi,+91 9024541967,20,134.8,2696.0,PHARM-KA-2022-7212,Deepak R,2026-09-14T09:03:00Z,2026-09-14,True,pharmaflow-main,SYNTHETIC_OPERATIONAL_RECORD
DISP-00496,RCPT-2026-10495,MED-0496,Telmisartan + Amlodipine (Telma-AM) (Formula 496),BATCH-0168,ROS267,2027-07-21,CUST-0046,Deepak Nair,+91 9795282470,10,188.0,1880.0,PHARM-HIST-0020,Harini Sundaram,2026-06-09T14:37:00Z,2026-06-09,True,pharmaflow-main,SYNTHETIC_OPERATIONAL_RECORD
DISP-00497,RCPT-2026-10496,MED-0497,Atorvastatin 10mg (Atorva 10) (Formula 497),BATCH-0169,CIP268,2027-11-12,CUST-0047,Manish Patel,+91 9814994527,5,157.2,786.0,PHARM-KA-2022-7212,Deepak R,2026-10-06T14:29:00Z,2026-10-06,True,pharmaflow-main,SYNTHETIC_OPERATIONAL_RECORD
DISP-00498,RCPT-2026-10497,MED-0498,Rosuvastatin 10mg (Rosuvas 10) (Formula 498),BATCH-0170,OFL269,2027-11-20,CUST-0048,Deeps Sundaram,+91 8070887034,5,168.0,840.0,PHARM-HIST-0022,Deepa Namboodiri,2026-08-18T21:27:00Z,2026-08-18,True,pharmaflow-main,SYNTHETIC_OPERATIONAL_RECORD
DISP-00499,RCPT-2026-10498,MED-0499,Ciprofloxacin 500mg (Ciplox 500) (Formula 499),BATCH-0171,MON270,2027-03-14,CUST-0049,Suresh Pillai,+91 9775679047,20,91.2,1824.0,PHARM-KA-2022-7212,Deepak R,2026-09-23T07:35:00Z,2026-09-23,True,pharmaflow-main,SYNTHETIC_OPERATIONAL_RECORD
DISP-00500,RCPT-2026-10499,MED-0500,Ofloxacin + Ornidazole (O2) (Formula 500),BATCH-0172,IBU271,2027-11-24,CUST-0050,Lakshmi Bhat,+91 7041690501,10,148.4,1484.0,PHARM-HIST-0024,Kavita Acharya,2026-07-11T17:54:00Z,2026-07-11,True,pharmaflow-main,SYNTHETIC_OPERATIONAL_RECORD
DISP-00501,RCPT-2026-10500,MED-0501,Montelukast + Levocetirizine (Montair-LC) (Formula 501),BATCH-0173,ACE272,2027-05-08,CUST-0051,Vignesh Murthy,+91 9018126895,15,204.6,3069.0,PHARM-KA-2022-7212,Deepak R,2026-09-30T00:48:00Z,2026-09-30,True,pharmaflow-main,SYNTHETIC_OPERATIONAL_RECORD
DISP-00502,RCPT-2026-10501,MED-0502,Ibuprofen 400mg (Brufen 400) (Formula 502),BATCH-0174,VIL273,2027-10-26,CUST-0052,Anitha Kumar,+91 9996128115,20,47.8,956.0,PHARM-KA-2022-7212,Deepak R,2026-09-12T16:06:00Z,2026-09-12,True,pharmaflow-main,SYNTHETIC_OPERATIONAL_RECORD
DISP-00503,RCPT-2026-10502,MED-0503,Aceclofenac + Paracetamol (Zerodol-P) (Formula 503),BATCH-0175,RAB274,2027-07-30,CUST-0053,Ramesh Iyer,+91 9919208698,20,108.0,2160.0,PHARM-KA-2022-7212,Deepak R,2026-09-23T04:07:00Z,2026-09-23,True,pharmaflow-main,SYNTHETIC_OPERATIONAL_RECORD
DISP-00504,RCPT-2026-10503,MED-0504,Vildagliptin + Metformin (Galvus Met) (Formula 504),BATCH-0176,COU275,2026-12-06,CUST-0054,Sangeetha Reddy,+91 9489991301,30,317.2,9516.0,PHARM-HIST-0003,Karthik Subramanian,2026-07-07T20:43:00Z,2026-07-07,True,pharmaflow-main,SYNTHETIC_OPERATIONAL_RECORD
DISP-00505,RCPT-2026-10504,MED-0505,Rabeprazole 20mg (Razo 20) (Formula 505),BATCH-0177,ORA276,2027-06-15,CUST-0055,Vijay Gowda,+91 9827690330,20,138.0,2760.0,PHARM-HIST-0004,Divya Menon,2026-07-25T03:12:00Z,2026-07-25,True,pharmaflow-main,SYNTHETIC_OPERATIONAL_RECORD
DISP-00506,RCPT-2026-10505,MED-0506,Cough Syrup (Ascoril-D) (Formula 506),BATCH-0178,MUL277,2027-06-07,CUST-0056,Sandhya Desai,+91 9617032877,30,113.2,3396.0,PHARM-HIST-0005,Rohan Mehta,2026-08-23T20:18:00Z,2026-08-23,True,pharmaflow-main,SYNTHETIC_OPERATIONAL_RECORD
DISP-00507,RCPT-2026-10506,MED-0507,Oral Rehydration Salts (Electral ORS) (Formula 507),BATCH-0179,THY278,2028-04-16,CUST-0057,Prashanth Shenoy,+91 7058592048,15,28.9,433.5,PHARM-HIST-0006,Ananya Sharma,2026-08-17T20:28:00Z,2026-08-17,True,pharmaflow-main,SYNTHETIC_OPERATIONAL_RECORD
DISP-00508,RCPT-2026-10507,MED-0508,Multivitamin + Zinc (Becadexamin) (Formula 508),BATCH-0180,CLO279,2026-11-17,CUST-0058,Swetha Krishnan,+91 9671477426,5,61.6,308.0,PHARM-KA-2022-7212,Deepak R,2026-09-19T21:54:00Z,2026-09-19,True,pharmaflow-main,SYNTHETIC_OPERATIONAL_RECORD
DISP-00509,RCPT-2026-10508,MED-0509,Thyroxine Sodium 50mcg (Thyronorm 50) (Formula 509),BATCH-0181,PAR280,2026-11-16,CUST-0059,Rajesh Sharma,+91 9775802771,10,167.8,1678.0,PHARM-HIST-0008,Pooja Hegde,2026-09-05T20:29:00Z,2026-09-05,True,pharmaflow-main,SYNTHETIC_OPERATIONAL_RECORD
DISP-00510,RCPT-2026-10509,MED-0510,Clopidogrel 75mg (Clopilet 75) (Formula 510),BATCH-0182,PAR281,2027-09-16,CUST-0060,Nandini Rao,+91 9726937148,5,178.0,890.0,PHARM-HIST-0009,Sanjay Nambiar,2026-07-20T07:59:00Z,2026-07-20,True,pharmaflow-main,SYNTHETIC_OPERATIONAL_RECORD
DISP-00511,RCPT-2026-10510,MED-0511,Paracetamol 500mg (Formula 511),BATCH-0183,VIT282,2027-08-16,CUST-0061,Rahul Menon,+91 8023311507,5,49.2,246.0,PHARM-HIST-0010,Meera Krishnan,2026-07-06T10:07:00Z,2026-07-06,True,pharmaflow-main,SYNTHETIC_OPERATIONAL_RECORD
DISP-00512,RCPT-2026-10511,MED-0512,Paracetamol 650mg (Dolo 650) (Formula 512),BATCH-0184,AMO283,2027-10-31,CUST-0062,Priya Verma,+91 9965541117,10,38.0,380.0,PHARM-HIST-0011,Aditya Kulkarni,2026-08-05T14:59:00Z,2026-08-05,True,pharmaflow-main,SYNTHETIC_OPERATIONAL_RECORD
DISP-00513,RCPT-2026-10512,MED-0001,Paracetamol 500mg,BATCH-0185,AMO284,2028-02-28,CUST-0063,Arun Hegde,+91 9099269266,15,30.0,450.0,PHARM-HIST-0012,Swati Deshmukh,2026-08-20T16:17:00Z,2026-08-20,True,pharmaflow-main,SYNTHETIC_OPERATIONAL_RECORD
DISP-00514,RCPT-2026-10513,MED-0002,Paracetamol 650mg (Dolo 650),BATCH-0186,CET285,2027-12-19,CUST-0064,Kavya Gupta,+91 9722513132,30,41.2,1236.0,PHARM-KA-2022-7212,Deepak R,2026-09-19T02:21:00Z,2026-09-19,True,pharmaflow-main,SYNTHETIC_OPERATIONAL_RECORD
DISP-00515,RCPT-2026-10514,MED-0003,Vitamin D3 60K (Calcirol),BATCH-0187,LEV286,2028-04-14,CUST-0065,Meena Joshi,+91 9099927658,30,86.4,2592.0,PHARM-KA-2022-7212,Deepak R,2026-09-26T09:18:00Z,2026-09-26,True,pharmaflow-main,SYNTHETIC_OPERATIONAL_RECORD
DISP-00516,RCPT-2026-10515,MED-0004,Amoxicillin 500mg (Novamox),BATCH-0188,AZI287,2027-11-26,CUST-0066,Deepak Nair,+91 9657197152,20,124.6,2492.0,PHARM-HIST-0015,Gautam Pillai,2026-07-01T20:10:00Z,2026-07-01,True,pharmaflow-main,SYNTHETIC_OPERATIONAL_RECORD
DISP-00517,RCPT-2026-10516,MED-0005,Amoxicillin + Clavulanic Acid 625mg (Augmentin),BATCH-0189,AZI288,2027-08-24,CUST-0067,Manish Patel,+91 9084660688,20,217.8,4356.0,PHARM-KA-2022-7212,Deepak R,2026-09-13T02:18:00Z,2026-09-13,True,pharmaflow-main,SYNTHETIC_OPERATIONAL_RECORD
DISP-00518,RCPT-2026-10517,MED-0006,Cetirizine 10mg (Cetzine),BATCH-0190,MET289,2028-03-15,CUST-0068,Deeps Sundaram,+91 9891737913,30,58.0,1740.0,PHARM-HIST-0017,Varun Shenoy,2026-08-06T19:44:00Z,2026-08-06,True,pharmaflow-main,SYNTHETIC_OPERATIONAL_RECORD
DISP-00519,RCPT-2026-10518,MED-0007,Levocetirizine 5mg (Levocet),BATCH-0191,MET290,2027-10-06,CUST-0069,Suresh Pillai,+91 9655610493,5,77.2,386.0,PHARM-HIST-0018,Geetha Radhakrishnan,2026-08-25T18:26:00Z,2026-08-25,True,pharmaflow-main,SYNTHETIC_OPERATIONAL_RECORD
DISP-00520,RCPT-2026-10519,MED-0008,Azithromycin 250mg (Azee 250),BATCH-0192,PAN291,2027-09-09,CUST-0070,Lakshmi Bhat,+91 9822315507,5,145.0,725.0,PHARM-HIST-0019,Manoj Patil,2026-07-03T10:33:00Z,2026-07-03,True,pharmaflow-main,SYNTHETIC_OPERATIONAL_RECORD
DISP-00521,RCPT-2026-10520,MED-0009,Azithromycin 500mg (Azithral 500),BATCH-0193,PAN292,2027-01-05,CUST-0071,Vignesh Murthy,+91 9459667685,20,218.2,4364.0,PHARM-HIST-0020,Harini Sundaram,2026-08-19T21:40:00Z,2026-08-19,True,pharmaflow-main,SYNTHETIC_OPERATIONAL_RECORD
DISP-00522,RCPT-2026-10521,MED-0010,Metformin 500mg (Glycomet 500),BATCH-0194,OME293,2027-10-01,CUST-0072,Anitha Kumar,+91 9492924837,5,61.4,307.0,PHARM-HIST-0021,Suresh Prabhu,2026-08-12T21:58:00Z,2026-08-12,True,pharmaflow-main,SYNTHETIC_OPERATIONAL_RECORD
DISP-00523,RCPT-2026-10522,MED-0011,Metformin 1000mg SR (Glucophage),BATCH-0195,TEL294,2028-03-31,CUST-0073,Ramesh Iyer,+91 7065590800,15,91.6,1374.0,PHARM-KA-2022-7212,Deepak R,2026-09-15T18:18:00Z,2026-09-15,True,pharmaflow-main,SYNTHETIC_OPERATIONAL_RECORD
DISP-00524,RCPT-2026-10523,MED-0012,Pantoprazole 40mg (Pan 40),BATCH-0196,TEL295,2027-12-27,CUST-0074,Sangeetha Reddy,+91 7080723898,20,117.8,2356.0,PHARM-HIST-0023,Raghavendra Rao,2026-06-16T13:50:00Z,2026-06-16,True,pharmaflow-main,SYNTHETIC_OPERATIONAL_RECORD
DISP-00525,RCPT-2026-10524,MED-0013,Pantoprazole + Domperidone (Pan-D),BATCH-0197,ATO296,2027-05-21,CUST-0075,Vijay Gowda,+91 9837437207,20,194.0,3880.0,PHARM-HIST-0024,Kavita Acharya,2026-08-14T07:41:00Z,2026-08-14,True,pharmaflow-main,SYNTHETIC_OPERATIONAL_RECORD
DISP-00526,RCPT-2026-10525,MED-0014,Omeprazole 20mg (Omez),BATCH-0198,ROS297,2027-06-23,CUST-0076,Sandhya Desai,+91 9876757928,20,94.2,1884.0,PHARM-KA-2022-7212,Deepak R,2026-08-07T08:24:00Z,2026-08-07,True,pharmaflow-main,SYNTHETIC_OPERATIONAL_RECORD
DISP-00527,RCPT-2026-10526,MED-0015,Telmisartan 40mg (Telma 40),BATCH-0199,CIP298,2027-11-10,CUST-0077,Prashanth Shenoy,+91 9977144075,30,122.0,3660.0,PHARM-HIST-0001,Aravind Swaminathan,2026-07-15T18:17:00Z,2026-07-15,True,pharmaflow-main,SYNTHETIC_OPERATIONAL_RECORD
DISP-00528,RCPT-2026-10527,MED-0016,Telmisartan + Amlodipine (Telma-AM),BATCH-0200,OFL299,2027-05-12,CUST-0078,Swetha Krishnan,+91 9871707170,30,175.2,5256.0,PHARM-HIST-0002,Sneha Rao,2026-07-26T20:30:00Z,2026-07-26,True,pharmaflow-main,SYNTHETIC_OPERATIONAL_RECORD
DISP-00529,RCPT-2026-10528,MED-0017,Atorvastatin 10mg (Atorva 10),BATCH-0201,MON300,2027-03-19,CUST-0079,Rajesh Sharma,+91 8048858073,5,144.4,722.0,PHARM-HIST-0003,Karthik Subramanian,2026-06-21T06:28:00Z,2026-06-21,True,pharmaflow-main,SYNTHETIC_OPERATIONAL_RECORD
DISP-00530,RCPT-2026-10529,MED-0018,Rosuvastatin 10mg (Rosuvas 10),BATCH-0202,IBU301,2027-05-14,CUST-0080,Nandini Rao,+91 9021828592,30,177.6,5328.0,PHARM-HIST-0004,Divya Menon,2026-08-19T03:29:00Z,2026-08-19,True,pharmaflow-main,SYNTHETIC_OPERATIONAL_RECORD
DISP-00531,RCPT-2026-10530,MED-0019,Ciprofloxacin 500mg (Ciplox 500),BATCH-0203,ACE302,2027-02-07,CUST-0081,Rahul Menon,+91 8051644346,15,100.8,1512.0,PHARM-HIST-0005,Rohan Mehta,2026-08-20T16:17:00Z,2026-08-20,True,pharmaflow-main,SYNTHETIC_OPERATIONAL_RECORD
DISP-00532,RCPT-2026-10531,MED-0020,Ofloxacin + Ornidazole (O2),BATCH-0204,VIL303,2027-09-18,CUST-0082,Priya Verma,+91 9781216573,5,158.0,790.0,PHARM-HIST-0006,Ananya Sharma,2026-07-02T02:40:00Z,2026-07-02,True,pharmaflow-main,SYNTHETIC_OPERATIONAL_RECORD
DISP-00533,RCPT-2026-10532,MED-0021,Montelukast + Levocetirizine (Montair-LC),BATCH-0205,RAB304,2027-10-13,CUST-0083,Arun Hegde,+91 9444355473,10,214.2,2142.0,PHARM-KA-2022-7212,Deepak R,2026-10-04T17:58:00Z,2026-10-04,True,pharmaflow-main,SYNTHETIC_OPERATIONAL_RECORD
DISP-00534,RCPT-2026-10533,MED-0022,Ibuprofen 400mg (Brufen 400),BATCH-0206,COU305,2027-09-05,CUST-0084,Kavya Gupta,+91 7072270726,30,35.0,1050.0,PHARM-HIST-0008,Pooja Hegde,2026-06-23T00:38:00Z,2026-06-23,True,pharmaflow-main,SYNTHETIC_OPERATIONAL_RECORD
DISP-00535,RCPT-2026-10534,MED-0023,Aceclofenac + Paracetamol (Zerodol-P),BATCH-0207,ORA306,2028-03-03,CUST-0085,Meena Joshi,+91 7019165226,20,95.2,1904.0,PHARM-KA-2022-7212,Deepak R,2026-10-04T15:39:00Z,2026-10-04,True,pharmaflow-main,SYNTHETIC_OPERATIONAL_RECORD
DISP-00536,RCPT-2026-10535,MED-0024,Vildagliptin + Metformin (Galvus Met),BATCH-0208,MUL307,2027-01-19,CUST-0086,Deepak Nair,+91 9751662236,15,304.4,4566.0,PHARM-KA-2022-7212,Deepak R,2026-09-25T22:38:00Z,2026-09-25,True,pharmaflow-main,SYNTHETIC_OPERATIONAL_RECORD
DISP-00537,RCPT-2026-10536,MED-0025,Rabeprazole 20mg (Razo 20),BATCH-0209,THY308,2027-03-10,CUST-0087,Manish Patel,+91 9792545028,10,147.6,1476.0,PHARM-HIST-0011,Aditya Kulkarni,2026-08-17T00:57:00Z,2026-08-17,True,pharmaflow-main,SYNTHETIC_OPERATIONAL_RECORD
DISP-00538,RCPT-2026-10537,MED-0026,Cough Syrup (Ascoril-D),BATCH-0210,CLO309,2027-09-09,CUST-0088,Deeps Sundaram,+91 9953154591,15,122.8,1842.0,PHARM-HIST-0012,Swati Deshmukh,2026-09-07T04:19:00Z,2026-09-07,True,pharmaflow-main,SYNTHETIC_OPERATIONAL_RECORD
DISP-00539,RCPT-2026-10538,MED-0027,Oral Rehydration Salts (Electral ORS),BATCH-0211,PAR310,2027-03-28,CUST-0089,Suresh Pillai,+91 9777719420,5,38.5,192.5,PHARM-HIST-0013,Nikhil Bhat,2026-07-25T09:02:00Z,2026-07-25,True,pharmaflow-main,SYNTHETIC_OPERATIONAL_RECORD
DISP-00540,RCPT-2026-10539,MED-0028,Multivitamin + Zinc (Becadexamin),BATCH-0212,PAR311,2028-02-19,CUST-0090,Lakshmi Bhat,+91 9458841557,15,71.2,1068.0,PHARM-HIST-0014,Shalini Verma,2026-06-19T02:53:00Z,2026-06-19,True,pharmaflow-main,SYNTHETIC_OPERATIONAL_RECORD
DISP-00541,RCPT-2026-10540,MED-0029,Thyroxine Sodium 50mcg (Thyronorm 50),BATCH-0213,VIT312,2027-01-29,CUST-0091,Vignesh Murthy,+91 9018846539,15,155.0,2325.0,PHARM-KA-2022-7212,Deepak R,2026-09-17T11:26:00Z,2026-09-17,True,pharmaflow-main,SYNTHETIC_OPERATIONAL_RECORD
DISP-00542,RCPT-2026-10541,MED-0030,Clopidogrel 75mg (Clopilet 75),BATCH-0214,AMO313,2027-05-08,CUST-0092,Anitha Kumar,+91 9020939011,20,165.2,3304.0,PHARM-KA-2022-7212,Deepak R,2026-10-03T21:18:00Z,2026-10-03,True,pharmaflow-main,SYNTHETIC_OPERATIONAL_RECORD
DISP-00543,RCPT-2026-10542,MED-0031,Paracetamol 500mg (Formula 31),BATCH-0215,AMO314,2026-11-12,CUST-0093,Ramesh Iyer,+91 9751551377,20,36.4,728.0,PHARM-HIST-0017,Varun Shenoy,2026-07-27T19:03:00Z,2026-07-27,True,pharmaflow-main,SYNTHETIC_OPERATIONAL_RECORD
DISP-00544,RCPT-2026-10543,MED-0032,Paracetamol 650mg (Dolo 650) (Formula 32),BATCH-0216,CET315,2027-04-29,CUST-0094,Sangeetha Reddy,+91 9012446861,20,47.6,952.0,PHARM-HIST-0018,Geetha Radhakrishnan,2026-09-04T11:16:00Z,2026-09-04,True,pharmaflow-main,SYNTHETIC_OPERATIONAL_RECORD
DISP-00545,RCPT-2026-10544,MED-0033,Vitamin D3 60K (Calcirol) (Formula 33),BATCH-0217,LEV316,2028-03-23,CUST-0095,Vijay Gowda,+91 9928463709,20,92.8,1856.0,PHARM-HIST-0019,Manoj Patil,2026-07-25T11:40:00Z,2026-07-25,True,pharmaflow-main,SYNTHETIC_OPERATIONAL_RECORD
DISP-00546,RCPT-2026-10545,MED-0034,Amoxicillin 500mg (Novamox) (Formula 34),BATCH-0218,AZI317,2028-01-21,CUST-0096,Sandhya Desai,+91 9490161060,30,131.0,3930.0,PHARM-HIST-0020,Harini Sundaram,2026-07-26T23:40:00Z,2026-07-26,True,pharmaflow-main,SYNTHETIC_OPERATIONAL_RECORD
DISP-00547,RCPT-2026-10546,MED-0035,Amoxicillin + Clavulanic Acid 625mg (Augmentin) (Formula 35),BATCH-0219,AZI318,2027-12-05,CUST-0097,Prashanth Shenoy,+91 8058895439,10,224.2,2242.0,PHARM-KA-2022-7212,Deepak R,2026-09-25T20:54:00Z,2026-09-25,True,pharmaflow-main,SYNTHETIC_OPERATIONAL_RECORD
DISP-00548,RCPT-2026-10547,MED-0036,Cetirizine 10mg (Cetzine) (Formula 36),BATCH-0220,MET319,2027-05-31,CUST-0098,Swetha Krishnan,+91 9951536077,15,42.0,630.0,PHARM-HIST-0022,Deepa Namboodiri,2026-08-25T20:28:00Z,2026-08-25,True,pharmaflow-main,SYNTHETIC_OPERATIONAL_RECORD
DISP-00549,RCPT-2026-10548,MED-0037,Levocetirizine 5mg (Levocet) (Formula 37),BATCH-0221,MET320,2028-05-04,CUST-0099,Rajesh Sharma,+91 8077498993,15,61.2,918.0,PHARM-KA-2022-7212,Deepak R,2026-09-16T16:41:00Z,2026-09-16,True,pharmaflow-main,SYNTHETIC_OPERATIONAL_RECORD
DISP-00550,RCPT-2026-10549,MED-0038,Azithromycin 250mg (Azee 250) (Formula 38),BATCH-0222,PAN321,2027-07-20,CUST-0100,Nandini Rao,+91 7059823245,5,151.4,757.0,PHARM-HIST-0024,Kavita Acharya,2026-08-14T05:29:00Z,2026-08-14,True,pharmaflow-main,SYNTHETIC_OPERATIONAL_RECORD
DISP-00551,RCPT-2026-10550,MED-0039,Azithromycin 500mg (Azithral 500) (Formula 39),BATCH-0223,PAN322,2027-09-23,CUST-0101,Rahul Menon,+91 7078901038,15,224.6,3369.0,PHARM-KA-2022-7212,Deepak R,2026-06-22T18:47:00Z,2026-06-22,True,pharmaflow-main,SYNTHETIC_OPERATIONAL_RECORD
DISP-00552,RCPT-2026-10551,MED-0040,Metformin 500mg (Glycomet 500) (Formula 40),BATCH-0224,OME323,2028-04-06,CUST-0102,Priya Verma,+91 8017148018,30,67.8,2034.0,PHARM-HIST-0001,Aravind Swaminathan,2026-09-05T10:41:00Z,2026-09-05,True,pharmaflow-main,SYNTHETIC_OPERATIONAL_RECORD
DISP-00553,RCPT-2026-10552,MED-0041,Metformin 1000mg SR (Glucophage) (Formula 41),BATCH-0225,TEL324,2027-01-13,CUST-0103,Arun Hegde,+91 9913783268,5,98.0,490.0,PHARM-HIST-0002,Sneha Rao,2026-08-18T04:21:00Z,2026-08-18,True,pharmaflow-main,SYNTHETIC_OPERATIONAL_RECORD
DISP-00554,RCPT-2026-10553,MED-0042,Pantoprazole 40mg (Pan 40) (Formula 42),BATCH-0226,TEL325,2028-02-17,CUST-0104,Kavya Gupta,+91 7028628439,30,124.2,3726.0,PHARM-HIST-0003,Karthik Subramanian,2026-07-08T17:54:00Z,2026-07-08,True,pharmaflow-main,SYNTHETIC_OPERATIONAL_RECORD
DISP-00555,RCPT-2026-10554,MED-0043,Pantoprazole + Domperidone (Pan-D) (Formula 43),BATCH-0227,ATO326,2027-10-19,CUST-0105,Meena Joshi,+91 9638944689,30,178.0,5340.0,PHARM-HIST-0004,Divya Menon,2026-08-26T03:56:00Z,2026-08-26,True,pharmaflow-main,SYNTHETIC_OPERATIONAL_RECORD
DISP-00556,RCPT-2026-10555,MED-0044,Omeprazole 20mg (Omez) (Formula 44),BATCH-0228,ROS327,2027-10-24,CUST-0106,Deepak Nair,+91 9716408822,20,78.2,1564.0,PHARM-HIST-0005,Rohan Mehta,2026-06-27T19:30:00Z,2026-06-27,True,pharmaflow-main,SYNTHETIC_OPERATIONAL_RECORD
DISP-00557,RCPT-2026-10556,MED-0045,Telmisartan 40mg (Telma 40) (Formula 45),BATCH-0229,CIP328,2027-04-25,CUST-0107,Manish Patel,+91 9894819556,5,128.4,642.0,PHARM-KA-2022-7212,Deepak R,2026-09-12T00:10:00Z,2026-09-12,True,pharmaflow-main,SYNTHETIC_OPERATIONAL_RECORD
DISP-00558,RCPT-2026-10557,MED-0046,Telmisartan + Amlodipine (Telma-AM) (Formula 46),BATCH-0230,OFL329,2027-06-25,CUST-0108,Deeps Sundaram,+91 9042287985,15,181.6,2724.0,PHARM-HIST-0007,Venkatesh Iyer,2026-07-17T02:28:00Z,2026-07-17,True,pharmaflow-main,SYNTHETIC_OPERATIONAL_RECORD
DISP-00559,RCPT-2026-10558,MED-0047,Atorvastatin 10mg (Atorva 10) (Formula 47),BATCH-0231,MON330,2028-04-07,CUST-0109,Suresh Pillai,+91 9780606503,15,150.8,2262.0,PHARM-HIST-0008,Pooja Hegde,2026-08-13T14:26:00Z,2026-08-13,True,pharmaflow-main,SYNTHETIC_OPERATIONAL_RECORD
DISP-00560,RCPT-2026-10559,MED-0048,Rosuvastatin 10mg (Rosuvas 10) (Formula 48),BATCH-0232,IBU331,2026-12-16,CUST-0110,Lakshmi Bhat,+91 8060103798,15,184.0,2760.0,PHARM-KA-2022-7212,Deepak R,2026-09-12T22:35:00Z,2026-09-12,True,pharmaflow-main,SYNTHETIC_OPERATIONAL_RECORD
DISP-00561,RCPT-2026-10560,MED-0049,Ciprofloxacin 500mg (Ciplox 500) (Formula 49),BATCH-0233,ACE332,2028-05-08,CUST-0111,Vignesh Murthy,+91 9788101741,30,107.2,3216.0,PHARM-HIST-0010,Meera Krishnan,2026-07-20T19:31:00Z,2026-07-20,True,pharmaflow-main,SYNTHETIC_OPERATIONAL_RECORD
DISP-00562,RCPT-2026-10561,MED-0050,Ofloxacin + Ornidazole (O2) (Formula 50),BATCH-0234,VIL333,2026-12-27,CUST-0112,Anitha Kumar,+91 9096274567,30,142.0,4260.0,PHARM-KA-2022-7212,Deepak R,2026-09-15T11:20:00Z,2026-09-15,True,pharmaflow-main,SYNTHETIC_OPERATIONAL_RECORD
DISP-00563,RCPT-2026-10562,MED-0051,Montelukast + Levocetirizine (Montair-LC) (Formula 51),BATCH-0235,RAB334,2026-12-27,CUST-0113,Ramesh Iyer,+91 9771428713,20,198.2,3964.0,PHARM-HIST-0012,Swati Deshmukh,2026-06-20T06:24:00Z,2026-06-20,True,pharmaflow-main,SYNTHETIC_OPERATIONAL_RECORD
DISP-00564,RCPT-2026-10563,MED-0052,Ibuprofen 400mg (Brufen 400) (Formula 52),BATCH-0236,COU335,2028-02-05,CUST-0114,Sangeetha Reddy,+91 9679173614,20,41.4,828.0,PHARM-KA-2022-7212,Deepak R,2026-09-10T14:08:00Z,2026-09-10,True,pharmaflow-main,SYNTHETIC_OPERATIONAL_RECORD
DISP-00565,RCPT-2026-10564,MED-0053,Aceclofenac + Paracetamol (Zerodol-P) (Formula 53),BATCH-0237,ORA336,2027-07-24,CUST-0115,Vijay Gowda,+91 9016416148,30,101.6,3048.0,PHARM-HIST-0014,Shalini Verma,2026-09-03T15:26:00Z,2026-09-03,True,pharmaflow-main,SYNTHETIC_OPERATIONAL_RECORD
DISP-00566,RCPT-2026-10565,MED-0054,Vildagliptin + Metformin (Galvus Met) (Formula 54),BATCH-0238,MUL337,2027-06-06,CUST-0116,Sandhya Desai,+91 8069020451,30,310.8,9324.0,PHARM-HIST-0015,Gautam Pillai,2026-06-20T22:01:00Z,2026-06-20,True,pharmaflow-main,SYNTHETIC_OPERATIONAL_RECORD
DISP-00567,RCPT-2026-10566,MED-0055,Rabeprazole 20mg (Razo 20) (Formula 55),BATCH-0239,THY338,2026-11-17,CUST-0117,Prashanth Shenoy,+91 9621087928,30,154.0,4620.0,PHARM-HIST-0016,Rashmi Nair,2026-07-06T15:57:00Z,2026-07-06,True,pharmaflow-main,SYNTHETIC_OPERATIONAL_RECORD
DISP-00568,RCPT-2026-10567,MED-0056,Cough Syrup (Ascoril-D) (Formula 56),BATCH-0240,CLO339,2027-02-19,CUST-0118,Swetha Krishnan,+91 9023770458,10,129.2,1292.0,PHARM-KA-2022-7212,Deepak R,2026-09-13T00:31:00Z,2026-09-13,True,pharmaflow-main,SYNTHETIC_OPERATIONAL_RECORD
DISP-00569,RCPT-2026-10568,MED-0057,Oral Rehydration Salts (Electral ORS) (Formula 57),BATCH-0241,PAR340,2027-03-28,CUST-0119,Rajesh Sharma,+91 8032366682,15,22.5,337.5,PHARM-HIST-0018,Geetha Radhakrishnan,2026-09-08T07:13:00Z,2026-09-08,True,pharmaflow-main,SYNTHETIC_OPERATIONAL_RECORD
DISP-00570,RCPT-2026-10569,MED-0058,Multivitamin + Zinc (Becadexamin) (Formula 58),BATCH-0242,PAR341,2027-02-23,CUST-0120,Nandini Rao,+91 8046850196,15,55.2,828.0,PHARM-HIST-0019,Manoj Patil,2026-06-21T22:34:00Z,2026-06-21,True,pharmaflow-main,SYNTHETIC_OPERATIONAL_RECORD
DISP-00571,RCPT-2026-10570,MED-0059,Thyroxine Sodium 50mcg (Thyronorm 50) (Formula 59),BATCH-0243,VIT342,2027-03-08,CUST-0121,Rahul Menon,+91 9414179623,10,161.4,1614.0,PHARM-HIST-0020,Harini Sundaram,2026-06-20T09:20:00Z,2026-06-20,True,pharmaflow-main,SYNTHETIC_OPERATIONAL_RECORD
DISP-00572,RCPT-2026-10571,MED-0060,Clopidogrel 75mg (Clopilet 75) (Formula 60),BATCH-0244,AMO343,2028-03-31,CUST-0122,Priya Verma,+91 9058607028,15,171.6,2574.0,PHARM-HIST-0021,Suresh Prabhu,2026-06-21T22:43:00Z,2026-06-21,True,pharmaflow-main,SYNTHETIC_OPERATIONAL_RECORD
DISP-00573,RCPT-2026-10572,MED-0061,Paracetamol 500mg (Formula 61),BATCH-0245,AMO344,2027-08-04,CUST-0123,Arun Hegde,+91 9069584522,30,42.8,1284.0,PHARM-HIST-0022,Deepa Namboodiri,2026-07-18T06:44:00Z,2026-07-18,True,pharmaflow-main,SYNTHETIC_OPERATIONAL_RECORD
DISP-00574,RCPT-2026-10573,MED-0062,Paracetamol 650mg (Dolo 650) (Formula 62),BATCH-0246,CET345,2028-01-01,CUST-0124,Kavya Gupta,+91 9643502308,5,54.0,270.0,PHARM-HIST-0023,Raghavendra Rao,2026-09-07T23:45:00Z,2026-09-07,True,pharmaflow-main,SYNTHETIC_OPERATIONAL_RECORD
DISP-00575,RCPT-2026-10574,MED-0063,Vitamin D3 60K (Calcirol) (Formula 63),BATCH-0247,LEV346,2028-05-22,CUST-0125,Meena Joshi,+91 9644935501,10,99.2,992.0,PHARM-KA-2022-7212,Deepak R,2026-09-19T05:59:00Z,2026-09-19,True,pharmaflow-main,SYNTHETIC_OPERATIONAL_RECORD
DISP-00576,RCPT-2026-10575,MED-0064,Amoxicillin 500mg (Novamox) (Formula 64),BATCH-0248,AZI347,2027-10-12,CUST-0126,Deepak Nair,+91 9728217159,20,115.0,2300.0,PHARM-KA-2022-7212,Deepak R,2026-06-28T02:31:00Z,2026-06-28,True,pharmaflow-main,SYNTHETIC_OPERATIONAL_RECORD
DISP-00577,RCPT-2026-10576,MED-0065,Amoxicillin + Clavulanic Acid 625mg (Augmentin) (Formula 65),BATCH-0249,AZI348,2027-02-07,CUST-0127,Manish Patel,+91 9099635939,5,208.2,1041.0,PHARM-HIST-0001,Aravind Swaminathan,2026-07-28T22:33:00Z,2026-07-28,True,pharmaflow-main,SYNTHETIC_OPERATIONAL_RECORD
DISP-00578,RCPT-2026-10577,MED-0066,Cetirizine 10mg (Cetzine) (Formula 66),BATCH-0250,MET349,2028-03-27,CUST-0128,Deeps Sundaram,+91 9458518659,10,48.4,484.0,PHARM-KA-2022-7212,Deepak R,2026-09-13T06:43:00Z,2026-09-13,True,pharmaflow-main,SYNTHETIC_OPERATIONAL_RECORD
DISP-00579,RCPT-2026-10578,MED-0067,Levocetirizine 5mg (Levocet) (Formula 67),BATCH-0251,MET350,2027-01-23,CUST-0129,Suresh Pillai,+91 9858438711,15,67.6,1014.0,PHARM-KA-2022-7212,Deepak R,2026-10-05T03:10:00Z,2026-10-05,True,pharmaflow-main,SYNTHETIC_OPERATIONAL_RECORD
DISP-00580,RCPT-2026-10579,MED-0068,Azithromycin 250mg (Azee 250) (Formula 68),BATCH-0252,PAN351,2027-07-02,CUST-0130,Lakshmi Bhat,+91 9751512297,5,157.8,789.0,PHARM-HIST-0004,Divya Menon,2026-07-15T18:49:00Z,2026-07-15,True,pharmaflow-main,SYNTHETIC_OPERATIONAL_RECORD
DISP-00581,RCPT-2026-10580,MED-0069,Azithromycin 500mg (Azithral 500) (Formula 69),BATCH-0253,PAN352,2028-02-26,CUST-0131,Vignesh Murthy,+91 9726821075,5,231.0,1155.0,PHARM-HIST-0005,Rohan Mehta,2026-07-07T20:10:00Z,2026-07-07,True,pharmaflow-main,SYNTHETIC_OPERATIONAL_RECORD
DISP-00582,RCPT-2026-10581,MED-0070,Metformin 500mg (Glycomet 500) (Formula 70),BATCH-0254,OME353,2026-12-18,CUST-0132,Anitha Kumar,+91 9483994695,30,74.2,2226.0,PHARM-KA-2022-7212,Deepak R,2026-10-01T09:40:00Z,2026-10-01,True,pharmaflow-main,SYNTHETIC_OPERATIONAL_RECORD
DISP-00583,RCPT-2026-10582,MED-0071,Metformin 1000mg SR (Glucophage) (Formula 71),BATCH-0255,TEL354,2027-09-24,CUST-0133,Ramesh Iyer,+91 9779538491,20,82.0,1640.0,PHARM-HIST-0007,Venkatesh Iyer,2026-08-31T09:03:00Z,2026-08-31,True,pharmaflow-main,SYNTHETIC_OPERATIONAL_RECORD
DISP-00584,RCPT-2026-10583,MED-0072,Pantoprazole 40mg (Pan 40) (Formula 72),BATCH-0256,TEL355,2027-02-13,CUST-0134,Sangeetha Reddy,+91 9620584397,5,108.2,541.0,PHARM-HIST-0008,Pooja Hegde,2026-06-16T00:18:00Z,2026-06-16,True,pharmaflow-main,SYNTHETIC_OPERATIONAL_RECORD
DISP-00585,RCPT-2026-10584,MED-0073,Pantoprazole + Domperidone (Pan-D) (Formula 73),BATCH-0257,ATO356,2027-05-01,CUST-0135,Vijay Gowda,+91 9777454225,10,184.4,1844.0,PHARM-HIST-0009,Sanjay Nambiar,2026-08-18T12:07:00Z,2026-08-18,True,pharmaflow-main,SYNTHETIC_OPERATIONAL_RECORD
DISP-00586,RCPT-2026-10585,MED-0074,Omeprazole 20mg (Omez) (Formula 74),BATCH-0258,ROS357,2027-08-09,CUST-0136,Sandhya Desai,+91 9820901547,30,84.6,2538.0,PHARM-HIST-0010,Meera Krishnan,2026-09-08T08:24:00Z,2026-09-08,True,pharmaflow-main,SYNTHETIC_OPERATIONAL_RECORD
DISP-00587,RCPT-2026-10586,MED-0075,Telmisartan 40mg (Telma 40) (Formula 75),BATCH-0259,CIP358,2027-05-14,CUST-0137,Prashanth Shenoy,+91 9876845536,30,134.8,4044.0,PHARM-HIST-0011,Aditya Kulkarni,2026-06-11T08:27:00Z,2026-06-11,True,pharmaflow-main,SYNTHETIC_OPERATIONAL_RECORD
DISP-00588,RCPT-2026-10587,MED-0076,Telmisartan + Amlodipine (Telma-AM) (Formula 76),BATCH-0260,OFL359,2028-02-18,CUST-0138,Swetha Krishnan,+91 8049920898,20,188.0,3760.0,PHARM-HIST-0012,Swati Deshmukh,2026-06-30T19:44:00Z,2026-06-30,True,pharmaflow-main,SYNTHETIC_OPERATIONAL_RECORD
DISP-00589,RCPT-2026-10588,MED-0077,Atorvastatin 10mg (Atorva 10) (Formula 77),BATCH-0261,MON360,2028-03-11,CUST-0139,Rajesh Sharma,+91 7037383505,30,157.2,4716.0,PHARM-HIST-0013,Nikhil Bhat,2026-06-17T09:45:00Z,2026-06-17,True,pharmaflow-main,SYNTHETIC_OPERATIONAL_RECORD
DISP-00590,RCPT-2026-10589,MED-0078,Rosuvastatin 10mg (Rosuvas 10) (Formula 78),BATCH-0262,IBU361,2027-03-03,CUST-0140,Nandini Rao,+91 9459733063,30,168.0,5040.0,PHARM-KA-2022-7212,Deepak R,2026-09-23T01:39:00Z,2026-09-23,True,pharmaflow-main,SYNTHETIC_OPERATIONAL_RECORD
DISP-00591,RCPT-2026-10590,MED-0079,Ciprofloxacin 500mg (Ciplox 500) (Formula 79),BATCH-0263,ACE362,2027-01-07,CUST-0141,Rahul Menon,+91 9670343755,10,91.2,912.0,PHARM-HIST-0015,Gautam Pillai,2026-07-05T23:09:00Z,2026-07-05,True,pharmaflow-main,SYNTHETIC_OPERATIONAL_RECORD
DISP-00592,RCPT-2026-10591,MED-0080,Ofloxacin + Ornidazole (O2) (Formula 80),BATCH-0264,VIL363,2028-03-16,CUST-0142,Priya Verma,+91 8043322272,10,148.4,1484.0,PHARM-HIST-0016,Rashmi Nair,2026-06-10T22:47:00Z,2026-06-10,True,pharmaflow-main,SYNTHETIC_OPERATIONAL_RECORD
DISP-00593,RCPT-2026-10592,MED-0081,Montelukast + Levocetirizine (Montair-LC) (Formula 81),BATCH-0265,RAB364,2027-05-12,CUST-0143,Arun Hegde,+91 7079085198,15,204.6,3069.0,PHARM-KA-2022-7212,Deepak R,2026-09-25T06:47:00Z,2026-09-25,True,pharmaflow-main,SYNTHETIC_OPERATIONAL_RECORD
DISP-00594,RCPT-2026-10593,MED-0082,Ibuprofen 400mg (Brufen 400) (Formula 82),BATCH-0266,COU365,2027-11-10,CUST-0144,Kavya Gupta,+91 7042310051,30,47.8,1434.0,PHARM-HIST-0018,Geetha Radhakrishnan,2026-08-12T22:44:00Z,2026-08-12,True,pharmaflow-main,SYNTHETIC_OPERATIONAL_RECORD
DISP-00595,RCPT-2026-10594,MED-0083,Aceclofenac + Paracetamol (Zerodol-P) (Formula 83),BATCH-0267,ORA366,2028-03-16,CUST-0145,Meena Joshi,+91 7048352498,15,108.0,1620.0,PHARM-KA-2022-7212,Deepak R,2026-09-30T20:26:00Z,2026-09-30,True,pharmaflow-main,SYNTHETIC_OPERATIONAL_RECORD
DISP-00596,RCPT-2026-10595,MED-0084,Vildagliptin + Metformin (Galvus Met) (Formula 84),BATCH-0268,MUL367,2028-02-02,CUST-0146,Deepak Nair,+91 9064123845,30,317.2,9516.0,PHARM-HIST-0020,Harini Sundaram,2026-07-11T08:40:00Z,2026-07-11,True,pharmaflow-main,SYNTHETIC_OPERATIONAL_RECORD
DISP-00597,RCPT-2026-10596,MED-0085,Rabeprazole 20mg (Razo 20) (Formula 85),BATCH-0269,THY368,2027-09-25,CUST-0147,Manish Patel,+91 9619869264,10,138.0,1380.0,PHARM-HIST-0021,Suresh Prabhu,2026-08-14T20:17:00Z,2026-08-14,True,pharmaflow-main,SYNTHETIC_OPERATIONAL_RECORD
DISP-00598,RCPT-2026-10597,MED-0086,Cough Syrup (Ascoril-D) (Formula 86),BATCH-0270,CLO369,2028-04-28,CUST-0148,Deeps Sundaram,+91 9727268907,20,113.2,2264.0,PHARM-HIST-0022,Deepa Namboodiri,2026-09-03T07:37:00Z,2026-09-03,True,pharmaflow-main,SYNTHETIC_OPERATIONAL_RECORD
DISP-00599,RCPT-2026-10598,MED-0087,Oral Rehydration Salts (Electral ORS) (Formula 87),BATCH-0271,PAR370,2027-06-25,CUST-0149,Suresh Pillai,+91 8077119320,15,28.9,433.5,PHARM-HIST-0023,Raghavendra Rao,2026-07-09T00:08:00Z,2026-07-09,True,pharmaflow-main,SYNTHETIC_OPERATIONAL_RECORD
DISP-00600,RCPT-2026-10599,MED-0088,Multivitamin + Zinc (Becadexamin) (Formula 88),BATCH-0272,PAR371,2028-04-22,CUST-0150,Lakshmi Bhat,+91 7029990477,30,61.6,1848.0,PHARM-KA-2022-7212,Deepak R,2026-10-05T15:03:00Z,2026-10-05,True,pharmaflow-main,SYNTHETIC_OPERATIONAL_RECORD
DISP-00601,RCPT-2026-10600,MED-0089,Thyroxine Sodium 50mcg (Thyronorm 50) (Formula 89),BATCH-0273,VIT372,2027-02-13,CUST-0001,Rahul Kumar,+91 98450 48123,5,167.8,839.0,PHARM-KA-2022-7212,Deepak R,2026-10-03T12:18:00Z,2026-10-03,True,pharmaflow-main,SYNTHETIC_OPERATIONAL_RECORD
DISP-00602,RCPT-2026-10601,MED-0090,Clopidogrel 75mg (Clopilet 75) (Formula 90),BATCH-0274,AMO373,2027-07-20,CUST-0002,Priya Sharma,+91 97312 90342,15,178.0,2670.0,PHARM-HIST-0001,Aravind Swaminathan,2026-07-11T14:45:00Z,2026-07-11,True,pharmaflow-main,SYNTHETIC_OPERATIONAL_RECORD
DISP-00603,RCPT-2026-10602,MED-0091,Paracetamol 500mg (Formula 91),BATCH-0275,AMO374,2027-12-07,CUST-0003,Arun Kumar,+91 94480 77109,15,49.2,738.0,PHARM-HIST-0002,Sneha Rao,2026-07-29T23:41:00Z,2026-07-29,True,pharmaflow-main,SYNTHETIC_OPERATIONAL_RECORD
DISP-00604,RCPT-2026-10603,MED-0092,Paracetamol 650mg (Dolo 650) (Formula 92),BATCH-0276,CET375,2027-01-02,CUST-0004,Kavya S,+91 99001 22584,30,38.0,1140.0,PHARM-HIST-0003,Karthik Subramanian,2026-06-14T14:53:00Z,2026-06-14,True,pharmaflow-main,SYNTHETIC_OPERATIONAL_RECORD
DISP-00605,RCPT-2026-10604,MED-0093,Vitamin D3 60K (Calcirol) (Formula 93),BATCH-0277,LEV376,2028-04-08,CUST-0005,Meena Devi,+91 96114 64190,20,83.2,1664.0,PHARM-HIST-0004,Divya Menon,2026-06-20T04:06:00Z,2026-06-20,True,pharmaflow-main,SYNTHETIC_OPERATIONAL_RECORD
DISP-00606,RCPT-2026-10605,MED-0094,Amoxicillin 500mg (Novamox) (Formula 94),BATCH-0278,AZI377,2027-04-26,CUST-0006,Deepak,+91 93845 99028,20,121.4,2428.0,PHARM-HIST-0005,Rohan Mehta,2026-08-20T11:02:00Z,2026-08-20,True,pharmaflow-main,SYNTHETIC_OPERATIONAL_RECORD
DISP-00607,RCPT-2026-10606,MED-0095,Amoxicillin + Clavulanic Acid 625mg (Augmentin) (Formula 95),BATCH-0279,AZI378,2027-10-02,CUST-0007,Manish,+91 90802 04902,5,214.6,1073.0,PHARM-HIST-0006,Ananya Sharma,2026-06-12T03:41:00Z,2026-06-12,True,pharmaflow-main,SYNTHETIC_OPERATIONAL_RECORD
DISP-00608,RCPT-2026-10607,MED-0096,Cetirizine 10mg (Cetzine) (Formula 96),BATCH-0280,MET379,2026-12-29,CUST-0008,Deeps,+91 80988 51999,10,54.8,548.0,PHARM-HIST-0007,Venkatesh Iyer,2026-06-11T04:41:00Z,2026-06-11,True,pharmaflow-main,SYNTHETIC_OPERATIONAL_RECORD
DISP-00609,RCPT-2026-10608,MED-0097,Levocetirizine 5mg (Levocet) (Formula 97),BATCH-0281,MET380,2027-12-25,CUST-0009,Suresh Pillai,+91 9445652586,20,74.0,1480.0,PHARM-HIST-0008,Pooja Hegde,2026-06-20T06:02:00Z,2026-06-20,True,pharmaflow-main,SYNTHETIC_OPERATIONAL_RECORD
DISP-00610,RCPT-2026-10609,MED-0098,Azithromycin 250mg (Azee 250) (Formula 98),BATCH-0282,PAN381,2028-02-05,CUST-0010,Lakshmi Bhat,+91 9668942178,20,164.2,3284.0,PHARM-HIST-0009,Sanjay Nambiar,2026-07-20T01:04:00Z,2026-07-20,True,pharmaflow-main,SYNTHETIC_OPERATIONAL_RECORD
DISP-00611,RCPT-2026-10610,MED-0099,Azithromycin 500mg (Azithral 500) (Formula 99),BATCH-0283,PAN382,2028-04-01,CUST-0011,Vignesh Murthy,+91 7068755000,5,215.0,1075.0,PHARM-HIST-0010,Meera Krishnan,2026-06-29T10:43:00Z,2026-06-29,True,pharmaflow-main,SYNTHETIC_OPERATIONAL_RECORD
DISP-00612,RCPT-2026-10611,MED-0100,Metformin 500mg (Glycomet 500) (Formula 100),BATCH-0284,OME383,2028-03-31,CUST-0012,Anitha Kumar,+91 9822257687,20,58.2,1164.0,PHARM-HIST-0011,Aditya Kulkarni,2026-06-24T20:30:00Z,2026-06-24,True,pharmaflow-main,SYNTHETIC_OPERATIONAL_RECORD
DISP-00613,RCPT-2026-10612,MED-0101,Metformin 1000mg SR (Glucophage) (Formula 101),BATCH-0285,TEL384,2027-12-26,CUST-0013,Ramesh Iyer,+91 9473149551,20,88.4,1768.0,PHARM-HIST-0012,Swati Deshmukh,2026-06-12T01:15:00Z,2026-06-12,True,pharmaflow-main,SYNTHETIC_OPERATIONAL_RECORD
DISP-00614,RCPT-2026-10613,MED-0102,Pantoprazole 40mg (Pan 40) (Formula 102),BATCH-0286,TEL385,2028-05-23,CUST-0014,Sangeetha Reddy,+91 7022246348,10,114.6,1146.0,PHARM-HIST-0013,Nikhil Bhat,2026-06-18T08:08:00Z,2026-06-18,True,pharmaflow-main,SYNTHETIC_OPERATIONAL_RECORD
DISP-00615,RCPT-2026-10614,MED-0103,Pantoprazole + Domperidone (Pan-D) (Formula 103),BATCH-0287,ATO386,2027-09-15,CUST-0015,Vijay Gowda,+91 9065250068,5,190.8,954.0,PHARM-HIST-0014,Shalini Verma,2026-07-11T03:28:00Z,2026-07-11,True,pharmaflow-main,SYNTHETIC_OPERATIONAL_RECORD
DISP-00616,RCPT-2026-10615,MED-0104,Omeprazole 20mg (Omez) (Formula 104),BATCH-0288,ROS387,2028-02-18,CUST-0016,Sandhya Desai,+91 7021819185,30,91.0,2730.0,PHARM-HIST-0015,Gautam Pillai,2026-08-23T22:22:00Z,2026-08-23,True,pharmaflow-main,SYNTHETIC_OPERATIONAL_RECORD
DISP-00617,RCPT-2026-10616,MED-0105,Telmisartan 40mg (Telma 40) (Formula 105),BATCH-0289,CIP388,2027-06-24,CUST-0017,Prashanth Shenoy,+91 7065465150,5,141.2,706.0,PHARM-HIST-0016,Rashmi Nair,2026-07-06T01:31:00Z,2026-07-06,True,pharmaflow-main,SYNTHETIC_OPERATIONAL_RECORD
DISP-00618,RCPT-2026-10617,MED-0106,Telmisartan + Amlodipine (Telma-AM) (Formula 106),BATCH-0290,OFL389,2028-03-06,CUST-0018,Swetha Krishnan,+91 9945843681,10,172.0,1720.0,PHARM-HIST-0017,Varun Shenoy,2026-07-03T10:19:00Z,2026-07-03,True,pharmaflow-main,SYNTHETIC_OPERATIONAL_RECORD
DISP-00619,RCPT-2026-10618,MED-0107,Atorvastatin 10mg (Atorva 10) (Formula 107),BATCH-0291,MON390,2027-03-04,CUST-0019,Rajesh Sharma,+91 9931257157,10,141.2,1412.0,PHARM-HIST-0018,Geetha Radhakrishnan,2026-07-19T21:10:00Z,2026-07-19,True,pharmaflow-main,SYNTHETIC_OPERATIONAL_RECORD
DISP-00620,RCPT-2026-10619,MED-0108,Rosuvastatin 10mg (Rosuvas 10) (Formula 108),BATCH-0292,IBU391,2027-06-23,CUST-0020,Nandini Rao,+91 9771934487,15,174.4,2616.0,PHARM-KA-2022-7212,Deepak R,2026-10-07T23:48:00Z,2026-10-07,True,pharmaflow-main,SYNTHETIC_OPERATIONAL_RECORD
DISP-00621,RCPT-2026-10620,MED-0109,Ciprofloxacin 500mg (Ciplox 500) (Formula 109),BATCH-0293,ACE392,2027-09-02,CUST-0021,Rahul Menon,+91 9665766169,5,97.6,488.0,PHARM-HIST-0020,Harini Sundaram,2026-08-28T17:55:00Z,2026-08-28,True,pharmaflow-main,SYNTHETIC_OPERATIONAL_RECORD
DISP-00622,RCPT-2026-10621,MED-0110,Ofloxacin + Ornidazole (O2) (Formula 110),BATCH-0294,VIL393,2027-02-24,CUST-0022,Priya Verma,+91 8035583290,10,154.8,1548.0,PHARM-KA-2022-7212,Deepak R,2026-09-18T04:27:00Z,2026-09-18,True,pharmaflow-main,SYNTHETIC_OPERATIONAL_RECORD
DISP-00623,RCPT-2026-10622,MED-0111,Montelukast + Levocetirizine (Montair-LC) (Formula 111),BATCH-0295,RAB394,2027-03-31,CUST-0023,Arun Hegde,+91 9610344303,20,211.0,4220.0,PHARM-HIST-0022,Deepa Namboodiri,2026-06-21T16:17:00Z,2026-06-21,True,pharmaflow-main,SYNTHETIC_OPERATIONAL_RECORD
DISP-00624,RCPT-2026-10623,MED-0112,Ibuprofen 400mg (Brufen 400) (Formula 112),BATCH-0296,COU395,2027-05-27,CUST-0024,Kavya Gupta,+91 7056321751,20,54.2,1084.0,PHARM-HIST-0023,Raghavendra Rao,2026-06-29T01:32:00Z,2026-06-29,True,pharmaflow-main,SYNTHETIC_OPERATIONAL_RECORD
DISP-00625,RCPT-2026-10624,MED-0113,Aceclofenac + Paracetamol (Zerodol-P) (Formula 113),BATCH-0297,ORA396,2027-06-16,CUST-0025,Meena Joshi,+91 9986745380,15,92.0,1380.0,PHARM-HIST-0024,Kavita Acharya,2026-06-18T12:52:00Z,2026-06-18,True,pharmaflow-main,SYNTHETIC_OPERATIONAL_RECORD
DISP-00626,RCPT-2026-10625,MED-0114,Vildagliptin + Metformin (Galvus Met) (Formula 114),BATCH-0298,MUL397,2027-05-22,CUST-0026,Deepak Nair,+91 8061818612,15,301.2,4518.0,PHARM-KA-2022-7212,Deepak R,2026-09-15T14:23:00Z,2026-09-15,True,pharmaflow-main,SYNTHETIC_OPERATIONAL_RECORD
DISP-00627,RCPT-2026-10626,MED-0115,Rabeprazole 20mg (Razo 20) (Formula 115),BATCH-0299,THY398,2026-12-25,CUST-0027,Manish Patel,+91 9023470708,5,144.4,722.0,PHARM-HIST-0001,Aravind Swaminathan,2026-06-28T02:48:00Z,2026-06-28,True,pharmaflow-main,SYNTHETIC_OPERATIONAL_RECORD
DISP-00628,RCPT-2026-10627,MED-0116,Cough Syrup (Ascoril-D) (Formula 116),BATCH-0300,CLO399,2027-03-14,CUST-0028,Deeps Sundaram,+91 9465026398,20,119.6,2392.0,PHARM-HIST-0002,Sneha Rao,2026-08-16T00:49:00Z,2026-08-16,True,pharmaflow-main,SYNTHETIC_OPERATIONAL_RECORD
DISP-00629,RCPT-2026-10628,MED-0117,Oral Rehydration Salts (Electral ORS) (Formula 117),BATCH-0301,PAR400,2028-04-07,CUST-0029,Suresh Pillai,+91 8097219599,30,35.3,1059.0,PHARM-HIST-0003,Karthik Subramanian,2026-06-17T23:07:00Z,2026-06-17,True,pharmaflow-main,SYNTHETIC_OPERATIONAL_RECORD
DISP-00630,RCPT-2026-10629,MED-0118,Multivitamin + Zinc (Becadexamin) (Formula 118),BATCH-0302,PAR401,2028-05-04,CUST-0030,Lakshmi Bhat,+91 9741510328,30,68.0,2040.0,PHARM-KA-2022-7212,Deepak R,2026-09-10T11:59:00Z,2026-09-10,True,pharmaflow-main,SYNTHETIC_OPERATIONAL_RECORD
DISP-00631,RCPT-2026-10630,MED-0119,Thyroxine Sodium 50mcg (Thyronorm 50) (Formula 119),BATCH-0303,VIT402,2028-03-16,CUST-0031,Vignesh Murthy,+91 9769549527,10,174.2,1742.0,PHARM-HIST-0005,Rohan Mehta,2026-07-17T16:20:00Z,2026-07-17,True,pharmaflow-main,SYNTHETIC_OPERATIONAL_RECORD
DISP-00632,RCPT-2026-10631,MED-0120,Clopidogrel 75mg (Clopilet 75) (Formula 120),BATCH-0304,AMO403,2027-05-08,CUST-0032,Anitha Kumar,+91 9658112135,10,162.0,1620.0,PHARM-HIST-0006,Ananya Sharma,2026-06-14T09:31:00Z,2026-06-14,True,pharmaflow-main,SYNTHETIC_OPERATIONAL_RECORD
DISP-00633,RCPT-2026-10632,MED-0121,Paracetamol 500mg (Formula 121),BATCH-0305,AMO404,2027-03-19,CUST-0033,Ramesh Iyer,+91 9432814819,10,33.2,332.0,PHARM-HIST-0007,Venkatesh Iyer,2026-09-04T13:06:00Z,2026-09-04,True,pharmaflow-main,SYNTHETIC_OPERATIONAL_RECORD
DISP-00634,RCPT-2026-10633,MED-0122,Paracetamol 650mg (Dolo 650) (Formula 122),BATCH-0306,CET405,2027-10-03,CUST-0034,Sangeetha Reddy,+91 9441163805,20,44.4,888.0,PHARM-KA-2022-7212,Deepak R,2026-10-01T23:21:00Z,2026-10-01,True,pharmaflow-main,SYNTHETIC_OPERATIONAL_RECORD
DISP-00635,RCPT-2026-10634,MED-0123,Vitamin D3 60K (Calcirol) (Formula 123),BATCH-0307,LEV406,2027-07-20,CUST-0035,Vijay Gowda,+91 9683363160,5,89.6,448.0,PHARM-HIST-0009,Sanjay Nambiar,2026-07-24T03:51:00Z,2026-07-24,True,pharmaflow-main,SYNTHETIC_OPERATIONAL_RECORD
DISP-00636,RCPT-2026-10635,MED-0124,Amoxicillin 500mg (Novamox) (Formula 124),BATCH-0308,AZI407,2027-09-05,CUST-0036,Sandhya Desai,+91 9671315464,5,127.8,639.0,PHARM-HIST-0010,Meera Krishnan,2026-08-22T06:24:00Z,2026-08-22,True,pharmaflow-main,SYNTHETIC_OPERATIONAL_RECORD
DISP-00637,RCPT-2026-10636,MED-0125,Amoxicillin + Clavulanic Acid 625mg (Augmentin) (Formula 125),BATCH-0309,AZI408,2027-03-29,CUST-0037,Prashanth Shenoy,+91 8086762164,20,221.0,4420.0,PHARM-KA-2022-7212,Deepak R,2026-10-06T13:27:00Z,2026-10-06,True,pharmaflow-main,SYNTHETIC_OPERATIONAL_RECORD
DISP-00638,RCPT-2026-10637,MED-0126,Cetirizine 10mg (Cetzine) (Formula 126),BATCH-0310,MET409,2027-09-10,CUST-0038,Swetha Krishnan,+91 8046840133,20,61.2,1224.0,PHARM-HIST-0012,Swati Deshmukh,2026-07-01T21:08:00Z,2026-07-01,True,pharmaflow-main,SYNTHETIC_OPERATIONAL_RECORD
DISP-00639,RCPT-2026-10638,MED-0127,Levocetirizine 5mg (Levocet) (Formula 127),BATCH-0311,MET410,2028-05-27,CUST-0039,Rajesh Sharma,+91 9039394291,10,58.0,580.0,PHARM-KA-2022-7212,Deepak R,2026-09-23T04:15:00Z,2026-09-23,True,pharmaflow-main,SYNTHETIC_OPERATIONAL_RECORD
DISP-00640,RCPT-2026-10639,MED-0128,Azithromycin 250mg (Azee 250) (Formula 128),BATCH-0312,PAN411,2027-06-10,CUST-0040,Nandini Rao,+91 9851464269,20,148.2,2964.0,PHARM-KA-2022-7212,Deepak R,2026-09-14T03:42:00Z,2026-09-14,True,pharmaflow-main,SYNTHETIC_OPERATIONAL_RECORD
DISP-00641,RCPT-2026-10640,MED-0129,Azithromycin 500mg (Azithral 500) (Formula 129),BATCH-0313,PAN412,2027-10-27,CUST-0041,Rahul Menon,+91 9653851498,10,221.4,2214.0,PHARM-HIST-0015,Gautam Pillai,2026-08-21T07:33:00Z,2026-08-21,True,pharmaflow-main,SYNTHETIC_OPERATIONAL_RECORD
DISP-00642,RCPT-2026-10641,MED-0130,Metformin 500mg (Glycomet 500) (Formula 130),BATCH-0314,OME413,2028-04-06,CUST-0042,Priya Verma,+91 9632084778,15,64.6,969.0,PHARM-HIST-0016,Rashmi Nair,2026-07-24T05:08:00Z,2026-07-24,True,pharmaflow-main,SYNTHETIC_OPERATIONAL_RECORD
DISP-00643,RCPT-2026-10642,MED-0131,Metformin 1000mg SR (Glucophage) (Formula 131),BATCH-0315,TEL414,2027-10-04,CUST-0043,Arun Hegde,+91 9440281491,20,94.8,1896.0,PHARM-HIST-0017,Varun Shenoy,2026-07-06T14:48:00Z,2026-07-06,True,pharmaflow-main,SYNTHETIC_OPERATIONAL_RECORD
DISP-00644,RCPT-2026-10643,MED-0132,Pantoprazole 40mg (Pan 40) (Formula 132),BATCH-0316,TEL415,2028-03-13,CUST-0044,Kavya Gupta,+91 9845495029,10,121.0,1210.0,PHARM-KA-2022-7212,Deepak R,2026-09-14T22:10:00Z,2026-09-14,True,pharmaflow-main,SYNTHETIC_OPERATIONAL_RECORD
DISP-00645,RCPT-2026-10644,MED-0133,Pantoprazole + Domperidone (Pan-D) (Formula 133),BATCH-0317,ATO416,2028-05-07,CUST-0045,Meena Joshi,+91 9024541967,10,197.2,1972.0,PHARM-KA-2022-7212,Deepak R,2026-10-05T02:44:00Z,2026-10-05,True,pharmaflow-main,SYNTHETIC_OPERATIONAL_RECORD
DISP-00646,RCPT-2026-10645,MED-0134,Omeprazole 20mg (Omez) (Formula 134),BATCH-0318,ROS417,2026-11-21,CUST-0046,Deepak Nair,+91 9795282470,10,75.0,750.0,PHARM-HIST-0020,Harini Sundaram,2026-07-20T21:02:00Z,2026-07-20,True,pharmaflow-main,SYNTHETIC_OPERATIONAL_RECORD
DISP-00647,RCPT-2026-10646,MED-0135,Telmisartan 40mg (Telma 40) (Formula 135),BATCH-0319,CIP418,2027-12-03,CUST-0047,Manish Patel,+91 9814994527,20,125.2,2504.0,PHARM-HIST-0021,Suresh Prabhu,2026-08-21T17:17:00Z,2026-08-21,True,pharmaflow-main,SYNTHETIC_OPERATIONAL_RECORD
DISP-00648,RCPT-2026-10647,MED-0136,Telmisartan + Amlodipine (Telma-AM) (Formula 136),BATCH-0320,OFL419,2027-05-31,CUST-0048,Deeps Sundaram,+91 8070887034,10,178.4,1784.0,PHARM-KA-2022-7212,Deepak R,2026-09-28T11:30:00Z,2026-09-28,True,pharmaflow-main,SYNTHETIC_OPERATIONAL_RECORD
DISP-00649,RCPT-2026-10648,MED-0137,Atorvastatin 10mg (Atorva 10) (Formula 137),BATCH-0321,MON420,2027-04-21,CUST-0049,Suresh Pillai,+91 9775679047,20,147.6,2952.0,PHARM-HIST-0023,Raghavendra Rao,2026-06-19T01:16:00Z,2026-06-19,True,pharmaflow-main,SYNTHETIC_OPERATIONAL_RECORD
DISP-00650,RCPT-2026-10649,MED-0138,Rosuvastatin 10mg (Rosuvas 10) (Formula 138),BATCH-0322,IBU421,2027-04-06,CUST-0050,Lakshmi Bhat,+91 7041690501,20,180.8,3616.0,PHARM-HIST-0024,Kavita Acharya,2026-07-13T05:15:00Z,2026-07-13,True,pharmaflow-main,SYNTHETIC_OPERATIONAL_RECORD
DISP-00651,RCPT-2026-10650,MED-0139,Ciprofloxacin 500mg (Ciplox 500) (Formula 139),BATCH-0323,ACE422,2027-06-04,CUST-0051,Vignesh Murthy,+91 9018126895,30,104.0,3120.0,PHARM-KA-2022-7212,Deepak R,2026-07-09T22:13:00Z,2026-07-09,True,pharmaflow-main,SYNTHETIC_OPERATIONAL_RECORD
DISP-00652,RCPT-2026-10651,MED-0140,Ofloxacin + Ornidazole (O2) (Formula 140),BATCH-0324,VIL423,2028-02-14,CUST-0052,Anitha Kumar,+91 9996128115,30,161.2,4836.0,PHARM-HIST-0001,Aravind Swaminathan,2026-09-06T09:54:00Z,2026-09-06,True,pharmaflow-main,SYNTHETIC_OPERATIONAL_RECORD
DISP-00653,RCPT-2026-10652,MED-0141,Montelukast + Levocetirizine (Montair-LC) (Formula 141),BATCH-0325,RAB424,2027-12-11,CUST-0053,Ramesh Iyer,+91 9919208698,10,195.0,1950.0,PHARM-KA-2022-7212,Deepak R,2026-10-01T10:39:00Z,2026-10-01,True,pharmaflow-main,SYNTHETIC_OPERATIONAL_RECORD
DISP-00654,RCPT-2026-10653,MED-0142,Ibuprofen 400mg (Brufen 400) (Formula 142),BATCH-0326,COU425,2026-12-26,CUST-0054,Sangeetha Reddy,+91 9489991301,30,38.2,1146.0,PHARM-HIST-0003,Karthik Subramanian,2026-08-09T00:22:00Z,2026-08-09,True,pharmaflow-main,SYNTHETIC_OPERATIONAL_RECORD
DISP-00655,RCPT-2026-10654,MED-0143,Aceclofenac + Paracetamol (Zerodol-P) (Formula 143),BATCH-0327,ORA426,2027-09-24,CUST-0055,Vijay Gowda,+91 9827690330,5,98.4,492.0,PHARM-HIST-0004,Divya Menon,2026-07-09T12:09:00Z,2026-07-09,True,pharmaflow-main,SYNTHETIC_OPERATIONAL_RECORD
DISP-00656,RCPT-2026-10655,MED-0144,Vildagliptin + Metformin (Galvus Met) (Formula 144),BATCH-0328,MUL427,2027-07-23,CUST-0056,Sandhya Desai,+91 9617032877,30,307.6,9228.0,PHARM-KA-2022-7212,Deepak R,2026-10-08T03:28:00Z,2026-10-08,True,pharmaflow-main,SYNTHETIC_OPERATIONAL_RECORD
DISP-00657,RCPT-2026-10656,MED-0145,Rabeprazole 20mg (Razo 20) (Formula 145),BATCH-0001,PCT101,2027-11-30,CUST-0057,Prashanth Shenoy,+91 7058592048,15,150.8,2262.0,PHARM-HIST-0006,Ananya Sharma,2026-08-21T02:35:00Z,2026-08-21,True,pharmaflow-main,SYNTHETIC_OPERATIONAL_RECORD
DISP-00658,RCPT-2026-10657,MED-0146,Cough Syrup (Ascoril-D) (Formula 146),BATCH-0002,VD102,2026-09-25,CUST-0058,Swetha Krishnan,+91 9671477426,30,126.0,3780.0,PHARM-KA-2022-7212,Deepak R,2026-09-21T18:58:00Z,2026-09-21,True,pharmaflow-main,SYNTHETIC_OPERATIONAL_RECORD
DISP-00659,RCPT-2026-10658,MED-0147,Oral Rehydration Salts (Electral ORS) (Formula 147),BATCH-0003,AMX204,2026-10-15,CUST-0059,Rajesh Sharma,+91 9775802771,30,41.7,1251.0,PHARM-KA-2022-7212,Deepak R,2026-09-16T03:50:00Z,2026-09-16,True,pharmaflow-main,SYNTHETIC_OPERATIONAL_RECORD
DISP-00660,RCPT-2026-10659,MED-0148,Multivitamin + Zinc (Becadexamin) (Formula 148),BATCH-0004,CTZ302,2027-01-15,CUST-0060,Nandini Rao,+91 9726937148,20,52.0,1040.0,PHARM-HIST-0009,Sanjay Nambiar,2026-08-06T01:04:00Z,2026-08-06,True,pharmaflow-main,SYNTHETIC_OPERATIONAL_RECORD
DISP-00661,RCPT-2026-10660,MED-0149,Thyroxine Sodium 50mcg (Thyronorm 50) (Formula 149),BATCH-0005,DEMO-EXP-001,2026-10-23,CUST-0061,Rahul Menon,+91 8023311507,30,158.2,4746.0,PHARM-KA-2022-7212,Deepak R,2026-09-22T09:40:00Z,2026-09-22,True,pharmaflow-main,SYNTHETIC_OPERATIONAL_RECORD
DISP-00662,RCPT-2026-10661,MED-0150,Clopidogrel 75mg (Clopilet 75) (Formula 150),BATCH-0006,DEMO-EXP-002,2026-10-08,CUST-0062,Priya Verma,+91 9965541117,5,168.4,842.0,PHARM-HIST-0011,Aditya Kulkarni,2026-08-14T07:44:00Z,2026-08-14,True,pharmaflow-main,SYNTHETIC_OPERATIONAL_RECORD
DISP-00663,RCPT-2026-10662,MED-0151,Paracetamol 500mg (Formula 151),BATCH-0007,LEV106,2026-09-13,CUST-0063,Arun Hegde,+91 9099269266,20,39.6,792.0,PHARM-HIST-0012,Swati Deshmukh,2026-08-29T10:52:00Z,2026-08-29,True,pharmaflow-main,SYNTHETIC_OPERATIONAL_RECORD
DISP-00664,RCPT-2026-10663,MED-0152,Paracetamol 650mg (Dolo 650) (Formula 152),BATCH-0008,AZI107,2026-09-22,CUST-0064,Kavya Gupta,+91 9722513132,15,50.8,762.0,PHARM-HIST-0013,Nikhil Bhat,2026-06-19T03:13:00Z,2026-06-19,True,pharmaflow-main,SYNTHETIC_OPERATIONAL_RECORD
DISP-00665,RCPT-2026-10664,MED-0153,Vitamin D3 60K (Calcirol) (Formula 153),BATCH-0009,AZI108,2026-10-03,CUST-0065,Meena Joshi,+91 9099927658,15,96.0,1440.0,PHARM-HIST-0014,Shalini Verma,2026-06-11T22:42:00Z,2026-06-11,True,pharmaflow-main,SYNTHETIC_OPERATIONAL_RECORD
DISP-00666,RCPT-2026-10665,MED-0154,Amoxicillin 500mg (Novamox) (Formula 154),BATCH-0010,MET109,2026-09-24,CUST-0066,Deepak Nair,+91 9657197152,15,134.2,2013.0,PHARM-HIST-0015,Gautam Pillai,2026-07-22T03:27:00Z,2026-07-22,True,pharmaflow-main,SYNTHETIC_OPERATIONAL_RECORD
DISP-00667,RCPT-2026-10666,MED-0155,Amoxicillin + Clavulanic Acid 625mg (Augmentin) (Formula 155),BATCH-0011,MET110,2026-09-24,CUST-0067,Manish Patel,+91 9084660688,20,205.0,4100.0,PHARM-HIST-0016,Rashmi Nair,2026-08-14T06:40:00Z,2026-08-14,True,pharmaflow-main,SYNTHETIC_OPERATIONAL_RECORD
DISP-00668,RCPT-2026-10667,MED-0156,Cetirizine 10mg (Cetzine) (Formula 156),BATCH-0012,PAN111,2026-10-04,CUST-0068,Deeps Sundaram,+91 9891737913,20,45.2,904.0,PHARM-HIST-0017,Varun Shenoy,2026-07-03T07:25:00Z,2026-07-03,True,pharmaflow-main,SYNTHETIC_OPERATIONAL_RECORD
DISP-00669,RCPT-2026-10668,MED-0157,Levocetirizine 5mg (Levocet) (Formula 157),BATCH-0013,PAN112,2026-09-01,CUST-0069,Suresh Pillai,+91 9655610493,5,64.4,322.0,PHARM-KA-2022-7212,Deepak R,2026-10-02T05:51:00Z,2026-10-02,True,pharmaflow-main,SYNTHETIC_OPERATIONAL_RECORD
DISP-00670,RCPT-2026-10669,MED-0158,Azithromycin 250mg (Azee 250) (Formula 158),BATCH-0014,OME113,2026-09-23,CUST-0070,Lakshmi Bhat,+91 9822315507,20,154.6,3092.0,PHARM-KA-2022-7212,Deepak R,2026-09-09T06:58:00Z,2026-09-09,True,pharmaflow-main,SYNTHETIC_OPERATIONAL_RECORD
DISP-00671,RCPT-2026-10670,MED-0159,Azithromycin 500mg (Azithral 500) (Formula 159),BATCH-0015,TEL114,2026-09-16,CUST-0071,Vignesh Murthy,+91 9459667685,20,227.8,4556.0,PHARM-HIST-0020,Harini Sundaram,2026-09-05T06:15:00Z,2026-09-05,True,pharmaflow-main,SYNTHETIC_OPERATIONAL_RECORD
DISP-00672,RCPT-2026-10671,MED-0160,Metformin 500mg (Glycomet 500) (Formula 160),BATCH-0016,TEL115,2026-10-03,CUST-0072,Anitha Kumar,+91 9492924837,20,71.0,1420.0,PHARM-HIST-0021,Suresh Prabhu,2026-08-14T08:03:00Z,2026-08-14,True,pharmaflow-main,SYNTHETIC_OPERATIONAL_RECORD
DISP-00673,RCPT-2026-10672,MED-0161,Metformin 1000mg SR (Glucophage) (Formula 161),BATCH-0017,ATO116,2026-09-10,CUST-0073,Ramesh Iyer,+91 7065590800,30,101.2,3036.0,PHARM-KA-2022-7212,Deepak R,2026-10-02T21:38:00Z,2026-10-02,True,pharmaflow-main,SYNTHETIC_OPERATIONAL_RECORD
DISP-00674,RCPT-2026-10673,MED-0162,Pantoprazole 40mg (Pan 40) (Formula 162),BATCH-0018,ROS117,2026-10-07,CUST-0074,Sangeetha Reddy,+91 7080723898,5,105.0,525.0,PHARM-HIST-0023,Raghavendra Rao,2026-08-06T21:29:00Z,2026-08-06,True,pharmaflow-main,SYNTHETIC_OPERATIONAL_RECORD
DISP-00675,RCPT-2026-10674,MED-0163,Pantoprazole + Domperidone (Pan-D) (Formula 163),BATCH-0019,CIP118,2026-10-05,CUST-0075,Vijay Gowda,+91 9837437207,10,181.2,1812.0,PHARM-HIST-0024,Kavita Acharya,2026-06-21T12:05:00Z,2026-06-21,True,pharmaflow-main,SYNTHETIC_OPERATIONAL_RECORD
DISP-00676,RCPT-2026-10675,MED-0164,Omeprazole 20mg (Omez) (Formula 164),BATCH-0020,OFL119,2026-09-10,CUST-0076,Sandhya Desai,+91 9876757928,10,81.4,814.0,PHARM-KA-2022-7212,Deepak R,2026-09-23T00:55:00Z,2026-09-23,True,pharmaflow-main,SYNTHETIC_OPERATIONAL_RECORD
DISP-00677,RCPT-2026-10676,MED-0165,Telmisartan 40mg (Telma 40) (Formula 165),BATCH-0021,MON120,2026-09-13,CUST-0077,Prashanth Shenoy,+91 9977144075,10,131.6,1316.0,PHARM-HIST-0001,Aravind Swaminathan,2026-06-19T02:49:00Z,2026-06-19,True,pharmaflow-main,SYNTHETIC_OPERATIONAL_RECORD
DISP-00678,RCPT-2026-10677,MED-0166,Telmisartan + Amlodipine (Telma-AM) (Formula 166),BATCH-0022,IBU121,2026-08-30,CUST-0078,Swetha Krishnan,+91 9871707170,15,184.8,2772.0,PHARM-HIST-0002,Sneha Rao,2026-07-04T19:08:00Z,2026-07-04,True,pharmaflow-main,SYNTHETIC_OPERATIONAL_RECORD
DISP-00679,RCPT-2026-10678,MED-0167,Atorvastatin 10mg (Atorva 10) (Formula 167),BATCH-0023,ACE122,2026-08-29,CUST-0079,Rajesh Sharma,+91 8048858073,10,154.0,1540.0,PHARM-HIST-0003,Karthik Subramanian,2026-07-27T14:23:00Z,2026-07-27,True,pharmaflow-main,SYNTHETIC_OPERATIONAL_RECORD
DISP-00680,RCPT-2026-10679,MED-0168,Rosuvastatin 10mg (Rosuvas 10) (Formula 168),BATCH-0024,VIL123,2026-09-17,CUST-0080,Nandini Rao,+91 9021828592,30,187.2,5616.0,PHARM-HIST-0004,Divya Menon,2026-07-26T11:27:00Z,2026-07-26,True,pharmaflow-main,SYNTHETIC_OPERATIONAL_RECORD
DISP-00681,RCPT-2026-10680,MED-0169,Ciprofloxacin 500mg (Ciplox 500) (Formula 169),BATCH-0025,RAB124,2026-09-24,CUST-0081,Rahul Menon,+91 8051644346,5,88.0,440.0,PHARM-KA-2022-7212,Deepak R,2026-09-14T22:02:00Z,2026-09-14,True,pharmaflow-main,SYNTHETIC_OPERATIONAL_RECORD
DISP-00682,RCPT-2026-10681,MED-0170,Ofloxacin + Ornidazole (O2) (Formula 170),BATCH-0026,COU125,2026-09-15,CUST-0082,Priya Verma,+91 9781216573,5,145.2,726.0,PHARM-HIST-0006,Ananya Sharma,2026-09-06T20:17:00Z,2026-09-06,True,pharmaflow-main,SYNTHETIC_OPERATIONAL_RECORD
DISP-00683,RCPT-2026-10682,MED-0171,Montelukast + Levocetirizine (Montair-LC) (Formula 171),BATCH-0027,ORA126,2026-10-01,CUST-0083,Arun Hegde,+91 9444355473,15,201.4,3021.0,PHARM-HIST-0007,Venkatesh Iyer,2026-06-17T01:59:00Z,2026-06-17,True,pharmaflow-main,SYNTHETIC_OPERATIONAL_RECORD
DISP-00684,RCPT-2026-10683,MED-0172,Ibuprofen 400mg (Brufen 400) (Formula 172),BATCH-0028,MUL127,2026-09-27,CUST-0084,Kavya Gupta,+91 7072270726,20,44.6,892.0,PHARM-HIST-0008,Pooja Hegde,2026-07-12T14:53:00Z,2026-07-12,True,pharmaflow-main,SYNTHETIC_OPERATIONAL_RECORD
DISP-00685,RCPT-2026-10684,MED-0173,Aceclofenac + Paracetamol (Zerodol-P) (Formula 173),BATCH-0029,THY128,2026-09-30,CUST-0085,Meena Joshi,+91 7019165226,5,104.8,524.0,PHARM-HIST-0009,Sanjay Nambiar,2026-08-21T17:01:00Z,2026-08-21,True,pharmaflow-main,SYNTHETIC_OPERATIONAL_RECORD
DISP-00686,RCPT-2026-10685,MED-0174,Vildagliptin + Metformin (Galvus Met) (Formula 174),BATCH-0030,CLO129,2026-09-02,CUST-0086,Deepak Nair,+91 9751662236,5,314.0,1570.0,PHARM-HIST-0010,Meera Krishnan,2026-06-23T01:51:00Z,2026-06-23,True,pharmaflow-main,SYNTHETIC_OPERATIONAL_RECORD
DISP-00687,RCPT-2026-10686,MED-0175,Rabeprazole 20mg (Razo 20) (Formula 175),BATCH-0031,PAR130,2026-10-15,CUST-0087,Manish Patel,+91 9792545028,20,157.2,3144.0,PHARM-KA-2022-7212,Deepak R,2026-09-27T21:07:00Z,2026-09-27,True,pharmaflow-main,SYNTHETIC_OPERATIONAL_RECORD
DISP-00688,RCPT-2026-10687,MED-0176,Cough Syrup (Ascoril-D) (Formula 176),BATCH-0032,PAR131,2026-10-13,CUST-0088,Deeps Sundaram,+91 9953154591,30,110.0,3300.0,PHARM-HIST-0012,Swati Deshmukh,2026-08-10T15:43:00Z,2026-08-10,True,pharmaflow-main,SYNTHETIC_OPERATIONAL_RECORD
DISP-00689,RCPT-2026-10688,MED-0177,Oral Rehydration Salts (Electral ORS) (Formula 177),BATCH-0033,VIT132,2026-10-15,CUST-0089,Suresh Pillai,+91 9777719420,5,25.7,128.5,PHARM-HIST-0013,Nikhil Bhat,2026-07-16T11:39:00Z,2026-07-16,True,pharmaflow-main,SYNTHETIC_OPERATIONAL_RECORD
DISP-00690,RCPT-2026-10689,MED-0178,Multivitamin + Zinc (Becadexamin) (Formula 178),BATCH-0034,AMO133,2026-10-14,CUST-0090,Lakshmi Bhat,+91 9458841557,15,58.4,876.0,PHARM-HIST-0014,Shalini Verma,2026-07-16T16:32:00Z,2026-07-16,True,pharmaflow-main,SYNTHETIC_OPERATIONAL_RECORD
DISP-00691,RCPT-2026-10690,MED-0179,Thyroxine Sodium 50mcg (Thyronorm 50) (Formula 179),BATCH-0035,AMO134,2026-10-12,CUST-0091,Vignesh Murthy,+91 9018846539,30,164.6,4938.0,PHARM-HIST-0015,Gautam Pillai,2026-07-06T12:02:00Z,2026-07-06,True,pharmaflow-main,SYNTHETIC_OPERATIONAL_RECORD
DISP-00692,RCPT-2026-10691,MED-0180,Clopidogrel 75mg (Clopilet 75) (Formula 180),BATCH-0036,CET135,2026-10-18,CUST-0092,Anitha Kumar,+91 9020939011,5,174.8,874.0,PHARM-KA-2022-7212,Deepak R,2026-09-22T05:05:00Z,2026-09-22,True,pharmaflow-main,SYNTHETIC_OPERATIONAL_RECORD
DISP-00693,RCPT-2026-10692,MED-0181,Paracetamol 500mg (Formula 181),BATCH-0037,LEV136,2026-10-11,CUST-0093,Ramesh Iyer,+91 9751551377,15,46.0,690.0,PHARM-HIST-0017,Varun Shenoy,2026-06-27T15:42:00Z,2026-06-27,True,pharmaflow-main,SYNTHETIC_OPERATIONAL_RECORD
DISP-00694,RCPT-2026-10693,MED-0182,Paracetamol 650mg (Dolo 650) (Formula 182),BATCH-0038,AZI137,2026-10-15,CUST-0094,Sangeetha Reddy,+91 9012446861,5,57.2,286.0,PHARM-HIST-0018,Geetha Radhakrishnan,2026-06-28T10:13:00Z,2026-06-28,True,pharmaflow-main,SYNTHETIC_OPERATIONAL_RECORD
DISP-00695,RCPT-2026-10694,MED-0183,Vitamin D3 60K (Calcirol) (Formula 183),BATCH-0039,AZI138,2026-10-12,CUST-0095,Vijay Gowda,+91 9928463709,5,80.0,400.0,PHARM-HIST-0019,Manoj Patil,2026-07-29T16:36:00Z,2026-07-29,True,pharmaflow-main,SYNTHETIC_OPERATIONAL_RECORD
DISP-00696,RCPT-2026-10695,MED-0184,Amoxicillin 500mg (Novamox) (Formula 184),BATCH-0040,MET139,2026-10-13,CUST-0096,Sandhya Desai,+91 9490161060,10,118.2,1182.0,PHARM-HIST-0020,Harini Sundaram,2026-08-18T03:49:00Z,2026-08-18,True,pharmaflow-main,SYNTHETIC_OPERATIONAL_RECORD
DISP-00697,RCPT-2026-10696,MED-0185,Amoxicillin + Clavulanic Acid 625mg (Augmentin) (Formula 185),BATCH-0041,MET140,2026-10-13,CUST-0097,Prashanth Shenoy,+91 8058895439,5,211.4,1057.0,PHARM-HIST-0021,Suresh Prabhu,2026-07-01T23:55:00Z,2026-07-01,True,pharmaflow-main,SYNTHETIC_OPERATIONAL_RECORD
DISP-00698,RCPT-2026-10697,MED-0186,Cetirizine 10mg (Cetzine) (Formula 186),BATCH-0042,PAN141,2026-10-09,CUST-0098,Swetha Krishnan,+91 9951536077,20,51.6,1032.0,PHARM-HIST-0022,Deepa Namboodiri,2026-06-21T05:50:00Z,2026-06-21,True,pharmaflow-main,SYNTHETIC_OPERATIONAL_RECORD
DISP-00699,RCPT-2026-10698,MED-0187,Levocetirizine 5mg (Levocet) (Formula 187),BATCH-0043,PAN142,2026-10-14,CUST-0099,Rajesh Sharma,+91 8077498993,10,70.8,708.0,PHARM-HIST-0023,Raghavendra Rao,2026-06-30T23:42:00Z,2026-06-30,True,pharmaflow-main,SYNTHETIC_OPERATIONAL_RECORD
DISP-00700,RCPT-2026-10699,MED-0188,Azithromycin 250mg (Azee 250) (Formula 188),BATCH-0044,OME143,2026-10-14,CUST-0100,Nandini Rao,+91 7059823245,20,161.0,3220.0,PHARM-KA-2022-7212,Deepak R,2026-09-23T02:29:00Z,2026-09-23,True,pharmaflow-main,SYNTHETIC_OPERATIONAL_RECORD
DISP-00701,RCPT-2026-10700,MED-0189,Azithromycin 500mg (Azithral 500) (Formula 189),BATCH-0045,TEL144,2026-10-13,CUST-0101,Rahul Menon,+91 7078901038,30,234.2,7026.0,PHARM-KA-2022-7212,Deepak R,2026-07-06T02:03:00Z,2026-07-06,True,pharmaflow-main,SYNTHETIC_OPERATIONAL_RECORD
DISP-00702,RCPT-2026-10701,MED-0190,Metformin 500mg (Glycomet 500) (Formula 190),BATCH-0046,TEL145,2026-10-09,CUST-0102,Priya Verma,+91 8017148018,5,55.0,275.0,PHARM-KA-2022-7212,Deepak R,2026-09-22T00:18:00Z,2026-09-22,True,pharmaflow-main,SYNTHETIC_OPERATIONAL_RECORD
DISP-00703,RCPT-2026-10702,MED-0191,Metformin 1000mg SR (Glucophage) (Formula 191),BATCH-0047,ATO146,2026-10-17,CUST-0103,Arun Hegde,+91 9913783268,10,85.2,852.0,PHARM-HIST-0002,Sneha Rao,2026-06-24T00:28:00Z,2026-06-24,True,pharmaflow-main,SYNTHETIC_OPERATIONAL_RECORD
DISP-00704,RCPT-2026-10703,MED-0192,Pantoprazole 40mg (Pan 40) (Formula 192),BATCH-0048,ROS147,2026-10-16,CUST-0104,Kavya Gupta,+91 7028628439,20,111.4,2228.0,PHARM-HIST-0003,Karthik Subramanian,2026-08-06T21:04:00Z,2026-08-06,True,pharmaflow-main,SYNTHETIC_OPERATIONAL_RECORD
DISP-00705,RCPT-2026-10704,MED-0193,Pantoprazole + Domperidone (Pan-D) (Formula 193),BATCH-0049,CIP148,2026-10-11,CUST-0105,Meena Joshi,+91 9638944689,30,187.6,5628.0,PHARM-HIST-0004,Divya Menon,2026-08-09T03:24:00Z,2026-08-09,True,pharmaflow-main,SYNTHETIC_OPERATIONAL_RECORD
DISP-00706,RCPT-2026-10705,MED-0194,Omeprazole 20mg (Omez) (Formula 194),BATCH-0050,OFL149,2026-10-12,CUST-0106,Deepak Nair,+91 9716408822,20,87.8,1756.0,PHARM-HIST-0005,Rohan Mehta,2026-08-15T09:12:00Z,2026-08-15,True,pharmaflow-main,SYNTHETIC_OPERATIONAL_RECORD
DISP-00707,RCPT-2026-10706,MED-0195,Telmisartan 40mg (Telma 40) (Formula 195),BATCH-0051,MON150,2026-10-14,CUST-0107,Manish Patel,+91 9894819556,10,138.0,1380.0,PHARM-HIST-0006,Ananya Sharma,2026-06-27T00:21:00Z,2026-06-27,True,pharmaflow-main,SYNTHETIC_OPERATIONAL_RECORD
DISP-00708,RCPT-2026-10707,MED-0196,Telmisartan + Amlodipine (Telma-AM) (Formula 196),BATCH-0052,IBU151,2026-10-10,CUST-0108,Deeps Sundaram,+91 9042287985,5,191.2,956.0,PHARM-HIST-0007,Venkatesh Iyer,2026-08-13T15:33:00Z,2026-08-13,True,pharmaflow-main,SYNTHETIC_OPERATIONAL_RECORD
DISP-00709,RCPT-2026-10708,MED-0197,Atorvastatin 10mg (Atorva 10) (Formula 197),BATCH-0053,ACE152,2026-10-10,CUST-0109,Suresh Pillai,+91 9780606503,20,138.0,2760.0,PHARM-KA-2022-7212,Deepak R,2026-10-02T19:39:00Z,2026-10-02,True,pharmaflow-main,SYNTHETIC_OPERATIONAL_RECORD
DISP-00710,RCPT-2026-10709,MED-0198,Rosuvastatin 10mg (Rosuvas 10) (Formula 198),BATCH-0054,VIL153,2026-10-16,CUST-0110,Lakshmi Bhat,+91 8060103798,10,171.2,1712.0,PHARM-HIST-0009,Sanjay Nambiar,2026-07-14T04:19:00Z,2026-07-14,True,pharmaflow-main,SYNTHETIC_OPERATIONAL_RECORD
DISP-00711,RCPT-2026-10710,MED-0199,Ciprofloxacin 500mg (Ciplox 500) (Formula 199),BATCH-0055,RAB154,2026-10-10,CUST-0111,Vignesh Murthy,+91 9788101741,30,94.4,2832.0,PHARM-HIST-0010,Meera Krishnan,2026-06-10T20:27:00Z,2026-06-10,True,pharmaflow-main,SYNTHETIC_OPERATIONAL_RECORD
DISP-00712,RCPT-2026-10711,MED-0200,Ofloxacin + Ornidazole (O2) (Formula 200),BATCH-0056,COU155,2026-10-11,CUST-0112,Anitha Kumar,+91 9096274567,20,151.6,3032.0,PHARM-KA-2022-7212,Deepak R,2026-09-28T02:31:00Z,2026-09-28,True,pharmaflow-main,SYNTHETIC_OPERATIONAL_RECORD
DISP-00713,RCPT-2026-10712,MED-0201,Montelukast + Levocetirizine (Montair-LC) (Formula 201),BATCH-0057,ORA156,2026-10-15,CUST-0113,Ramesh Iyer,+91 9771428713,10,207.8,2078.0,PHARM-KA-2022-7212,Deepak R,2026-09-27T20:41:00Z,2026-09-27,True,pharmaflow-main,SYNTHETIC_OPERATIONAL_RECORD
DISP-00714,RCPT-2026-10713,MED-0202,Ibuprofen 400mg (Brufen 400) (Formula 202),BATCH-0058,MUL157,2026-10-15,CUST-0114,Sangeetha Reddy,+91 9679173614,15,51.0,765.0,PHARM-KA-2022-7212,Deepak R,2026-09-21T14:03:00Z,2026-09-21,True,pharmaflow-main,SYNTHETIC_OPERATIONAL_RECORD
DISP-00715,RCPT-2026-10714,MED-0203,Aceclofenac + Paracetamol (Zerodol-P) (Formula 203),BATCH-0059,THY158,2026-10-11,CUST-0115,Vijay Gowda,+91 9016416148,20,111.2,2224.0,PHARM-HIST-0014,Shalini Verma,2026-06-23T04:27:00Z,2026-06-23,True,pharmaflow-main,SYNTHETIC_OPERATIONAL_RECORD
DISP-00716,RCPT-2026-10715,MED-0204,Vildagliptin + Metformin (Galvus Met) (Formula 204),BATCH-0060,CLO159,2026-10-11,CUST-0116,Sandhya Desai,+91 8069020451,30,298.0,8940.0,PHARM-HIST-0015,Gautam Pillai,2026-08-31T17:57:00Z,2026-08-31,True,pharmaflow-main,SYNTHETIC_OPERATIONAL_RECORD
DISP-00717,RCPT-2026-10716,MED-0205,Rabeprazole 20mg (Razo 20) (Formula 205),BATCH-0061,PAR160,2026-10-13,CUST-0117,Prashanth Shenoy,+91 9621087928,5,141.2,706.0,PHARM-KA-2022-7212,Deepak R,2026-09-29T10:28:00Z,2026-09-29,True,pharmaflow-main,SYNTHETIC_OPERATIONAL_RECORD
DISP-00718,RCPT-2026-10717,MED-0206,Cough Syrup (Ascoril-D) (Formula 206),BATCH-0062,PAR161,2026-10-17,CUST-0118,Swetha Krishnan,+91 9023770458,5,116.4,582.0,PHARM-HIST-0017,Varun Shenoy,2026-08-03T22:34:00Z,2026-08-03,True,pharmaflow-main,SYNTHETIC_OPERATIONAL_RECORD
DISP-00719,RCPT-2026-10718,MED-0207,Oral Rehydration Salts (Electral ORS) (Formula 207),BATCH-0063,VIT162,2026-10-13,CUST-0119,Rajesh Sharma,+91 8032366682,30,32.1,963.0,PHARM-HIST-0018,Geetha Radhakrishnan,2026-08-09T14:14:00Z,2026-08-09,True,pharmaflow-main,SYNTHETIC_OPERATIONAL_RECORD
DISP-00720,RCPT-2026-10719,MED-0208,Multivitamin + Zinc (Becadexamin) (Formula 208),BATCH-0064,AMO163,2026-10-12,CUST-0120,Nandini Rao,+91 8046850196,15,64.8,972.0,PHARM-HIST-0019,Manoj Patil,2026-06-26T03:38:00Z,2026-06-26,True,pharmaflow-main,SYNTHETIC_OPERATIONAL_RECORD
DISP-00721,RCPT-2026-10720,MED-0209,Thyroxine Sodium 50mcg (Thyronorm 50) (Formula 209),BATCH-0065,AMO164,2026-10-12,CUST-0121,Rahul Menon,+91 9414179623,30,171.0,5130.0,PHARM-HIST-0020,Harini Sundaram,2026-07-26T09:11:00Z,2026-07-26,True,pharmaflow-main,SYNTHETIC_OPERATIONAL_RECORD
DISP-00722,RCPT-2026-10721,MED-0210,Clopidogrel 75mg (Clopilet 75) (Formula 210),BATCH-0066,CET165,2026-10-19,CUST-0122,Priya Verma,+91 9058607028,20,181.2,3624.0,PHARM-KA-2022-7212,Deepak R,2026-10-06T08:13:00Z,2026-10-06,True,pharmaflow-main,SYNTHETIC_OPERATIONAL_RECORD
DISP-00723,RCPT-2026-10722,MED-0211,Paracetamol 500mg (Formula 211),BATCH-0067,LEV166,2026-10-30,CUST-0123,Arun Hegde,+91 9069584522,20,30.0,600.0,PHARM-KA-2022-7212,Deepak R,2026-09-16T06:07:00Z,2026-09-16,True,pharmaflow-main,SYNTHETIC_OPERATIONAL_RECORD
DISP-00724,RCPT-2026-10723,MED-0212,Paracetamol 650mg (Dolo 650) (Formula 212),BATCH-0068,AZI167,2026-10-30,CUST-0124,Kavya Gupta,+91 9643502308,15,41.2,618.0,PHARM-KA-2022-7212,Deepak R,2026-10-03T09:34:00Z,2026-10-03,True,pharmaflow-main,SYNTHETIC_OPERATIONAL_RECORD
DISP-00725,RCPT-2026-10724,MED-0213,Vitamin D3 60K (Calcirol) (Formula 213),BATCH-0069,AZI168,2026-10-31,CUST-0125,Meena Joshi,+91 9644935501,20,86.4,1728.0,PHARM-HIST-0024,Kavita Acharya,2026-08-28T17:14:00Z,2026-08-28,True,pharmaflow-main,SYNTHETIC_OPERATIONAL_RECORD
DISP-00726,RCPT-2026-10725,MED-0214,Amoxicillin 500mg (Novamox) (Formula 214),BATCH-0070,MET169,2026-10-29,CUST-0126,Deepak Nair,+91 9728217159,30,124.6,3738.0,PHARM-KA-2022-7212,Deepak R,2026-07-03T14:32:00Z,2026-07-03,True,pharmaflow-main,SYNTHETIC_OPERATIONAL_RECORD
DISP-00727,RCPT-2026-10726,MED-0215,Amoxicillin + Clavulanic Acid 625mg (Augmentin) (Formula 215),BATCH-0071,MET170,2026-10-27,CUST-0127,Manish Patel,+91 9099635939,10,217.8,2178.0,PHARM-HIST-0001,Aravind Swaminathan,2026-06-27T03:39:00Z,2026-06-27,True,pharmaflow-main,SYNTHETIC_OPERATIONAL_RECORD
DISP-00728,RCPT-2026-10727,MED-0216,Cetirizine 10mg (Cetzine) (Formula 216),BATCH-0072,PAN171,2026-11-04,CUST-0128,Deeps Sundaram,+91 9458518659,30,58.0,1740.0,PHARM-KA-2022-7212,Deepak R,2026-09-11T06:55:00Z,2026-09-11,True,pharmaflow-main,SYNTHETIC_OPERATIONAL_RECORD
DISP-00729,RCPT-2026-10728,MED-0217,Levocetirizine 5mg (Levocet) (Formula 217),BATCH-0073,PAN172,2026-10-26,CUST-0129,Suresh Pillai,+91 9858438711,20,77.2,1544.0,PHARM-HIST-0003,Karthik Subramanian,2026-09-04T14:54:00Z,2026-09-04,True,pharmaflow-main,SYNTHETIC_OPERATIONAL_RECORD
DISP-00730,RCPT-2026-10729,MED-0218,Azithromycin 250mg (Azee 250) (Formula 218),BATCH-0074,OME173,2026-10-26,CUST-0130,Lakshmi Bhat,+91 9751512297,20,145.0,2900.0,PHARM-HIST-0004,Divya Menon,2026-08-01T12:00:00Z,2026-08-01,True,pharmaflow-main,SYNTHETIC_OPERATIONAL_RECORD
DISP-00731,RCPT-2026-10730,MED-0219,Azithromycin 500mg (Azithral 500) (Formula 219),BATCH-0075,TEL174,2026-10-26,CUST-0131,Vignesh Murthy,+91 9726821075,20,218.2,4364.0,PHARM-KA-2022-7212,Deepak R,2026-09-24T11:50:00Z,2026-09-24,True,pharmaflow-main,SYNTHETIC_OPERATIONAL_RECORD
DISP-00732,RCPT-2026-10731,MED-0220,Metformin 500mg (Glycomet 500) (Formula 220),BATCH-0076,TEL175,2026-10-31,CUST-0132,Anitha Kumar,+91 9483994695,30,61.4,1842.0,PHARM-HIST-0006,Ananya Sharma,2026-08-10T13:35:00Z,2026-08-10,True,pharmaflow-main,SYNTHETIC_OPERATIONAL_RECORD
DISP-00733,RCPT-2026-10732,MED-0221,Metformin 1000mg SR (Glucophage) (Formula 221),BATCH-0077,ATO176,2026-10-24,CUST-0133,Ramesh Iyer,+91 9779538491,30,91.6,2748.0,PHARM-HIST-0007,Venkatesh Iyer,2026-07-07T20:41:00Z,2026-07-07,True,pharmaflow-main,SYNTHETIC_OPERATIONAL_RECORD
DISP-00734,RCPT-2026-10733,MED-0222,Pantoprazole 40mg (Pan 40) (Formula 222),BATCH-0078,ROS177,2026-10-30,CUST-0134,Sangeetha Reddy,+91 9620584397,20,117.8,2356.0,PHARM-HIST-0008,Pooja Hegde,2026-06-25T16:37:00Z,2026-06-25,True,pharmaflow-main,SYNTHETIC_OPERATIONAL_RECORD
DISP-00735,RCPT-2026-10734,MED-0223,Pantoprazole + Domperidone (Pan-D) (Formula 223),BATCH-0079,CIP178,2026-11-06,CUST-0135,Vijay Gowda,+91 9777454225,10,194.0,1940.0,PHARM-HIST-0009,Sanjay Nambiar,2026-06-28T02:55:00Z,2026-06-28,True,pharmaflow-main,SYNTHETIC_OPERATIONAL_RECORD
DISP-00736,RCPT-2026-10735,MED-0224,Omeprazole 20mg (Omez) (Formula 224),BATCH-0080,OFL179,2026-11-03,CUST-0136,Sandhya Desai,+91 9820901547,5,94.2,471.0,PHARM-KA-2022-7212,Deepak R,2026-09-21T11:48:00Z,2026-09-21,True,pharmaflow-main,SYNTHETIC_OPERATIONAL_RECORD
DISP-00737,RCPT-2026-10736,MED-0225,Telmisartan 40mg (Telma 40) (Formula 225),BATCH-0081,MON180,2026-11-03,CUST-0137,Prashanth Shenoy,+91 9876845536,10,122.0,1220.0,PHARM-HIST-0011,Aditya Kulkarni,2026-06-26T11:16:00Z,2026-06-26,True,pharmaflow-main,SYNTHETIC_OPERATIONAL_RECORD
DISP-00738,RCPT-2026-10737,MED-0226,Telmisartan + Amlodipine (Telma-AM) (Formula 226),BATCH-0082,IBU181,2026-10-26,CUST-0138,Swetha Krishnan,+91 8049920898,20,175.2,3504.0,PHARM-HIST-0012,Swati Deshmukh,2026-06-21T11:47:00Z,2026-06-21,True,pharmaflow-main,SYNTHETIC_OPERATIONAL_RECORD
DISP-00739,RCPT-2026-10738,MED-0227,Atorvastatin 10mg (Atorva 10) (Formula 227),BATCH-0083,ACE182,2026-11-04,CUST-0139,Rajesh Sharma,+91 7037383505,10,144.4,1444.0,PHARM-HIST-0013,Nikhil Bhat,2026-07-17T07:19:00Z,2026-07-17,True,pharmaflow-main,SYNTHETIC_OPERATIONAL_RECORD
DISP-00740,RCPT-2026-10739,MED-0228,Rosuvastatin 10mg (Rosuvas 10) (Formula 228),BATCH-0084,VIL183,2026-11-07,CUST-0140,Nandini Rao,+91 9459733063,30,177.6,5328.0,PHARM-HIST-0014,Shalini Verma,2026-08-13T15:06:00Z,2026-08-13,True,pharmaflow-main,SYNTHETIC_OPERATIONAL_RECORD
DISP-00741,RCPT-2026-10740,MED-0229,Ciprofloxacin 500mg (Ciplox 500) (Formula 229),BATCH-0085,RAB184,2026-10-29,CUST-0141,Rahul Menon,+91 9670343755,20,100.8,2016.0,PHARM-KA-2022-7212,Deepak R,2026-09-14T09:41:00Z,2026-09-14,True,pharmaflow-main,SYNTHETIC_OPERATIONAL_RECORD
DISP-00742,RCPT-2026-10741,MED-0230,Ofloxacin + Ornidazole (O2) (Formula 230),BATCH-0086,COU185,2026-10-29,CUST-0142,Priya Verma,+91 8043322272,5,158.0,790.0,PHARM-KA-2022-7212,Deepak R,2026-09-19T20:33:00Z,2026-09-19,True,pharmaflow-main,SYNTHETIC_OPERATIONAL_RECORD
DISP-00743,RCPT-2026-10742,MED-0231,Montelukast + Levocetirizine (Montair-LC) (Formula 231),BATCH-0087,ORA186,2026-11-06,CUST-0143,Arun Hegde,+91 7079085198,10,214.2,2142.0,PHARM-KA-2022-7212,Deepak R,2026-09-24T06:03:00Z,2026-09-24,True,pharmaflow-main,SYNTHETIC_OPERATIONAL_RECORD
DISP-00744,RCPT-2026-10743,MED-0232,Ibuprofen 400mg (Brufen 400) (Formula 232),BATCH-0088,MUL187,2026-11-04,CUST-0144,Kavya Gupta,+91 7042310051,20,35.0,700.0,PHARM-HIST-0018,Geetha Radhakrishnan,2026-07-05T13:32:00Z,2026-07-05,True,pharmaflow-main,SYNTHETIC_OPERATIONAL_RECORD
DISP-00745,RCPT-2026-10744,MED-0233,Aceclofenac + Paracetamol (Zerodol-P) (Formula 233),BATCH-0089,THY188,2026-10-31,CUST-0145,Meena Joshi,+91 7048352498,20,95.2,1904.0,PHARM-HIST-0019,Manoj Patil,2026-08-09T11:05:00Z,2026-08-09,True,pharmaflow-main,SYNTHETIC_OPERATIONAL_RECORD
DISP-00746,RCPT-2026-10745,MED-0234,Vildagliptin + Metformin (Galvus Met) (Formula 234),BATCH-0090,CLO189,2026-10-28,CUST-0146,Deepak Nair,+91 9064123845,15,304.4,4566.0,PHARM-HIST-0020,Harini Sundaram,2026-07-26T04:48:00Z,2026-07-26,True,pharmaflow-main,SYNTHETIC_OPERATIONAL_RECORD
DISP-00747,RCPT-2026-10746,MED-0235,Rabeprazole 20mg (Razo 20) (Formula 235),BATCH-0091,PAR190,2026-11-01,CUST-0147,Manish Patel,+91 9619869264,15,147.6,2214.0,PHARM-HIST-0021,Suresh Prabhu,2026-07-27T23:57:00Z,2026-07-27,True,pharmaflow-main,SYNTHETIC_OPERATIONAL_RECORD
DISP-00748,RCPT-2026-10747,MED-0236,Cough Syrup (Ascoril-D) (Formula 236),BATCH-0092,PAR191,2026-10-29,CUST-0148,Deeps Sundaram,+91 9727268907,20,122.8,2456.0,PHARM-KA-2022-7212,Deepak R,2026-10-07T08:20:00Z,2026-10-07,True,pharmaflow-main,SYNTHETIC_OPERATIONAL_RECORD
DISP-00749,RCPT-2026-10748,MED-0237,Oral Rehydration Salts (Electral ORS) (Formula 237),BATCH-0093,VIT192,2026-11-07,CUST-0149,Suresh Pillai,+91 8077119320,30,38.5,1155.0,PHARM-HIST-0023,Raghavendra Rao,2026-08-15T20:13:00Z,2026-08-15,True,pharmaflow-main,SYNTHETIC_OPERATIONAL_RECORD
DISP-00750,RCPT-2026-10749,MED-0238,Multivitamin + Zinc (Becadexamin) (Formula 238),BATCH-0094,AMO193,2026-10-31,CUST-0150,Lakshmi Bhat,+91 7029990477,15,71.2,1068.0,PHARM-HIST-0024,Kavita Acharya,2026-07-23T12:25:00Z,2026-07-23,True,pharmaflow-main,SYNTHETIC_OPERATIONAL_RECORD
DISP-00751,RCPT-2026-10750,MED-0239,Thyroxine Sodium 50mcg (Thyronorm 50) (Formula 239),BATCH-0095,AMO194,2026-10-28,CUST-0001,Rahul Kumar,+91 98450 48123,20,155.0,3100.0,PHARM-KA-2022-7212,Deepak R,2026-10-03T20:35:00Z,2026-10-03,True,pharmaflow-main,SYNTHETIC_OPERATIONAL_RECORD
DISP-00752,RCPT-2026-10751,MED-0240,Clopidogrel 75mg (Clopilet 75) (Formula 240),BATCH-0096,CET195,2026-11-06,CUST-0002,Priya Sharma,+91 97312 90342,30,165.2,4956.0,PHARM-HIST-0001,Aravind Swaminathan,2026-08-03T17:14:00Z,2026-08-03,True,pharmaflow-main,SYNTHETIC_OPERATIONAL_RECORD
DISP-00753,RCPT-2026-10752,MED-0241,Paracetamol 500mg (Formula 241),BATCH-0097,LEV196,2026-11-06,CUST-0003,Arun Kumar,+91 94480 77109,20,36.4,728.0,PHARM-HIST-0002,Sneha Rao,2026-06-10T14:03:00Z,2026-06-10,True,pharmaflow-main,SYNTHETIC_OPERATIONAL_RECORD
DISP-00754,RCPT-2026-10753,MED-0242,Paracetamol 650mg (Dolo 650) (Formula 242),BATCH-0098,AZI197,2026-11-07,CUST-0004,Kavya S,+91 99001 22584,30,47.6,1428.0,PHARM-KA-2022-7212,Deepak R,2026-09-08T13:57:00Z,2026-09-08,True,pharmaflow-main,SYNTHETIC_OPERATIONAL_RECORD
DISP-00755,RCPT-2026-10754,MED-0243,Vitamin D3 60K (Calcirol) (Formula 243),BATCH-0099,AZI198,2026-10-22,CUST-0005,Meena Devi,+91 96114 64190,15,92.8,1392.0,PHARM-KA-2022-7212,Deepak R,2026-10-05T22:24:00Z,2026-10-05,True,pharmaflow-main,SYNTHETIC_OPERATIONAL_RECORD
DISP-00756,RCPT-2026-10755,MED-0244,Amoxicillin 500mg (Novamox) (Formula 244),BATCH-0100,MET199,2026-10-21,CUST-0006,Deepak,+91 93845 99028,20,131.0,2620.0,PHARM-HIST-0005,Rohan Mehta,2026-07-30T09:43:00Z,2026-07-30,True,pharmaflow-main,SYNTHETIC_OPERATIONAL_RECORD
DISP-00757,RCPT-2026-10756,MED-0245,Amoxicillin + Clavulanic Acid 625mg (Augmentin) (Formula 245),BATCH-0101,MET200,2026-10-24,CUST-0007,Manish,+91 90802 04902,20,224.2,4484.0,PHARM-HIST-0006,Ananya Sharma,2026-06-16T20:53:00Z,2026-06-16,True,pharmaflow-main,SYNTHETIC_OPERATIONAL_RECORD
DISP-00758,RCPT-2026-10757,MED-0246,Cetirizine 10mg (Cetzine) (Formula 246),BATCH-0102,PAN201,2026-11-02,CUST-0008,Deeps,+91 80988 51999,20,42.0,840.0,PHARM-HIST-0007,Venkatesh Iyer,2026-07-20T15:38:00Z,2026-07-20,True,pharmaflow-main,SYNTHETIC_OPERATIONAL_RECORD
DISP-00759,RCPT-2026-10758,MED-0247,Levocetirizine 5mg (Levocet) (Formula 247),BATCH-0103,PAN202,2026-10-26,CUST-0009,Suresh Pillai,+91 9445652586,10,61.2,612.0,PHARM-HIST-0008,Pooja Hegde,2026-07-10T22:59:00Z,2026-07-10,True,pharmaflow-main,SYNTHETIC_OPERATIONAL_RECORD
DISP-00760,RCPT-2026-10759,MED-0248,Azithromycin 250mg (Azee 250) (Formula 248),BATCH-0104,OME203,2026-10-27,CUST-0010,Lakshmi Bhat,+91 9668942178,20,151.4,3028.0,PHARM-HIST-0009,Sanjay Nambiar,2026-09-01T12:48:00Z,2026-09-01,True,pharmaflow-main,SYNTHETIC_OPERATIONAL_RECORD
DISP-00761,RCPT-2026-10760,MED-0249,Azithromycin 500mg (Azithral 500) (Formula 249),BATCH-0105,TEL204,2026-10-20,CUST-0011,Vignesh Murthy,+91 7068755000,30,224.6,6738.0,PHARM-HIST-0010,Meera Krishnan,2026-08-24T21:46:00Z,2026-08-24,True,pharmaflow-main,SYNTHETIC_OPERATIONAL_RECORD
DISP-00762,RCPT-2026-10761,MED-0250,Metformin 500mg (Glycomet 500) (Formula 250),BATCH-0106,TEL205,2026-11-01,CUST-0012,Anitha Kumar,+91 9822257687,15,67.8,1017.0,PHARM-KA-2022-7212,Deepak R,2026-09-09T17:02:00Z,2026-09-09,True,pharmaflow-main,SYNTHETIC_OPERATIONAL_RECORD
DISP-00763,RCPT-2026-10762,MED-0251,Metformin 1000mg SR (Glucophage) (Formula 251),BATCH-0107,ATO206,2026-10-31,CUST-0013,Ramesh Iyer,+91 9473149551,20,98.0,1960.0,PHARM-HIST-0012,Swati Deshmukh,2026-06-12T16:06:00Z,2026-06-12,True,pharmaflow-main,SYNTHETIC_OPERATIONAL_RECORD
DISP-00764,RCPT-2026-10763,MED-0252,Pantoprazole 40mg (Pan 40) (Formula 252),BATCH-0108,ROS207,2026-10-22,CUST-0014,Sangeetha Reddy,+91 7022246348,20,124.2,2484.0,PHARM-KA-2022-7212,Deepak R,2026-09-22T02:14:00Z,2026-09-22,True,pharmaflow-main,SYNTHETIC_OPERATIONAL_RECORD
DISP-00765,RCPT-2026-10764,MED-0253,Pantoprazole + Domperidone (Pan-D) (Formula 253),BATCH-0109,CIP208,2026-11-06,CUST-0015,Vijay Gowda,+91 9065250068,15,178.0,2670.0,PHARM-HIST-0014,Shalini Verma,2026-08-15T14:19:00Z,2026-08-15,True,pharmaflow-main,SYNTHETIC_OPERATIONAL_RECORD
DISP-00766,RCPT-2026-10765,MED-0254,Omeprazole 20mg (Omez) (Formula 254),BATCH-0110,OFL209,2026-10-26,CUST-0016,Sandhya Desai,+91 7021819185,10,78.2,782.0,PHARM-HIST-0015,Gautam Pillai,2026-06-28T20:09:00Z,2026-06-28,True,pharmaflow-main,SYNTHETIC_OPERATIONAL_RECORD
DISP-00767,RCPT-2026-10766,MED-0255,Telmisartan 40mg (Telma 40) (Formula 255),BATCH-0111,MON210,2026-10-20,CUST-0017,Prashanth Shenoy,+91 7065465150,5,128.4,642.0,PHARM-HIST-0016,Rashmi Nair,2026-07-21T05:42:00Z,2026-07-21,True,pharmaflow-main,SYNTHETIC_OPERATIONAL_RECORD
DISP-00768,RCPT-2026-10767,MED-0256,Telmisartan + Amlodipine (Telma-AM) (Formula 256),BATCH-0112,IBU211,2026-10-27,CUST-0018,Swetha Krishnan,+91 9945843681,10,181.6,1816.0,PHARM-HIST-0017,Varun Shenoy,2026-07-14T20:52:00Z,2026-07-14,True,pharmaflow-main,SYNTHETIC_OPERATIONAL_RECORD
DISP-00769,RCPT-2026-10768,MED-0257,Atorvastatin 10mg (Atorva 10) (Formula 257),BATCH-0113,ACE212,2026-10-24,CUST-0019,Rajesh Sharma,+91 9931257157,20,150.8,3016.0,PHARM-KA-2022-7212,Deepak R,2026-09-13T06:22:00Z,2026-09-13,True,pharmaflow-main,SYNTHETIC_OPERATIONAL_RECORD
DISP-00770,RCPT-2026-10769,MED-0258,Rosuvastatin 10mg (Rosuvas 10) (Formula 258),BATCH-0114,VIL213,2026-11-05,CUST-0020,Nandini Rao,+91 9771934487,15,184.0,2760.0,PHARM-KA-2022-7212,Deepak R,2026-09-25T22:29:00Z,2026-09-25,True,pharmaflow-main,SYNTHETIC_OPERATIONAL_RECORD
DISP-00771,RCPT-2026-10770,MED-0259,Ciprofloxacin 500mg (Ciplox 500) (Formula 259),BATCH-0115,RAB214,2026-11-07,CUST-0021,Rahul Menon,+91 9665766169,5,107.2,536.0,PHARM-HIST-0020,Harini Sundaram,2026-09-08T05:25:00Z,2026-09-08,True,pharmaflow-main,SYNTHETIC_OPERATIONAL_RECORD
DISP-00772,RCPT-2026-10771,MED-0260,Ofloxacin + Ornidazole (O2) (Formula 260),BATCH-0116,COU215,2026-11-01,CUST-0022,Priya Verma,+91 8035583290,15,142.0,2130.0,PHARM-KA-2022-7212,Deepak R,2026-10-06T00:04:00Z,2026-10-06,True,pharmaflow-main,SYNTHETIC_OPERATIONAL_RECORD
DISP-00773,RCPT-2026-10772,MED-0261,Montelukast + Levocetirizine (Montair-LC) (Formula 261),BATCH-0117,ORA216,2026-10-24,CUST-0023,Arun Hegde,+91 9610344303,10,198.2,1982.0,PHARM-HIST-0022,Deepa Namboodiri,2026-08-23T14:50:00Z,2026-08-23,True,pharmaflow-main,SYNTHETIC_OPERATIONAL_RECORD
DISP-00774,RCPT-2026-10773,MED-0262,Ibuprofen 400mg (Brufen 400) (Formula 262),BATCH-0118,MUL217,2026-10-25,CUST-0024,Kavya Gupta,+91 7056321751,5,41.4,207.0,PHARM-HIST-0023,Raghavendra Rao,2026-06-24T19:58:00Z,2026-06-24,True,pharmaflow-main,SYNTHETIC_OPERATIONAL_RECORD
DISP-00775,RCPT-2026-10774,MED-0263,Aceclofenac + Paracetamol (Zerodol-P) (Formula 263),BATCH-0119,THY218,2026-11-05,CUST-0025,Meena Joshi,+91 9986745380,30,101.6,3048.0,PHARM-HIST-0024,Kavita Acharya,2026-08-25T22:53:00Z,2026-08-25,True,pharmaflow-main,SYNTHETIC_OPERATIONAL_RECORD
DISP-00776,RCPT-2026-10775,MED-0264,Vildagliptin + Metformin (Galvus Met) (Formula 264),BATCH-0120,CLO219,2026-10-28,CUST-0026,Deepak Nair,+91 8061818612,10,310.8,3108.0,PHARM-KA-2022-7212,Deepak R,2026-09-09T08:25:00Z,2026-09-09,True,pharmaflow-main,SYNTHETIC_OPERATIONAL_RECORD
DISP-00777,RCPT-2026-10776,MED-0265,Rabeprazole 20mg (Razo 20) (Formula 265),BATCH-0121,PAR220,2026-12-28,CUST-0027,Manish Patel,+91 9023470708,15,154.0,2310.0,PHARM-HIST-0001,Aravind Swaminathan,2026-08-07T03:39:00Z,2026-08-07,True,pharmaflow-main,SYNTHETIC_OPERATIONAL_RECORD
DISP-00778,RCPT-2026-10777,MED-0266,Cough Syrup (Ascoril-D) (Formula 266),BATCH-0122,PAR221,2027-04-14,CUST-0028,Deeps Sundaram,+91 9465026398,30,129.2,3876.0,PHARM-HIST-0002,Sneha Rao,2026-07-02T10:11:00Z,2026-07-02,True,pharmaflow-main,SYNTHETIC_OPERATIONAL_RECORD
DISP-00779,RCPT-2026-10778,MED-0267,Oral Rehydration Salts (Electral ORS) (Formula 267),BATCH-0123,VIT222,2028-01-19,CUST-0029,Suresh Pillai,+91 8097219599,30,22.5,675.0,PHARM-HIST-0003,Karthik Subramanian,2026-09-04T07:06:00Z,2026-09-04,True,pharmaflow-main,SYNTHETIC_OPERATIONAL_RECORD
DISP-00780,RCPT-2026-10779,MED-0268,Multivitamin + Zinc (Becadexamin) (Formula 268),BATCH-0124,AMO223,2028-03-13,CUST-0030,Lakshmi Bhat,+91 9741510328,5,55.2,276.0,PHARM-HIST-0004,Divya Menon,2026-07-22T14:54:00Z,2026-07-22,True,pharmaflow-main,SYNTHETIC_OPERATIONAL_RECORD
DISP-00781,RCPT-2026-10780,MED-0269,Thyroxine Sodium 50mcg (Thyronorm 50) (Formula 269),BATCH-0125,AMO224,2027-06-07,CUST-0031,Vignesh Murthy,+91 9769549527,20,161.4,3228.0,PHARM-HIST-0005,Rohan Mehta,2026-06-11T21:09:00Z,2026-06-11,True,pharmaflow-main,SYNTHETIC_OPERATIONAL_RECORD
DISP-00782,RCPT-2026-10781,MED-0270,Clopidogrel 75mg (Clopilet 75) (Formula 270),BATCH-0126,CET225,2027-01-30,CUST-0032,Anitha Kumar,+91 9658112135,30,171.6,5148.0,PHARM-HIST-0006,Ananya Sharma,2026-06-23T08:54:00Z,2026-06-23,True,pharmaflow-main,SYNTHETIC_OPERATIONAL_RECORD
DISP-00783,RCPT-2026-10782,MED-0271,Paracetamol 500mg (Formula 271),BATCH-0127,LEV226,2027-09-19,CUST-0033,Ramesh Iyer,+91 9432814819,30,42.8,1284.0,PHARM-HIST-0007,Venkatesh Iyer,2026-07-22T08:08:00Z,2026-07-22,True,pharmaflow-main,SYNTHETIC_OPERATIONAL_RECORD
DISP-00784,RCPT-2026-10783,MED-0272,Paracetamol 650mg (Dolo 650) (Formula 272),BATCH-0128,AZI227,2027-08-06,CUST-0034,Sangeetha Reddy,+91 9441163805,10,54.0,540.0,PHARM-KA-2022-7212,Deepak R,2026-10-02T19:54:00Z,2026-10-02,True,pharmaflow-main,SYNTHETIC_OPERATIONAL_RECORD
DISP-00785,RCPT-2026-10784,MED-0273,Vitamin D3 60K (Calcirol) (Formula 273),BATCH-0129,AZI228,2027-12-09,CUST-0035,Vijay Gowda,+91 9683363160,10,99.2,992.0,PHARM-HIST-0009,Sanjay Nambiar,2026-07-20T08:05:00Z,2026-07-20,True,pharmaflow-main,SYNTHETIC_OPERATIONAL_RECORD
DISP-00786,RCPT-2026-10785,MED-0274,Amoxicillin 500mg (Novamox) (Formula 274),BATCH-0130,MET229,2027-11-21,CUST-0036,Sandhya Desai,+91 9671315464,15,115.0,1725.0,PHARM-HIST-0010,Meera Krishnan,2026-06-14T00:50:00Z,2026-06-14,True,pharmaflow-main,SYNTHETIC_OPERATIONAL_RECORD
DISP-00787,RCPT-2026-10786,MED-0275,Amoxicillin + Clavulanic Acid 625mg (Augmentin) (Formula 275),BATCH-0131,MET230,2027-08-04,CUST-0037,Prashanth Shenoy,+91 8086762164,30,208.2,6246.0,PHARM-HIST-0011,Aditya Kulkarni,2026-07-09T21:12:00Z,2026-07-09,True,pharmaflow-main,SYNTHETIC_OPERATIONAL_RECORD
DISP-00788,RCPT-2026-10787,MED-0276,Cetirizine 10mg (Cetzine) (Formula 276),BATCH-0132,PAN231,2027-06-27,CUST-0038,Swetha Krishnan,+91 8046840133,5,48.4,242.0,PHARM-HIST-0012,Swati Deshmukh,2026-08-05T12:05:00Z,2026-08-05,True,pharmaflow-main,SYNTHETIC_OPERATIONAL_RECORD
DISP-00789,RCPT-2026-10788,MED-0277,Levocetirizine 5mg (Levocet) (Formula 277),BATCH-0133,PAN232,2027-04-11,CUST-0039,Rajesh Sharma,+91 9039394291,15,67.6,1014.0,PHARM-KA-2022-7212,Deepak R,2026-09-18T15:37:00Z,2026-09-18,True,pharmaflow-main,SYNTHETIC_OPERATIONAL_RECORD
DISP-00790,RCPT-2026-10789,MED-0278,Azithromycin 250mg (Azee 250) (Formula 278),BATCH-0134,OME233,2027-02-03,CUST-0040,Nandini Rao,+91 9851464269,10,157.8,1578.0,PHARM-HIST-0014,Shalini Verma,2026-06-26T07:53:00Z,2026-06-26,True,pharmaflow-main,SYNTHETIC_OPERATIONAL_RECORD
DISP-00791,RCPT-2026-10790,MED-0279,Azithromycin 500mg (Azithral 500) (Formula 279),BATCH-0135,TEL234,2028-01-05,CUST-0041,Rahul Menon,+91 9653851498,5,231.0,1155.0,PHARM-HIST-0015,Gautam Pillai,2026-08-12T22:11:00Z,2026-08-12,True,pharmaflow-main,SYNTHETIC_OPERATIONAL_RECORD
DISP-00792,RCPT-2026-10791,MED-0280,Metformin 500mg (Glycomet 500) (Formula 280),BATCH-0136,TEL235,2027-12-09,CUST-0042,Priya Verma,+91 9632084778,15,74.2,1113.0,PHARM-HIST-0016,Rashmi Nair,2026-09-06T20:39:00Z,2026-09-06,True,pharmaflow-main,SYNTHETIC_OPERATIONAL_RECORD
DISP-00793,RCPT-2026-10792,MED-0281,Metformin 1000mg SR (Glucophage) (Formula 281),BATCH-0137,ATO236,2028-03-08,CUST-0043,Arun Hegde,+91 9440281491,15,82.0,1230.0,PHARM-HIST-0017,Varun Shenoy,2026-08-05T06:55:00Z,2026-08-05,True,pharmaflow-main,SYNTHETIC_OPERATIONAL_RECORD
DISP-00794,RCPT-2026-10793,MED-0282,Pantoprazole 40mg (Pan 40) (Formula 282),BATCH-0138,ROS237,2027-09-10,CUST-0044,Kavya Gupta,+91 9845495029,20,108.2,2164.0,PHARM-HIST-0018,Geetha Radhakrishnan,2026-08-21T13:12:00Z,2026-08-21,True,pharmaflow-main,SYNTHETIC_OPERATIONAL_RECORD
DISP-00795,RCPT-2026-10794,MED-0283,Pantoprazole + Domperidone (Pan-D) (Formula 283),BATCH-0139,CIP238,2026-12-13,CUST-0045,Meena Joshi,+91 9024541967,10,184.4,1844.0,PHARM-HIST-0019,Manoj Patil,2026-08-22T15:18:00Z,2026-08-22,True,pharmaflow-main,SYNTHETIC_OPERATIONAL_RECORD
DISP-00796,RCPT-2026-10795,MED-0284,Omeprazole 20mg (Omez) (Formula 284),BATCH-0140,OFL239,2027-04-07,CUST-0046,Deepak Nair,+91 9795282470,10,84.6,846.0,PHARM-KA-2022-7212,Deepak R,2026-09-18T19:34:00Z,2026-09-18,True,pharmaflow-main,SYNTHETIC_OPERATIONAL_RECORD
DISP-00797,RCPT-2026-10796,MED-0285,Telmisartan 40mg (Telma 40) (Formula 285),BATCH-0141,MON240,2027-05-04,CUST-0047,Manish Patel,+91 9814994527,20,134.8,2696.0,PHARM-KA-2022-7212,Deepak R,2026-09-20T22:34:00Z,2026-09-20,True,pharmaflow-main,SYNTHETIC_OPERATIONAL_RECORD
DISP-00798,RCPT-2026-10797,MED-0286,Telmisartan + Amlodipine (Telma-AM) (Formula 286),BATCH-0142,IBU241,2027-03-17,CUST-0048,Deeps Sundaram,+91 8070887034,30,188.0,5640.0,PHARM-HIST-0022,Deepa Namboodiri,2026-06-15T21:06:00Z,2026-06-15,True,pharmaflow-main,SYNTHETIC_OPERATIONAL_RECORD
DISP-00799,RCPT-2026-10798,MED-0287,Atorvastatin 10mg (Atorva 10) (Formula 287),BATCH-0143,ACE242,2028-01-27,CUST-0049,Suresh Pillai,+91 9775679047,5,157.2,786.0,PHARM-HIST-0023,Raghavendra Rao,2026-06-28T14:37:00Z,2026-06-28,True,pharmaflow-main,SYNTHETIC_OPERATIONAL_RECORD
DISP-00800,RCPT-2026-10799,MED-0288,Rosuvastatin 10mg (Rosuvas 10) (Formula 288),BATCH-0144,VIL243,2027-04-08,CUST-0050,Lakshmi Bhat,+91 7041690501,5,168.0,840.0,PHARM-HIST-0024,Kavita Acharya,2026-08-13T07:11:00Z,2026-08-13,True,pharmaflow-main,SYNTHETIC_OPERATIONAL_RECORD
DISP-00801,RCPT-2026-10800,MED-0289,Ciprofloxacin 500mg (Ciplox 500) (Formula 289),BATCH-0145,RAB244,2027-01-15,CUST-0051,Vignesh Murthy,+91 9018126895,5,91.2,456.0,PHARM-KA-2022-7212,Deepak R,2026-07-08T19:56:00Z,2026-07-08,True,pharmaflow-main,SYNTHETIC_OPERATIONAL_RECORD
DISP-00802,RCPT-2026-10801,MED-0290,Ofloxacin + Ornidazole (O2) (Formula 290),BATCH-0146,COU245,2027-12-19,CUST-0052,Anitha Kumar,+91 9996128115,10,148.4,1484.0,PHARM-HIST-0001,Aravind Swaminathan,2026-08-26T01:35:00Z,2026-08-26,True,pharmaflow-main,SYNTHETIC_OPERATIONAL_RECORD
DISP-00803,RCPT-2026-10802,MED-0291,Montelukast + Levocetirizine (Montair-LC) (Formula 291),BATCH-0147,ORA246,2028-04-23,CUST-0053,Ramesh Iyer,+91 9919208698,5,204.6,1023.0,PHARM-HIST-0002,Sneha Rao,2026-08-14T10:35:00Z,2026-08-14,True,pharmaflow-main,SYNTHETIC_OPERATIONAL_RECORD
DISP-00804,RCPT-2026-10803,MED-0292,Ibuprofen 400mg (Brufen 400) (Formula 292),BATCH-0148,MUL247,2028-04-26,CUST-0054,Sangeetha Reddy,+91 9489991301,30,47.8,1434.0,PHARM-HIST-0003,Karthik Subramanian,2026-07-15T15:51:00Z,2026-07-15,True,pharmaflow-main,SYNTHETIC_OPERATIONAL_RECORD
DISP-00805,RCPT-2026-10804,MED-0293,Aceclofenac + Paracetamol (Zerodol-P) (Formula 293),BATCH-0149,THY248,2027-04-10,CUST-0055,Vijay Gowda,+91 9827690330,30,108.0,3240.0,PHARM-KA-2022-7212,Deepak R,2026-09-30T15:15:00Z,2026-09-30,True,pharmaflow-main,SYNTHETIC_OPERATIONAL_RECORD
DISP-00806,RCPT-2026-10805,MED-0294,Vildagliptin + Metformin (Galvus Met) (Formula 294),BATCH-0150,CLO249,2027-02-24,CUST-0056,Sandhya Desai,+91 9617032877,30,317.2,9516.0,PHARM-HIST-0005,Rohan Mehta,2026-08-31T22:35:00Z,2026-08-31,True,pharmaflow-main,SYNTHETIC_OPERATIONAL_RECORD
DISP-00807,RCPT-2026-10806,MED-0295,Rabeprazole 20mg (Razo 20) (Formula 295),BATCH-0151,PAR250,2027-08-27,CUST-0057,Prashanth Shenoy,+91 7058592048,15,138.0,2070.0,PHARM-HIST-0006,Ananya Sharma,2026-06-19T02:14:00Z,2026-06-19,True,pharmaflow-main,SYNTHETIC_OPERATIONAL_RECORD
DISP-00808,RCPT-2026-10807,MED-0296,Cough Syrup (Ascoril-D) (Formula 296),BATCH-0152,PAR251,2027-08-05,CUST-0058,Swetha Krishnan,+91 9671477426,15,113.2,1698.0,PHARM-HIST-0007,Venkatesh Iyer,2026-06-14T01:00:00Z,2026-06-14,True,pharmaflow-main,SYNTHETIC_OPERATIONAL_RECORD
DISP-00809,RCPT-2026-10808,MED-0297,Oral Rehydration Salts (Electral ORS) (Formula 297),BATCH-0153,VIT252,2028-03-06,CUST-0059,Rajesh Sharma,+91 9775802771,10,28.9,289.0,PHARM-HIST-0008,Pooja Hegde,2026-06-14T19:21:00Z,2026-06-14,True,pharmaflow-main,SYNTHETIC_OPERATIONAL_RECORD
DISP-00810,RCPT-2026-10809,MED-0298,Multivitamin + Zinc (Becadexamin) (Formula 298),BATCH-0154,AMO253,2027-12-25,CUST-0060,Nandini Rao,+91 9726937148,10,61.6,616.0,PHARM-HIST-0009,Sanjay Nambiar,2026-07-10T23:32:00Z,2026-07-10,True,pharmaflow-main,SYNTHETIC_OPERATIONAL_RECORD
DISP-00811,RCPT-2026-10810,MED-0299,Thyroxine Sodium 50mcg (Thyronorm 50) (Formula 299),BATCH-0155,AMO254,2026-12-17,CUST-0061,Rahul Menon,+91 8023311507,30,167.8,5034.0,PHARM-HIST-0010,Meera Krishnan,2026-06-16T18:21:00Z,2026-06-16,True,pharmaflow-main,SYNTHETIC_OPERATIONAL_RECORD
DISP-00812,RCPT-2026-10811,MED-0300,Clopidogrel 75mg (Clopilet 75) (Formula 300),BATCH-0156,CET255,2027-07-09,CUST-0062,Priya Verma,+91 9965541117,15,178.0,2670.0,PHARM-HIST-0011,Aditya Kulkarni,2026-07-16T21:16:00Z,2026-07-16,True,pharmaflow-main,SYNTHETIC_OPERATIONAL_RECORD
DISP-00813,RCPT-2026-10812,MED-0301,Paracetamol 500mg (Formula 301),BATCH-0157,LEV256,2027-08-10,CUST-0063,Arun Hegde,+91 9099269266,10,49.2,492.0,PHARM-HIST-0012,Swati Deshmukh,2026-06-16T15:35:00Z,2026-06-16,True,pharmaflow-main,SYNTHETIC_OPERATIONAL_RECORD
DISP-00814,RCPT-2026-10813,MED-0302,Paracetamol 650mg (Dolo 650) (Formula 302),BATCH-0158,AZI257,2027-09-14,CUST-0064,Kavya Gupta,+91 9722513132,5,38.0,190.0,PHARM-HIST-0013,Nikhil Bhat,2026-06-18T02:55:00Z,2026-06-18,True,pharmaflow-main,SYNTHETIC_OPERATIONAL_RECORD
DISP-00815,RCPT-2026-10814,MED-0303,Vitamin D3 60K (Calcirol) (Formula 303),BATCH-0159,AZI258,2027-02-16,CUST-0065,Meena Joshi,+91 9099927658,10,83.2,832.0,PHARM-HIST-0014,Shalini Verma,2026-08-01T01:36:00Z,2026-08-01,True,pharmaflow-main,SYNTHETIC_OPERATIONAL_RECORD
DISP-00816,RCPT-2026-10815,MED-0304,Amoxicillin 500mg (Novamox) (Formula 304),BATCH-0160,MET259,2028-02-04,CUST-0066,Deepak Nair,+91 9657197152,10,121.4,1214.0,PHARM-HIST-0015,Gautam Pillai,2026-08-02T18:42:00Z,2026-08-02,True,pharmaflow-main,SYNTHETIC_OPERATIONAL_RECORD
DISP-00817,RCPT-2026-10816,MED-0305,Amoxicillin + Clavulanic Acid 625mg (Augmentin) (Formula 305),BATCH-0161,MET260,2027-02-07,CUST-0067,Manish Patel,+91 9084660688,15,214.6,3219.0,PHARM-KA-2022-7212,Deepak R,2026-09-26T19:25:00Z,2026-09-26,True,pharmaflow-main,SYNTHETIC_OPERATIONAL_RECORD
DISP-00818,RCPT-2026-10817,MED-0306,Cetirizine 10mg (Cetzine) (Formula 306),BATCH-0162,PAN261,2027-12-29,CUST-0068,Deeps Sundaram,+91 9891737913,10,54.8,548.0,PHARM-HIST-0017,Varun Shenoy,2026-08-03T01:12:00Z,2026-08-03,True,pharmaflow-main,SYNTHETIC_OPERATIONAL_RECORD
DISP-00819,RCPT-2026-10818,MED-0307,Levocetirizine 5mg (Levocet) (Formula 307),BATCH-0163,PAN262,2027-11-25,CUST-0069,Suresh Pillai,+91 9655610493,30,74.0,2220.0,PHARM-KA-2022-7212,Deepak R,2026-10-06T11:04:00Z,2026-10-06,True,pharmaflow-main,SYNTHETIC_OPERATIONAL_RECORD
DISP-00820,RCPT-2026-10819,MED-0308,Azithromycin 250mg (Azee 250) (Formula 308),BATCH-0164,OME263,2027-01-14,CUST-0070,Lakshmi Bhat,+91 9822315507,15,164.2,2463.0,PHARM-HIST-0019,Manoj Patil,2026-07-25T03:45:00Z,2026-07-25,True,pharmaflow-main,SYNTHETIC_OPERATIONAL_RECORD
DISP-00821,RCPT-2026-10820,MED-0309,Azithromycin 500mg (Azithral 500) (Formula 309),BATCH-0165,TEL264,2027-12-26,CUST-0071,Vignesh Murthy,+91 9459667685,5,215.0,1075.0,PHARM-HIST-0020,Harini Sundaram,2026-07-07T22:28:00Z,2026-07-07,True,pharmaflow-main,SYNTHETIC_OPERATIONAL_RECORD
DISP-00822,RCPT-2026-10821,MED-0310,Metformin 500mg (Glycomet 500) (Formula 310),BATCH-0166,TEL265,2028-04-27,CUST-0072,Anitha Kumar,+91 9492924837,15,58.2,873.0,PHARM-HIST-0021,Suresh Prabhu,2026-07-07T10:07:00Z,2026-07-07,True,pharmaflow-main,SYNTHETIC_OPERATIONAL_RECORD
DISP-00823,RCPT-2026-10822,MED-0311,Metformin 1000mg SR (Glucophage) (Formula 311),BATCH-0167,ATO266,2027-05-24,CUST-0073,Ramesh Iyer,+91 7065590800,15,88.4,1326.0,PHARM-HIST-0022,Deepa Namboodiri,2026-09-04T15:28:00Z,2026-09-04,True,pharmaflow-main,SYNTHETIC_OPERATIONAL_RECORD
DISP-00824,RCPT-2026-10823,MED-0312,Pantoprazole 40mg (Pan 40) (Formula 312),BATCH-0168,ROS267,2027-07-21,CUST-0074,Sangeetha Reddy,+91 7080723898,5,114.6,573.0,PHARM-KA-2022-7212,Deepak R,2026-09-23T10:12:00Z,2026-09-23,True,pharmaflow-main,SYNTHETIC_OPERATIONAL_RECORD
DISP-00825,RCPT-2026-10824,MED-0313,Pantoprazole + Domperidone (Pan-D) (Formula 313),BATCH-0169,CIP268,2027-11-12,CUST-0075,Vijay Gowda,+91 9837437207,5,190.8,954.0,PHARM-HIST-0024,Kavita Acharya,2026-08-12T02:24:00Z,2026-08-12,True,pharmaflow-main,SYNTHETIC_OPERATIONAL_RECORD
DISP-00826,RCPT-2026-10825,MED-0314,Omeprazole 20mg (Omez) (Formula 314),BATCH-0170,OFL269,2027-11-20,CUST-0076,Sandhya Desai,+91 9876757928,30,91.0,2730.0,PHARM-KA-2022-7212,Deepak R,2026-08-11T01:45:00Z,2026-08-11,True,pharmaflow-main,SYNTHETIC_OPERATIONAL_RECORD
DISP-00827,RCPT-2026-10826,MED-0315,Telmisartan 40mg (Telma 40) (Formula 315),BATCH-0171,MON270,2027-03-14,CUST-0077,Prashanth Shenoy,+91 9977144075,30,141.2,4236.0,PHARM-HIST-0001,Aravind Swaminathan,2026-07-27T13:03:00Z,2026-07-27,True,pharmaflow-main,SYNTHETIC_OPERATIONAL_RECORD
DISP-00828,RCPT-2026-10827,MED-0316,Telmisartan + Amlodipine (Telma-AM) (Formula 316),BATCH-0172,IBU271,2027-11-24,CUST-0078,Swetha Krishnan,+91 9871707170,15,172.0,2580.0,PHARM-HIST-0002,Sneha Rao,2026-06-21T16:46:00Z,2026-06-21,True,pharmaflow-main,SYNTHETIC_OPERATIONAL_RECORD
DISP-00829,RCPT-2026-10828,MED-0317,Atorvastatin 10mg (Atorva 10) (Formula 317),BATCH-0173,ACE272,2027-05-08,CUST-0079,Rajesh Sharma,+91 8048858073,30,141.2,4236.0,PHARM-HIST-0003,Karthik Subramanian,2026-08-31T02:18:00Z,2026-08-31,True,pharmaflow-main,SYNTHETIC_OPERATIONAL_RECORD
DISP-00830,RCPT-2026-10829,MED-0318,Rosuvastatin 10mg (Rosuvas 10) (Formula 318),BATCH-0174,VIL273,2027-10-26,CUST-0080,Nandini Rao,+91 9021828592,20,174.4,3488.0,PHARM-HIST-0004,Divya Menon,2026-07-14T07:15:00Z,2026-07-14,True,pharmaflow-main,SYNTHETIC_OPERATIONAL_RECORD
DISP-00831,RCPT-2026-10830,MED-0319,Ciprofloxacin 500mg (Ciplox 500) (Formula 319),BATCH-0175,RAB274,2027-07-30,CUST-0081,Rahul Menon,+91 8051644346,5,97.6,488.0,PHARM-HIST-0005,Rohan Mehta,2026-08-02T12:45:00Z,2026-08-02,True,pharmaflow-main,SYNTHETIC_OPERATIONAL_RECORD
DISP-00832,RCPT-2026-10831,MED-0320,Ofloxacin + Ornidazole (O2) (Formula 320),BATCH-0176,COU275,2026-12-06,CUST-0082,Priya Verma,+91 9781216573,10,154.8,1548.0,PHARM-HIST-0006,Ananya Sharma,2026-08-27T19:23:00Z,2026-08-27,True,pharmaflow-main,SYNTHETIC_OPERATIONAL_RECORD
DISP-00833,RCPT-2026-10832,MED-0321,Montelukast + Levocetirizine (Montair-LC) (Formula 321),BATCH-0177,ORA276,2027-06-15,CUST-0083,Arun Hegde,+91 9444355473,5,211.0,1055.0,PHARM-HIST-0007,Venkatesh Iyer,2026-06-25T00:31:00Z,2026-06-25,True,pharmaflow-main,SYNTHETIC_OPERATIONAL_RECORD
DISP-00834,RCPT-2026-10833,MED-0322,Ibuprofen 400mg (Brufen 400) (Formula 322),BATCH-0178,MUL277,2027-06-07,CUST-0084,Kavya Gupta,+91 7072270726,20,54.2,1084.0,PHARM-KA-2022-7212,Deepak R,2026-09-19T13:33:00Z,2026-09-19,True,pharmaflow-main,SYNTHETIC_OPERATIONAL_RECORD
DISP-00835,RCPT-2026-10834,MED-0323,Aceclofenac + Paracetamol (Zerodol-P) (Formula 323),BATCH-0179,THY278,2028-04-16,CUST-0085,Meena Joshi,+91 7019165226,20,92.0,1840.0,PHARM-KA-2022-7212,Deepak R,2026-09-28T09:57:00Z,2026-09-28,True,pharmaflow-main,SYNTHETIC_OPERATIONAL_RECORD
DISP-00836,RCPT-2026-10835,MED-0324,Vildagliptin + Metformin (Galvus Met) (Formula 324),BATCH-0180,CLO279,2026-11-17,CUST-0086,Deepak Nair,+91 9751662236,10,301.2,3012.0,PHARM-HIST-0010,Meera Krishnan,2026-06-17T07:30:00Z,2026-06-17,True,pharmaflow-main,SYNTHETIC_OPERATIONAL_RECORD
DISP-00837,RCPT-2026-10836,MED-0325,Rabeprazole 20mg (Razo 20) (Formula 325),BATCH-0181,PAR280,2026-11-16,CUST-0087,Manish Patel,+91 9792545028,30,144.4,4332.0,PHARM-HIST-0011,Aditya Kulkarni,2026-08-12T09:37:00Z,2026-08-12,True,pharmaflow-main,SYNTHETIC_OPERATIONAL_RECORD
DISP-00838,RCPT-2026-10837,MED-0326,Cough Syrup (Ascoril-D) (Formula 326),BATCH-0182,PAR281,2027-09-16,CUST-0088,Deeps Sundaram,+91 9953154591,30,119.6,3588.0,PHARM-HIST-0012,Swati Deshmukh,2026-08-17T17:25:00Z,2026-08-17,True,pharmaflow-main,SYNTHETIC_OPERATIONAL_RECORD
DISP-00839,RCPT-2026-10838,MED-0327,Oral Rehydration Salts (Electral ORS) (Formula 327),BATCH-0183,VIT282,2027-08-16,CUST-0089,Suresh Pillai,+91 9777719420,15,35.3,529.5,PHARM-HIST-0013,Nikhil Bhat,2026-06-30T23:05:00Z,2026-06-30,True,pharmaflow-main,SYNTHETIC_OPERATIONAL_RECORD
DISP-00840,RCPT-2026-10839,MED-0328,Multivitamin + Zinc (Becadexamin) (Formula 328),BATCH-0184,AMO283,2027-10-31,CUST-0090,Lakshmi Bhat,+91 9458841557,20,68.0,1360.0,PHARM-HIST-0014,Shalini Verma,2026-07-25T20:20:00Z,2026-07-25,True,pharmaflow-main,SYNTHETIC_OPERATIONAL_RECORD
DISP-00841,RCPT-2026-10840,MED-0329,Thyroxine Sodium 50mcg (Thyronorm 50) (Formula 329),BATCH-0185,AMO284,2028-02-28,CUST-0091,Vignesh Murthy,+91 9018846539,20,174.2,3484.0,PHARM-HIST-0015,Gautam Pillai,2026-08-12T13:01:00Z,2026-08-12,True,pharmaflow-main,SYNTHETIC_OPERATIONAL_RECORD
DISP-00842,RCPT-2026-10841,MED-0330,Clopidogrel 75mg (Clopilet 75) (Formula 330),BATCH-0186,CET285,2027-12-19,CUST-0092,Anitha Kumar,+91 9020939011,10,162.0,1620.0,PHARM-HIST-0016,Rashmi Nair,2026-07-06T22:08:00Z,2026-07-06,True,pharmaflow-main,SYNTHETIC_OPERATIONAL_RECORD
DISP-00843,RCPT-2026-10842,MED-0331,Paracetamol 500mg (Formula 331),BATCH-0187,LEV286,2028-04-14,CUST-0093,Ramesh Iyer,+91 9751551377,20,33.2,664.0,PHARM-KA-2022-7212,Deepak R,2026-09-19T19:52:00Z,2026-09-19,True,pharmaflow-main,SYNTHETIC_OPERATIONAL_RECORD
DISP-00844,RCPT-2026-10843,MED-0332,Paracetamol 650mg (Dolo 650) (Formula 332),BATCH-0188,AZI287,2027-11-26,CUST-0094,Sangeetha Reddy,+91 9012446861,30,44.4,1332.0,PHARM-HIST-0018,Geetha Radhakrishnan,2026-07-08T21:52:00Z,2026-07-08,True,pharmaflow-main,SYNTHETIC_OPERATIONAL_RECORD
DISP-00845,RCPT-2026-10844,MED-0333,Vitamin D3 60K (Calcirol) (Formula 333),BATCH-0189,AZI288,2027-08-24,CUST-0095,Vijay Gowda,+91 9928463709,10,89.6,896.0,PHARM-HIST-0019,Manoj Patil,2026-06-19T19:53:00Z,2026-06-19,True,pharmaflow-main,SYNTHETIC_OPERATIONAL_RECORD
DISP-00846,RCPT-2026-10845,MED-0334,Amoxicillin 500mg (Novamox) (Formula 334),BATCH-0190,MET289,2028-03-15,CUST-0096,Sandhya Desai,+91 9490161060,10,127.8,1278.0,PHARM-HIST-0020,Harini Sundaram,2026-08-10T20:58:00Z,2026-08-10,True,pharmaflow-main,SYNTHETIC_OPERATIONAL_RECORD
DISP-00847,RCPT-2026-10846,MED-0335,Amoxicillin + Clavulanic Acid 625mg (Augmentin) (Formula 335),BATCH-0191,MET290,2027-10-06,CUST-0097,Prashanth Shenoy,+91 8058895439,5,221.0,1105.0,PHARM-HIST-0021,Suresh Prabhu,2026-06-09T18:37:00Z,2026-06-09,True,pharmaflow-main,SYNTHETIC_OPERATIONAL_RECORD
DISP-00848,RCPT-2026-10847,MED-0336,Cetirizine 10mg (Cetzine) (Formula 336),BATCH-0192,PAN291,2027-09-09,CUST-0098,Swetha Krishnan,+91 9951536077,5,61.2,306.0,PHARM-HIST-0022,Deepa Namboodiri,2026-07-22T22:53:00Z,2026-07-22,True,pharmaflow-main,SYNTHETIC_OPERATIONAL_RECORD
DISP-00849,RCPT-2026-10848,MED-0337,Levocetirizine 5mg (Levocet) (Formula 337),BATCH-0193,PAN292,2027-01-05,CUST-0099,Rajesh Sharma,+91 8077498993,5,58.0,290.0,PHARM-HIST-0023,Raghavendra Rao,2026-08-21T17:42:00Z,2026-08-21,True,pharmaflow-main,SYNTHETIC_OPERATIONAL_RECORD
DISP-00850,RCPT-2026-10849,MED-0338,Azithromycin 250mg (Azee 250) (Formula 338),BATCH-0194,OME293,2027-10-01,CUST-0100,Nandini Rao,+91 7059823245,15,148.2,2223.0,PHARM-HIST-0024,Kavita Acharya,2026-08-03T07:53:00Z,2026-08-03,True,pharmaflow-main,SYNTHETIC_OPERATIONAL_RECORD
DISP-00851,RCPT-2026-10850,MED-0339,Azithromycin 500mg (Azithral 500) (Formula 339),BATCH-0195,TEL294,2028-03-31,CUST-0101,Rahul Menon,+91 7078901038,15,221.4,3321.0,PHARM-KA-2022-7212,Deepak R,2026-08-30T00:41:00Z,2026-08-30,True,pharmaflow-main,SYNTHETIC_OPERATIONAL_RECORD
DISP-00852,RCPT-2026-10851,MED-0340,Metformin 500mg (Glycomet 500) (Formula 340),BATCH-0196,TEL295,2027-12-27,CUST-0102,Priya Verma,+91 8017148018,10,64.6,646.0,PHARM-HIST-0001,Aravind Swaminathan,2026-08-07T11:10:00Z,2026-08-07,True,pharmaflow-main,SYNTHETIC_OPERATIONAL_RECORD
DISP-00853,RCPT-2026-10852,MED-0341,Metformin 1000mg SR (Glucophage) (Formula 341),BATCH-0197,ATO296,2027-05-21,CUST-0103,Arun Hegde,+91 9913783268,5,94.8,474.0,PHARM-KA-2022-7212,Deepak R,2026-09-19T17:34:00Z,2026-09-19,True,pharmaflow-main,SYNTHETIC_OPERATIONAL_RECORD
DISP-00854,RCPT-2026-10853,MED-0342,Pantoprazole 40mg (Pan 40) (Formula 342),BATCH-0198,ROS297,2027-06-23,CUST-0104,Kavya Gupta,+91 7028628439,15,121.0,1815.0,PHARM-HIST-0003,Karthik Subramanian,2026-06-11T02:04:00Z,2026-06-11,True,pharmaflow-main,SYNTHETIC_OPERATIONAL_RECORD
DISP-00855,RCPT-2026-10854,MED-0343,Pantoprazole + Domperidone (Pan-D) (Formula 343),BATCH-0199,CIP298,2027-11-10,CUST-0105,Meena Joshi,+91 9638944689,20,197.2,3944.0,PHARM-KA-2022-7212,Deepak R,2026-09-11T06:08:00Z,2026-09-11,True,pharmaflow-main,SYNTHETIC_OPERATIONAL_RECORD
DISP-00856,RCPT-2026-10855,MED-0344,Omeprazole 20mg (Omez) (Formula 344),BATCH-0200,OFL299,2027-05-12,CUST-0106,Deepak Nair,+91 9716408822,15,75.0,1125.0,PHARM-KA-2022-7212,Deepak R,2026-10-08T08:25:00Z,2026-10-08,True,pharmaflow-main,SYNTHETIC_OPERATIONAL_RECORD
DISP-00857,RCPT-2026-10856,MED-0345,Telmisartan 40mg (Telma 40) (Formula 345),BATCH-0201,MON300,2027-03-19,CUST-0107,Manish Patel,+91 9894819556,20,125.2,2504.0,PHARM-KA-2022-7212,Deepak R,2026-09-30T10:34:00Z,2026-09-30,True,pharmaflow-main,SYNTHETIC_OPERATIONAL_RECORD
DISP-00858,RCPT-2026-10857,MED-0346,Telmisartan + Amlodipine (Telma-AM) (Formula 346),BATCH-0202,IBU301,2027-05-14,CUST-0108,Deeps Sundaram,+91 9042287985,20,178.4,3568.0,PHARM-HIST-0007,Venkatesh Iyer,2026-07-27T02:24:00Z,2026-07-27,True,pharmaflow-main,SYNTHETIC_OPERATIONAL_RECORD
DISP-00859,RCPT-2026-10858,MED-0347,Atorvastatin 10mg (Atorva 10) (Formula 347),BATCH-0203,ACE302,2027-02-07,CUST-0109,Suresh Pillai,+91 9780606503,20,147.6,2952.0,PHARM-HIST-0008,Pooja Hegde,2026-06-15T01:10:00Z,2026-06-15,True,pharmaflow-main,SYNTHETIC_OPERATIONAL_RECORD
DISP-00860,RCPT-2026-10859,MED-0348,Rosuvastatin 10mg (Rosuvas 10) (Formula 348),BATCH-0204,VIL303,2027-09-18,CUST-0110,Lakshmi Bhat,+91 8060103798,30,180.8,5424.0,PHARM-HIST-0009,Sanjay Nambiar,2026-08-08T12:07:00Z,2026-08-08,True,pharmaflow-main,SYNTHETIC_OPERATIONAL_RECORD
DISP-00861,RCPT-2026-10860,MED-0349,Ciprofloxacin 500mg (Ciplox 500) (Formula 349),BATCH-0205,RAB304,2027-10-13,CUST-0111,Vignesh Murthy,+91 9788101741,20,104.0,2080.0,PHARM-KA-2022-7212,Deepak R,2026-09-22T07:28:00Z,2026-09-22,True,pharmaflow-main,SYNTHETIC_OPERATIONAL_RECORD
DISP-00862,RCPT-2026-10861,MED-0350,Ofloxacin + Ornidazole (O2) (Formula 350),BATCH-0206,COU305,2027-09-05,CUST-0112,Anitha Kumar,+91 9096274567,20,161.2,3224.0,PHARM-HIST-0011,Aditya Kulkarni,2026-07-02T21:18:00Z,2026-07-02,True,pharmaflow-main,SYNTHETIC_OPERATIONAL_RECORD
DISP-00863,RCPT-2026-10862,MED-0351,Montelukast + Levocetirizine (Montair-LC) (Formula 351),BATCH-0207,ORA306,2028-03-03,CUST-0113,Ramesh Iyer,+91 9771428713,5,195.0,975.0,PHARM-KA-2022-7212,Deepak R,2026-09-18T12:40:00Z,2026-09-18,True,pharmaflow-main,SYNTHETIC_OPERATIONAL_RECORD
DISP-00864,RCPT-2026-10863,MED-0352,Ibuprofen 400mg (Brufen 400) (Formula 352),BATCH-0208,MUL307,2027-01-19,CUST-0114,Sangeetha Reddy,+91 9679173614,30,38.2,1146.0,PHARM-HIST-0013,Nikhil Bhat,2026-06-27T16:18:00Z,2026-06-27,True,pharmaflow-main,SYNTHETIC_OPERATIONAL_RECORD
DISP-00865,RCPT-2026-10864,MED-0353,Aceclofenac + Paracetamol (Zerodol-P) (Formula 353),BATCH-0209,THY308,2027-03-10,CUST-0115,Vijay Gowda,+91 9016416148,20,98.4,1968.0,PHARM-HIST-0014,Shalini Verma,2026-08-16T23:46:00Z,2026-08-16,True,pharmaflow-main,SYNTHETIC_OPERATIONAL_RECORD
DISP-00866,RCPT-2026-10865,MED-0354,Vildagliptin + Metformin (Galvus Met) (Formula 354),BATCH-0210,CLO309,2027-09-09,CUST-0116,Sandhya Desai,+91 8069020451,20,307.6,6152.0,PHARM-HIST-0015,Gautam Pillai,2026-08-25T18:58:00Z,2026-08-25,True,pharmaflow-main,SYNTHETIC_OPERATIONAL_RECORD
DISP-00867,RCPT-2026-10866,MED-0355,Rabeprazole 20mg (Razo 20) (Formula 355),BATCH-0211,PAR310,2027-03-28,CUST-0117,Prashanth Shenoy,+91 9621087928,5,150.8,754.0,PHARM-HIST-0016,Rashmi Nair,2026-07-06T03:19:00Z,2026-07-06,True,pharmaflow-main,SYNTHETIC_OPERATIONAL_RECORD
DISP-00868,RCPT-2026-10867,MED-0356,Cough Syrup (Ascoril-D) (Formula 356),BATCH-0212,PAR311,2028-02-19,CUST-0118,Swetha Krishnan,+91 9023770458,5,126.0,630.0,PHARM-HIST-0017,Varun Shenoy,2026-06-20T06:15:00Z,2026-06-20,True,pharmaflow-main,SYNTHETIC_OPERATIONAL_RECORD
DISP-00869,RCPT-2026-10868,MED-0357,Oral Rehydration Salts (Electral ORS) (Formula 357),BATCH-0213,VIT312,2027-01-29,CUST-0119,Rajesh Sharma,+91 8032366682,15,41.7,625.5,PHARM-HIST-0018,Geetha Radhakrishnan,2026-07-26T15:10:00Z,2026-07-26,True,pharmaflow-main,SYNTHETIC_OPERATIONAL_RECORD
DISP-00870,RCPT-2026-10869,MED-0358,Multivitamin + Zinc (Becadexamin) (Formula 358),BATCH-0214,AMO313,2027-05-08,CUST-0120,Nandini Rao,+91 8046850196,30,52.0,1560.0,PHARM-HIST-0019,Manoj Patil,2026-07-28T15:53:00Z,2026-07-28,True,pharmaflow-main,SYNTHETIC_OPERATIONAL_RECORD
DISP-00871,RCPT-2026-10870,MED-0359,Thyroxine Sodium 50mcg (Thyronorm 50) (Formula 359),BATCH-0215,AMO314,2026-11-12,CUST-0121,Rahul Menon,+91 9414179623,30,158.2,4746.0,PHARM-KA-2022-7212,Deepak R,2026-09-28T05:21:00Z,2026-09-28,True,pharmaflow-main,SYNTHETIC_OPERATIONAL_RECORD
DISP-00872,RCPT-2026-10871,MED-0360,Clopidogrel 75mg (Clopilet 75) (Formula 360),BATCH-0216,CET315,2027-04-29,CUST-0122,Priya Verma,+91 9058607028,30,168.4,5052.0,PHARM-HIST-0021,Suresh Prabhu,2026-07-27T10:24:00Z,2026-07-27,True,pharmaflow-main,SYNTHETIC_OPERATIONAL_RECORD
DISP-00873,RCPT-2026-10872,MED-0361,Paracetamol 500mg (Formula 361),BATCH-0217,LEV316,2028-03-23,CUST-0123,Arun Hegde,+91 9069584522,5,39.6,198.0,PHARM-KA-2022-7212,Deepak R,2026-09-13T20:28:00Z,2026-09-13,True,pharmaflow-main,SYNTHETIC_OPERATIONAL_RECORD
DISP-00874,RCPT-2026-10873,MED-0362,Paracetamol 650mg (Dolo 650) (Formula 362),BATCH-0218,AZI317,2028-01-21,CUST-0124,Kavya Gupta,+91 9643502308,30,50.8,1524.0,PHARM-KA-2022-7212,Deepak R,2026-09-22T14:01:00Z,2026-09-22,True,pharmaflow-main,SYNTHETIC_OPERATIONAL_RECORD
DISP-00875,RCPT-2026-10874,MED-0363,Vitamin D3 60K (Calcirol) (Formula 363),BATCH-0219,AZI318,2027-12-05,CUST-0125,Meena Joshi,+91 9644935501,10,96.0,960.0,PHARM-KA-2022-7212,Deepak R,2026-09-15T11:43:00Z,2026-09-15,True,pharmaflow-main,SYNTHETIC_OPERATIONAL_RECORD
DISP-00876,RCPT-2026-10875,MED-0364,Amoxicillin 500mg (Novamox) (Formula 364),BATCH-0220,MET319,2027-05-31,CUST-0126,Deepak Nair,+91 9728217159,30,134.2,4026.0,PHARM-KA-2022-7212,Deepak R,2026-09-06T13:07:00Z,2026-09-06,True,pharmaflow-main,SYNTHETIC_OPERATIONAL_RECORD
DISP-00877,RCPT-2026-10876,MED-0365,Amoxicillin + Clavulanic Acid 625mg (Augmentin) (Formula 365),BATCH-0221,MET320,2028-05-04,CUST-0127,Manish Patel,+91 9099635939,30,205.0,6150.0,PHARM-HIST-0001,Aravind Swaminathan,2026-08-13T09:09:00Z,2026-08-13,True,pharmaflow-main,SYNTHETIC_OPERATIONAL_RECORD
DISP-00878,RCPT-2026-10877,MED-0366,Cetirizine 10mg (Cetzine) (Formula 366),BATCH-0222,PAN321,2027-07-20,CUST-0128,Deeps Sundaram,+91 9458518659,30,45.2,1356.0,PHARM-HIST-0002,Sneha Rao,2026-07-23T01:35:00Z,2026-07-23,True,pharmaflow-main,SYNTHETIC_OPERATIONAL_RECORD
DISP-00879,RCPT-2026-10878,MED-0367,Levocetirizine 5mg (Levocet) (Formula 367),BATCH-0223,PAN322,2027-09-23,CUST-0129,Suresh Pillai,+91 9858438711,5,64.4,322.0,PHARM-KA-2022-7212,Deepak R,2026-10-02T20:05:00Z,2026-10-02,True,pharmaflow-main,SYNTHETIC_OPERATIONAL_RECORD
DISP-00880,RCPT-2026-10879,MED-0368,Azithromycin 250mg (Azee 250) (Formula 368),BATCH-0224,OME323,2028-04-06,CUST-0130,Lakshmi Bhat,+91 9751512297,20,154.6,3092.0,PHARM-HIST-0004,Divya Menon,2026-08-25T22:49:00Z,2026-08-25,True,pharmaflow-main,SYNTHETIC_OPERATIONAL_RECORD
DISP-00881,RCPT-2026-10880,MED-0369,Azithromycin 500mg (Azithral 500) (Formula 369),BATCH-0225,TEL324,2027-01-13,CUST-0131,Vignesh Murthy,+91 9726821075,20,227.8,4556.0,PHARM-KA-2022-7212,Deepak R,2026-10-04T19:40:00Z,2026-10-04,True,pharmaflow-main,SYNTHETIC_OPERATIONAL_RECORD
DISP-00882,RCPT-2026-10881,MED-0370,Metformin 500mg (Glycomet 500) (Formula 370),BATCH-0226,TEL325,2028-02-17,CUST-0132,Anitha Kumar,+91 9483994695,5,71.0,355.0,PHARM-HIST-0006,Ananya Sharma,2026-09-06T09:53:00Z,2026-09-06,True,pharmaflow-main,SYNTHETIC_OPERATIONAL_RECORD
DISP-00883,RCPT-2026-10882,MED-0371,Metformin 1000mg SR (Glucophage) (Formula 371),BATCH-0227,ATO326,2027-10-19,CUST-0133,Ramesh Iyer,+91 9779538491,10,101.2,1012.0,PHARM-HIST-0007,Venkatesh Iyer,2026-07-31T06:42:00Z,2026-07-31,True,pharmaflow-main,SYNTHETIC_OPERATIONAL_RECORD
DISP-00884,RCPT-2026-10883,MED-0372,Pantoprazole 40mg (Pan 40) (Formula 372),BATCH-0228,ROS327,2027-10-24,CUST-0134,Sangeetha Reddy,+91 9620584397,5,105.0,525.0,PHARM-KA-2022-7212,Deepak R,2026-09-15T03:11:00Z,2026-09-15,True,pharmaflow-main,SYNTHETIC_OPERATIONAL_RECORD
DISP-00885,RCPT-2026-10884,MED-0373,Pantoprazole + Domperidone (Pan-D) (Formula 373),BATCH-0229,CIP328,2027-04-25,CUST-0135,Vijay Gowda,+91 9777454225,10,181.2,1812.0,PHARM-KA-2022-7212,Deepak R,2026-09-19T02:34:00Z,2026-09-19,True,pharmaflow-main,SYNTHETIC_OPERATIONAL_RECORD
DISP-00886,RCPT-2026-10885,MED-0374,Omeprazole 20mg (Omez) (Formula 374),BATCH-0230,OFL329,2027-06-25,CUST-0136,Sandhya Desai,+91 9820901547,10,81.4,814.0,PHARM-KA-2022-7212,Deepak R,2026-09-30T16:40:00Z,2026-09-30,True,pharmaflow-main,SYNTHETIC_OPERATIONAL_RECORD
DISP-00887,RCPT-2026-10886,MED-0375,Telmisartan 40mg (Telma 40) (Formula 375),BATCH-0231,MON330,2028-04-07,CUST-0137,Prashanth Shenoy,+91 9876845536,15,131.6,1974.0,PHARM-KA-2022-7212,Deepak R,2026-10-04T13:57:00Z,2026-10-04,True,pharmaflow-main,SYNTHETIC_OPERATIONAL_RECORD
DISP-00888,RCPT-2026-10887,MED-0376,Telmisartan + Amlodipine (Telma-AM) (Formula 376),BATCH-0232,IBU331,2026-12-16,CUST-0138,Swetha Krishnan,+91 8049920898,10,184.8,1848.0,PHARM-HIST-0012,Swati Deshmukh,2026-08-20T08:40:00Z,2026-08-20,True,pharmaflow-main,SYNTHETIC_OPERATIONAL_RECORD
DISP-00889,RCPT-2026-10888,MED-0377,Atorvastatin 10mg (Atorva 10) (Formula 377),BATCH-0233,ACE332,2028-05-08,CUST-0139,Rajesh Sharma,+91 7037383505,20,154.0,3080.0,PHARM-HIST-0013,Nikhil Bhat,2026-08-17T01:44:00Z,2026-08-17,True,pharmaflow-main,SYNTHETIC_OPERATIONAL_RECORD
DISP-00890,RCPT-2026-10889,MED-0378,Rosuvastatin 10mg (Rosuvas 10) (Formula 378),BATCH-0234,VIL333,2026-12-27,CUST-0140,Nandini Rao,+91 9459733063,10,187.2,1872.0,PHARM-HIST-0014,Shalini Verma,2026-06-10T08:57:00Z,2026-06-10,True,pharmaflow-main,SYNTHETIC_OPERATIONAL_RECORD
DISP-00891,RCPT-2026-10890,MED-0379,Ciprofloxacin 500mg (Ciplox 500) (Formula 379),BATCH-0235,RAB334,2026-12-27,CUST-0141,Rahul Menon,+91 9670343755,10,88.0,880.0,PHARM-HIST-0015,Gautam Pillai,2026-09-07T16:23:00Z,2026-09-07,True,pharmaflow-main,SYNTHETIC_OPERATIONAL_RECORD
DISP-00892,RCPT-2026-10891,MED-0380,Ofloxacin + Ornidazole (O2) (Formula 380),BATCH-0236,COU335,2028-02-05,CUST-0142,Priya Verma,+91 8043322272,30,145.2,4356.0,PHARM-HIST-0016,Rashmi Nair,2026-08-05T19:12:00Z,2026-08-05,True,pharmaflow-main,SYNTHETIC_OPERATIONAL_RECORD
DISP-00893,RCPT-2026-10892,MED-0381,Montelukast + Levocetirizine (Montair-LC) (Formula 381),BATCH-0237,ORA336,2027-07-24,CUST-0143,Arun Hegde,+91 7079085198,5,201.4,1007.0,PHARM-HIST-0017,Varun Shenoy,2026-08-20T08:43:00Z,2026-08-20,True,pharmaflow-main,SYNTHETIC_OPERATIONAL_RECORD
DISP-00894,RCPT-2026-10893,MED-0382,Ibuprofen 400mg (Brufen 400) (Formula 382),BATCH-0238,MUL337,2027-06-06,CUST-0144,Kavya Gupta,+91 7042310051,20,44.6,892.0,PHARM-HIST-0018,Geetha Radhakrishnan,2026-08-28T21:25:00Z,2026-08-28,True,pharmaflow-main,SYNTHETIC_OPERATIONAL_RECORD
DISP-00895,RCPT-2026-10894,MED-0383,Aceclofenac + Paracetamol (Zerodol-P) (Formula 383),BATCH-0239,THY338,2026-11-17,CUST-0145,Meena Joshi,+91 7048352498,20,104.8,2096.0,PHARM-KA-2022-7212,Deepak R,2026-09-29T20:59:00Z,2026-09-29,True,pharmaflow-main,SYNTHETIC_OPERATIONAL_RECORD
DISP-00896,RCPT-2026-10895,MED-0384,Vildagliptin + Metformin (Galvus Met) (Formula 384),BATCH-0240,CLO339,2027-02-19,CUST-0146,Deepak Nair,+91 9064123845,5,314.0,1570.0,PHARM-HIST-0020,Harini Sundaram,2026-07-19T04:02:00Z,2026-07-19,True,pharmaflow-main,SYNTHETIC_OPERATIONAL_RECORD
DISP-00897,RCPT-2026-10896,MED-0385,Rabeprazole 20mg (Razo 20) (Formula 385),BATCH-0241,PAR340,2027-03-28,CUST-0147,Manish Patel,+91 9619869264,5,157.2,786.0,PHARM-HIST-0021,Suresh Prabhu,2026-09-03T18:23:00Z,2026-09-03,True,pharmaflow-main,SYNTHETIC_OPERATIONAL_RECORD
DISP-00898,RCPT-2026-10897,MED-0386,Cough Syrup (Ascoril-D) (Formula 386),BATCH-0242,PAR341,2027-02-23,CUST-0148,Deeps Sundaram,+91 9727268907,10,110.0,1100.0,PHARM-HIST-0022,Deepa Namboodiri,2026-09-06T18:19:00Z,2026-09-06,True,pharmaflow-main,SYNTHETIC_OPERATIONAL_RECORD
DISP-00899,RCPT-2026-10898,MED-0387,Oral Rehydration Salts (Electral ORS) (Formula 387),BATCH-0243,VIT342,2027-03-08,CUST-0149,Suresh Pillai,+91 8077119320,20,25.7,514.0,PHARM-HIST-0023,Raghavendra Rao,2026-08-30T17:34:00Z,2026-08-30,True,pharmaflow-main,SYNTHETIC_OPERATIONAL_RECORD
DISP-00900,RCPT-2026-10899,MED-0388,Multivitamin + Zinc (Becadexamin) (Formula 388),BATCH-0244,AMO343,2028-03-31,CUST-0150,Lakshmi Bhat,+91 7029990477,10,58.4,584.0,PHARM-KA-2022-7212,Deepak R,2026-09-27T15:28:00Z,2026-09-27,True,pharmaflow-main,SYNTHETIC_OPERATIONAL_RECORD
DISP-00901,RCPT-2026-10900,MED-0389,Thyroxine Sodium 50mcg (Thyronorm 50) (Formula 389),BATCH-0245,AMO344,2027-08-04,CUST-0001,Rahul Kumar,+91 98450 48123,30,164.6,4938.0,PHARM-KA-2022-7212,Deepak R,2026-06-30T07:37:00Z,2026-06-30,True,pharmaflow-main,SYNTHETIC_OPERATIONAL_RECORD
DISP-00902,RCPT-2026-10901,MED-0390,Clopidogrel 75mg (Clopilet 75) (Formula 390),BATCH-0246,CET345,2028-01-01,CUST-0002,Priya Sharma,+91 97312 90342,20,174.8,3496.0,PHARM-KA-2022-7212,Deepak R,2026-09-17T04:26:00Z,2026-09-17,True,pharmaflow-main,SYNTHETIC_OPERATIONAL_RECORD
DISP-00903,RCPT-2026-10902,MED-0391,Paracetamol 500mg (Formula 391),BATCH-0247,LEV346,2028-05-22,CUST-0003,Arun Kumar,+91 94480 77109,5,46.0,230.0,PHARM-HIST-0002,Sneha Rao,2026-06-13T18:32:00Z,2026-06-13,True,pharmaflow-main,SYNTHETIC_OPERATIONAL_RECORD
DISP-00904,RCPT-2026-10903,MED-0392,Paracetamol 650mg (Dolo 650) (Formula 392),BATCH-0248,AZI347,2027-10-12,CUST-0004,Kavya S,+91 99001 22584,30,57.2,1716.0,PHARM-KA-2022-7212,Deepak R,2026-10-07T21:07:00Z,2026-10-07,True,pharmaflow-main,SYNTHETIC_OPERATIONAL_RECORD
DISP-00905,RCPT-2026-10904,MED-0393,Vitamin D3 60K (Calcirol) (Formula 393),BATCH-0249,AZI348,2027-02-07,CUST-0005,Meena Devi,+91 96114 64190,5,80.0,400.0,PHARM-HIST-0004,Divya Menon,2026-08-31T15:50:00Z,2026-08-31,True,pharmaflow-main,SYNTHETIC_OPERATIONAL_RECORD
DISP-00906,RCPT-2026-10905,MED-0394,Amoxicillin 500mg (Novamox) (Formula 394),BATCH-0250,MET349,2028-03-27,CUST-0006,Deepak,+91 93845 99028,30,118.2,3546.0,PHARM-KA-2022-7212,Deepak R,2026-09-30T20:43:00Z,2026-09-30,True,pharmaflow-main,SYNTHETIC_OPERATIONAL_RECORD
DISP-00907,RCPT-2026-10906,MED-0395,Amoxicillin + Clavulanic Acid 625mg (Augmentin) (Formula 395),BATCH-0251,MET350,2027-01-23,CUST-0007,Manish,+91 90802 04902,15,211.4,3171.0,PHARM-HIST-0006,Ananya Sharma,2026-09-05T14:36:00Z,2026-09-05,True,pharmaflow-main,SYNTHETIC_OPERATIONAL_RECORD
DISP-00908,RCPT-2026-10907,MED-0396,Cetirizine 10mg (Cetzine) (Formula 396),BATCH-0252,PAN351,2027-07-02,CUST-0008,Deeps,+91 80988 51999,30,51.6,1548.0,PHARM-HIST-0007,Venkatesh Iyer,2026-06-22T15:47:00Z,2026-06-22,True,pharmaflow-main,SYNTHETIC_OPERATIONAL_RECORD
DISP-00909,RCPT-2026-10908,MED-0397,Levocetirizine 5mg (Levocet) (Formula 397),BATCH-0253,PAN352,2028-02-26,CUST-0009,Suresh Pillai,+91 9445652586,5,70.8,354.0,PHARM-HIST-0008,Pooja Hegde,2026-06-22T19:42:00Z,2026-06-22,True,pharmaflow-main,SYNTHETIC_OPERATIONAL_RECORD
DISP-00910,RCPT-2026-10909,MED-0398,Azithromycin 250mg (Azee 250) (Formula 398),BATCH-0254,OME353,2026-12-18,CUST-0010,Lakshmi Bhat,+91 9668942178,30,161.0,4830.0,PHARM-KA-2022-7212,Deepak R,2026-09-17T12:26:00Z,2026-09-17,True,pharmaflow-main,SYNTHETIC_OPERATIONAL_RECORD
DISP-00911,RCPT-2026-10910,MED-0399,Azithromycin 500mg (Azithral 500) (Formula 399),BATCH-0255,TEL354,2027-09-24,CUST-0011,Vignesh Murthy,+91 7068755000,20,234.2,4684.0,PHARM-KA-2022-7212,Deepak R,2026-09-30T02:55:00Z,2026-09-30,True,pharmaflow-main,SYNTHETIC_OPERATIONAL_RECORD
DISP-00912,RCPT-2026-10911,MED-0400,Metformin 500mg (Glycomet 500) (Formula 400),BATCH-0256,TEL355,2027-02-13,CUST-0012,Anitha Kumar,+91 9822257687,10,55.0,550.0,PHARM-HIST-0011,Aditya Kulkarni,2026-07-11T08:07:00Z,2026-07-11,True,pharmaflow-main,SYNTHETIC_OPERATIONAL_RECORD
DISP-00913,RCPT-2026-10912,MED-0401,Metformin 1000mg SR (Glucophage) (Formula 401),BATCH-0257,ATO356,2027-05-01,CUST-0013,Ramesh Iyer,+91 9473149551,20,85.2,1704.0,PHARM-HIST-0012,Swati Deshmukh,2026-07-07T18:43:00Z,2026-07-07,True,pharmaflow-main,SYNTHETIC_OPERATIONAL_RECORD
DISP-00914,RCPT-2026-10913,MED-0402,Pantoprazole 40mg (Pan 40) (Formula 402),BATCH-0258,ROS357,2027-08-09,CUST-0014,Sangeetha Reddy,+91 7022246348,15,111.4,1671.0,PHARM-KA-2022-7212,Deepak R,2026-09-11T16:28:00Z,2026-09-11,True,pharmaflow-main,SYNTHETIC_OPERATIONAL_RECORD
DISP-00915,RCPT-2026-10914,MED-0403,Pantoprazole + Domperidone (Pan-D) (Formula 403),BATCH-0259,CIP358,2027-05-14,CUST-0015,Vijay Gowda,+91 9065250068,15,187.6,2814.0,PHARM-HIST-0014,Shalini Verma,2026-06-16T14:39:00Z,2026-06-16,True,pharmaflow-main,SYNTHETIC_OPERATIONAL_RECORD
DISP-00916,RCPT-2026-10915,MED-0404,Omeprazole 20mg (Omez) (Formula 404),BATCH-0260,OFL359,2028-02-18,CUST-0016,Sandhya Desai,+91 7021819185,15,87.8,1317.0,PHARM-HIST-0015,Gautam Pillai,2026-07-03T13:32:00Z,2026-07-03,True,pharmaflow-main,SYNTHETIC_OPERATIONAL_RECORD
DISP-00917,RCPT-2026-10916,MED-0405,Telmisartan 40mg (Telma 40) (Formula 405),BATCH-0261,MON360,2028-03-11,CUST-0017,Prashanth Shenoy,+91 7065465150,15,138.0,2070.0,PHARM-HIST-0016,Rashmi Nair,2026-09-06T14:40:00Z,2026-09-06,True,pharmaflow-main,SYNTHETIC_OPERATIONAL_RECORD
DISP-00918,RCPT-2026-10917,MED-0406,Telmisartan + Amlodipine (Telma-AM) (Formula 406),BATCH-0262,IBU361,2027-03-03,CUST-0018,Swetha Krishnan,+91 9945843681,15,191.2,2868.0,PHARM-KA-2022-7212,Deepak R,2026-09-11T21:22:00Z,2026-09-11,True,pharmaflow-main,SYNTHETIC_OPERATIONAL_RECORD
DISP-00919,RCPT-2026-10918,MED-0407,Atorvastatin 10mg (Atorva 10) (Formula 407),BATCH-0263,ACE362,2027-01-07,CUST-0019,Rajesh Sharma,+91 9931257157,5,138.0,690.0,PHARM-KA-2022-7212,Deepak R,2026-10-05T13:52:00Z,2026-10-05,True,pharmaflow-main,SYNTHETIC_OPERATIONAL_RECORD
DISP-00920,RCPT-2026-10919,MED-0408,Rosuvastatin 10mg (Rosuvas 10) (Formula 408),BATCH-0264,VIL363,2028-03-16,CUST-0020,Nandini Rao,+91 9771934487,5,171.2,856.0,PHARM-HIST-0019,Manoj Patil,2026-07-22T21:00:00Z,2026-07-22,True,pharmaflow-main,SYNTHETIC_OPERATIONAL_RECORD
DISP-00921,RCPT-2026-10920,MED-0409,Ciprofloxacin 500mg (Ciplox 500) (Formula 409),BATCH-0265,RAB364,2027-05-12,CUST-0021,Rahul Menon,+91 9665766169,30,94.4,2832.0,PHARM-HIST-0020,Harini Sundaram,2026-07-14T06:34:00Z,2026-07-14,True,pharmaflow-main,SYNTHETIC_OPERATIONAL_RECORD
DISP-00922,RCPT-2026-10921,MED-0410,Ofloxacin + Ornidazole (O2) (Formula 410),BATCH-0266,COU365,2027-11-10,CUST-0022,Priya Verma,+91 8035583290,20,151.6,3032.0,PHARM-HIST-0021,Suresh Prabhu,2026-06-15T13:15:00Z,2026-06-15,True,pharmaflow-main,SYNTHETIC_OPERATIONAL_RECORD
DISP-00923,RCPT-2026-10922,MED-0411,Montelukast + Levocetirizine (Montair-LC) (Formula 411),BATCH-0267,ORA366,2028-03-16,CUST-0023,Arun Hegde,+91 9610344303,5,207.8,1039.0,PHARM-HIST-0022,Deepa Namboodiri,2026-07-02T23:26:00Z,2026-07-02,True,pharmaflow-main,SYNTHETIC_OPERATIONAL_RECORD
DISP-00924,RCPT-2026-10923,MED-0412,Ibuprofen 400mg (Brufen 400) (Formula 412),BATCH-0268,MUL367,2028-02-02,CUST-0024,Kavya Gupta,+91 7056321751,5,51.0,255.0,PHARM-HIST-0023,Raghavendra Rao,2026-06-29T15:19:00Z,2026-06-29,True,pharmaflow-main,SYNTHETIC_OPERATIONAL_RECORD
DISP-00925,RCPT-2026-10924,MED-0413,Aceclofenac + Paracetamol (Zerodol-P) (Formula 413),BATCH-0269,THY368,2027-09-25,CUST-0025,Meena Joshi,+91 9986745380,20,111.2,2224.0,PHARM-HIST-0024,Kavita Acharya,2026-08-01T11:03:00Z,2026-08-01,True,pharmaflow-main,SYNTHETIC_OPERATIONAL_RECORD
DISP-00926,RCPT-2026-10925,MED-0414,Vildagliptin + Metformin (Galvus Met) (Formula 414),BATCH-0270,CLO369,2028-04-28,CUST-0026,Deepak Nair,+91 8061818612,20,298.0,5960.0,PHARM-KA-2022-7212,Deepak R,2026-07-14T08:38:00Z,2026-07-14,True,pharmaflow-main,SYNTHETIC_OPERATIONAL_RECORD
DISP-00927,RCPT-2026-10926,MED-0415,Rabeprazole 20mg (Razo 20) (Formula 415),BATCH-0271,PAR370,2027-06-25,CUST-0027,Manish Patel,+91 9023470708,20,141.2,2824.0,PHARM-HIST-0001,Aravind Swaminathan,2026-06-24T16:38:00Z,2026-06-24,True,pharmaflow-main,SYNTHETIC_OPERATIONAL_RECORD
DISP-00928,RCPT-2026-10927,MED-0416,Cough Syrup (Ascoril-D) (Formula 416),BATCH-0272,PAR371,2028-04-22,CUST-0028,Deeps Sundaram,+91 9465026398,5,116.4,582.0,PHARM-KA-2022-7212,Deepak R,2026-09-15T14:00:00Z,2026-09-15,True,pharmaflow-main,SYNTHETIC_OPERATIONAL_RECORD
DISP-00929,RCPT-2026-10928,MED-0417,Oral Rehydration Salts (Electral ORS) (Formula 417),BATCH-0273,VIT372,2027-02-13,CUST-0029,Suresh Pillai,+91 8097219599,10,32.1,321.0,PHARM-HIST-0003,Karthik Subramanian,2026-08-10T00:01:00Z,2026-08-10,True,pharmaflow-main,SYNTHETIC_OPERATIONAL_RECORD
DISP-00930,RCPT-2026-10929,MED-0418,Multivitamin + Zinc (Becadexamin) (Formula 418),BATCH-0274,AMO373,2027-07-20,CUST-0030,Lakshmi Bhat,+91 9741510328,5,64.8,324.0,PHARM-HIST-0004,Divya Menon,2026-08-13T11:46:00Z,2026-08-13,True,pharmaflow-main,SYNTHETIC_OPERATIONAL_RECORD
DISP-00931,RCPT-2026-10930,MED-0419,Thyroxine Sodium 50mcg (Thyronorm 50) (Formula 419),BATCH-0275,AMO374,2027-12-07,CUST-0031,Vignesh Murthy,+91 9769549527,15,171.0,2565.0,PHARM-HIST-0005,Rohan Mehta,2026-07-03T03:17:00Z,2026-07-03,True,pharmaflow-main,SYNTHETIC_OPERATIONAL_RECORD
DISP-00932,RCPT-2026-10931,MED-0420,Clopidogrel 75mg (Clopilet 75) (Formula 420),BATCH-0276,CET375,2027-01-02,CUST-0032,Anitha Kumar,+91 9658112135,30,181.2,5436.0,PHARM-KA-2022-7212,Deepak R,2026-09-14T09:08:00Z,2026-09-14,True,pharmaflow-main,SYNTHETIC_OPERATIONAL_RECORD
DISP-00933,RCPT-2026-10932,MED-0421,Paracetamol 500mg (Formula 421),BATCH-0277,LEV376,2028-04-08,CUST-0033,Ramesh Iyer,+91 9432814819,10,30.0,300.0,PHARM-HIST-0007,Venkatesh Iyer,2026-07-20T02:09:00Z,2026-07-20,True,pharmaflow-main,SYNTHETIC_OPERATIONAL_RECORD
DISP-00934,RCPT-2026-10933,MED-0422,Paracetamol 650mg (Dolo 650) (Formula 422),BATCH-0278,AZI377,2027-04-26,CUST-0034,Sangeetha Reddy,+91 9441163805,5,41.2,206.0,PHARM-KA-2022-7212,Deepak R,2026-09-08T20:37:00Z,2026-09-08,True,pharmaflow-main,SYNTHETIC_OPERATIONAL_RECORD
DISP-00935,RCPT-2026-10934,MED-0423,Vitamin D3 60K (Calcirol) (Formula 423),BATCH-0279,AZI378,2027-10-02,CUST-0035,Vijay Gowda,+91 9683363160,30,86.4,2592.0,PHARM-HIST-0009,Sanjay Nambiar,2026-09-02T20:03:00Z,2026-09-02,True,pharmaflow-main,SYNTHETIC_OPERATIONAL_RECORD
DISP-00936,RCPT-2026-10935,MED-0424,Amoxicillin 500mg (Novamox) (Formula 424),BATCH-0280,MET379,2026-12-29,CUST-0036,Sandhya Desai,+91 9671315464,20,124.6,2492.0,PHARM-KA-2022-7212,Deepak R,2026-09-12T11:48:00Z,2026-09-12,True,pharmaflow-main,SYNTHETIC_OPERATIONAL_RECORD
DISP-00937,RCPT-2026-10936,MED-0425,Amoxicillin + Clavulanic Acid 625mg (Augmentin) (Formula 425),BATCH-0281,MET380,2027-12-25,CUST-0037,Prashanth Shenoy,+91 8086762164,30,217.8,6534.0,PHARM-KA-2022-7212,Deepak R,2026-09-24T03:24:00Z,2026-09-24,True,pharmaflow-main,SYNTHETIC_OPERATIONAL_RECORD
DISP-00938,RCPT-2026-10937,MED-0426,Cetirizine 10mg (Cetzine) (Formula 426),BATCH-0282,PAN381,2028-02-05,CUST-0038,Swetha Krishnan,+91 8046840133,10,58.0,580.0,PHARM-HIST-0012,Swati Deshmukh,2026-08-06T06:25:00Z,2026-08-06,True,pharmaflow-main,SYNTHETIC_OPERATIONAL_RECORD
DISP-00939,RCPT-2026-10938,MED-0427,Levocetirizine 5mg (Levocet) (Formula 427),BATCH-0283,PAN382,2028-04-01,CUST-0039,Rajesh Sharma,+91 9039394291,30,77.2,2316.0,PHARM-HIST-0013,Nikhil Bhat,2026-07-15T12:24:00Z,2026-07-15,True,pharmaflow-main,SYNTHETIC_OPERATIONAL_RECORD
DISP-00940,RCPT-2026-10939,MED-0428,Azithromycin 250mg (Azee 250) (Formula 428),BATCH-0284,OME383,2028-03-31,CUST-0040,Nandini Rao,+91 9851464269,30,145.0,4350.0,PHARM-HIST-0014,Shalini Verma,2026-07-28T06:56:00Z,2026-07-28,True,pharmaflow-main,SYNTHETIC_OPERATIONAL_RECORD
DISP-00941,RCPT-2026-10940,MED-0429,Azithromycin 500mg (Azithral 500) (Formula 429),BATCH-0285,TEL384,2027-12-26,CUST-0041,Rahul Menon,+91 9653851498,10,218.2,2182.0,PHARM-KA-2022-7212,Deepak R,2026-09-21T12:56:00Z,2026-09-21,True,pharmaflow-main,SYNTHETIC_OPERATIONAL_RECORD
DISP-00942,RCPT-2026-10941,MED-0430,Metformin 500mg (Glycomet 500) (Formula 430),BATCH-0286,TEL385,2028-05-23,CUST-0042,Priya Verma,+91 9632084778,10,61.4,614.0,PHARM-HIST-0016,Rashmi Nair,2026-09-04T17:06:00Z,2026-09-04,True,pharmaflow-main,SYNTHETIC_OPERATIONAL_RECORD
DISP-00943,RCPT-2026-10942,MED-0431,Metformin 1000mg SR (Glucophage) (Formula 431),BATCH-0287,ATO386,2027-09-15,CUST-0043,Arun Hegde,+91 9440281491,15,91.6,1374.0,PHARM-HIST-0017,Varun Shenoy,2026-06-17T19:14:00Z,2026-06-17,True,pharmaflow-main,SYNTHETIC_OPERATIONAL_RECORD
DISP-00944,RCPT-2026-10943,MED-0432,Pantoprazole 40mg (Pan 40) (Formula 432),BATCH-0288,ROS387,2028-02-18,CUST-0044,Kavya Gupta,+91 9845495029,30,117.8,3534.0,PHARM-KA-2022-7212,Deepak R,2026-09-13T14:59:00Z,2026-09-13,True,pharmaflow-main,SYNTHETIC_OPERATIONAL_RECORD
DISP-00945,RCPT-2026-10944,MED-0433,Pantoprazole + Domperidone (Pan-D) (Formula 433),BATCH-0289,CIP388,2027-06-24,CUST-0045,Meena Joshi,+91 9024541967,30,194.0,5820.0,PHARM-HIST-0019,Manoj Patil,2026-07-22T03:17:00Z,2026-07-22,True,pharmaflow-main,SYNTHETIC_OPERATIONAL_RECORD
DISP-00946,RCPT-2026-10945,MED-0434,Omeprazole 20mg (Omez) (Formula 434),BATCH-0290,OFL389,2028-03-06,CUST-0046,Deepak Nair,+91 9795282470,20,94.2,1884.0,PHARM-HIST-0020,Harini Sundaram,2026-06-16T22:00:00Z,2026-06-16,True,pharmaflow-main,SYNTHETIC_OPERATIONAL_RECORD
DISP-00947,RCPT-2026-10946,MED-0435,Telmisartan 40mg (Telma 40) (Formula 435),BATCH-0291,MON390,2027-03-04,CUST-0047,Manish Patel,+91 9814994527,5,122.0,610.0,PHARM-HIST-0021,Suresh Prabhu,2026-07-17T14:19:00Z,2026-07-17,True,pharmaflow-main,SYNTHETIC_OPERATIONAL_RECORD
DISP-00948,RCPT-2026-10947,MED-0436,Telmisartan + Amlodipine (Telma-AM) (Formula 436),BATCH-0292,IBU391,2027-06-23,CUST-0048,Deeps Sundaram,+91 8070887034,20,175.2,3504.0,PHARM-HIST-0022,Deepa Namboodiri,2026-06-21T01:33:00Z,2026-06-21,True,pharmaflow-main,SYNTHETIC_OPERATIONAL_RECORD
DISP-00949,RCPT-2026-10948,MED-0437,Atorvastatin 10mg (Atorva 10) (Formula 437),BATCH-0293,ACE392,2027-09-02,CUST-0049,Suresh Pillai,+91 9775679047,30,144.4,4332.0,PHARM-HIST-0023,Raghavendra Rao,2026-09-03T08:17:00Z,2026-09-03,True,pharmaflow-main,SYNTHETIC_OPERATIONAL_RECORD
DISP-00950,RCPT-2026-10949,MED-0438,Rosuvastatin 10mg (Rosuvas 10) (Formula 438),BATCH-0294,VIL393,2027-02-24,CUST-0050,Lakshmi Bhat,+91 7041690501,30,177.6,5328.0,PHARM-HIST-0024,Kavita Acharya,2026-08-09T20:37:00Z,2026-08-09,True,pharmaflow-main,SYNTHETIC_OPERATIONAL_RECORD
DISP-00951,RCPT-2026-10950,MED-0439,Ciprofloxacin 500mg (Ciplox 500) (Formula 439),BATCH-0295,RAB394,2027-03-31,CUST-0051,Vignesh Murthy,+91 9018126895,10,100.8,1008.0,PHARM-KA-2022-7212,Deepak R,2026-07-03T10:04:00Z,2026-07-03,True,pharmaflow-main,SYNTHETIC_OPERATIONAL_RECORD
DISP-00952,RCPT-2026-10951,MED-0440,Ofloxacin + Ornidazole (O2) (Formula 440),BATCH-0296,COU395,2027-05-27,CUST-0052,Anitha Kumar,+91 9996128115,20,158.0,3160.0,PHARM-KA-2022-7212,Deepak R,2026-10-02T03:02:00Z,2026-10-02,True,pharmaflow-main,SYNTHETIC_OPERATIONAL_RECORD
DISP-00953,RCPT-2026-10952,MED-0441,Montelukast + Levocetirizine (Montair-LC) (Formula 441),BATCH-0297,ORA396,2027-06-16,CUST-0053,Ramesh Iyer,+91 9919208698,5,214.2,1071.0,PHARM-HIST-0002,Sneha Rao,2026-07-31T21:40:00Z,2026-07-31,True,pharmaflow-main,SYNTHETIC_OPERATIONAL_RECORD
DISP-00954,RCPT-2026-10953,MED-0442,Ibuprofen 400mg (Brufen 400) (Formula 442),BATCH-0298,MUL397,2027-05-22,CUST-0054,Sangeetha Reddy,+91 9489991301,5,35.0,175.0,PHARM-HIST-0003,Karthik Subramanian,2026-08-19T05:39:00Z,2026-08-19,True,pharmaflow-main,SYNTHETIC_OPERATIONAL_RECORD
DISP-00955,RCPT-2026-10954,MED-0443,Aceclofenac + Paracetamol (Zerodol-P) (Formula 443),BATCH-0299,THY398,2026-12-25,CUST-0055,Vijay Gowda,+91 9827690330,5,95.2,476.0,PHARM-HIST-0004,Divya Menon,2026-06-17T17:09:00Z,2026-06-17,True,pharmaflow-main,SYNTHETIC_OPERATIONAL_RECORD
DISP-00956,RCPT-2026-10955,MED-0444,Vildagliptin + Metformin (Galvus Met) (Formula 444),BATCH-0300,CLO399,2027-03-14,CUST-0056,Sandhya Desai,+91 9617032877,20,304.4,6088.0,PHARM-HIST-0005,Rohan Mehta,2026-07-06T04:16:00Z,2026-07-06,True,pharmaflow-main,SYNTHETIC_OPERATIONAL_RECORD
DISP-00957,RCPT-2026-10956,MED-0445,Rabeprazole 20mg (Razo 20) (Formula 445),BATCH-0301,PAR400,2028-04-07,CUST-0057,Prashanth Shenoy,+91 7058592048,10,147.6,1476.0,PHARM-KA-2022-7212,Deepak R,2026-09-29T04:48:00Z,2026-09-29,True,pharmaflow-main,SYNTHETIC_OPERATIONAL_RECORD
DISP-00958,RCPT-2026-10957,MED-0446,Cough Syrup (Ascoril-D) (Formula 446),BATCH-0302,PAR401,2028-05-04,CUST-0058,Swetha Krishnan,+91 9671477426,5,122.8,614.0,PHARM-HIST-0007,Venkatesh Iyer,2026-08-27T02:56:00Z,2026-08-27,True,pharmaflow-main,SYNTHETIC_OPERATIONAL_RECORD
DISP-00959,RCPT-2026-10958,MED-0447,Oral Rehydration Salts (Electral ORS) (Formula 447),BATCH-0303,VIT402,2028-03-16,CUST-0059,Rajesh Sharma,+91 9775802771,5,38.5,192.5,PHARM-KA-2022-7212,Deepak R,2026-10-04T20:33:00Z,2026-10-04,True,pharmaflow-main,SYNTHETIC_OPERATIONAL_RECORD
DISP-00960,RCPT-2026-10959,MED-0448,Multivitamin + Zinc (Becadexamin) (Formula 448),BATCH-0304,AMO403,2027-05-08,CUST-0060,Nandini Rao,+91 9726937148,15,71.2,1068.0,PHARM-HIST-0009,Sanjay Nambiar,2026-07-24T15:01:00Z,2026-07-24,True,pharmaflow-main,SYNTHETIC_OPERATIONAL_RECORD
DISP-00961,RCPT-2026-10960,MED-0449,Thyroxine Sodium 50mcg (Thyronorm 50) (Formula 449),BATCH-0305,AMO404,2027-03-19,CUST-0061,Rahul Menon,+91 8023311507,5,155.0,775.0,PHARM-HIST-0010,Meera Krishnan,2026-06-23T03:45:00Z,2026-06-23,True,pharmaflow-main,SYNTHETIC_OPERATIONAL_RECORD
DISP-00962,RCPT-2026-10961,MED-0450,Clopidogrel 75mg (Clopilet 75) (Formula 450),BATCH-0306,CET405,2027-10-03,CUST-0062,Priya Verma,+91 9965541117,5,165.2,826.0,PHARM-HIST-0011,Aditya Kulkarni,2026-08-09T04:39:00Z,2026-08-09,True,pharmaflow-main,SYNTHETIC_OPERATIONAL_RECORD
DISP-00963,RCPT-2026-10962,MED-0451,Paracetamol 500mg (Formula 451),BATCH-0307,LEV406,2027-07-20,CUST-0063,Arun Hegde,+91 9099269266,10,36.4,364.0,PHARM-HIST-0012,Swati Deshmukh,2026-06-25T01:27:00Z,2026-06-25,True,pharmaflow-main,SYNTHETIC_OPERATIONAL_RECORD
DISP-00964,RCPT-2026-10963,MED-0452,Paracetamol 650mg (Dolo 650) (Formula 452),BATCH-0308,AZI407,2027-09-05,CUST-0064,Kavya Gupta,+91 9722513132,30,47.6,1428.0,PHARM-HIST-0013,Nikhil Bhat,2026-06-10T09:11:00Z,2026-06-10,True,pharmaflow-main,SYNTHETIC_OPERATIONAL_RECORD
DISP-00965,RCPT-2026-10964,MED-0453,Vitamin D3 60K (Calcirol) (Formula 453),BATCH-0309,AZI408,2027-03-29,CUST-0065,Meena Joshi,+91 9099927658,5,92.8,464.0,PHARM-HIST-0014,Shalini Verma,2026-07-20T21:12:00Z,2026-07-20,True,pharmaflow-main,SYNTHETIC_OPERATIONAL_RECORD
DISP-00966,RCPT-2026-10965,MED-0454,Amoxicillin 500mg (Novamox) (Formula 454),BATCH-0310,MET409,2027-09-10,CUST-0066,Deepak Nair,+91 9657197152,5,131.0,655.0,PHARM-HIST-0015,Gautam Pillai,2026-07-19T21:23:00Z,2026-07-19,True,pharmaflow-main,SYNTHETIC_OPERATIONAL_RECORD
DISP-00967,RCPT-2026-10966,MED-0455,Amoxicillin + Clavulanic Acid 625mg (Augmentin) (Formula 455),BATCH-0311,MET410,2028-05-27,CUST-0067,Manish Patel,+91 9084660688,5,224.2,1121.0,PHARM-KA-2022-7212,Deepak R,2026-09-28T10:02:00Z,2026-09-28,True,pharmaflow-main,SYNTHETIC_OPERATIONAL_RECORD
DISP-00968,RCPT-2026-10967,MED-0456,Cetirizine 10mg (Cetzine) (Formula 456),BATCH-0312,PAN411,2027-06-10,CUST-0068,Deeps Sundaram,+91 9891737913,5,42.0,210.0,PHARM-HIST-0017,Varun Shenoy,2026-08-21T01:04:00Z,2026-08-21,True,pharmaflow-main,SYNTHETIC_OPERATIONAL_RECORD
DISP-00969,RCPT-2026-10968,MED-0457,Levocetirizine 5mg (Levocet) (Formula 457),BATCH-0313,PAN412,2027-10-27,CUST-0069,Suresh Pillai,+91 9655610493,20,61.2,1224.0,PHARM-HIST-0018,Geetha Radhakrishnan,2026-06-30T07:57:00Z,2026-06-30,True,pharmaflow-main,SYNTHETIC_OPERATIONAL_RECORD
DISP-00970,RCPT-2026-10969,MED-0458,Azithromycin 250mg (Azee 250) (Formula 458),BATCH-0314,OME413,2028-04-06,CUST-0070,Lakshmi Bhat,+91 9822315507,20,151.4,3028.0,PHARM-KA-2022-7212,Deepak R,2026-10-01T02:21:00Z,2026-10-01,True,pharmaflow-main,SYNTHETIC_OPERATIONAL_RECORD
DISP-00971,RCPT-2026-10970,MED-0459,Azithromycin 500mg (Azithral 500) (Formula 459),BATCH-0315,TEL414,2027-10-04,CUST-0071,Vignesh Murthy,+91 9459667685,5,224.6,1123.0,PHARM-KA-2022-7212,Deepak R,2026-09-30T08:17:00Z,2026-09-30,True,pharmaflow-main,SYNTHETIC_OPERATIONAL_RECORD
DISP-00972,RCPT-2026-10971,MED-0460,Metformin 500mg (Glycomet 500) (Formula 460),BATCH-0316,TEL415,2028-03-13,CUST-0072,Anitha Kumar,+91 9492924837,20,67.8,1356.0,PHARM-HIST-0021,Suresh Prabhu,2026-07-29T10:42:00Z,2026-07-29,True,pharmaflow-main,SYNTHETIC_OPERATIONAL_RECORD
DISP-00973,RCPT-2026-10972,MED-0461,Metformin 1000mg SR (Glucophage) (Formula 461),BATCH-0317,ATO416,2028-05-07,CUST-0073,Ramesh Iyer,+91 7065590800,20,98.0,1960.0,PHARM-HIST-0022,Deepa Namboodiri,2026-08-18T08:21:00Z,2026-08-18,True,pharmaflow-main,SYNTHETIC_OPERATIONAL_RECORD
DISP-00974,RCPT-2026-10973,MED-0462,Pantoprazole 40mg (Pan 40) (Formula 462),BATCH-0318,ROS417,2026-11-21,CUST-0074,Sangeetha Reddy,+91 7080723898,30,124.2,3726.0,PHARM-KA-2022-7212,Deepak R,2026-09-08T16:10:00Z,2026-09-08,True,pharmaflow-main,SYNTHETIC_OPERATIONAL_RECORD
DISP-00975,RCPT-2026-10974,MED-0463,Pantoprazole + Domperidone (Pan-D) (Formula 463),BATCH-0319,CIP418,2027-12-03,CUST-0075,Vijay Gowda,+91 9837437207,20,178.0,3560.0,PHARM-KA-2022-7212,Deepak R,2026-10-06T21:36:00Z,2026-10-06,True,pharmaflow-main,SYNTHETIC_OPERATIONAL_RECORD
DISP-00976,RCPT-2026-10975,MED-0464,Omeprazole 20mg (Omez) (Formula 464),BATCH-0320,OFL419,2027-05-31,CUST-0076,Sandhya Desai,+91 9876757928,30,78.2,2346.0,PHARM-KA-2022-7212,Deepak R,2026-06-28T22:04:00Z,2026-06-28,True,pharmaflow-main,SYNTHETIC_OPERATIONAL_RECORD
DISP-00977,RCPT-2026-10976,MED-0465,Telmisartan 40mg (Telma 40) (Formula 465),BATCH-0321,MON420,2027-04-21,CUST-0077,Prashanth Shenoy,+91 9977144075,5,128.4,642.0,PHARM-HIST-0001,Aravind Swaminathan,2026-07-21T08:39:00Z,2026-07-21,True,pharmaflow-main,SYNTHETIC_OPERATIONAL_RECORD
DISP-00978,RCPT-2026-10977,MED-0466,Telmisartan + Amlodipine (Telma-AM) (Formula 466),BATCH-0322,IBU421,2027-04-06,CUST-0078,Swetha Krishnan,+91 9871707170,30,181.6,5448.0,PHARM-HIST-0002,Sneha Rao,2026-08-10T19:39:00Z,2026-08-10,True,pharmaflow-main,SYNTHETIC_OPERATIONAL_RECORD
DISP-00979,RCPT-2026-10978,MED-0467,Atorvastatin 10mg (Atorva 10) (Formula 467),BATCH-0323,ACE422,2027-06-04,CUST-0079,Rajesh Sharma,+91 8048858073,5,150.8,754.0,PHARM-KA-2022-7212,Deepak R,2026-09-14T08:54:00Z,2026-09-14,True,pharmaflow-main,SYNTHETIC_OPERATIONAL_RECORD
DISP-00980,RCPT-2026-10979,MED-0468,Rosuvastatin 10mg (Rosuvas 10) (Formula 468),BATCH-0324,VIL423,2028-02-14,CUST-0080,Nandini Rao,+91 9021828592,30,184.0,5520.0,PHARM-HIST-0004,Divya Menon,2026-07-23T13:56:00Z,2026-07-23,True,pharmaflow-main,SYNTHETIC_OPERATIONAL_RECORD
DISP-00981,RCPT-2026-10980,MED-0469,Ciprofloxacin 500mg (Ciplox 500) (Formula 469),BATCH-0325,RAB424,2027-12-11,CUST-0081,Rahul Menon,+91 8051644346,30,107.2,3216.0,PHARM-HIST-0005,Rohan Mehta,2026-06-29T05:03:00Z,2026-06-29,True,pharmaflow-main,SYNTHETIC_OPERATIONAL_RECORD
DISP-00982,RCPT-2026-10981,MED-0470,Ofloxacin + Ornidazole (O2) (Formula 470),BATCH-0326,COU425,2026-12-26,CUST-0082,Priya Verma,+91 9781216573,15,142.0,2130.0,PHARM-KA-2022-7212,Deepak R,2026-09-21T15:28:00Z,2026-09-21,True,pharmaflow-main,SYNTHETIC_OPERATIONAL_RECORD
DISP-00983,RCPT-2026-10982,MED-0471,Montelukast + Levocetirizine (Montair-LC) (Formula 471),BATCH-0327,ORA426,2027-09-24,CUST-0083,Arun Hegde,+91 9444355473,30,198.2,5946.0,PHARM-HIST-0007,Venkatesh Iyer,2026-08-23T22:30:00Z,2026-08-23,True,pharmaflow-main,SYNTHETIC_OPERATIONAL_RECORD
DISP-00984,RCPT-2026-10983,MED-0472,Ibuprofen 400mg (Brufen 400) (Formula 472),BATCH-0328,MUL427,2027-07-23,CUST-0084,Kavya Gupta,+91 7072270726,10,41.4,414.0,PHARM-HIST-0008,Pooja Hegde,2026-08-13T06:45:00Z,2026-08-13,True,pharmaflow-main,SYNTHETIC_OPERATIONAL_RECORD
DISP-00985,RCPT-2026-10984,MED-0473,Aceclofenac + Paracetamol (Zerodol-P) (Formula 473),BATCH-0001,PCT101,2027-11-30,CUST-0085,Meena Joshi,+91 7019165226,10,101.6,1016.0,PHARM-HIST-0009,Sanjay Nambiar,2026-06-28T10:57:00Z,2026-06-28,True,pharmaflow-main,SYNTHETIC_OPERATIONAL_RECORD
DISP-00986,RCPT-2026-10985,MED-0474,Vildagliptin + Metformin (Galvus Met) (Formula 474),BATCH-0002,VD102,2026-09-25,CUST-0086,Deepak Nair,+91 9751662236,30,310.8,9324.0,PHARM-HIST-0010,Meera Krishnan,2026-08-29T17:33:00Z,2026-08-29,True,pharmaflow-main,SYNTHETIC_OPERATIONAL_RECORD
DISP-00987,RCPT-2026-10986,MED-0475,Rabeprazole 20mg (Razo 20) (Formula 475),BATCH-0003,AMX204,2026-10-15,CUST-0087,Manish Patel,+91 9792545028,30,154.0,4620.0,PHARM-HIST-0011,Aditya Kulkarni,2026-07-17T00:41:00Z,2026-07-17,True,pharmaflow-main,SYNTHETIC_OPERATIONAL_RECORD
DISP-00988,RCPT-2026-10987,MED-0476,Cough Syrup (Ascoril-D) (Formula 476),BATCH-0004,CTZ302,2027-01-15,CUST-0088,Deeps Sundaram,+91 9953154591,10,129.2,1292.0,PHARM-HIST-0012,Swati Deshmukh,2026-06-16T18:11:00Z,2026-06-16,True,pharmaflow-main,SYNTHETIC_OPERATIONAL_RECORD
DISP-00989,RCPT-2026-10988,MED-0477,Oral Rehydration Salts (Electral ORS) (Formula 477),BATCH-0005,DEMO-EXP-001,2026-10-23,CUST-0089,Suresh Pillai,+91 9777719420,30,22.5,675.0,PHARM-KA-2022-7212,Deepak R,2026-09-19T20:41:00Z,2026-09-19,True,pharmaflow-main,SYNTHETIC_OPERATIONAL_RECORD
DISP-00990,RCPT-2026-10989,MED-0478,Multivitamin + Zinc (Becadexamin) (Formula 478),BATCH-0006,DEMO-EXP-002,2026-10-08,CUST-0090,Lakshmi Bhat,+91 9458841557,5,55.2,276.0,PHARM-HIST-0014,Shalini Verma,2026-08-26T02:37:00Z,2026-08-26,True,pharmaflow-main,SYNTHETIC_OPERATIONAL_RECORD
DISP-00991,RCPT-2026-10990,MED-0479,Thyroxine Sodium 50mcg (Thyronorm 50) (Formula 479),BATCH-0007,LEV106,2026-09-13,CUST-0091,Vignesh Murthy,+91 9018846539,10,161.4,1614.0,PHARM-HIST-0015,Gautam Pillai,2026-08-02T17:18:00Z,2026-08-02,True,pharmaflow-main,SYNTHETIC_OPERATIONAL_RECORD
DISP-00992,RCPT-2026-10991,MED-0480,Clopidogrel 75mg (Clopilet 75) (Formula 480),BATCH-0008,AZI107,2026-09-22,CUST-0092,Anitha Kumar,+91 9020939011,30,171.6,5148.0,PHARM-KA-2022-7212,Deepak R,2026-10-01T04:28:00Z,2026-10-01,True,pharmaflow-main,SYNTHETIC_OPERATIONAL_RECORD
DISP-00993,RCPT-2026-10992,MED-0481,Paracetamol 500mg (Formula 481),BATCH-0009,AZI108,2026-10-03,CUST-0093,Ramesh Iyer,+91 9751551377,15,42.8,642.0,PHARM-HIST-0017,Varun Shenoy,2026-06-21T10:33:00Z,2026-06-21,True,pharmaflow-main,SYNTHETIC_OPERATIONAL_RECORD
DISP-00994,RCPT-2026-10993,MED-0482,Paracetamol 650mg (Dolo 650) (Formula 482),BATCH-0010,MET109,2026-09-24,CUST-0094,Sangeetha Reddy,+91 9012446861,10,54.0,540.0,PHARM-KA-2022-7212,Deepak R,2026-09-13T05:20:00Z,2026-09-13,True,pharmaflow-main,SYNTHETIC_OPERATIONAL_RECORD
DISP-00995,RCPT-2026-10994,MED-0483,Vitamin D3 60K (Calcirol) (Formula 483),BATCH-0011,MET110,2026-09-24,CUST-0095,Vijay Gowda,+91 9928463709,10,99.2,992.0,PHARM-HIST-0019,Manoj Patil,2026-06-30T09:39:00Z,2026-06-30,True,pharmaflow-main,SYNTHETIC_OPERATIONAL_RECORD
DISP-00996,RCPT-2026-10995,MED-0484,Amoxicillin 500mg (Novamox) (Formula 484),BATCH-0012,PAN111,2026-10-04,CUST-0096,Sandhya Desai,+91 9490161060,20,115.0,2300.0,PHARM-HIST-0020,Harini Sundaram,2026-07-14T20:16:00Z,2026-07-14,True,pharmaflow-main,SYNTHETIC_OPERATIONAL_RECORD
DISP-00997,RCPT-2026-10996,MED-0485,Amoxicillin + Clavulanic Acid 625mg (Augmentin) (Formula 485),BATCH-0013,PAN112,2026-09-01,CUST-0097,Prashanth Shenoy,+91 8058895439,30,208.2,6246.0,PHARM-HIST-0021,Suresh Prabhu,2026-07-23T13:39:00Z,2026-07-23,True,pharmaflow-main,SYNTHETIC_OPERATIONAL_RECORD
DISP-00998,RCPT-2026-10997,MED-0486,Cetirizine 10mg (Cetzine) (Formula 486),BATCH-0014,OME113,2026-09-23,CUST-0098,Swetha Krishnan,+91 9951536077,15,48.4,726.0,PHARM-HIST-0022,Deepa Namboodiri,2026-07-28T01:21:00Z,2026-07-28,True,pharmaflow-main,SYNTHETIC_OPERATIONAL_RECORD
DISP-00999,RCPT-2026-10998,MED-0487,Levocetirizine 5mg (Levocet) (Formula 487),BATCH-0015,TEL114,2026-09-16,CUST-0099,Rajesh Sharma,+91 8077498993,5,67.6,338.0,PHARM-HIST-0023,Raghavendra Rao,2026-08-16T01:50:00Z,2026-08-16,True,pharmaflow-main,SYNTHETIC_OPERATIONAL_RECORD
DISP-01000,RCPT-2026-10999,MED-0488,Azithromycin 250mg (Azee 250) (Formula 488),BATCH-0016,TEL115,2026-10-03,CUST-0100,Nandini Rao,+91 7059823245,10,157.8,1578.0,PHARM-HIST-0024,Kavita Acharya,2026-08-11T10:29:00Z,2026-08-11,True,pharmaflow-main,SYNTHETIC_OPERATIONAL_RECORD
DISP-01001,RCPT-2026-11000,MED-0489,Azithromycin 500mg (Azithral 500) (Formula 489),BATCH-0017,ATO116,2026-09-10,CUST-0101,Rahul Menon,+91 7078901038,10,231.0,2310.0,PHARM-KA-2022-7212,Deepak R,2026-06-13T11:20:00Z,2026-06-13,True,pharmaflow-main,SYNTHETIC_OPERATIONAL_RECORD
DISP-01002,RCPT-2026-11001,MED-0490,Metformin 500mg (Glycomet 500) (Formula 490),BATCH-0018,ROS117,2026-10-07,CUST-0102,Priya Verma,+91 8017148018,30,74.2,2226.0,PHARM-HIST-0001,Aravind Swaminathan,2026-07-12T04:31:00Z,2026-07-12,True,pharmaflow-main,SYNTHETIC_OPERATIONAL_RECORD
DISP-01003,RCPT-2026-11002,MED-0491,Metformin 1000mg SR (Glucophage) (Formula 491),BATCH-0019,CIP118,2026-10-05,CUST-0103,Arun Hegde,+91 9913783268,15,82.0,1230.0,PHARM-KA-2022-7212,Deepak R,2026-09-11T04:30:00Z,2026-09-11,True,pharmaflow-main,SYNTHETIC_OPERATIONAL_RECORD
DISP-01004,RCPT-2026-11003,MED-0492,Pantoprazole 40mg (Pan 40) (Formula 492),BATCH-0020,OFL119,2026-09-10,CUST-0104,Kavya Gupta,+91 7028628439,10,108.2,1082.0,PHARM-HIST-0003,Karthik Subramanian,2026-06-26T12:36:00Z,2026-06-26,True,pharmaflow-main,SYNTHETIC_OPERATIONAL_RECORD
DISP-01005,RCPT-2026-11004,MED-0493,Pantoprazole + Domperidone (Pan-D) (Formula 493),BATCH-0021,MON120,2026-09-13,CUST-0105,Meena Joshi,+91 9638944689,5,184.4,922.0,PHARM-HIST-0004,Divya Menon,2026-08-18T06:08:00Z,2026-08-18,True,pharmaflow-main,SYNTHETIC_OPERATIONAL_RECORD
DISP-01006,RCPT-2026-11005,MED-0494,Omeprazole 20mg (Omez) (Formula 494),BATCH-0022,IBU121,2026-08-30,CUST-0106,Deepak Nair,+91 9716408822,15,84.6,1269.0,PHARM-HIST-0005,Rohan Mehta,2026-08-23T11:56:00Z,2026-08-23,True,pharmaflow-main,SYNTHETIC_OPERATIONAL_RECORD
DISP-01007,RCPT-2026-11006,MED-0495,Telmisartan 40mg (Telma 40) (Formula 495),BATCH-0023,ACE122,2026-08-29,CUST-0107,Manish Patel,+91 9894819556,10,134.8,1348.0,PHARM-KA-2022-7212,Deepak R,2026-10-04T18:53:00Z,2026-10-04,True,pharmaflow-main,SYNTHETIC_OPERATIONAL_RECORD
DISP-01008,RCPT-2026-11007,MED-0496,Telmisartan + Amlodipine (Telma-AM) (Formula 496),BATCH-0024,VIL123,2026-09-17,CUST-0108,Deeps Sundaram,+91 9042287985,30,188.0,5640.0,PHARM-HIST-0007,Venkatesh Iyer,2026-08-31T21:48:00Z,2026-08-31,True,pharmaflow-main,SYNTHETIC_OPERATIONAL_RECORD
DISP-01009,RCPT-2026-11008,MED-0497,Atorvastatin 10mg (Atorva 10) (Formula 497),BATCH-0025,RAB124,2026-09-24,CUST-0109,Suresh Pillai,+91 9780606503,5,157.2,786.0,PHARM-HIST-0008,Pooja Hegde,2026-06-14T00:58:00Z,2026-06-14,True,pharmaflow-main,SYNTHETIC_OPERATIONAL_RECORD
DISP-01010,RCPT-2026-11009,MED-0498,Rosuvastatin 10mg (Rosuvas 10) (Formula 498),BATCH-0026,COU125,2026-09-15,CUST-0110,Lakshmi Bhat,+91 8060103798,10,168.0,1680.0,PHARM-KA-2022-7212,Deepak R,2026-09-13T05:42:00Z,2026-09-13,True,pharmaflow-main,SYNTHETIC_OPERATIONAL_RECORD
DISP-01011,RCPT-2026-11010,MED-0499,Ciprofloxacin 500mg (Ciplox 500) (Formula 499),BATCH-0027,ORA126,2026-10-01,CUST-0111,Vignesh Murthy,+91 9788101741,10,91.2,912.0,PHARM-KA-2022-7212,Deepak R,2026-09-10T03:14:00Z,2026-09-10,True,pharmaflow-main,SYNTHETIC_OPERATIONAL_RECORD
DISP-01012,RCPT-2026-11011,MED-0500,Ofloxacin + Ornidazole (O2) (Formula 500),BATCH-0028,MUL127,2026-09-27,CUST-0112,Anitha Kumar,+91 9096274567,10,148.4,1484.0,PHARM-HIST-0011,Aditya Kulkarni,2026-08-25T18:45:00Z,2026-08-25,True,pharmaflow-main,SYNTHETIC_OPERATIONAL_RECORD
DISP-01013,RCPT-2026-11012,MED-0501,Montelukast + Levocetirizine (Montair-LC) (Formula 501),BATCH-0029,THY128,2026-09-30,CUST-0113,Ramesh Iyer,+91 9771428713,15,204.6,3069.0,PHARM-KA-2022-7212,Deepak R,2026-09-13T11:49:00Z,2026-09-13,True,pharmaflow-main,SYNTHETIC_OPERATIONAL_RECORD
DISP-01014,RCPT-2026-11013,MED-0502,Ibuprofen 400mg (Brufen 400) (Formula 502),BATCH-0030,CLO129,2026-09-02,CUST-0114,Sangeetha Reddy,+91 9679173614,10,47.8,478.0,PHARM-HIST-0013,Nikhil Bhat,2026-06-14T08:59:00Z,2026-06-14,True,pharmaflow-main,SYNTHETIC_OPERATIONAL_RECORD
DISP-01015,RCPT-2026-11014,MED-0503,Aceclofenac + Paracetamol (Zerodol-P) (Formula 503),BATCH-0031,PAR130,2026-10-15,CUST-0115,Vijay Gowda,+91 9016416148,5,108.0,540.0,PHARM-HIST-0014,Shalini Verma,2026-08-20T15:10:00Z,2026-08-20,True,pharmaflow-main,SYNTHETIC_OPERATIONAL_RECORD
DISP-01016,RCPT-2026-11015,MED-0504,Vildagliptin + Metformin (Galvus Met) (Formula 504),BATCH-0032,PAR131,2026-10-13,CUST-0116,Sandhya Desai,+91 8069020451,20,317.2,6344.0,PHARM-HIST-0015,Gautam Pillai,2026-08-26T05:41:00Z,2026-08-26,True,pharmaflow-main,SYNTHETIC_OPERATIONAL_RECORD
DISP-01017,RCPT-2026-11016,MED-0505,Rabeprazole 20mg (Razo 20) (Formula 505),BATCH-0033,VIT132,2026-10-15,CUST-0117,Prashanth Shenoy,+91 9621087928,15,138.0,2070.0,PHARM-HIST-0016,Rashmi Nair,2026-09-08T00:09:00Z,2026-09-08,True,pharmaflow-main,SYNTHETIC_OPERATIONAL_RECORD
DISP-01018,RCPT-2026-11017,MED-0506,Cough Syrup (Ascoril-D) (Formula 506),BATCH-0034,AMO133,2026-10-14,CUST-0118,Swetha Krishnan,+91 9023770458,30,113.2,3396.0,PHARM-HIST-0017,Varun Shenoy,2026-07-16T06:27:00Z,2026-07-16,True,pharmaflow-main,SYNTHETIC_OPERATIONAL_RECORD
DISP-01019,RCPT-2026-11018,MED-0507,Oral Rehydration Salts (Electral ORS) (Formula 507),BATCH-0035,AMO134,2026-10-12,CUST-0119,Rajesh Sharma,+91 8032366682,5,28.9,144.5,PHARM-HIST-0018,Geetha Radhakrishnan,2026-06-17T22:04:00Z,2026-06-17,True,pharmaflow-main,SYNTHETIC_OPERATIONAL_RECORD
DISP-01020,RCPT-2026-11019,MED-0508,Multivitamin + Zinc (Becadexamin) (Formula 508),BATCH-0036,CET135,2026-10-18,CUST-0120,Nandini Rao,+91 8046850196,10,61.6,616.0,PHARM-KA-2022-7212,Deepak R,2026-09-23T07:04:00Z,2026-09-23,True,pharmaflow-main,SYNTHETIC_OPERATIONAL_RECORD
DISP-01021,RCPT-2026-11020,MED-0509,Thyroxine Sodium 50mcg (Thyronorm 50) (Formula 509),BATCH-0037,LEV136,2026-10-11,CUST-0121,Rahul Menon,+91 9414179623,30,167.8,5034.0,PHARM-HIST-0020,Harini Sundaram,2026-06-29T05:48:00Z,2026-06-29,True,pharmaflow-main,SYNTHETIC_OPERATIONAL_RECORD
DISP-01022,RCPT-2026-11021,MED-0510,Clopidogrel 75mg (Clopilet 75) (Formula 510),BATCH-0038,AZI137,2026-10-15,CUST-0122,Priya Verma,+91 9058607028,15,178.0,2670.0,PHARM-HIST-0021,Suresh Prabhu,2026-08-20T13:37:00Z,2026-08-20,True,pharmaflow-main,SYNTHETIC_OPERATIONAL_RECORD
DISP-01023,RCPT-2026-11022,MED-0511,Paracetamol 500mg (Formula 511),BATCH-0039,AZI138,2026-10-12,CUST-0123,Arun Hegde,+91 9069584522,10,49.2,492.0,PHARM-HIST-0022,Deepa Namboodiri,2026-07-23T22:20:00Z,2026-07-23,True,pharmaflow-main,SYNTHETIC_OPERATIONAL_RECORD
DISP-01024,RCPT-2026-11023,MED-0512,Paracetamol 650mg (Dolo 650) (Formula 512),BATCH-0040,MET139,2026-10-13,CUST-0124,Kavya Gupta,+91 9643502308,30,38.0,1140.0,PHARM-HIST-0023,Raghavendra Rao,2026-06-13T10:12:00Z,2026-06-13,True,pharmaflow-main,SYNTHETIC_OPERATIONAL_RECORD
DISP-01025,RCPT-2026-11024,MED-0001,Paracetamol 500mg,BATCH-0041,MET140,2026-10-13,CUST-0125,Meena Joshi,+91 9644935501,30,30.0,900.0,PHARM-HIST-0024,Kavita Acharya,2026-07-25T05:06:00Z,2026-07-25,True,pharmaflow-main,SYNTHETIC_OPERATIONAL_RECORD
DISP-01026,RCPT-2026-11025,MED-0002,Paracetamol 650mg (Dolo 650),BATCH-0042,PAN141,2026-10-09,CUST-0126,Deepak Nair,+91 9728217159,10,41.2,412.0,PHARM-KA-2022-7212,Deepak R,2026-09-01T07:40:00Z,2026-09-01,True,pharmaflow-main,SYNTHETIC_OPERATIONAL_RECORD
DISP-01027,RCPT-2026-11026,MED-0003,Vitamin D3 60K (Calcirol),BATCH-0043,PAN142,2026-10-14,CUST-0127,Manish Patel,+91 9099635939,15,86.4,1296.0,PHARM-KA-2022-7212,Deepak R,2026-10-01T15:10:00Z,2026-10-01,True,pharmaflow-main,SYNTHETIC_OPERATIONAL_RECORD
DISP-01028,RCPT-2026-11027,MED-0004,Amoxicillin 500mg (Novamox),BATCH-0044,OME143,2026-10-14,CUST-0128,Deeps Sundaram,+91 9458518659,30,124.6,3738.0,PHARM-HIST-0002,Sneha Rao,2026-06-19T07:06:00Z,2026-06-19,True,pharmaflow-main,SYNTHETIC_OPERATIONAL_RECORD
DISP-01029,RCPT-2026-11028,MED-0005,Amoxicillin + Clavulanic Acid 625mg (Augmentin),BATCH-0045,TEL144,2026-10-13,CUST-0129,Suresh Pillai,+91 9858438711,5,217.8,1089.0,PHARM-HIST-0003,Karthik Subramanian,2026-07-25T20:47:00Z,2026-07-25,True,pharmaflow-main,SYNTHETIC_OPERATIONAL_RECORD
DISP-01030,RCPT-2026-11029,MED-0006,Cetirizine 10mg (Cetzine),BATCH-0046,TEL145,2026-10-09,CUST-0130,Lakshmi Bhat,+91 9751512297,30,58.0,1740.0,PHARM-HIST-0004,Divya Menon,2026-06-29T20:10:00Z,2026-06-29,True,pharmaflow-main,SYNTHETIC_OPERATIONAL_RECORD
DISP-01031,RCPT-2026-11030,MED-0007,Levocetirizine 5mg (Levocet),BATCH-0047,ATO146,2026-10-17,CUST-0131,Vignesh Murthy,+91 9726821075,20,77.2,1544.0,PHARM-KA-2022-7212,Deepak R,2026-09-30T06:28:00Z,2026-09-30,True,pharmaflow-main,SYNTHETIC_OPERATIONAL_RECORD
DISP-01032,RCPT-2026-11031,MED-0008,Azithromycin 250mg (Azee 250),BATCH-0048,ROS147,2026-10-16,CUST-0132,Anitha Kumar,+91 9483994695,30,145.0,4350.0,PHARM-HIST-0006,Ananya Sharma,2026-07-03T15:12:00Z,2026-07-03,True,pharmaflow-main,SYNTHETIC_OPERATIONAL_RECORD
DISP-01033,RCPT-2026-11032,MED-0009,Azithromycin 500mg (Azithral 500),BATCH-0049,CIP148,2026-10-11,CUST-0133,Ramesh Iyer,+91 9779538491,20,218.2,4364.0,PHARM-HIST-0007,Venkatesh Iyer,2026-08-21T20:27:00Z,2026-08-21,True,pharmaflow-main,SYNTHETIC_OPERATIONAL_RECORD
DISP-01034,RCPT-2026-11033,MED-0010,Metformin 500mg (Glycomet 500),BATCH-0050,OFL149,2026-10-12,CUST-0134,Sangeetha Reddy,+91 9620584397,15,61.4,921.0,PHARM-KA-2022-7212,Deepak R,2026-09-16T01:15:00Z,2026-09-16,True,pharmaflow-main,SYNTHETIC_OPERATIONAL_RECORD
DISP-01035,RCPT-2026-11034,MED-0011,Metformin 1000mg SR (Glucophage),BATCH-0051,MON150,2026-10-14,CUST-0135,Vijay Gowda,+91 9777454225,20,91.6,1832.0,PHARM-HIST-0009,Sanjay Nambiar,2026-08-01T13:30:00Z,2026-08-01,True,pharmaflow-main,SYNTHETIC_OPERATIONAL_RECORD
DISP-01036,RCPT-2026-11035,MED-0012,Pantoprazole 40mg (Pan 40),BATCH-0052,IBU151,2026-10-10,CUST-0136,Sandhya Desai,+91 9820901547,20,117.8,2356.0,PHARM-HIST-0010,Meera Krishnan,2026-08-09T03:23:00Z,2026-08-09,True,pharmaflow-main,SYNTHETIC_OPERATIONAL_RECORD
DISP-01037,RCPT-2026-11036,MED-0013,Pantoprazole + Domperidone (Pan-D),BATCH-0053,ACE152,2026-10-10,CUST-0137,Prashanth Shenoy,+91 9876845536,5,194.0,970.0,PHARM-HIST-0011,Aditya Kulkarni,2026-07-18T17:19:00Z,2026-07-18,True,pharmaflow-main,SYNTHETIC_OPERATIONAL_RECORD
DISP-01038,RCPT-2026-11037,MED-0014,Omeprazole 20mg (Omez),BATCH-0054,VIL153,2026-10-16,CUST-0138,Swetha Krishnan,+91 8049920898,10,94.2,942.0,PHARM-KA-2022-7212,Deepak R,2026-09-12T04:03:00Z,2026-09-12,True,pharmaflow-main,SYNTHETIC_OPERATIONAL_RECORD
DISP-01039,RCPT-2026-11038,MED-0015,Telmisartan 40mg (Telma 40),BATCH-0055,RAB154,2026-10-10,CUST-0139,Rajesh Sharma,+91 7037383505,10,122.0,1220.0,PHARM-HIST-0013,Nikhil Bhat,2026-08-12T04:35:00Z,2026-08-12,True,pharmaflow-main,SYNTHETIC_OPERATIONAL_RECORD
DISP-01040,RCPT-2026-11039,MED-0016,Telmisartan + Amlodipine (Telma-AM),BATCH-0056,COU155,2026-10-11,CUST-0140,Nandini Rao,+91 9459733063,20,175.2,3504.0,PHARM-HIST-0014,Shalini Verma,2026-08-29T22:04:00Z,2026-08-29,True,pharmaflow-main,SYNTHETIC_OPERATIONAL_RECORD
DISP-01041,RCPT-2026-11040,MED-0017,Atorvastatin 10mg (Atorva 10),BATCH-0057,ORA156,2026-10-15,CUST-0141,Rahul Menon,+91 9670343755,15,144.4,2166.0,PHARM-HIST-0015,Gautam Pillai,2026-07-27T06:01:00Z,2026-07-27,True,pharmaflow-main,SYNTHETIC_OPERATIONAL_RECORD
DISP-01042,RCPT-2026-11041,MED-0018,Rosuvastatin 10mg (Rosuvas 10),BATCH-0058,MUL157,2026-10-15,CUST-0142,Priya Verma,+91 8043322272,10,177.6,1776.0,PHARM-HIST-0016,Rashmi Nair,2026-09-05T18:55:00Z,2026-09-05,True,pharmaflow-main,SYNTHETIC_OPERATIONAL_RECORD
DISP-01043,RCPT-2026-11042,MED-0019,Ciprofloxacin 500mg (Ciplox 500),BATCH-0059,THY158,2026-10-11,CUST-0143,Arun Hegde,+91 7079085198,20,100.8,2016.0,PHARM-HIST-0017,Varun Shenoy,2026-07-04T09:42:00Z,2026-07-04,True,pharmaflow-main,SYNTHETIC_OPERATIONAL_RECORD
DISP-01044,RCPT-2026-11043,MED-0020,Ofloxacin + Ornidazole (O2),BATCH-0060,CLO159,2026-10-11,CUST-0144,Kavya Gupta,+91 7042310051,30,158.0,4740.0,PHARM-HIST-0018,Geetha Radhakrishnan,2026-08-03T00:46:00Z,2026-08-03,True,pharmaflow-main,SYNTHETIC_OPERATIONAL_RECORD
DISP-01045,RCPT-2026-11044,MED-0021,Montelukast + Levocetirizine (Montair-LC),BATCH-0061,PAR160,2026-10-13,CUST-0145,Meena Joshi,+91 7048352498,30,214.2,6426.0,PHARM-KA-2022-7212,Deepak R,2026-10-02T21:28:00Z,2026-10-02,True,pharmaflow-main,SYNTHETIC_OPERATIONAL_RECORD
DISP-01046,RCPT-2026-11045,MED-0022,Ibuprofen 400mg (Brufen 400),BATCH-0062,PAR161,2026-10-17,CUST-0146,Deepak Nair,+91 9064123845,20,35.0,700.0,PHARM-HIST-0020,Harini Sundaram,2026-08-25T22:32:00Z,2026-08-25,True,pharmaflow-main,SYNTHETIC_OPERATIONAL_RECORD
DISP-01047,RCPT-2026-11046,MED-0023,Aceclofenac + Paracetamol (Zerodol-P),BATCH-0063,VIT162,2026-10-13,CUST-0147,Manish Patel,+91 9619869264,20,95.2,1904.0,PHARM-HIST-0021,Suresh Prabhu,2026-08-13T22:37:00Z,2026-08-13,True,pharmaflow-main,SYNTHETIC_OPERATIONAL_RECORD
DISP-01048,RCPT-2026-11047,MED-0024,Vildagliptin + Metformin (Galvus Met),BATCH-0064,AMO163,2026-10-12,CUST-0148,Deeps Sundaram,+91 9727268907,5,304.4,1522.0,PHARM-HIST-0022,Deepa Namboodiri,2026-08-29T03:36:00Z,2026-08-29,True,pharmaflow-main,SYNTHETIC_OPERATIONAL_RECORD
DISP-01049,RCPT-2026-11048,MED-0025,Rabeprazole 20mg (Razo 20),BATCH-0065,AMO164,2026-10-12,CUST-0149,Suresh Pillai,+91 8077119320,15,147.6,2214.0,PHARM-KA-2022-7212,Deepak R,2026-09-15T21:46:00Z,2026-09-15,True,pharmaflow-main,SYNTHETIC_OPERATIONAL_RECORD
DISP-01050,RCPT-2026-11049,MED-0026,Cough Syrup (Ascoril-D),BATCH-0066,CET165,2026-10-19,CUST-0150,Lakshmi Bhat,+91 7029990477,5,122.8,614.0,PHARM-HIST-0024,Kavita Acharya,2026-07-18T09:38:00Z,2026-07-18,True,pharmaflow-main,SYNTHETIC_OPERATIONAL_RECORD
DISP-01051,RCPT-2026-11050,MED-0027,Oral Rehydration Salts (Electral ORS),BATCH-0067,LEV166,2026-10-30,CUST-0001,Rahul Kumar,+91 98450 48123,30,38.5,1155.0,PHARM-KA-2022-7212,Deepak R,2026-08-31T19:28:00Z,2026-08-31,True,pharmaflow-main,SYNTHETIC_OPERATIONAL_RECORD
DISP-01052,RCPT-2026-11051,MED-0028,Multivitamin + Zinc (Becadexamin),BATCH-0068,AZI167,2026-10-30,CUST-0002,Priya Sharma,+91 97312 90342,15,71.2,1068.0,PHARM-HIST-0001,Aravind Swaminathan,2026-07-18T09:10:00Z,2026-07-18,True,pharmaflow-main,SYNTHETIC_OPERATIONAL_RECORD
DISP-01053,RCPT-2026-11052,MED-0029,Thyroxine Sodium 50mcg (Thyronorm 50),BATCH-0069,AZI168,2026-10-31,CUST-0003,Arun Kumar,+91 94480 77109,5,155.0,775.0,PHARM-HIST-0002,Sneha Rao,2026-06-12T04:54:00Z,2026-06-12,True,pharmaflow-main,SYNTHETIC_OPERATIONAL_RECORD
DISP-01054,RCPT-2026-11053,MED-0030,Clopidogrel 75mg (Clopilet 75),BATCH-0070,MET169,2026-10-29,CUST-0004,Kavya S,+91 99001 22584,30,165.2,4956.0,PHARM-KA-2022-7212,Deepak R,2026-09-29T00:58:00Z,2026-09-29,True,pharmaflow-main,SYNTHETIC_OPERATIONAL_RECORD
DISP-01055,RCPT-2026-11054,MED-0031,Paracetamol 500mg (Formula 31),BATCH-0071,MET170,2026-10-27,CUST-0005,Meena Devi,+91 96114 64190,15,36.4,546.0,PHARM-KA-2022-7212,Deepak R,2026-09-13T01:48:00Z,2026-09-13,True,pharmaflow-main,SYNTHETIC_OPERATIONAL_RECORD
DISP-01056,RCPT-2026-11055,MED-0032,Paracetamol 650mg (Dolo 650) (Formula 32),BATCH-0072,PAN171,2026-11-04,CUST-0006,Deepak,+91 93845 99028,15,47.6,714.0,PHARM-HIST-0005,Rohan Mehta,2026-09-06T02:13:00Z,2026-09-06,True,pharmaflow-main,SYNTHETIC_OPERATIONAL_RECORD
DISP-01057,RCPT-2026-11056,MED-0033,Vitamin D3 60K (Calcirol) (Formula 33),BATCH-0073,PAN172,2026-10-26,CUST-0007,Manish,+91 90802 04902,10,92.8,928.0,PHARM-KA-2022-7212,Deepak R,2026-09-13T13:22:00Z,2026-09-13,True,pharmaflow-main,SYNTHETIC_OPERATIONAL_RECORD
DISP-01058,RCPT-2026-11057,MED-0034,Amoxicillin 500mg (Novamox) (Formula 34),BATCH-0074,OME173,2026-10-26,CUST-0008,Deeps,+91 80988 51999,30,131.0,3930.0,PHARM-HIST-0007,Venkatesh Iyer,2026-06-20T13:13:00Z,2026-06-20,True,pharmaflow-main,SYNTHETIC_OPERATIONAL_RECORD
DISP-01059,RCPT-2026-11058,MED-0035,Amoxicillin + Clavulanic Acid 625mg (Augmentin) (Formula 35),BATCH-0075,TEL174,2026-10-26,CUST-0009,Suresh Pillai,+91 9445652586,15,224.2,3363.0,PHARM-HIST-0008,Pooja Hegde,2026-06-14T04:00:00Z,2026-06-14,True,pharmaflow-main,SYNTHETIC_OPERATIONAL_RECORD
DISP-01060,RCPT-2026-11059,MED-0036,Cetirizine 10mg (Cetzine) (Formula 36),BATCH-0076,TEL175,2026-10-31,CUST-0010,Lakshmi Bhat,+91 9668942178,20,42.0,840.0,PHARM-HIST-0009,Sanjay Nambiar,2026-09-02T00:10:00Z,2026-09-02,True,pharmaflow-main,SYNTHETIC_OPERATIONAL_RECORD
DISP-01061,RCPT-2026-11060,MED-0037,Levocetirizine 5mg (Levocet) (Formula 37),BATCH-0077,ATO176,2026-10-24,CUST-0011,Vignesh Murthy,+91 7068755000,5,61.2,306.0,PHARM-HIST-0010,Meera Krishnan,2026-08-17T17:12:00Z,2026-08-17,True,pharmaflow-main,SYNTHETIC_OPERATIONAL_RECORD
DISP-01062,RCPT-2026-11061,MED-0038,Azithromycin 250mg (Azee 250) (Formula 38),BATCH-0078,ROS177,2026-10-30,CUST-0012,Anitha Kumar,+91 9822257687,10,151.4,1514.0,PHARM-HIST-0011,Aditya Kulkarni,2026-08-08T15:28:00Z,2026-08-08,True,pharmaflow-main,SYNTHETIC_OPERATIONAL_RECORD
DISP-01063,RCPT-2026-11062,MED-0039,Azithromycin 500mg (Azithral 500) (Formula 39),BATCH-0079,CIP178,2026-11-06,CUST-0013,Ramesh Iyer,+91 9473149551,10,224.6,2246.0,PHARM-HIST-0012,Swati Deshmukh,2026-06-19T23:46:00Z,2026-06-19,True,pharmaflow-main,SYNTHETIC_OPERATIONAL_RECORD
DISP-01064,RCPT-2026-11063,MED-0040,Metformin 500mg (Glycomet 500) (Formula 40),BATCH-0080,OFL179,2026-11-03,CUST-0014,Sangeetha Reddy,+91 7022246348,20,67.8,1356.0,PHARM-HIST-0013,Nikhil Bhat,2026-07-07T12:47:00Z,2026-07-07,True,pharmaflow-main,SYNTHETIC_OPERATIONAL_RECORD
DISP-01065,RCPT-2026-11064,MED-0041,Metformin 1000mg SR (Glucophage) (Formula 41),BATCH-0081,MON180,2026-11-03,CUST-0015,Vijay Gowda,+91 9065250068,30,98.0,2940.0,PHARM-KA-2022-7212,Deepak R,2026-09-08T19:23:00Z,2026-09-08,True,pharmaflow-main,SYNTHETIC_OPERATIONAL_RECORD
DISP-01066,RCPT-2026-11065,MED-0042,Pantoprazole 40mg (Pan 40) (Formula 42),BATCH-0082,IBU181,2026-10-26,CUST-0016,Sandhya Desai,+91 7021819185,20,124.2,2484.0,PHARM-HIST-0015,Gautam Pillai,2026-07-03T21:14:00Z,2026-07-03,True,pharmaflow-main,SYNTHETIC_OPERATIONAL_RECORD
DISP-01067,RCPT-2026-11066,MED-0043,Pantoprazole + Domperidone (Pan-D) (Formula 43),BATCH-0083,ACE182,2026-11-04,CUST-0017,Prashanth Shenoy,+91 7065465150,10,178.0,1780.0,PHARM-HIST-0016,Rashmi Nair,2026-08-26T09:40:00Z,2026-08-26,True,pharmaflow-main,SYNTHETIC_OPERATIONAL_RECORD
DISP-01068,RCPT-2026-11067,MED-0044,Omeprazole 20mg (Omez) (Formula 44),BATCH-0084,VIL183,2026-11-07,CUST-0018,Swetha Krishnan,+91 9945843681,10,78.2,782.0,PHARM-HIST-0017,Varun Shenoy,2026-08-14T13:34:00Z,2026-08-14,True,pharmaflow-main,SYNTHETIC_OPERATIONAL_RECORD
DISP-01069,RCPT-2026-11068,MED-0045,Telmisartan 40mg (Telma 40) (Formula 45),BATCH-0085,RAB184,2026-10-29,CUST-0019,Rajesh Sharma,+91 9931257157,30,128.4,3852.0,PHARM-HIST-0018,Geetha Radhakrishnan,2026-08-12T21:06:00Z,2026-08-12,True,pharmaflow-main,SYNTHETIC_OPERATIONAL_RECORD
DISP-01070,RCPT-2026-11069,MED-0046,Telmisartan + Amlodipine (Telma-AM) (Formula 46),BATCH-0086,COU185,2026-10-29,CUST-0020,Nandini Rao,+91 9771934487,30,181.6,5448.0,PHARM-KA-2022-7212,Deepak R,2026-10-05T00:52:00Z,2026-10-05,True,pharmaflow-main,SYNTHETIC_OPERATIONAL_RECORD
DISP-01071,RCPT-2026-11070,MED-0047,Atorvastatin 10mg (Atorva 10) (Formula 47),BATCH-0087,ORA186,2026-11-06,CUST-0021,Rahul Menon,+91 9665766169,5,150.8,754.0,PHARM-HIST-0020,Harini Sundaram,2026-06-19T07:41:00Z,2026-06-19,True,pharmaflow-main,SYNTHETIC_OPERATIONAL_RECORD
DISP-01072,RCPT-2026-11071,MED-0048,Rosuvastatin 10mg (Rosuvas 10) (Formula 48),BATCH-0088,MUL187,2026-11-04,CUST-0022,Priya Verma,+91 8035583290,15,184.0,2760.0,PHARM-HIST-0021,Suresh Prabhu,2026-08-05T14:07:00Z,2026-08-05,True,pharmaflow-main,SYNTHETIC_OPERATIONAL_RECORD
DISP-01073,RCPT-2026-11072,MED-0049,Ciprofloxacin 500mg (Ciplox 500) (Formula 49),BATCH-0089,THY188,2026-10-31,CUST-0023,Arun Hegde,+91 9610344303,20,107.2,2144.0,PHARM-HIST-0022,Deepa Namboodiri,2026-08-26T04:34:00Z,2026-08-26,True,pharmaflow-main,SYNTHETIC_OPERATIONAL_RECORD
DISP-01074,RCPT-2026-11073,MED-0050,Ofloxacin + Ornidazole (O2) (Formula 50),BATCH-0090,CLO189,2026-10-28,CUST-0024,Kavya Gupta,+91 7056321751,30,142.0,4260.0,PHARM-HIST-0023,Raghavendra Rao,2026-07-12T23:12:00Z,2026-07-12,True,pharmaflow-main,SYNTHETIC_OPERATIONAL_RECORD
DISP-01075,RCPT-2026-11074,MED-0051,Montelukast + Levocetirizine (Montair-LC) (Formula 51),BATCH-0091,PAR190,2026-11-01,CUST-0025,Meena Joshi,+91 9986745380,5,198.2,991.0,PHARM-HIST-0024,Kavita Acharya,2026-08-31T01:23:00Z,2026-08-31,True,pharmaflow-main,SYNTHETIC_OPERATIONAL_RECORD
DISP-01076,RCPT-2026-11075,MED-0052,Ibuprofen 400mg (Brufen 400) (Formula 52),BATCH-0092,PAR191,2026-10-29,CUST-0026,Deepak Nair,+91 8061818612,10,41.4,414.0,PHARM-KA-2022-7212,Deepak R,2026-07-28T10:01:00Z,2026-07-28,True,pharmaflow-main,SYNTHETIC_OPERATIONAL_RECORD
DISP-01077,RCPT-2026-11076,MED-0053,Aceclofenac + Paracetamol (Zerodol-P) (Formula 53),BATCH-0093,VIT192,2026-11-07,CUST-0027,Manish Patel,+91 9023470708,30,101.6,3048.0,PHARM-KA-2022-7212,Deepak R,2026-09-19T01:24:00Z,2026-09-19,True,pharmaflow-main,SYNTHETIC_OPERATIONAL_RECORD
DISP-01078,RCPT-2026-11077,MED-0054,Vildagliptin + Metformin (Galvus Met) (Formula 54),BATCH-0094,AMO193,2026-10-31,CUST-0028,Deeps Sundaram,+91 9465026398,20,310.8,6216.0,PHARM-HIST-0002,Sneha Rao,2026-06-13T16:24:00Z,2026-06-13,True,pharmaflow-main,SYNTHETIC_OPERATIONAL_RECORD
DISP-01079,RCPT-2026-11078,MED-0055,Rabeprazole 20mg (Razo 20) (Formula 55),BATCH-0095,AMO194,2026-10-28,CUST-0029,Suresh Pillai,+91 8097219599,5,154.0,770.0,PHARM-HIST-0003,Karthik Subramanian,2026-08-21T05:35:00Z,2026-08-21,True,pharmaflow-main,SYNTHETIC_OPERATIONAL_RECORD
DISP-01080,RCPT-2026-11079,MED-0056,Cough Syrup (Ascoril-D) (Formula 56),BATCH-0096,CET195,2026-11-06,CUST-0030,Lakshmi Bhat,+91 9741510328,20,129.2,2584.0,PHARM-HIST-0004,Divya Menon,2026-07-31T23:48:00Z,2026-07-31,True,pharmaflow-main,SYNTHETIC_OPERATIONAL_RECORD
DISP-01081,RCPT-2026-11080,MED-0057,Oral Rehydration Salts (Electral ORS) (Formula 57),BATCH-0097,LEV196,2026-11-06,CUST-0031,Vignesh Murthy,+91 9769549527,20,22.5,450.0,PHARM-KA-2022-7212,Deepak R,2026-09-25T01:24:00Z,2026-09-25,True,pharmaflow-main,SYNTHETIC_OPERATIONAL_RECORD
DISP-01082,RCPT-2026-11081,MED-0058,Multivitamin + Zinc (Becadexamin) (Formula 58),BATCH-0098,AZI197,2026-11-07,CUST-0032,Anitha Kumar,+91 9658112135,10,55.2,552.0,PHARM-HIST-0006,Ananya Sharma,2026-07-19T02:55:00Z,2026-07-19,True,pharmaflow-main,SYNTHETIC_OPERATIONAL_RECORD
DISP-01083,RCPT-2026-11082,MED-0059,Thyroxine Sodium 50mcg (Thyronorm 50) (Formula 59),BATCH-0099,AZI198,2026-10-22,CUST-0033,Ramesh Iyer,+91 9432814819,10,161.4,1614.0,PHARM-KA-2022-7212,Deepak R,2026-09-24T14:25:00Z,2026-09-24,True,pharmaflow-main,SYNTHETIC_OPERATIONAL_RECORD
DISP-01084,RCPT-2026-11083,MED-0060,Clopidogrel 75mg (Clopilet 75) (Formula 60),BATCH-0100,MET199,2026-10-21,CUST-0034,Sangeetha Reddy,+91 9441163805,20,171.6,3432.0,PHARM-KA-2022-7212,Deepak R,2026-10-03T13:22:00Z,2026-10-03,True,pharmaflow-main,SYNTHETIC_OPERATIONAL_RECORD
DISP-01085,RCPT-2026-11084,MED-0061,Paracetamol 500mg (Formula 61),BATCH-0101,MET200,2026-10-24,CUST-0035,Vijay Gowda,+91 9683363160,5,42.8,214.0,PHARM-KA-2022-7212,Deepak R,2026-10-05T06:48:00Z,2026-10-05,True,pharmaflow-main,SYNTHETIC_OPERATIONAL_RECORD
DISP-01086,RCPT-2026-11085,MED-0062,Paracetamol 650mg (Dolo 650) (Formula 62),BATCH-0102,PAN201,2026-11-02,CUST-0036,Sandhya Desai,+91 9671315464,10,54.0,540.0,PHARM-HIST-0010,Meera Krishnan,2026-06-13T23:42:00Z,2026-06-13,True,pharmaflow-main,SYNTHETIC_OPERATIONAL_RECORD
DISP-01087,RCPT-2026-11086,MED-0063,Vitamin D3 60K (Calcirol) (Formula 63),BATCH-0103,PAN202,2026-10-26,CUST-0037,Prashanth Shenoy,+91 8086762164,30,99.2,2976.0,PHARM-KA-2022-7212,Deepak R,2026-09-09T02:18:00Z,2026-09-09,True,pharmaflow-main,SYNTHETIC_OPERATIONAL_RECORD
DISP-01088,RCPT-2026-11087,MED-0064,Amoxicillin 500mg (Novamox) (Formula 64),BATCH-0104,OME203,2026-10-27,CUST-0038,Swetha Krishnan,+91 8046840133,15,115.0,1725.0,PHARM-KA-2022-7212,Deepak R,2026-09-29T21:57:00Z,2026-09-29,True,pharmaflow-main,SYNTHETIC_OPERATIONAL_RECORD
DISP-01089,RCPT-2026-11088,MED-0065,Amoxicillin + Clavulanic Acid 625mg (Augmentin) (Formula 65),BATCH-0105,TEL204,2026-10-20,CUST-0039,Rajesh Sharma,+91 9039394291,15,208.2,3123.0,PHARM-HIST-0013,Nikhil Bhat,2026-08-03T11:50:00Z,2026-08-03,True,pharmaflow-main,SYNTHETIC_OPERATIONAL_RECORD
DISP-01090,RCPT-2026-11089,MED-0066,Cetirizine 10mg (Cetzine) (Formula 66),BATCH-0106,TEL205,2026-11-01,CUST-0040,Nandini Rao,+91 9851464269,10,48.4,484.0,PHARM-HIST-0014,Shalini Verma,2026-06-19T22:35:00Z,2026-06-19,True,pharmaflow-main,SYNTHETIC_OPERATIONAL_RECORD
DISP-01091,RCPT-2026-11090,MED-0067,Levocetirizine 5mg (Levocet) (Formula 67),BATCH-0107,ATO206,2026-10-31,CUST-0041,Rahul Menon,+91 9653851498,20,67.6,1352.0,PHARM-KA-2022-7212,Deepak R,2026-09-24T07:26:00Z,2026-09-24,True,pharmaflow-main,SYNTHETIC_OPERATIONAL_RECORD
DISP-01092,RCPT-2026-11091,MED-0068,Azithromycin 250mg (Azee 250) (Formula 68),BATCH-0108,ROS207,2026-10-22,CUST-0042,Priya Verma,+91 9632084778,20,157.8,3156.0,PHARM-HIST-0016,Rashmi Nair,2026-08-07T12:56:00Z,2026-08-07,True,pharmaflow-main,SYNTHETIC_OPERATIONAL_RECORD
DISP-01093,RCPT-2026-11092,MED-0069,Azithromycin 500mg (Azithral 500) (Formula 69),BATCH-0109,CIP208,2026-11-06,CUST-0043,Arun Hegde,+91 9440281491,10,231.0,2310.0,PHARM-HIST-0017,Varun Shenoy,2026-06-15T05:52:00Z,2026-06-15,True,pharmaflow-main,SYNTHETIC_OPERATIONAL_RECORD
DISP-01094,RCPT-2026-11093,MED-0070,Metformin 500mg (Glycomet 500) (Formula 70),BATCH-0110,OFL209,2026-10-26,CUST-0044,Kavya Gupta,+91 9845495029,20,74.2,1484.0,PHARM-HIST-0018,Geetha Radhakrishnan,2026-08-29T22:08:00Z,2026-08-29,True,pharmaflow-main,SYNTHETIC_OPERATIONAL_RECORD
DISP-01095,RCPT-2026-11094,MED-0071,Metformin 1000mg SR (Glucophage) (Formula 71),BATCH-0111,MON210,2026-10-20,CUST-0045,Meena Joshi,+91 9024541967,15,82.0,1230.0,PHARM-KA-2022-7212,Deepak R,2026-09-17T16:24:00Z,2026-09-17,True,pharmaflow-main,SYNTHETIC_OPERATIONAL_RECORD
DISP-01096,RCPT-2026-11095,MED-0072,Pantoprazole 40mg (Pan 40) (Formula 72),BATCH-0112,IBU211,2026-10-27,CUST-0046,Deepak Nair,+91 9795282470,20,108.2,2164.0,PHARM-HIST-0020,Harini Sundaram,2026-07-25T05:28:00Z,2026-07-25,True,pharmaflow-main,SYNTHETIC_OPERATIONAL_RECORD
DISP-01097,RCPT-2026-11096,MED-0073,Pantoprazole + Domperidone (Pan-D) (Formula 73),BATCH-0113,ACE212,2026-10-24,CUST-0047,Manish Patel,+91 9814994527,10,184.4,1844.0,PHARM-HIST-0021,Suresh Prabhu,2026-09-03T06:00:00Z,2026-09-03,True,pharmaflow-main,SYNTHETIC_OPERATIONAL_RECORD
DISP-01098,RCPT-2026-11097,MED-0074,Omeprazole 20mg (Omez) (Formula 74),BATCH-0114,VIL213,2026-11-05,CUST-0048,Deeps Sundaram,+91 8070887034,20,84.6,1692.0,PHARM-HIST-0022,Deepa Namboodiri,2026-08-12T09:08:00Z,2026-08-12,True,pharmaflow-main,SYNTHETIC_OPERATIONAL_RECORD
DISP-01099,RCPT-2026-11098,MED-0075,Telmisartan 40mg (Telma 40) (Formula 75),BATCH-0115,RAB214,2026-11-07,CUST-0049,Suresh Pillai,+91 9775679047,15,134.8,2022.0,PHARM-HIST-0023,Raghavendra Rao,2026-07-23T04:27:00Z,2026-07-23,True,pharmaflow-main,SYNTHETIC_OPERATIONAL_RECORD
DISP-01100,RCPT-2026-11099,MED-0076,Telmisartan + Amlodipine (Telma-AM) (Formula 76),BATCH-0116,COU215,2026-11-01,CUST-0050,Lakshmi Bhat,+91 7041690501,20,188.0,3760.0,PHARM-HIST-0024,Kavita Acharya,2026-06-13T17:04:00Z,2026-06-13,True,pharmaflow-main,SYNTHETIC_OPERATIONAL_RECORD
DISP-01101,RCPT-2026-11100,MED-0077,Atorvastatin 10mg (Atorva 10) (Formula 77),BATCH-0117,ORA216,2026-10-24,CUST-0051,Vignesh Murthy,+91 9018126895,5,157.2,786.0,PHARM-KA-2022-7212,Deepak R,2026-08-10T21:24:00Z,2026-08-10,True,pharmaflow-main,SYNTHETIC_OPERATIONAL_RECORD
DISP-01102,RCPT-2026-11101,MED-0078,Rosuvastatin 10mg (Rosuvas 10) (Formula 78),BATCH-0118,MUL217,2026-10-25,CUST-0052,Anitha Kumar,+91 9996128115,20,168.0,3360.0,PHARM-HIST-0001,Aravind Swaminathan,2026-07-06T09:42:00Z,2026-07-06,True,pharmaflow-main,SYNTHETIC_OPERATIONAL_RECORD
DISP-01103,RCPT-2026-11102,MED-0079,Ciprofloxacin 500mg (Ciplox 500) (Formula 79),BATCH-0119,THY218,2026-11-05,CUST-0053,Ramesh Iyer,+91 9919208698,15,91.2,1368.0,PHARM-HIST-0002,Sneha Rao,2026-08-24T13:07:00Z,2026-08-24,True,pharmaflow-main,SYNTHETIC_OPERATIONAL_RECORD
DISP-01104,RCPT-2026-11103,MED-0080,Ofloxacin + Ornidazole (O2) (Formula 80),BATCH-0120,CLO219,2026-10-28,CUST-0054,Sangeetha Reddy,+91 9489991301,10,148.4,1484.0,PHARM-HIST-0003,Karthik Subramanian,2026-08-18T16:08:00Z,2026-08-18,True,pharmaflow-main,SYNTHETIC_OPERATIONAL_RECORD
DISP-01105,RCPT-2026-11104,MED-0081,Montelukast + Levocetirizine (Montair-LC) (Formula 81),BATCH-0121,PAR220,2026-12-28,CUST-0055,Vijay Gowda,+91 9827690330,30,204.6,6138.0,PHARM-HIST-0004,Divya Menon,2026-08-16T04:49:00Z,2026-08-16,True,pharmaflow-main,SYNTHETIC_OPERATIONAL_RECORD
DISP-01106,RCPT-2026-11105,MED-0082,Ibuprofen 400mg (Brufen 400) (Formula 82),BATCH-0122,PAR221,2027-04-14,CUST-0056,Sandhya Desai,+91 9617032877,20,47.8,956.0,PHARM-HIST-0005,Rohan Mehta,2026-07-06T22:31:00Z,2026-07-06,True,pharmaflow-main,SYNTHETIC_OPERATIONAL_RECORD
DISP-01107,RCPT-2026-11106,MED-0083,Aceclofenac + Paracetamol (Zerodol-P) (Formula 83),BATCH-0123,VIT222,2028-01-19,CUST-0057,Prashanth Shenoy,+91 7058592048,30,108.0,3240.0,PHARM-HIST-0006,Ananya Sharma,2026-06-13T14:49:00Z,2026-06-13,True,pharmaflow-main,SYNTHETIC_OPERATIONAL_RECORD
DISP-01108,RCPT-2026-11107,MED-0084,Vildagliptin + Metformin (Galvus Met) (Formula 84),BATCH-0124,AMO223,2028-03-13,CUST-0058,Swetha Krishnan,+91 9671477426,5,317.2,1586.0,PHARM-KA-2022-7212,Deepak R,2026-09-25T23:16:00Z,2026-09-25,True,pharmaflow-main,SYNTHETIC_OPERATIONAL_RECORD
DISP-01109,RCPT-2026-11108,MED-0085,Rabeprazole 20mg (Razo 20) (Formula 85),BATCH-0125,AMO224,2027-06-07,CUST-0059,Rajesh Sharma,+91 9775802771,30,138.0,4140.0,PHARM-HIST-0008,Pooja Hegde,2026-09-08T06:43:00Z,2026-09-08,True,pharmaflow-main,SYNTHETIC_OPERATIONAL_RECORD
DISP-01110,RCPT-2026-11109,MED-0086,Cough Syrup (Ascoril-D) (Formula 86),BATCH-0126,CET225,2027-01-30,CUST-0060,Nandini Rao,+91 9726937148,5,113.2,566.0,PHARM-HIST-0009,Sanjay Nambiar,2026-08-31T14:02:00Z,2026-08-31,True,pharmaflow-main,SYNTHETIC_OPERATIONAL_RECORD
DISP-01111,RCPT-2026-11110,MED-0087,Oral Rehydration Salts (Electral ORS) (Formula 87),BATCH-0127,LEV226,2027-09-19,CUST-0061,Rahul Menon,+91 8023311507,10,28.9,289.0,PHARM-HIST-0010,Meera Krishnan,2026-07-10T12:14:00Z,2026-07-10,True,pharmaflow-main,SYNTHETIC_OPERATIONAL_RECORD
DISP-01112,RCPT-2026-11111,MED-0088,Multivitamin + Zinc (Becadexamin) (Formula 88),BATCH-0128,AZI227,2027-08-06,CUST-0062,Priya Verma,+91 9965541117,30,61.6,1848.0,PHARM-HIST-0011,Aditya Kulkarni,2026-06-13T20:34:00Z,2026-06-13,True,pharmaflow-main,SYNTHETIC_OPERATIONAL_RECORD
DISP-01113,RCPT-2026-11112,MED-0089,Thyroxine Sodium 50mcg (Thyronorm 50) (Formula 89),BATCH-0129,AZI228,2027-12-09,CUST-0063,Arun Hegde,+91 9099269266,5,167.8,839.0,PHARM-KA-2022-7212,Deepak R,2026-09-23T00:56:00Z,2026-09-23,True,pharmaflow-main,SYNTHETIC_OPERATIONAL_RECORD
DISP-01114,RCPT-2026-11113,MED-0090,Clopidogrel 75mg (Clopilet 75) (Formula 90),BATCH-0130,MET229,2027-11-21,CUST-0064,Kavya Gupta,+91 9722513132,20,178.0,3560.0,PHARM-HIST-0013,Nikhil Bhat,2026-08-05T01:34:00Z,2026-08-05,True,pharmaflow-main,SYNTHETIC_OPERATIONAL_RECORD
DISP-01115,RCPT-2026-11114,MED-0091,Paracetamol 500mg (Formula 91),BATCH-0131,MET230,2027-08-04,CUST-0065,Meena Joshi,+91 9099927658,30,49.2,1476.0,PHARM-KA-2022-7212,Deepak R,2026-09-17T03:47:00Z,2026-09-17,True,pharmaflow-main,SYNTHETIC_OPERATIONAL_RECORD
DISP-01116,RCPT-2026-11115,MED-0092,Paracetamol 650mg (Dolo 650) (Formula 92),BATCH-0132,PAN231,2027-06-27,CUST-0066,Deepak Nair,+91 9657197152,5,38.0,190.0,PHARM-KA-2022-7212,Deepak R,2026-10-02T21:59:00Z,2026-10-02,True,pharmaflow-main,SYNTHETIC_OPERATIONAL_RECORD
DISP-01117,RCPT-2026-11116,MED-0093,Vitamin D3 60K (Calcirol) (Formula 93),BATCH-0133,PAN232,2027-04-11,CUST-0067,Manish Patel,+91 9084660688,20,83.2,1664.0,PHARM-HIST-0016,Rashmi Nair,2026-07-18T13:17:00Z,2026-07-18,True,pharmaflow-main,SYNTHETIC_OPERATIONAL_RECORD
DISP-01118,RCPT-2026-11117,MED-0094,Amoxicillin 500mg (Novamox) (Formula 94),BATCH-0134,OME233,2027-02-03,CUST-0068,Deeps Sundaram,+91 9891737913,20,121.4,2428.0,PHARM-HIST-0017,Varun Shenoy,2026-08-21T01:13:00Z,2026-08-21,True,pharmaflow-main,SYNTHETIC_OPERATIONAL_RECORD
DISP-01119,RCPT-2026-11118,MED-0095,Amoxicillin + Clavulanic Acid 625mg (Augmentin) (Formula 95),BATCH-0135,TEL234,2028-01-05,CUST-0069,Suresh Pillai,+91 9655610493,5,214.6,1073.0,PHARM-HIST-0018,Geetha Radhakrishnan,2026-06-21T05:35:00Z,2026-06-21,True,pharmaflow-main,SYNTHETIC_OPERATIONAL_RECORD
DISP-01120,RCPT-2026-11119,MED-0096,Cetirizine 10mg (Cetzine) (Formula 96),BATCH-0136,TEL235,2027-12-09,CUST-0070,Lakshmi Bhat,+91 9822315507,10,54.8,548.0,PHARM-KA-2022-7212,Deepak R,2026-10-07T03:53:00Z,2026-10-07,True,pharmaflow-main,SYNTHETIC_OPERATIONAL_RECORD
DISP-01121,RCPT-2026-11120,MED-0097,Levocetirizine 5mg (Levocet) (Formula 97),BATCH-0137,ATO236,2028-03-08,CUST-0071,Vignesh Murthy,+91 9459667685,20,74.0,1480.0,PHARM-HIST-0020,Harini Sundaram,2026-08-27T14:13:00Z,2026-08-27,True,pharmaflow-main,SYNTHETIC_OPERATIONAL_RECORD
DISP-01122,RCPT-2026-11121,MED-0098,Azithromycin 250mg (Azee 250) (Formula 98),BATCH-0138,ROS237,2027-09-10,CUST-0072,Anitha Kumar,+91 9492924837,5,164.2,821.0,PHARM-HIST-0021,Suresh Prabhu,2026-08-06T21:56:00Z,2026-08-06,True,pharmaflow-main,SYNTHETIC_OPERATIONAL_RECORD
DISP-01123,RCPT-2026-11122,MED-0099,Azithromycin 500mg (Azithral 500) (Formula 99),BATCH-0139,CIP238,2026-12-13,CUST-0073,Ramesh Iyer,+91 7065590800,20,215.0,4300.0,PHARM-HIST-0022,Deepa Namboodiri,2026-07-29T14:45:00Z,2026-07-29,True,pharmaflow-main,SYNTHETIC_OPERATIONAL_RECORD
DISP-01124,RCPT-2026-11123,MED-0100,Metformin 500mg (Glycomet 500) (Formula 100),BATCH-0140,OFL239,2027-04-07,CUST-0074,Sangeetha Reddy,+91 7080723898,15,58.2,873.0,PHARM-KA-2022-7212,Deepak R,2026-09-20T20:08:00Z,2026-09-20,True,pharmaflow-main,SYNTHETIC_OPERATIONAL_RECORD
DISP-01125,RCPT-2026-11124,MED-0101,Metformin 1000mg SR (Glucophage) (Formula 101),BATCH-0141,MON240,2027-05-04,CUST-0075,Vijay Gowda,+91 9837437207,5,88.4,442.0,PHARM-HIST-0024,Kavita Acharya,2026-06-23T06:50:00Z,2026-06-23,True,pharmaflow-main,SYNTHETIC_OPERATIONAL_RECORD
DISP-01126,RCPT-2026-11125,MED-0102,Pantoprazole 40mg (Pan 40) (Formula 102),BATCH-0142,IBU241,2027-03-17,CUST-0076,Sandhya Desai,+91 9876757928,15,114.6,1719.0,PHARM-KA-2022-7212,Deepak R,2026-07-23T08:49:00Z,2026-07-23,True,pharmaflow-main,SYNTHETIC_OPERATIONAL_RECORD
DISP-01127,RCPT-2026-11126,MED-0103,Pantoprazole + Domperidone (Pan-D) (Formula 103),BATCH-0143,ACE242,2028-01-27,CUST-0077,Prashanth Shenoy,+91 9977144075,20,190.8,3816.0,PHARM-KA-2022-7212,Deepak R,2026-09-22T18:13:00Z,2026-09-22,True,pharmaflow-main,SYNTHETIC_OPERATIONAL_RECORD
DISP-01128,RCPT-2026-11127,MED-0104,Omeprazole 20mg (Omez) (Formula 104),BATCH-0144,VIL243,2027-04-08,CUST-0078,Swetha Krishnan,+91 9871707170,5,91.0,455.0,PHARM-KA-2022-7212,Deepak R,2026-09-17T09:18:00Z,2026-09-17,True,pharmaflow-main,SYNTHETIC_OPERATIONAL_RECORD
DISP-01129,RCPT-2026-11128,MED-0105,Telmisartan 40mg (Telma 40) (Formula 105),BATCH-0145,RAB244,2027-01-15,CUST-0079,Rajesh Sharma,+91 8048858073,20,141.2,2824.0,PHARM-HIST-0003,Karthik Subramanian,2026-07-14T03:51:00Z,2026-07-14,True,pharmaflow-main,SYNTHETIC_OPERATIONAL_RECORD
DISP-01130,RCPT-2026-11129,MED-0106,Telmisartan + Amlodipine (Telma-AM) (Formula 106),BATCH-0146,COU245,2027-12-19,CUST-0080,Nandini Rao,+91 9021828592,5,172.0,860.0,PHARM-HIST-0004,Divya Menon,2026-08-24T06:47:00Z,2026-08-24,True,pharmaflow-main,SYNTHETIC_OPERATIONAL_RECORD
DISP-01131,RCPT-2026-11130,MED-0107,Atorvastatin 10mg (Atorva 10) (Formula 107),BATCH-0147,ORA246,2028-04-23,CUST-0081,Rahul Menon,+91 8051644346,10,141.2,1412.0,PHARM-HIST-0005,Rohan Mehta,2026-06-15T14:26:00Z,2026-06-15,True,pharmaflow-main,SYNTHETIC_OPERATIONAL_RECORD
DISP-01132,RCPT-2026-11131,MED-0108,Rosuvastatin 10mg (Rosuvas 10) (Formula 108),BATCH-0148,MUL247,2028-04-26,CUST-0082,Priya Verma,+91 9781216573,30,174.4,5232.0,PHARM-HIST-0006,Ananya Sharma,2026-08-12T13:57:00Z,2026-08-12,True,pharmaflow-main,SYNTHETIC_OPERATIONAL_RECORD
DISP-01133,RCPT-2026-11132,MED-0109,Ciprofloxacin 500mg (Ciplox 500) (Formula 109),BATCH-0149,THY248,2027-04-10,CUST-0083,Arun Hegde,+91 9444355473,5,97.6,488.0,PHARM-HIST-0007,Venkatesh Iyer,2026-07-17T14:15:00Z,2026-07-17,True,pharmaflow-main,SYNTHETIC_OPERATIONAL_RECORD
DISP-01134,RCPT-2026-11133,MED-0110,Ofloxacin + Ornidazole (O2) (Formula 110),BATCH-0150,CLO249,2027-02-24,CUST-0084,Kavya Gupta,+91 7072270726,20,154.8,3096.0,PHARM-HIST-0008,Pooja Hegde,2026-08-19T13:41:00Z,2026-08-19,True,pharmaflow-main,SYNTHETIC_OPERATIONAL_RECORD
DISP-01135,RCPT-2026-11134,MED-0111,Montelukast + Levocetirizine (Montair-LC) (Formula 111),BATCH-0151,PAR250,2027-08-27,CUST-0085,Meena Joshi,+91 7019165226,5,211.0,1055.0,PHARM-KA-2022-7212,Deepak R,2026-10-01T17:00:00Z,2026-10-01,True,pharmaflow-main,SYNTHETIC_OPERATIONAL_RECORD
DISP-01136,RCPT-2026-11135,MED-0112,Ibuprofen 400mg (Brufen 400) (Formula 112),BATCH-0152,PAR251,2027-08-05,CUST-0086,Deepak Nair,+91 9751662236,10,54.2,542.0,PHARM-HIST-0010,Meera Krishnan,2026-07-01T23:11:00Z,2026-07-01,True,pharmaflow-main,SYNTHETIC_OPERATIONAL_RECORD
DISP-01137,RCPT-2026-11136,MED-0113,Aceclofenac + Paracetamol (Zerodol-P) (Formula 113),BATCH-0153,VIT252,2028-03-06,CUST-0087,Manish Patel,+91 9792545028,10,92.0,920.0,PHARM-HIST-0011,Aditya Kulkarni,2026-06-12T04:37:00Z,2026-06-12,True,pharmaflow-main,SYNTHETIC_OPERATIONAL_RECORD
DISP-01138,RCPT-2026-11137,MED-0114,Vildagliptin + Metformin (Galvus Met) (Formula 114),BATCH-0154,AMO253,2027-12-25,CUST-0088,Deeps Sundaram,+91 9953154591,20,301.2,6024.0,PHARM-KA-2022-7212,Deepak R,2026-09-13T09:59:00Z,2026-09-13,True,pharmaflow-main,SYNTHETIC_OPERATIONAL_RECORD
DISP-01139,RCPT-2026-11138,MED-0115,Rabeprazole 20mg (Razo 20) (Formula 115),BATCH-0155,AMO254,2026-12-17,CUST-0089,Suresh Pillai,+91 9777719420,10,144.4,1444.0,PHARM-KA-2022-7212,Deepak R,2026-10-05T11:39:00Z,2026-10-05,True,pharmaflow-main,SYNTHETIC_OPERATIONAL_RECORD
DISP-01140,RCPT-2026-11139,MED-0116,Cough Syrup (Ascoril-D) (Formula 116),BATCH-0156,CET255,2027-07-09,CUST-0090,Lakshmi Bhat,+91 9458841557,10,119.6,1196.0,PHARM-HIST-0014,Shalini Verma,2026-07-12T14:56:00Z,2026-07-12,True,pharmaflow-main,SYNTHETIC_OPERATIONAL_RECORD
DISP-01141,RCPT-2026-11140,MED-0117,Oral Rehydration Salts (Electral ORS) (Formula 117),BATCH-0157,LEV256,2027-08-10,CUST-0091,Vignesh Murthy,+91 9018846539,10,35.3,353.0,PHARM-HIST-0015,Gautam Pillai,2026-06-18T08:09:00Z,2026-06-18,True,pharmaflow-main,SYNTHETIC_OPERATIONAL_RECORD
DISP-01142,RCPT-2026-11141,MED-0118,Multivitamin + Zinc (Becadexamin) (Formula 118),BATCH-0158,AZI257,2027-09-14,CUST-0092,Anitha Kumar,+91 9020939011,20,68.0,1360.0,PHARM-HIST-0016,Rashmi Nair,2026-07-08T06:58:00Z,2026-07-08,True,pharmaflow-main,SYNTHETIC_OPERATIONAL_RECORD
DISP-01143,RCPT-2026-11142,MED-0119,Thyroxine Sodium 50mcg (Thyronorm 50) (Formula 119),BATCH-0159,AZI258,2027-02-16,CUST-0093,Ramesh Iyer,+91 9751551377,15,174.2,2613.0,PHARM-HIST-0017,Varun Shenoy,2026-08-04T08:08:00Z,2026-08-04,True,pharmaflow-main,SYNTHETIC_OPERATIONAL_RECORD
DISP-01144,RCPT-2026-11143,MED-0120,Clopidogrel 75mg (Clopilet 75) (Formula 120),BATCH-0160,MET259,2028-02-04,CUST-0094,Sangeetha Reddy,+91 9012446861,10,162.0,1620.0,PHARM-HIST-0018,Geetha Radhakrishnan,2026-08-27T18:20:00Z,2026-08-27,True,pharmaflow-main,SYNTHETIC_OPERATIONAL_RECORD
DISP-01145,RCPT-2026-11144,MED-0121,Paracetamol 500mg (Formula 121),BATCH-0161,MET260,2027-02-07,CUST-0095,Vijay Gowda,+91 9928463709,30,33.2,996.0,PHARM-HIST-0019,Manoj Patil,2026-07-21T05:01:00Z,2026-07-21,True,pharmaflow-main,SYNTHETIC_OPERATIONAL_RECORD
DISP-01146,RCPT-2026-11145,MED-0122,Paracetamol 650mg (Dolo 650) (Formula 122),BATCH-0162,PAN261,2027-12-29,CUST-0096,Sandhya Desai,+91 9490161060,10,44.4,444.0,PHARM-HIST-0020,Harini Sundaram,2026-08-18T22:53:00Z,2026-08-18,True,pharmaflow-main,SYNTHETIC_OPERATIONAL_RECORD
DISP-01147,RCPT-2026-11146,MED-0123,Vitamin D3 60K (Calcirol) (Formula 123),BATCH-0163,PAN262,2027-11-25,CUST-0097,Prashanth Shenoy,+91 8058895439,15,89.6,1344.0,PHARM-KA-2022-7212,Deepak R,2026-09-11T08:38:00Z,2026-09-11,True,pharmaflow-main,SYNTHETIC_OPERATIONAL_RECORD
DISP-01148,RCPT-2026-11147,MED-0124,Amoxicillin 500mg (Novamox) (Formula 124),BATCH-0164,OME263,2027-01-14,CUST-0098,Swetha Krishnan,+91 9951536077,15,127.8,1917.0,PHARM-KA-2022-7212,Deepak R,2026-09-16T11:35:00Z,2026-09-16,True,pharmaflow-main,SYNTHETIC_OPERATIONAL_RECORD
DISP-01149,RCPT-2026-11148,MED-0125,Amoxicillin + Clavulanic Acid 625mg (Augmentin) (Formula 125),BATCH-0165,TEL264,2027-12-26,CUST-0099,Rajesh Sharma,+91 8077498993,20,221.0,4420.0,PHARM-KA-2022-7212,Deepak R,2026-10-06T23:47:00Z,2026-10-06,True,pharmaflow-main,SYNTHETIC_OPERATIONAL_RECORD
DISP-01150,RCPT-2026-11149,MED-0126,Cetirizine 10mg (Cetzine) (Formula 126),BATCH-0166,TEL265,2028-04-27,CUST-0100,Nandini Rao,+91 7059823245,15,61.2,918.0,PHARM-KA-2022-7212,Deepak R,2026-09-10T09:18:00Z,2026-09-10,True,pharmaflow-main,SYNTHETIC_OPERATIONAL_RECORD
DISP-01151,RCPT-2026-11150,MED-0127,Levocetirizine 5mg (Levocet) (Formula 127),BATCH-0167,ATO266,2027-05-24,CUST-0101,Rahul Menon,+91 7078901038,5,58.0,290.0,PHARM-KA-2022-7212,Deepak R,2026-07-16T16:37:00Z,2026-07-16,True,pharmaflow-main,SYNTHETIC_OPERATIONAL_RECORD
DISP-01152,RCPT-2026-11151,MED-0128,Azithromycin 250mg (Azee 250) (Formula 128),BATCH-0168,ROS267,2027-07-21,CUST-0102,Priya Verma,+91 8017148018,15,148.2,2223.0,PHARM-KA-2022-7212,Deepak R,2026-09-30T05:34:00Z,2026-09-30,True,pharmaflow-main,SYNTHETIC_OPERATIONAL_RECORD
DISP-01153,RCPT-2026-11152,MED-0129,Azithromycin 500mg (Azithral 500) (Formula 129),BATCH-0169,CIP268,2027-11-12,CUST-0103,Arun Hegde,+91 9913783268,5,221.4,1107.0,PHARM-HIST-0002,Sneha Rao,2026-07-01T16:29:00Z,2026-07-01,True,pharmaflow-main,SYNTHETIC_OPERATIONAL_RECORD
DISP-01154,RCPT-2026-11153,MED-0130,Metformin 500mg (Glycomet 500) (Formula 130),BATCH-0170,OFL269,2027-11-20,CUST-0104,Kavya Gupta,+91 7028628439,30,64.6,1938.0,PHARM-HIST-0003,Karthik Subramanian,2026-07-08T18:10:00Z,2026-07-08,True,pharmaflow-main,SYNTHETIC_OPERATIONAL_RECORD
DISP-01155,RCPT-2026-11154,MED-0131,Metformin 1000mg SR (Glucophage) (Formula 131),BATCH-0171,MON270,2027-03-14,CUST-0105,Meena Joshi,+91 9638944689,30,94.8,2844.0,PHARM-KA-2022-7212,Deepak R,2026-09-17T03:54:00Z,2026-09-17,True,pharmaflow-main,SYNTHETIC_OPERATIONAL_RECORD
DISP-01156,RCPT-2026-11155,MED-0132,Pantoprazole 40mg (Pan 40) (Formula 132),BATCH-0172,IBU271,2027-11-24,CUST-0106,Deepak Nair,+91 9716408822,20,121.0,2420.0,PHARM-HIST-0005,Rohan Mehta,2026-08-27T15:16:00Z,2026-08-27,True,pharmaflow-main,SYNTHETIC_OPERATIONAL_RECORD
DISP-01157,RCPT-2026-11156,MED-0133,Pantoprazole + Domperidone (Pan-D) (Formula 133),BATCH-0173,ACE272,2027-05-08,CUST-0107,Manish Patel,+91 9894819556,15,197.2,2958.0,PHARM-HIST-0006,Ananya Sharma,2026-07-13T13:52:00Z,2026-07-13,True,pharmaflow-main,SYNTHETIC_OPERATIONAL_RECORD
DISP-01158,RCPT-2026-11157,MED-0134,Omeprazole 20mg (Omez) (Formula 134),BATCH-0174,VIL273,2027-10-26,CUST-0108,Deeps Sundaram,+91 9042287985,15,75.0,1125.0,PHARM-KA-2022-7212,Deepak R,2026-09-15T15:12:00Z,2026-09-15,True,pharmaflow-main,SYNTHETIC_OPERATIONAL_RECORD
DISP-01159,RCPT-2026-11158,MED-0135,Telmisartan 40mg (Telma 40) (Formula 135),BATCH-0175,RAB274,2027-07-30,CUST-0109,Suresh Pillai,+91 9780606503,5,125.2,626.0,PHARM-HIST-0008,Pooja Hegde,2026-06-21T14:30:00Z,2026-06-21,True,pharmaflow-main,SYNTHETIC_OPERATIONAL_RECORD
DISP-01160,RCPT-2026-11159,MED-0136,Telmisartan + Amlodipine (Telma-AM) (Formula 136),BATCH-0176,COU275,2026-12-06,CUST-0110,Lakshmi Bhat,+91 8060103798,30,178.4,5352.0,PHARM-HIST-0009,Sanjay Nambiar,2026-08-27T11:22:00Z,2026-08-27,True,pharmaflow-main,SYNTHETIC_OPERATIONAL_RECORD
DISP-01161,RCPT-2026-11160,MED-0137,Atorvastatin 10mg (Atorva 10) (Formula 137),BATCH-0177,ORA276,2027-06-15,CUST-0111,Vignesh Murthy,+91 9788101741,10,147.6,1476.0,PHARM-HIST-0010,Meera Krishnan,2026-08-11T23:28:00Z,2026-08-11,True,pharmaflow-main,SYNTHETIC_OPERATIONAL_RECORD
DISP-01162,RCPT-2026-11161,MED-0138,Rosuvastatin 10mg (Rosuvas 10) (Formula 138),BATCH-0178,MUL277,2027-06-07,CUST-0112,Anitha Kumar,+91 9096274567,5,180.8,904.0,PHARM-HIST-0011,Aditya Kulkarni,2026-08-04T17:15:00Z,2026-08-04,True,pharmaflow-main,SYNTHETIC_OPERATIONAL_RECORD
DISP-01163,RCPT-2026-11162,MED-0139,Ciprofloxacin 500mg (Ciplox 500) (Formula 139),BATCH-0179,THY278,2028-04-16,CUST-0113,Ramesh Iyer,+91 9771428713,5,104.0,520.0,PHARM-KA-2022-7212,Deepak R,2026-09-09T11:21:00Z,2026-09-09,True,pharmaflow-main,SYNTHETIC_OPERATIONAL_RECORD
DISP-01164,RCPT-2026-11163,MED-0140,Ofloxacin + Ornidazole (O2) (Formula 140),BATCH-0180,CLO279,2026-11-17,CUST-0114,Sangeetha Reddy,+91 9679173614,20,161.2,3224.0,PHARM-HIST-0013,Nikhil Bhat,2026-08-30T04:13:00Z,2026-08-30,True,pharmaflow-main,SYNTHETIC_OPERATIONAL_RECORD
DISP-01165,RCPT-2026-11164,MED-0141,Montelukast + Levocetirizine (Montair-LC) (Formula 141),BATCH-0181,PAR280,2026-11-16,CUST-0115,Vijay Gowda,+91 9016416148,5,195.0,975.0,PHARM-HIST-0014,Shalini Verma,2026-07-04T04:21:00Z,2026-07-04,True,pharmaflow-main,SYNTHETIC_OPERATIONAL_RECORD
DISP-01166,RCPT-2026-11165,MED-0142,Ibuprofen 400mg (Brufen 400) (Formula 142),BATCH-0182,PAR281,2027-09-16,CUST-0116,Sandhya Desai,+91 8069020451,20,38.2,764.0,PHARM-KA-2022-7212,Deepak R,2026-10-01T07:37:00Z,2026-10-01,True,pharmaflow-main,SYNTHETIC_OPERATIONAL_RECORD
DISP-01167,RCPT-2026-11166,MED-0143,Aceclofenac + Paracetamol (Zerodol-P) (Formula 143),BATCH-0183,VIT282,2027-08-16,CUST-0117,Prashanth Shenoy,+91 9621087928,20,98.4,1968.0,PHARM-HIST-0016,Rashmi Nair,2026-09-01T05:51:00Z,2026-09-01,True,pharmaflow-main,SYNTHETIC_OPERATIONAL_RECORD
DISP-01168,RCPT-2026-11167,MED-0144,Vildagliptin + Metformin (Galvus Met) (Formula 144),BATCH-0184,AMO283,2027-10-31,CUST-0118,Swetha Krishnan,+91 9023770458,10,307.6,3076.0,PHARM-KA-2022-7212,Deepak R,2026-09-11T15:58:00Z,2026-09-11,True,pharmaflow-main,SYNTHETIC_OPERATIONAL_RECORD
DISP-01169,RCPT-2026-11168,MED-0145,Rabeprazole 20mg (Razo 20) (Formula 145),BATCH-0185,AMO284,2028-02-28,CUST-0119,Rajesh Sharma,+91 8032366682,20,150.8,3016.0,PHARM-HIST-0018,Geetha Radhakrishnan,2026-06-11T12:22:00Z,2026-06-11,True,pharmaflow-main,SYNTHETIC_OPERATIONAL_RECORD
DISP-01170,RCPT-2026-11169,MED-0146,Cough Syrup (Ascoril-D) (Formula 146),BATCH-0186,CET285,2027-12-19,CUST-0120,Nandini Rao,+91 8046850196,15,126.0,1890.0,PHARM-HIST-0019,Manoj Patil,2026-07-06T01:52:00Z,2026-07-06,True,pharmaflow-main,SYNTHETIC_OPERATIONAL_RECORD
DISP-01171,RCPT-2026-11170,MED-0147,Oral Rehydration Salts (Electral ORS) (Formula 147),BATCH-0187,LEV286,2028-04-14,CUST-0121,Rahul Menon,+91 9414179623,5,41.7,208.5,PHARM-HIST-0020,Harini Sundaram,2026-08-28T15:10:00Z,2026-08-28,True,pharmaflow-main,SYNTHETIC_OPERATIONAL_RECORD
DISP-01172,RCPT-2026-11171,MED-0148,Multivitamin + Zinc (Becadexamin) (Formula 148),BATCH-0188,AZI287,2027-11-26,CUST-0122,Priya Verma,+91 9058607028,15,52.0,780.0,PHARM-HIST-0021,Suresh Prabhu,2026-08-02T22:19:00Z,2026-08-02,True,pharmaflow-main,SYNTHETIC_OPERATIONAL_RECORD
DISP-01173,RCPT-2026-11172,MED-0149,Thyroxine Sodium 50mcg (Thyronorm 50) (Formula 149),BATCH-0189,AZI288,2027-08-24,CUST-0123,Arun Hegde,+91 9069584522,15,158.2,2373.0,PHARM-HIST-0022,Deepa Namboodiri,2026-07-04T11:46:00Z,2026-07-04,True,pharmaflow-main,SYNTHETIC_OPERATIONAL_RECORD
DISP-01174,RCPT-2026-11173,MED-0150,Clopidogrel 75mg (Clopilet 75) (Formula 150),BATCH-0190,MET289,2028-03-15,CUST-0124,Kavya Gupta,+91 9643502308,30,168.4,5052.0,PHARM-HIST-0023,Raghavendra Rao,2026-08-26T04:47:00Z,2026-08-26,True,pharmaflow-main,SYNTHETIC_OPERATIONAL_RECORD
DISP-01175,RCPT-2026-11174,MED-0151,Paracetamol 500mg (Formula 151),BATCH-0191,MET290,2027-10-06,CUST-0125,Meena Joshi,+91 9644935501,10,39.6,396.0,PHARM-KA-2022-7212,Deepak R,2026-10-01T14:45:00Z,2026-10-01,True,pharmaflow-main,SYNTHETIC_OPERATIONAL_RECORD
DISP-01176,RCPT-2026-11175,MED-0152,Paracetamol 650mg (Dolo 650) (Formula 152),BATCH-0192,PAN291,2027-09-09,CUST-0126,Deepak Nair,+91 9728217159,15,50.8,762.0,PHARM-KA-2022-7212,Deepak R,2026-07-22T23:27:00Z,2026-07-22,True,pharmaflow-main,SYNTHETIC_OPERATIONAL_RECORD
DISP-01177,RCPT-2026-11176,MED-0153,Vitamin D3 60K (Calcirol) (Formula 153),BATCH-0193,PAN292,2027-01-05,CUST-0127,Manish Patel,+91 9099635939,5,96.0,480.0,PHARM-KA-2022-7212,Deepak R,2026-09-14T21:20:00Z,2026-09-14,True,pharmaflow-main,SYNTHETIC_OPERATIONAL_RECORD
DISP-01178,RCPT-2026-11177,MED-0154,Amoxicillin 500mg (Novamox) (Formula 154),BATCH-0194,OME293,2027-10-01,CUST-0128,Deeps Sundaram,+91 9458518659,10,134.2,1342.0,PHARM-KA-2022-7212,Deepak R,2026-09-29T20:56:00Z,2026-09-29,True,pharmaflow-main,SYNTHETIC_OPERATIONAL_RECORD
DISP-01179,RCPT-2026-11178,MED-0155,Amoxicillin + Clavulanic Acid 625mg (Augmentin) (Formula 155),BATCH-0195,TEL294,2028-03-31,CUST-0129,Suresh Pillai,+91 9858438711,10,205.0,2050.0,PHARM-KA-2022-7212,Deepak R,2026-10-01T15:51:00Z,2026-10-01,True,pharmaflow-main,SYNTHETIC_OPERATIONAL_RECORD
DISP-01180,RCPT-2026-11179,MED-0156,Cetirizine 10mg (Cetzine) (Formula 156),BATCH-0196,TEL295,2027-12-27,CUST-0130,Lakshmi Bhat,+91 9751512297,30,45.2,1356.0,PHARM-KA-2022-7212,Deepak R,2026-09-22T09:49:00Z,2026-09-22,True,pharmaflow-main,SYNTHETIC_OPERATIONAL_RECORD
DISP-01181,RCPT-2026-11180,MED-0157,Levocetirizine 5mg (Levocet) (Formula 157),BATCH-0197,ATO296,2027-05-21,CUST-0131,Vignesh Murthy,+91 9726821075,30,64.4,1932.0,PHARM-HIST-0005,Rohan Mehta,2026-07-30T05:45:00Z,2026-07-30,True,pharmaflow-main,SYNTHETIC_OPERATIONAL_RECORD
DISP-01182,RCPT-2026-11181,MED-0158,Azithromycin 250mg (Azee 250) (Formula 158),BATCH-0198,ROS297,2027-06-23,CUST-0132,Anitha Kumar,+91 9483994695,20,154.6,3092.0,PHARM-KA-2022-7212,Deepak R,2026-09-27T22:14:00Z,2026-09-27,True,pharmaflow-main,SYNTHETIC_OPERATIONAL_RECORD
DISP-01183,RCPT-2026-11182,MED-0159,Azithromycin 500mg (Azithral 500) (Formula 159),BATCH-0199,CIP298,2027-11-10,CUST-0133,Ramesh Iyer,+91 9779538491,10,227.8,2278.0,PHARM-HIST-0007,Venkatesh Iyer,2026-08-30T06:14:00Z,2026-08-30,True,pharmaflow-main,SYNTHETIC_OPERATIONAL_RECORD
DISP-01184,RCPT-2026-11183,MED-0160,Metformin 500mg (Glycomet 500) (Formula 160),BATCH-0200,OFL299,2027-05-12,CUST-0134,Sangeetha Reddy,+91 9620584397,30,71.0,2130.0,PHARM-HIST-0008,Pooja Hegde,2026-09-06T22:49:00Z,2026-09-06,True,pharmaflow-main,SYNTHETIC_OPERATIONAL_RECORD
DISP-01185,RCPT-2026-11184,MED-0161,Metformin 1000mg SR (Glucophage) (Formula 161),BATCH-0201,MON300,2027-03-19,CUST-0135,Vijay Gowda,+91 9777454225,30,101.2,3036.0,PHARM-HIST-0009,Sanjay Nambiar,2026-09-07T02:42:00Z,2026-09-07,True,pharmaflow-main,SYNTHETIC_OPERATIONAL_RECORD
DISP-01186,RCPT-2026-11185,MED-0162,Pantoprazole 40mg (Pan 40) (Formula 162),BATCH-0202,IBU301,2027-05-14,CUST-0136,Sandhya Desai,+91 9820901547,15,105.0,1575.0,PHARM-HIST-0010,Meera Krishnan,2026-08-11T15:48:00Z,2026-08-11,True,pharmaflow-main,SYNTHETIC_OPERATIONAL_RECORD
DISP-01187,RCPT-2026-11186,MED-0163,Pantoprazole + Domperidone (Pan-D) (Formula 163),BATCH-0203,ACE302,2027-02-07,CUST-0137,Prashanth Shenoy,+91 9876845536,15,181.2,2718.0,PHARM-HIST-0011,Aditya Kulkarni,2026-06-19T20:55:00Z,2026-06-19,True,pharmaflow-main,SYNTHETIC_OPERATIONAL_RECORD
DISP-01188,RCPT-2026-11187,MED-0164,Omeprazole 20mg (Omez) (Formula 164),BATCH-0204,VIL303,2027-09-18,CUST-0138,Swetha Krishnan,+91 8049920898,20,81.4,1628.0,PHARM-HIST-0012,Swati Deshmukh,2026-08-18T23:50:00Z,2026-08-18,True,pharmaflow-main,SYNTHETIC_OPERATIONAL_RECORD
DISP-01189,RCPT-2026-11188,MED-0165,Telmisartan 40mg (Telma 40) (Formula 165),BATCH-0205,RAB304,2027-10-13,CUST-0139,Rajesh Sharma,+91 7037383505,30,131.6,3948.0,PHARM-HIST-0013,Nikhil Bhat,2026-08-12T22:28:00Z,2026-08-12,True,pharmaflow-main,SYNTHETIC_OPERATIONAL_RECORD
DISP-01190,RCPT-2026-11189,MED-0166,Telmisartan + Amlodipine (Telma-AM) (Formula 166),BATCH-0206,COU305,2027-09-05,CUST-0140,Nandini Rao,+91 9459733063,10,184.8,1848.0,PHARM-HIST-0014,Shalini Verma,2026-07-05T22:12:00Z,2026-07-05,True,pharmaflow-main,SYNTHETIC_OPERATIONAL_RECORD
DISP-01191,RCPT-2026-11190,MED-0167,Atorvastatin 10mg (Atorva 10) (Formula 167),BATCH-0207,ORA306,2028-03-03,CUST-0141,Rahul Menon,+91 9670343755,20,154.0,3080.0,PHARM-HIST-0015,Gautam Pillai,2026-06-25T20:59:00Z,2026-06-25,True,pharmaflow-main,SYNTHETIC_OPERATIONAL_RECORD
DISP-01192,RCPT-2026-11191,MED-0168,Rosuvastatin 10mg (Rosuvas 10) (Formula 168),BATCH-0208,MUL307,2027-01-19,CUST-0142,Priya Verma,+91 8043322272,15,187.2,2808.0,PHARM-HIST-0016,Rashmi Nair,2026-08-15T09:12:00Z,2026-08-15,True,pharmaflow-main,SYNTHETIC_OPERATIONAL_RECORD
DISP-01193,RCPT-2026-11192,MED-0169,Ciprofloxacin 500mg (Ciplox 500) (Formula 169),BATCH-0209,THY308,2027-03-10,CUST-0143,Arun Hegde,+91 7079085198,30,88.0,2640.0,PHARM-HIST-0017,Varun Shenoy,2026-07-23T18:51:00Z,2026-07-23,True,pharmaflow-main,SYNTHETIC_OPERATIONAL_RECORD
DISP-01194,RCPT-2026-11193,MED-0170,Ofloxacin + Ornidazole (O2) (Formula 170),BATCH-0210,CLO309,2027-09-09,CUST-0144,Kavya Gupta,+91 7042310051,20,145.2,2904.0,PHARM-HIST-0018,Geetha Radhakrishnan,2026-07-07T06:44:00Z,2026-07-07,True,pharmaflow-main,SYNTHETIC_OPERATIONAL_RECORD
DISP-01195,RCPT-2026-11194,MED-0171,Montelukast + Levocetirizine (Montair-LC) (Formula 171),BATCH-0211,PAR310,2027-03-28,CUST-0145,Meena Joshi,+91 7048352498,15,201.4,3021.0,PHARM-HIST-0019,Manoj Patil,2026-08-10T02:31:00Z,2026-08-10,True,pharmaflow-main,SYNTHETIC_OPERATIONAL_RECORD
DISP-01196,RCPT-2026-11195,MED-0172,Ibuprofen 400mg (Brufen 400) (Formula 172),BATCH-0212,PAR311,2028-02-19,CUST-0146,Deepak Nair,+91 9064123845,20,44.6,892.0,PHARM-HIST-0020,Harini Sundaram,2026-08-20T18:22:00Z,2026-08-20,True,pharmaflow-main,SYNTHETIC_OPERATIONAL_RECORD
DISP-01197,RCPT-2026-11196,MED-0173,Aceclofenac + Paracetamol (Zerodol-P) (Formula 173),BATCH-0213,VIT312,2027-01-29,CUST-0147,Manish Patel,+91 9619869264,20,104.8,2096.0,PHARM-KA-2022-7212,Deepak R,2026-09-29T01:52:00Z,2026-09-29,True,pharmaflow-main,SYNTHETIC_OPERATIONAL_RECORD
DISP-01198,RCPT-2026-11197,MED-0174,Vildagliptin + Metformin (Galvus Met) (Formula 174),BATCH-0214,AMO313,2027-05-08,CUST-0148,Deeps Sundaram,+91 9727268907,10,314.0,3140.0,PHARM-KA-2022-7212,Deepak R,2026-09-13T07:02:00Z,2026-09-13,True,pharmaflow-main,SYNTHETIC_OPERATIONAL_RECORD
DISP-01199,RCPT-2026-11198,MED-0175,Rabeprazole 20mg (Razo 20) (Formula 175),BATCH-0215,AMO314,2026-11-12,CUST-0149,Suresh Pillai,+91 8077119320,30,157.2,4716.0,PHARM-KA-2022-7212,Deepak R,2026-10-08T11:05:00Z,2026-10-08,True,pharmaflow-main,SYNTHETIC_OPERATIONAL_RECORD
DISP-01200,RCPT-2026-11199,MED-0176,Cough Syrup (Ascoril-D) (Formula 176),BATCH-0216,CET315,2027-04-29,CUST-0150,Lakshmi Bhat,+91 7029990477,20,110.0,2200.0,PHARM-HIST-0024,Kavita Acharya,2026-07-06T12:37:00Z,2026-07-06,True,pharmaflow-main,SYNTHETIC_OPERATIONAL_RECORD
DISP-01201,RCPT-2026-11200,MED-0177,Oral Rehydration Salts (Electral ORS) (Formula 177),BATCH-0217,LEV316,2028-03-23,CUST-0001,Rahul Kumar,+91 98450 48123,15,25.7,385.5,PHARM-KA-2022-7212,Deepak R,2026-08-17T22:35:00Z,2026-08-17,True,pharmaflow-main,SYNTHETIC_OPERATIONAL_RECORD
DISP-01202,RCPT-2026-11201,MED-0178,Multivitamin + Zinc (Becadexamin) (Formula 178),BATCH-0218,AZI317,2028-01-21,CUST-0002,Priya Sharma,+91 97312 90342,30,58.4,1752.0,PHARM-HIST-0001,Aravind Swaminathan,2026-08-19T20:41:00Z,2026-08-19,True,pharmaflow-main,SYNTHETIC_OPERATIONAL_RECORD
DISP-01203,RCPT-2026-11202,MED-0179,Thyroxine Sodium 50mcg (Thyronorm 50) (Formula 179),BATCH-0219,AZI318,2027-12-05,CUST-0003,Arun Kumar,+91 94480 77109,5,164.6,823.0,PHARM-KA-2022-7212,Deepak R,2026-09-28T22:04:00Z,2026-09-28,True,pharmaflow-main,SYNTHETIC_OPERATIONAL_RECORD
DISP-01204,RCPT-2026-11203,MED-0180,Clopidogrel 75mg (Clopilet 75) (Formula 180),BATCH-0220,MET319,2027-05-31,CUST-0004,Kavya S,+91 99001 22584,30,174.8,5244.0,PHARM-HIST-0003,Karthik Subramanian,2026-06-13T08:36:00Z,2026-06-13,True,pharmaflow-main,SYNTHETIC_OPERATIONAL_RECORD
DISP-01205,RCPT-2026-11204,MED-0181,Paracetamol 500mg (Formula 181),BATCH-0221,MET320,2028-05-04,CUST-0005,Meena Devi,+91 96114 64190,20,46.0,920.0,PHARM-KA-2022-7212,Deepak R,2026-09-18T05:12:00Z,2026-09-18,True,pharmaflow-main,SYNTHETIC_OPERATIONAL_RECORD
DISP-01206,RCPT-2026-11205,MED-0182,Paracetamol 650mg (Dolo 650) (Formula 182),BATCH-0222,PAN321,2027-07-20,CUST-0006,Deepak,+91 93845 99028,30,57.2,1716.0,PHARM-HIST-0005,Rohan Mehta,2026-09-05T12:38:00Z,2026-09-05,True,pharmaflow-main,SYNTHETIC_OPERATIONAL_RECORD
DISP-01207,RCPT-2026-11206,MED-0183,Vitamin D3 60K (Calcirol) (Formula 183),BATCH-0223,PAN322,2027-09-23,CUST-0007,Manish,+91 90802 04902,15,80.0,1200.0,PHARM-HIST-0006,Ananya Sharma,2026-07-09T20:20:00Z,2026-07-09,True,pharmaflow-main,SYNTHETIC_OPERATIONAL_RECORD
DISP-01208,RCPT-2026-11207,MED-0184,Amoxicillin 500mg (Novamox) (Formula 184),BATCH-0224,OME323,2028-04-06,CUST-0008,Deeps,+91 80988 51999,20,118.2,2364.0,PHARM-HIST-0007,Venkatesh Iyer,2026-07-11T10:19:00Z,2026-07-11,True,pharmaflow-main,SYNTHETIC_OPERATIONAL_RECORD
DISP-01209,RCPT-2026-11208,MED-0185,Amoxicillin + Clavulanic Acid 625mg (Augmentin) (Formula 185),BATCH-0225,TEL324,2027-01-13,CUST-0009,Suresh Pillai,+91 9445652586,10,211.4,2114.0,PHARM-HIST-0008,Pooja Hegde,2026-06-11T22:13:00Z,2026-06-11,True,pharmaflow-main,SYNTHETIC_OPERATIONAL_RECORD
DISP-01210,RCPT-2026-11209,MED-0186,Cetirizine 10mg (Cetzine) (Formula 186),BATCH-0226,TEL325,2028-02-17,CUST-0010,Lakshmi Bhat,+91 9668942178,15,51.6,774.0,PHARM-HIST-0009,Sanjay Nambiar,2026-09-06T20:58:00Z,2026-09-06,True,pharmaflow-main,SYNTHETIC_OPERATIONAL_RECORD
DISP-01211,RCPT-2026-11210,MED-0187,Levocetirizine 5mg (Levocet) (Formula 187),BATCH-0227,ATO326,2027-10-19,CUST-0011,Vignesh Murthy,+91 7068755000,5,70.8,354.0,PHARM-HIST-0010,Meera Krishnan,2026-07-19T13:17:00Z,2026-07-19,True,pharmaflow-main,SYNTHETIC_OPERATIONAL_RECORD
DISP-01212,RCPT-2026-11211,MED-0188,Azithromycin 250mg (Azee 250) (Formula 188),BATCH-0228,ROS327,2027-10-24,CUST-0012,Anitha Kumar,+91 9822257687,10,161.0,1610.0,PHARM-HIST-0011,Aditya Kulkarni,2026-07-10T14:19:00Z,2026-07-10,True,pharmaflow-main,SYNTHETIC_OPERATIONAL_RECORD
DISP-01213,RCPT-2026-11212,MED-0189,Azithromycin 500mg (Azithral 500) (Formula 189),BATCH-0229,CIP328,2027-04-25,CUST-0013,Ramesh Iyer,+91 9473149551,10,234.2,2342.0,PHARM-HIST-0012,Swati Deshmukh,2026-09-04T16:31:00Z,2026-09-04,True,pharmaflow-main,SYNTHETIC_OPERATIONAL_RECORD
DISP-01214,RCPT-2026-11213,MED-0190,Metformin 500mg (Glycomet 500) (Formula 190),BATCH-0230,OFL329,2027-06-25,CUST-0014,Sangeetha Reddy,+91 7022246348,30,55.0,1650.0,PHARM-HIST-0013,Nikhil Bhat,2026-09-06T04:22:00Z,2026-09-06,True,pharmaflow-main,SYNTHETIC_OPERATIONAL_RECORD
DISP-01215,RCPT-2026-11214,MED-0191,Metformin 1000mg SR (Glucophage) (Formula 191),BATCH-0231,MON330,2028-04-07,CUST-0015,Vijay Gowda,+91 9065250068,5,85.2,426.0,PHARM-HIST-0014,Shalini Verma,2026-07-16T07:00:00Z,2026-07-16,True,pharmaflow-main,SYNTHETIC_OPERATIONAL_RECORD
DISP-01216,RCPT-2026-11215,MED-0192,Pantoprazole 40mg (Pan 40) (Formula 192),BATCH-0232,IBU331,2026-12-16,CUST-0016,Sandhya Desai,+91 7021819185,20,111.4,2228.0,PHARM-HIST-0015,Gautam Pillai,2026-07-02T09:19:00Z,2026-07-02,True,pharmaflow-main,SYNTHETIC_OPERATIONAL_RECORD
DISP-01217,RCPT-2026-11216,MED-0193,Pantoprazole + Domperidone (Pan-D) (Formula 193),BATCH-0233,ACE332,2028-05-08,CUST-0017,Prashanth Shenoy,+91 7065465150,5,187.6,938.0,PHARM-HIST-0016,Rashmi Nair,2026-08-18T13:23:00Z,2026-08-18,True,pharmaflow-main,SYNTHETIC_OPERATIONAL_RECORD
DISP-01218,RCPT-2026-11217,MED-0194,Omeprazole 20mg (Omez) (Formula 194),BATCH-0234,VIL333,2026-12-27,CUST-0018,Swetha Krishnan,+91 9945843681,20,87.8,1756.0,PHARM-HIST-0017,Varun Shenoy,2026-08-03T05:04:00Z,2026-08-03,True,pharmaflow-main,SYNTHETIC_OPERATIONAL_RECORD
DISP-01219,RCPT-2026-11218,MED-0195,Telmisartan 40mg (Telma 40) (Formula 195),BATCH-0235,RAB334,2026-12-27,CUST-0019,Rajesh Sharma,+91 9931257157,15,138.0,2070.0,PHARM-KA-2022-7212,Deepak R,2026-09-16T22:44:00Z,2026-09-16,True,pharmaflow-main,SYNTHETIC_OPERATIONAL_RECORD
DISP-01220,RCPT-2026-11219,MED-0196,Telmisartan + Amlodipine (Telma-AM) (Formula 196),BATCH-0236,COU335,2028-02-05,CUST-0020,Nandini Rao,+91 9771934487,20,191.2,3824.0,PHARM-HIST-0019,Manoj Patil,2026-08-04T18:18:00Z,2026-08-04,True,pharmaflow-main,SYNTHETIC_OPERATIONAL_RECORD
DISP-01221,RCPT-2026-11220,MED-0197,Atorvastatin 10mg (Atorva 10) (Formula 197),BATCH-0237,ORA336,2027-07-24,CUST-0021,Rahul Menon,+91 9665766169,20,138.0,2760.0,PHARM-HIST-0020,Harini Sundaram,2026-07-25T02:14:00Z,2026-07-25,True,pharmaflow-main,SYNTHETIC_OPERATIONAL_RECORD
DISP-01222,RCPT-2026-11221,MED-0198,Rosuvastatin 10mg (Rosuvas 10) (Formula 198),BATCH-0238,MUL337,2027-06-06,CUST-0022,Priya Verma,+91 8035583290,5,171.2,856.0,PHARM-HIST-0021,Suresh Prabhu,2026-07-03T12:05:00Z,2026-07-03,True,pharmaflow-main,SYNTHETIC_OPERATIONAL_RECORD
DISP-01223,RCPT-2026-11222,MED-0199,Ciprofloxacin 500mg (Ciplox 500) (Formula 199),BATCH-0239,THY338,2026-11-17,CUST-0023,Arun Hegde,+91 9610344303,15,94.4,1416.0,PHARM-KA-2022-7212,Deepak R,2026-09-24T15:24:00Z,2026-09-24,True,pharmaflow-main,SYNTHETIC_OPERATIONAL_RECORD
DISP-01224,RCPT-2026-11223,MED-0200,Ofloxacin + Ornidazole (O2) (Formula 200),BATCH-0240,CLO339,2027-02-19,CUST-0024,Kavya Gupta,+91 7056321751,10,151.6,1516.0,PHARM-HIST-0023,Raghavendra Rao,2026-06-26T07:43:00Z,2026-06-26,True,pharmaflow-main,SYNTHETIC_OPERATIONAL_RECORD
DISP-01225,RCPT-2026-11224,MED-0201,Montelukast + Levocetirizine (Montair-LC) (Formula 201),BATCH-0241,PAR340,2027-03-28,CUST-0025,Meena Joshi,+91 9986745380,15,207.8,3117.0,PHARM-HIST-0024,Kavita Acharya,2026-06-10T12:35:00Z,2026-06-10,True,pharmaflow-main,SYNTHETIC_OPERATIONAL_RECORD
DISP-01226,RCPT-2026-11225,MED-0202,Ibuprofen 400mg (Brufen 400) (Formula 202),BATCH-0242,PAR341,2027-02-23,CUST-0026,Deepak Nair,+91 8061818612,20,51.0,1020.0,PHARM-KA-2022-7212,Deepak R,2026-10-08T06:08:00Z,2026-10-08,True,pharmaflow-main,SYNTHETIC_OPERATIONAL_RECORD
DISP-01227,RCPT-2026-11226,MED-0203,Aceclofenac + Paracetamol (Zerodol-P) (Formula 203),BATCH-0243,VIT342,2027-03-08,CUST-0027,Manish Patel,+91 9023470708,20,111.2,2224.0,PHARM-KA-2022-7212,Deepak R,2026-10-08T08:56:00Z,2026-10-08,True,pharmaflow-main,SYNTHETIC_OPERATIONAL_RECORD
DISP-01228,RCPT-2026-11227,MED-0204,Vildagliptin + Metformin (Galvus Met) (Formula 204),BATCH-0244,AMO343,2028-03-31,CUST-0028,Deeps Sundaram,+91 9465026398,15,298.0,4470.0,PHARM-HIST-0002,Sneha Rao,2026-08-01T22:19:00Z,2026-08-01,True,pharmaflow-main,SYNTHETIC_OPERATIONAL_RECORD
DISP-01229,RCPT-2026-11228,MED-0205,Rabeprazole 20mg (Razo 20) (Formula 205),BATCH-0245,AMO344,2027-08-04,CUST-0029,Suresh Pillai,+91 8097219599,10,141.2,1412.0,PHARM-HIST-0003,Karthik Subramanian,2026-07-06T22:50:00Z,2026-07-06,True,pharmaflow-main,SYNTHETIC_OPERATIONAL_RECORD
DISP-01230,RCPT-2026-11229,MED-0206,Cough Syrup (Ascoril-D) (Formula 206),BATCH-0246,CET345,2028-01-01,CUST-0030,Lakshmi Bhat,+91 9741510328,10,116.4,1164.0,PHARM-HIST-0004,Divya Menon,2026-08-22T06:15:00Z,2026-08-22,True,pharmaflow-main,SYNTHETIC_OPERATIONAL_RECORD
DISP-01231,RCPT-2026-11230,MED-0207,Oral Rehydration Salts (Electral ORS) (Formula 207),BATCH-0247,LEV346,2028-05-22,CUST-0031,Vignesh Murthy,+91 9769549527,30,32.1,963.0,PHARM-KA-2022-7212,Deepak R,2026-09-12T20:49:00Z,2026-09-12,True,pharmaflow-main,SYNTHETIC_OPERATIONAL_RECORD
DISP-01232,RCPT-2026-11231,MED-0208,Multivitamin + Zinc (Becadexamin) (Formula 208),BATCH-0248,AZI347,2027-10-12,CUST-0032,Anitha Kumar,+91 9658112135,10,64.8,648.0,PHARM-KA-2022-7212,Deepak R,2026-09-23T21:24:00Z,2026-09-23,True,pharmaflow-main,SYNTHETIC_OPERATIONAL_RECORD
DISP-01233,RCPT-2026-11232,MED-0209,Thyroxine Sodium 50mcg (Thyronorm 50) (Formula 209),BATCH-0249,AZI348,2027-02-07,CUST-0033,Ramesh Iyer,+91 9432814819,10,171.0,1710.0,PHARM-KA-2022-7212,Deepak R,2026-09-15T05:57:00Z,2026-09-15,True,pharmaflow-main,SYNTHETIC_OPERATIONAL_RECORD
DISP-01234,RCPT-2026-11233,MED-0210,Clopidogrel 75mg (Clopilet 75) (Formula 210),BATCH-0250,MET349,2028-03-27,CUST-0034,Sangeetha Reddy,+91 9441163805,20,181.2,3624.0,PHARM-HIST-0008,Pooja Hegde,2026-06-27T05:44:00Z,2026-06-27,True,pharmaflow-main,SYNTHETIC_OPERATIONAL_RECORD
DISP-01235,RCPT-2026-11234,MED-0211,Paracetamol 500mg (Formula 211),BATCH-0251,MET350,2027-01-23,CUST-0035,Vijay Gowda,+91 9683363160,30,30.0,900.0,PHARM-HIST-0009,Sanjay Nambiar,2026-08-12T15:02:00Z,2026-08-12,True,pharmaflow-main,SYNTHETIC_OPERATIONAL_RECORD
DISP-01236,RCPT-2026-11235,MED-0212,Paracetamol 650mg (Dolo 650) (Formula 212),BATCH-0252,PAN351,2027-07-02,CUST-0036,Sandhya Desai,+91 9671315464,5,41.2,206.0,PHARM-KA-2022-7212,Deepak R,2026-09-24T15:50:00Z,2026-09-24,True,pharmaflow-main,SYNTHETIC_OPERATIONAL_RECORD
DISP-01237,RCPT-2026-11236,MED-0213,Vitamin D3 60K (Calcirol) (Formula 213),BATCH-0253,PAN352,2028-02-26,CUST-0037,Prashanth Shenoy,+91 8086762164,5,86.4,432.0,PHARM-HIST-0011,Aditya Kulkarni,2026-09-01T09:36:00Z,2026-09-01,True,pharmaflow-main,SYNTHETIC_OPERATIONAL_RECORD
DISP-01238,RCPT-2026-11237,MED-0214,Amoxicillin 500mg (Novamox) (Formula 214),BATCH-0254,OME353,2026-12-18,CUST-0038,Swetha Krishnan,+91 8046840133,5,124.6,623.0,PHARM-HIST-0012,Swati Deshmukh,2026-09-03T09:39:00Z,2026-09-03,True,pharmaflow-main,SYNTHETIC_OPERATIONAL_RECORD
DISP-01239,RCPT-2026-11238,MED-0215,Amoxicillin + Clavulanic Acid 625mg (Augmentin) (Formula 215),BATCH-0255,TEL354,2027-09-24,CUST-0039,Rajesh Sharma,+91 9039394291,20,217.8,4356.0,PHARM-HIST-0013,Nikhil Bhat,2026-07-26T04:30:00Z,2026-07-26,True,pharmaflow-main,SYNTHETIC_OPERATIONAL_RECORD
DISP-01240,RCPT-2026-11239,MED-0216,Cetirizine 10mg (Cetzine) (Formula 216),BATCH-0256,TEL355,2027-02-13,CUST-0040,Nandini Rao,+91 9851464269,5,58.0,290.0,PHARM-HIST-0014,Shalini Verma,2026-07-14T09:00:00Z,2026-07-14,True,pharmaflow-main,SYNTHETIC_OPERATIONAL_RECORD
DISP-01241,RCPT-2026-11240,MED-0217,Levocetirizine 5mg (Levocet) (Formula 217),BATCH-0257,ATO356,2027-05-01,CUST-0041,Rahul Menon,+91 9653851498,30,77.2,2316.0,PHARM-HIST-0015,Gautam Pillai,2026-09-04T11:18:00Z,2026-09-04,True,pharmaflow-main,SYNTHETIC_OPERATIONAL_RECORD
DISP-01242,RCPT-2026-11241,MED-0218,Azithromycin 250mg (Azee 250) (Formula 218),BATCH-0258,ROS357,2027-08-09,CUST-0042,Priya Verma,+91 9632084778,10,145.0,1450.0,PHARM-HIST-0016,Rashmi Nair,2026-06-29T10:54:00Z,2026-06-29,True,pharmaflow-main,SYNTHETIC_OPERATIONAL_RECORD
DISP-01243,RCPT-2026-11242,MED-0219,Azithromycin 500mg (Azithral 500) (Formula 219),BATCH-0259,CIP358,2027-05-14,CUST-0043,Arun Hegde,+91 9440281491,30,218.2,6546.0,PHARM-HIST-0017,Varun Shenoy,2026-08-03T11:36:00Z,2026-08-03,True,pharmaflow-main,SYNTHETIC_OPERATIONAL_RECORD
DISP-01244,RCPT-2026-11243,MED-0220,Metformin 500mg (Glycomet 500) (Formula 220),BATCH-0260,OFL359,2028-02-18,CUST-0044,Kavya Gupta,+91 9845495029,20,61.4,1228.0,PHARM-HIST-0018,Geetha Radhakrishnan,2026-08-03T03:01:00Z,2026-08-03,True,pharmaflow-main,SYNTHETIC_OPERATIONAL_RECORD
DISP-01245,RCPT-2026-11244,MED-0221,Metformin 1000mg SR (Glucophage) (Formula 221),BATCH-0261,MON360,2028-03-11,CUST-0045,Meena Joshi,+91 9024541967,20,91.6,1832.0,PHARM-HIST-0019,Manoj Patil,2026-08-09T01:22:00Z,2026-08-09,True,pharmaflow-main,SYNTHETIC_OPERATIONAL_RECORD
DISP-01246,RCPT-2026-11245,MED-0222,Pantoprazole 40mg (Pan 40) (Formula 222),BATCH-0262,IBU361,2027-03-03,CUST-0046,Deepak Nair,+91 9795282470,15,117.8,1767.0,PHARM-HIST-0020,Harini Sundaram,2026-08-26T00:17:00Z,2026-08-26,True,pharmaflow-main,SYNTHETIC_OPERATIONAL_RECORD
DISP-01247,RCPT-2026-11246,MED-0223,Pantoprazole + Domperidone (Pan-D) (Formula 223),BATCH-0263,ACE362,2027-01-07,CUST-0047,Manish Patel,+91 9814994527,20,194.0,3880.0,PHARM-HIST-0021,Suresh Prabhu,2026-08-29T04:37:00Z,2026-08-29,True,pharmaflow-main,SYNTHETIC_OPERATIONAL_RECORD
DISP-01248,RCPT-2026-11247,MED-0224,Omeprazole 20mg (Omez) (Formula 224),BATCH-0264,VIL363,2028-03-16,CUST-0048,Deeps Sundaram,+91 8070887034,15,94.2,1413.0,PHARM-HIST-0022,Deepa Namboodiri,2026-08-20T16:57:00Z,2026-08-20,True,pharmaflow-main,SYNTHETIC_OPERATIONAL_RECORD
DISP-01249,RCPT-2026-11248,MED-0225,Telmisartan 40mg (Telma 40) (Formula 225),BATCH-0265,RAB364,2027-05-12,CUST-0049,Suresh Pillai,+91 9775679047,5,122.0,610.0,PHARM-HIST-0023,Raghavendra Rao,2026-06-19T01:09:00Z,2026-06-19,True,pharmaflow-main,SYNTHETIC_OPERATIONAL_RECORD
DISP-01250,RCPT-2026-11249,MED-0226,Telmisartan + Amlodipine (Telma-AM) (Formula 226),BATCH-0266,COU365,2027-11-10,CUST-0050,Lakshmi Bhat,+91 7041690501,20,175.2,3504.0,PHARM-KA-2022-7212,Deepak R,2026-10-07T21:05:00Z,2026-10-07,True,pharmaflow-main,SYNTHETIC_OPERATIONAL_RECORD
DISP-01251,RCPT-2026-11250,MED-0227,Atorvastatin 10mg (Atorva 10) (Formula 227),BATCH-0267,ORA366,2028-03-16,CUST-0051,Vignesh Murthy,+91 9018126895,30,144.4,4332.0,PHARM-KA-2022-7212,Deepak R,2026-07-08T07:59:00Z,2026-07-08,True,pharmaflow-main,SYNTHETIC_OPERATIONAL_RECORD
DISP-01252,RCPT-2026-11251,MED-0228,Rosuvastatin 10mg (Rosuvas 10) (Formula 228),BATCH-0268,MUL367,2028-02-02,CUST-0052,Anitha Kumar,+91 9996128115,10,177.6,1776.0,PHARM-KA-2022-7212,Deepak R,2026-09-22T19:43:00Z,2026-09-22,True,pharmaflow-main,SYNTHETIC_OPERATIONAL_RECORD
DISP-01253,RCPT-2026-11252,MED-0229,Ciprofloxacin 500mg (Ciplox 500) (Formula 229),BATCH-0269,THY368,2027-09-25,CUST-0053,Ramesh Iyer,+91 9919208698,20,100.8,2016.0,PHARM-HIST-0002,Sneha Rao,2026-08-21T21:21:00Z,2026-08-21,True,pharmaflow-main,SYNTHETIC_OPERATIONAL_RECORD
DISP-01254,RCPT-2026-11253,MED-0230,Ofloxacin + Ornidazole (O2) (Formula 230),BATCH-0270,CLO369,2028-04-28,CUST-0054,Sangeetha Reddy,+91 9489991301,10,158.0,1580.0,PHARM-HIST-0003,Karthik Subramanian,2026-08-03T22:18:00Z,2026-08-03,True,pharmaflow-main,SYNTHETIC_OPERATIONAL_RECORD
DISP-01255,RCPT-2026-11254,MED-0231,Montelukast + Levocetirizine (Montair-LC) (Formula 231),BATCH-0271,PAR370,2027-06-25,CUST-0055,Vijay Gowda,+91 9827690330,15,214.2,3213.0,PHARM-KA-2022-7212,Deepak R,2026-10-07T15:08:00Z,2026-10-07,True,pharmaflow-main,SYNTHETIC_OPERATIONAL_RECORD
DISP-01256,RCPT-2026-11255,MED-0232,Ibuprofen 400mg (Brufen 400) (Formula 232),BATCH-0272,PAR371,2028-04-22,CUST-0056,Sandhya Desai,+91 9617032877,5,35.0,175.0,PHARM-KA-2022-7212,Deepak R,2026-10-05T15:37:00Z,2026-10-05,True,pharmaflow-main,SYNTHETIC_OPERATIONAL_RECORD
DISP-01257,RCPT-2026-11256,MED-0233,Aceclofenac + Paracetamol (Zerodol-P) (Formula 233),BATCH-0273,VIT372,2027-02-13,CUST-0057,Prashanth Shenoy,+91 7058592048,20,95.2,1904.0,PHARM-HIST-0006,Ananya Sharma,2026-06-26T12:40:00Z,2026-06-26,True,pharmaflow-main,SYNTHETIC_OPERATIONAL_RECORD
DISP-01258,RCPT-2026-11257,MED-0234,Vildagliptin + Metformin (Galvus Met) (Formula 234),BATCH-0274,AMO373,2027-07-20,CUST-0058,Swetha Krishnan,+91 9671477426,20,304.4,6088.0,PHARM-KA-2022-7212,Deepak R,2026-09-08T16:29:00Z,2026-09-08,True,pharmaflow-main,SYNTHETIC_OPERATIONAL_RECORD
DISP-01259,RCPT-2026-11258,MED-0235,Rabeprazole 20mg (Razo 20) (Formula 235),BATCH-0275,AMO374,2027-12-07,CUST-0059,Rajesh Sharma,+91 9775802771,5,147.6,738.0,PHARM-HIST-0008,Pooja Hegde,2026-07-05T16:10:00Z,2026-07-05,True,pharmaflow-main,SYNTHETIC_OPERATIONAL_RECORD
DISP-01260,RCPT-2026-11259,MED-0236,Cough Syrup (Ascoril-D) (Formula 236),BATCH-0276,CET375,2027-01-02,CUST-0060,Nandini Rao,+91 9726937148,20,122.8,2456.0,PHARM-HIST-0009,Sanjay Nambiar,2026-08-24T22:01:00Z,2026-08-24,True,pharmaflow-main,SYNTHETIC_OPERATIONAL_RECORD
DISP-01261,RCPT-2026-11260,MED-0237,Oral Rehydration Salts (Electral ORS) (Formula 237),BATCH-0277,LEV376,2028-04-08,CUST-0061,Rahul Menon,+91 8023311507,5,38.5,192.5,PHARM-HIST-0010,Meera Krishnan,2026-07-15T13:03:00Z,2026-07-15,True,pharmaflow-main,SYNTHETIC_OPERATIONAL_RECORD
DISP-01262,RCPT-2026-11261,MED-0238,Multivitamin + Zinc (Becadexamin) (Formula 238),BATCH-0278,AZI377,2027-04-26,CUST-0062,Priya Verma,+91 9965541117,30,71.2,2136.0,PHARM-HIST-0011,Aditya Kulkarni,2026-07-06T23:42:00Z,2026-07-06,True,pharmaflow-main,SYNTHETIC_OPERATIONAL_RECORD
DISP-01263,RCPT-2026-11262,MED-0239,Thyroxine Sodium 50mcg (Thyronorm 50) (Formula 239),BATCH-0279,AZI378,2027-10-02,CUST-0063,Arun Hegde,+91 9099269266,30,155.0,4650.0,PHARM-KA-2022-7212,Deepak R,2026-09-13T13:51:00Z,2026-09-13,True,pharmaflow-main,SYNTHETIC_OPERATIONAL_RECORD
DISP-01264,RCPT-2026-11263,MED-0240,Clopidogrel 75mg (Clopilet 75) (Formula 240),BATCH-0280,MET379,2026-12-29,CUST-0064,Kavya Gupta,+91 9722513132,30,165.2,4956.0,PHARM-HIST-0013,Nikhil Bhat,2026-06-17T17:10:00Z,2026-06-17,True,pharmaflow-main,SYNTHETIC_OPERATIONAL_RECORD
DISP-01265,RCPT-2026-11264,MED-0241,Paracetamol 500mg (Formula 241),BATCH-0281,MET380,2027-12-25,CUST-0065,Meena Joshi,+91 9099927658,5,36.4,182.0,PHARM-KA-2022-7212,Deepak R,2026-10-04T07:29:00Z,2026-10-04,True,pharmaflow-main,SYNTHETIC_OPERATIONAL_RECORD
DISP-01266,RCPT-2026-11265,MED-0242,Paracetamol 650mg (Dolo 650) (Formula 242),BATCH-0282,PAN381,2028-02-05,CUST-0066,Deepak Nair,+91 9657197152,20,47.6,952.0,PHARM-HIST-0015,Gautam Pillai,2026-08-30T14:25:00Z,2026-08-30,True,pharmaflow-main,SYNTHETIC_OPERATIONAL_RECORD
DISP-01267,RCPT-2026-11266,MED-0243,Vitamin D3 60K (Calcirol) (Formula 243),BATCH-0283,PAN382,2028-04-01,CUST-0067,Manish Patel,+91 9084660688,20,92.8,1856.0,PHARM-KA-2022-7212,Deepak R,2026-09-16T21:53:00Z,2026-09-16,True,pharmaflow-main,SYNTHETIC_OPERATIONAL_RECORD
DISP-01268,RCPT-2026-11267,MED-0244,Amoxicillin 500mg (Novamox) (Formula 244),BATCH-0284,OME383,2028-03-31,CUST-0068,Deeps Sundaram,+91 9891737913,10,131.0,1310.0,PHARM-HIST-0017,Varun Shenoy,2026-07-15T18:45:00Z,2026-07-15,True,pharmaflow-main,SYNTHETIC_OPERATIONAL_RECORD
DISP-01269,RCPT-2026-11268,MED-0245,Amoxicillin + Clavulanic Acid 625mg (Augmentin) (Formula 245),BATCH-0285,TEL384,2027-12-26,CUST-0069,Suresh Pillai,+91 9655610493,5,224.2,1121.0,PHARM-KA-2022-7212,Deepak R,2026-09-11T06:12:00Z,2026-09-11,True,pharmaflow-main,SYNTHETIC_OPERATIONAL_RECORD
DISP-01270,RCPT-2026-11269,MED-0246,Cetirizine 10mg (Cetzine) (Formula 246),BATCH-0286,TEL385,2028-05-23,CUST-0070,Lakshmi Bhat,+91 9822315507,5,42.0,210.0,PHARM-KA-2022-7212,Deepak R,2026-09-24T22:15:00Z,2026-09-24,True,pharmaflow-main,SYNTHETIC_OPERATIONAL_RECORD
DISP-01271,RCPT-2026-11270,MED-0247,Levocetirizine 5mg (Levocet) (Formula 247),BATCH-0287,ATO386,2027-09-15,CUST-0071,Vignesh Murthy,+91 9459667685,20,61.2,1224.0,PHARM-KA-2022-7212,Deepak R,2026-09-18T01:03:00Z,2026-09-18,True,pharmaflow-main,SYNTHETIC_OPERATIONAL_RECORD
DISP-01272,RCPT-2026-11271,MED-0248,Azithromycin 250mg (Azee 250) (Formula 248),BATCH-0288,ROS387,2028-02-18,CUST-0072,Anitha Kumar,+91 9492924837,15,151.4,2271.0,PHARM-HIST-0021,Suresh Prabhu,2026-07-02T03:46:00Z,2026-07-02,True,pharmaflow-main,SYNTHETIC_OPERATIONAL_RECORD
DISP-01273,RCPT-2026-11272,MED-0249,Azithromycin 500mg (Azithral 500) (Formula 249),BATCH-0289,CIP388,2027-06-24,CUST-0073,Ramesh Iyer,+91 7065590800,5,224.6,1123.0,PHARM-HIST-0022,Deepa Namboodiri,2026-07-14T20:03:00Z,2026-07-14,True,pharmaflow-main,SYNTHETIC_OPERATIONAL_RECORD
DISP-01274,RCPT-2026-11273,MED-0250,Metformin 500mg (Glycomet 500) (Formula 250),BATCH-0290,OFL389,2028-03-06,CUST-0074,Sangeetha Reddy,+91 7080723898,30,67.8,2034.0,PHARM-HIST-0023,Raghavendra Rao,2026-07-15T07:01:00Z,2026-07-15,True,pharmaflow-main,SYNTHETIC_OPERATIONAL_RECORD
DISP-01275,RCPT-2026-11274,MED-0251,Metformin 1000mg SR (Glucophage) (Formula 251),BATCH-0291,MON390,2027-03-04,CUST-0075,Vijay Gowda,+91 9837437207,5,98.0,490.0,PHARM-HIST-0024,Kavita Acharya,2026-07-18T12:29:00Z,2026-07-18,True,pharmaflow-main,SYNTHETIC_OPERATIONAL_RECORD
DISP-01276,RCPT-2026-11275,MED-0252,Pantoprazole 40mg (Pan 40) (Formula 252),BATCH-0292,IBU391,2027-06-23,CUST-0076,Sandhya Desai,+91 9876757928,10,124.2,1242.0,PHARM-KA-2022-7212,Deepak R,2026-06-28T13:39:00Z,2026-06-28,True,pharmaflow-main,SYNTHETIC_OPERATIONAL_RECORD
DISP-01277,RCPT-2026-11276,MED-0253,Pantoprazole + Domperidone (Pan-D) (Formula 253),BATCH-0293,ACE392,2027-09-02,CUST-0077,Prashanth Shenoy,+91 9977144075,30,178.0,5340.0,PHARM-HIST-0001,Aravind Swaminathan,2026-06-10T17:11:00Z,2026-06-10,True,pharmaflow-main,SYNTHETIC_OPERATIONAL_RECORD
DISP-01278,RCPT-2026-11277,MED-0254,Omeprazole 20mg (Omez) (Formula 254),BATCH-0294,VIL393,2027-02-24,CUST-0078,Swetha Krishnan,+91 9871707170,20,78.2,1564.0,PHARM-KA-2022-7212,Deepak R,2026-09-29T15:39:00Z,2026-09-29,True,pharmaflow-main,SYNTHETIC_OPERATIONAL_RECORD
DISP-01279,RCPT-2026-11278,MED-0255,Telmisartan 40mg (Telma 40) (Formula 255),BATCH-0295,RAB394,2027-03-31,CUST-0079,Rajesh Sharma,+91 8048858073,20,128.4,2568.0,PHARM-HIST-0003,Karthik Subramanian,2026-06-13T13:13:00Z,2026-06-13,True,pharmaflow-main,SYNTHETIC_OPERATIONAL_RECORD
DISP-01280,RCPT-2026-11279,MED-0256,Telmisartan + Amlodipine (Telma-AM) (Formula 256),BATCH-0296,COU395,2027-05-27,CUST-0080,Nandini Rao,+91 9021828592,30,181.6,5448.0,PHARM-HIST-0004,Divya Menon,2026-07-16T15:10:00Z,2026-07-16,True,pharmaflow-main,SYNTHETIC_OPERATIONAL_RECORD
DISP-01281,RCPT-2026-11280,MED-0257,Atorvastatin 10mg (Atorva 10) (Formula 257),BATCH-0297,ORA396,2027-06-16,CUST-0081,Rahul Menon,+91 8051644346,10,150.8,1508.0,PHARM-HIST-0005,Rohan Mehta,2026-06-20T22:09:00Z,2026-06-20,True,pharmaflow-main,SYNTHETIC_OPERATIONAL_RECORD
DISP-01282,RCPT-2026-11281,MED-0258,Rosuvastatin 10mg (Rosuvas 10) (Formula 258),BATCH-0298,MUL397,2027-05-22,CUST-0082,Priya Verma,+91 9781216573,15,184.0,2760.0,PHARM-KA-2022-7212,Deepak R,2026-09-10T03:53:00Z,2026-09-10,True,pharmaflow-main,SYNTHETIC_OPERATIONAL_RECORD
DISP-01283,RCPT-2026-11282,MED-0259,Ciprofloxacin 500mg (Ciplox 500) (Formula 259),BATCH-0299,THY398,2026-12-25,CUST-0083,Arun Hegde,+91 9444355473,15,107.2,1608.0,PHARM-KA-2022-7212,Deepak R,2026-09-27T08:55:00Z,2026-09-27,True,pharmaflow-main,SYNTHETIC_OPERATIONAL_RECORD
DISP-01284,RCPT-2026-11283,MED-0260,Ofloxacin + Ornidazole (O2) (Formula 260),BATCH-0300,CLO399,2027-03-14,CUST-0084,Kavya Gupta,+91 7072270726,10,142.0,1420.0,PHARM-HIST-0008,Pooja Hegde,2026-07-05T17:01:00Z,2026-07-05,True,pharmaflow-main,SYNTHETIC_OPERATIONAL_RECORD
DISP-01285,RCPT-2026-11284,MED-0261,Montelukast + Levocetirizine (Montair-LC) (Formula 261),BATCH-0301,PAR400,2028-04-07,CUST-0085,Meena Joshi,+91 7019165226,15,198.2,2973.0,PHARM-HIST-0009,Sanjay Nambiar,2026-07-05T08:24:00Z,2026-07-05,True,pharmaflow-main,SYNTHETIC_OPERATIONAL_RECORD
DISP-01286,RCPT-2026-11285,MED-0262,Ibuprofen 400mg (Brufen 400) (Formula 262),BATCH-0302,PAR401,2028-05-04,CUST-0086,Deepak Nair,+91 9751662236,30,41.4,1242.0,PHARM-KA-2022-7212,Deepak R,2026-09-22T01:36:00Z,2026-09-22,True,pharmaflow-main,SYNTHETIC_OPERATIONAL_RECORD
DISP-01287,RCPT-2026-11286,MED-0263,Aceclofenac + Paracetamol (Zerodol-P) (Formula 263),BATCH-0303,VIT402,2028-03-16,CUST-0087,Manish Patel,+91 9792545028,5,101.6,508.0,PHARM-HIST-0011,Aditya Kulkarni,2026-07-06T11:41:00Z,2026-07-06,True,pharmaflow-main,SYNTHETIC_OPERATIONAL_RECORD
DISP-01288,RCPT-2026-11287,MED-0264,Vildagliptin + Metformin (Galvus Met) (Formula 264),BATCH-0304,AMO403,2027-05-08,CUST-0088,Deeps Sundaram,+91 9953154591,20,310.8,6216.0,PHARM-HIST-0012,Swati Deshmukh,2026-07-24T18:48:00Z,2026-07-24,True,pharmaflow-main,SYNTHETIC_OPERATIONAL_RECORD
DISP-01289,RCPT-2026-11288,MED-0265,Rabeprazole 20mg (Razo 20) (Formula 265),BATCH-0305,AMO404,2027-03-19,CUST-0089,Suresh Pillai,+91 9777719420,15,154.0,2310.0,PHARM-HIST-0013,Nikhil Bhat,2026-08-15T01:11:00Z,2026-08-15,True,pharmaflow-main,SYNTHETIC_OPERATIONAL_RECORD
DISP-01290,RCPT-2026-11289,MED-0266,Cough Syrup (Ascoril-D) (Formula 266),BATCH-0306,CET405,2027-10-03,CUST-0090,Lakshmi Bhat,+91 9458841557,10,129.2,1292.0,PHARM-HIST-0014,Shalini Verma,2026-06-27T14:01:00Z,2026-06-27,True,pharmaflow-main,SYNTHETIC_OPERATIONAL_RECORD
DISP-01291,RCPT-2026-11290,MED-0267,Oral Rehydration Salts (Electral ORS) (Formula 267),BATCH-0307,LEV406,2027-07-20,CUST-0091,Vignesh Murthy,+91 9018846539,30,22.5,675.0,PHARM-HIST-0015,Gautam Pillai,2026-08-02T14:22:00Z,2026-08-02,True,pharmaflow-main,SYNTHETIC_OPERATIONAL_RECORD
DISP-01292,RCPT-2026-11291,MED-0268,Multivitamin + Zinc (Becadexamin) (Formula 268),BATCH-0308,AZI407,2027-09-05,CUST-0092,Anitha Kumar,+91 9020939011,5,55.2,276.0,PHARM-KA-2022-7212,Deepak R,2026-09-10T08:35:00Z,2026-09-10,True,pharmaflow-main,SYNTHETIC_OPERATIONAL_RECORD
DISP-01293,RCPT-2026-11292,MED-0269,Thyroxine Sodium 50mcg (Thyronorm 50) (Formula 269),BATCH-0309,AZI408,2027-03-29,CUST-0093,Ramesh Iyer,+91 9751551377,10,161.4,1614.0,PHARM-HIST-0017,Varun Shenoy,2026-07-31T21:40:00Z,2026-07-31,True,pharmaflow-main,SYNTHETIC_OPERATIONAL_RECORD
DISP-01294,RCPT-2026-11293,MED-0270,Clopidogrel 75mg (Clopilet 75) (Formula 270),BATCH-0310,MET409,2027-09-10,CUST-0094,Sangeetha Reddy,+91 9012446861,10,171.6,1716.0,PHARM-HIST-0018,Geetha Radhakrishnan,2026-06-26T02:07:00Z,2026-06-26,True,pharmaflow-main,SYNTHETIC_OPERATIONAL_RECORD
DISP-01295,RCPT-2026-11294,MED-0271,Paracetamol 500mg (Formula 271),BATCH-0311,MET410,2028-05-27,CUST-0095,Vijay Gowda,+91 9928463709,10,42.8,428.0,PHARM-HIST-0019,Manoj Patil,2026-08-05T14:31:00Z,2026-08-05,True,pharmaflow-main,SYNTHETIC_OPERATIONAL_RECORD
DISP-01296,RCPT-2026-11295,MED-0272,Paracetamol 650mg (Dolo 650) (Formula 272),BATCH-0312,PAN411,2027-06-10,CUST-0096,Sandhya Desai,+91 9490161060,5,54.0,270.0,PHARM-HIST-0020,Harini Sundaram,2026-07-24T02:51:00Z,2026-07-24,True,pharmaflow-main,SYNTHETIC_OPERATIONAL_RECORD
DISP-01297,RCPT-2026-11296,MED-0273,Vitamin D3 60K (Calcirol) (Formula 273),BATCH-0313,PAN412,2027-10-27,CUST-0097,Prashanth Shenoy,+91 8058895439,30,99.2,2976.0,PHARM-HIST-0021,Suresh Prabhu,2026-07-24T01:41:00Z,2026-07-24,True,pharmaflow-main,SYNTHETIC_OPERATIONAL_RECORD
DISP-01298,RCPT-2026-11297,MED-0274,Amoxicillin 500mg (Novamox) (Formula 274),BATCH-0314,OME413,2028-04-06,CUST-0098,Swetha Krishnan,+91 9951536077,30,115.0,3450.0,PHARM-HIST-0022,Deepa Namboodiri,2026-07-12T08:43:00Z,2026-07-12,True,pharmaflow-main,SYNTHETIC_OPERATIONAL_RECORD
DISP-01299,RCPT-2026-11298,MED-0275,Amoxicillin + Clavulanic Acid 625mg (Augmentin) (Formula 275),BATCH-0315,TEL414,2027-10-04,CUST-0099,Rajesh Sharma,+91 8077498993,10,208.2,2082.0,PHARM-HIST-0023,Raghavendra Rao,2026-08-07T15:07:00Z,2026-08-07,True,pharmaflow-main,SYNTHETIC_OPERATIONAL_RECORD
DISP-01300,RCPT-2026-11299,MED-0276,Cetirizine 10mg (Cetzine) (Formula 276),BATCH-0316,TEL415,2028-03-13,CUST-0100,Nandini Rao,+91 7059823245,20,48.4,968.0,PHARM-HIST-0024,Kavita Acharya,2026-08-06T02:15:00Z,2026-08-06,True,pharmaflow-main,SYNTHETIC_OPERATIONAL_RECORD
DISP-01301,RCPT-2026-11300,MED-0277,Levocetirizine 5mg (Levocet) (Formula 277),BATCH-0317,ATO416,2028-05-07,CUST-0101,Rahul Menon,+91 7078901038,10,67.6,676.0,PHARM-KA-2022-7212,Deepak R,2026-10-01T01:51:00Z,2026-10-01,True,pharmaflow-main,SYNTHETIC_OPERATIONAL_RECORD
DISP-01302,RCPT-2026-11301,MED-0278,Azithromycin 250mg (Azee 250) (Formula 278),BATCH-0318,ROS417,2026-11-21,CUST-0102,Priya Verma,+91 8017148018,10,157.8,1578.0,PHARM-HIST-0001,Aravind Swaminathan,2026-06-21T12:01:00Z,2026-06-21,True,pharmaflow-main,SYNTHETIC_OPERATIONAL_RECORD
DISP-01303,RCPT-2026-11302,MED-0279,Azithromycin 500mg (Azithral 500) (Formula 279),BATCH-0319,CIP418,2027-12-03,CUST-0103,Arun Hegde,+91 9913783268,10,231.0,2310.0,PHARM-HIST-0002,Sneha Rao,2026-07-10T12:57:00Z,2026-07-10,True,pharmaflow-main,SYNTHETIC_OPERATIONAL_RECORD
DISP-01304,RCPT-2026-11303,MED-0280,Metformin 500mg (Glycomet 500) (Formula 280),BATCH-0320,OFL419,2027-05-31,CUST-0104,Kavya Gupta,+91 7028628439,20,74.2,1484.0,PHARM-HIST-0003,Karthik Subramanian,2026-06-20T20:14:00Z,2026-06-20,True,pharmaflow-main,SYNTHETIC_OPERATIONAL_RECORD
DISP-01305,RCPT-2026-11304,MED-0281,Metformin 1000mg SR (Glucophage) (Formula 281),BATCH-0321,MON420,2027-04-21,CUST-0105,Meena Joshi,+91 9638944689,10,82.0,820.0,PHARM-HIST-0004,Divya Menon,2026-08-30T14:02:00Z,2026-08-30,True,pharmaflow-main,SYNTHETIC_OPERATIONAL_RECORD
DISP-01306,RCPT-2026-11305,MED-0282,Pantoprazole 40mg (Pan 40) (Formula 282),BATCH-0322,IBU421,2027-04-06,CUST-0106,Deepak Nair,+91 9716408822,15,108.2,1623.0,PHARM-KA-2022-7212,Deepak R,2026-10-05T18:35:00Z,2026-10-05,True,pharmaflow-main,SYNTHETIC_OPERATIONAL_RECORD
DISP-01307,RCPT-2026-11306,MED-0283,Pantoprazole + Domperidone (Pan-D) (Formula 283),BATCH-0323,ACE422,2027-06-04,CUST-0107,Manish Patel,+91 9894819556,15,184.4,2766.0,PHARM-HIST-0006,Ananya Sharma,2026-08-14T14:30:00Z,2026-08-14,True,pharmaflow-main,SYNTHETIC_OPERATIONAL_RECORD
DISP-01308,RCPT-2026-11307,MED-0284,Omeprazole 20mg (Omez) (Formula 284),BATCH-0324,VIL423,2028-02-14,CUST-0108,Deeps Sundaram,+91 9042287985,5,84.6,423.0,PHARM-HIST-0007,Venkatesh Iyer,2026-07-03T23:35:00Z,2026-07-03,True,pharmaflow-main,SYNTHETIC_OPERATIONAL_RECORD
DISP-01309,RCPT-2026-11308,MED-0285,Telmisartan 40mg (Telma 40) (Formula 285),BATCH-0325,RAB424,2027-12-11,CUST-0109,Suresh Pillai,+91 9780606503,15,134.8,2022.0,PHARM-HIST-0008,Pooja Hegde,2026-08-01T12:42:00Z,2026-08-01,True,pharmaflow-main,SYNTHETIC_OPERATIONAL_RECORD
DISP-01310,RCPT-2026-11309,MED-0286,Telmisartan + Amlodipine (Telma-AM) (Formula 286),BATCH-0326,COU425,2026-12-26,CUST-0110,Lakshmi Bhat,+91 8060103798,30,188.0,5640.0,PHARM-HIST-0009,Sanjay Nambiar,2026-07-11T05:16:00Z,2026-07-11,True,pharmaflow-main,SYNTHETIC_OPERATIONAL_RECORD
DISP-01311,RCPT-2026-11310,MED-0287,Atorvastatin 10mg (Atorva 10) (Formula 287),BATCH-0327,ORA426,2027-09-24,CUST-0111,Vignesh Murthy,+91 9788101741,15,157.2,2358.0,PHARM-HIST-0010,Meera Krishnan,2026-08-19T08:52:00Z,2026-08-19,True,pharmaflow-main,SYNTHETIC_OPERATIONAL_RECORD
DISP-01312,RCPT-2026-11311,MED-0288,Rosuvastatin 10mg (Rosuvas 10) (Formula 288),BATCH-0328,MUL427,2027-07-23,CUST-0112,Anitha Kumar,+91 9096274567,5,168.0,840.0,PHARM-HIST-0011,Aditya Kulkarni,2026-07-03T17:05:00Z,2026-07-03,True,pharmaflow-main,SYNTHETIC_OPERATIONAL_RECORD
DISP-01313,RCPT-2026-11312,MED-0289,Ciprofloxacin 500mg (Ciplox 500) (Formula 289),BATCH-0001,PCT101,2027-11-30,CUST-0113,Ramesh Iyer,+91 9771428713,20,91.2,1824.0,PHARM-HIST-0012,Swati Deshmukh,2026-06-21T13:41:00Z,2026-06-21,True,pharmaflow-main,SYNTHETIC_OPERATIONAL_RECORD
DISP-01314,RCPT-2026-11313,MED-0290,Ofloxacin + Ornidazole (O2) (Formula 290),BATCH-0002,VD102,2026-09-25,CUST-0114,Sangeetha Reddy,+91 9679173614,10,148.4,1484.0,PHARM-HIST-0013,Nikhil Bhat,2026-07-17T06:24:00Z,2026-07-17,True,pharmaflow-main,SYNTHETIC_OPERATIONAL_RECORD
DISP-01315,RCPT-2026-11314,MED-0291,Montelukast + Levocetirizine (Montair-LC) (Formula 291),BATCH-0003,AMX204,2026-10-15,CUST-0115,Vijay Gowda,+91 9016416148,15,204.6,3069.0,PHARM-HIST-0014,Shalini Verma,2026-08-12T13:30:00Z,2026-08-12,True,pharmaflow-main,SYNTHETIC_OPERATIONAL_RECORD
DISP-01316,RCPT-2026-11315,MED-0292,Ibuprofen 400mg (Brufen 400) (Formula 292),BATCH-0004,CTZ302,2027-01-15,CUST-0116,Sandhya Desai,+91 8069020451,10,47.8,478.0,PHARM-HIST-0015,Gautam Pillai,2026-06-16T07:47:00Z,2026-06-16,True,pharmaflow-main,SYNTHETIC_OPERATIONAL_RECORD
DISP-01317,RCPT-2026-11316,MED-0293,Aceclofenac + Paracetamol (Zerodol-P) (Formula 293),BATCH-0005,DEMO-EXP-001,2026-10-23,CUST-0117,Prashanth Shenoy,+91 9621087928,5,108.0,540.0,PHARM-HIST-0016,Rashmi Nair,2026-06-27T12:48:00Z,2026-06-27,True,pharmaflow-main,SYNTHETIC_OPERATIONAL_RECORD
DISP-01318,RCPT-2026-11317,MED-0294,Vildagliptin + Metformin (Galvus Met) (Formula 294),BATCH-0006,DEMO-EXP-002,2026-10-08,CUST-0118,Swetha Krishnan,+91 9023770458,30,317.2,9516.0,PHARM-HIST-0017,Varun Shenoy,2026-08-22T12:06:00Z,2026-08-22,True,pharmaflow-main,SYNTHETIC_OPERATIONAL_RECORD
DISP-01319,RCPT-2026-11318,MED-0295,Rabeprazole 20mg (Razo 20) (Formula 295),BATCH-0007,LEV106,2026-09-13,CUST-0119,Rajesh Sharma,+91 8032366682,10,138.0,1380.0,PHARM-KA-2022-7212,Deepak R,2026-09-24T14:10:00Z,2026-09-24,True,pharmaflow-main,SYNTHETIC_OPERATIONAL_RECORD
DISP-01320,RCPT-2026-11319,MED-0296,Cough Syrup (Ascoril-D) (Formula 296),BATCH-0008,AZI107,2026-09-22,CUST-0120,Nandini Rao,+91 8046850196,10,113.2,1132.0,PHARM-HIST-0019,Manoj Patil,2026-08-20T22:17:00Z,2026-08-20,True,pharmaflow-main,SYNTHETIC_OPERATIONAL_RECORD
DISP-01321,RCPT-2026-11320,MED-0297,Oral Rehydration Salts (Electral ORS) (Formula 297),BATCH-0009,AZI108,2026-10-03,CUST-0121,Rahul Menon,+91 9414179623,15,28.9,433.5,PHARM-HIST-0020,Harini Sundaram,2026-06-12T10:54:00Z,2026-06-12,True,pharmaflow-main,SYNTHETIC_OPERATIONAL_RECORD
DISP-01322,RCPT-2026-11321,MED-0298,Multivitamin + Zinc (Becadexamin) (Formula 298),BATCH-0010,MET109,2026-09-24,CUST-0122,Priya Verma,+91 9058607028,5,61.6,308.0,PHARM-HIST-0021,Suresh Prabhu,2026-08-09T06:57:00Z,2026-08-09,True,pharmaflow-main,SYNTHETIC_OPERATIONAL_RECORD
DISP-01323,RCPT-2026-11322,MED-0299,Thyroxine Sodium 50mcg (Thyronorm 50) (Formula 299),BATCH-0011,MET110,2026-09-24,CUST-0123,Arun Hegde,+91 9069584522,30,167.8,5034.0,PHARM-HIST-0022,Deepa Namboodiri,2026-08-03T15:39:00Z,2026-08-03,True,pharmaflow-main,SYNTHETIC_OPERATIONAL_RECORD
DISP-01324,RCPT-2026-11323,MED-0300,Clopidogrel 75mg (Clopilet 75) (Formula 300),BATCH-0012,PAN111,2026-10-04,CUST-0124,Kavya Gupta,+91 9643502308,20,178.0,3560.0,PHARM-HIST-0023,Raghavendra Rao,2026-08-14T07:20:00Z,2026-08-14,True,pharmaflow-main,SYNTHETIC_OPERATIONAL_RECORD
DISP-01325,RCPT-2026-11324,MED-0301,Paracetamol 500mg (Formula 301),BATCH-0013,PAN112,2026-09-01,CUST-0125,Meena Joshi,+91 9644935501,10,49.2,492.0,PHARM-HIST-0024,Kavita Acharya,2026-09-07T10:53:00Z,2026-09-07,True,pharmaflow-main,SYNTHETIC_OPERATIONAL_RECORD
DISP-01326,RCPT-2026-11325,MED-0302,Paracetamol 650mg (Dolo 650) (Formula 302),BATCH-0014,OME113,2026-09-23,CUST-0126,Deepak Nair,+91 9728217159,30,38.0,1140.0,PHARM-KA-2022-7212,Deepak R,2026-08-18T20:41:00Z,2026-08-18,True,pharmaflow-main,SYNTHETIC_OPERATIONAL_RECORD
DISP-01327,RCPT-2026-11326,MED-0303,Vitamin D3 60K (Calcirol) (Formula 303),BATCH-0015,TEL114,2026-09-16,CUST-0127,Manish Patel,+91 9099635939,20,83.2,1664.0,PHARM-KA-2022-7212,Deepak R,2026-09-15T15:13:00Z,2026-09-15,True,pharmaflow-main,SYNTHETIC_OPERATIONAL_RECORD
DISP-01328,RCPT-2026-11327,MED-0304,Amoxicillin 500mg (Novamox) (Formula 304),BATCH-0016,TEL115,2026-10-03,CUST-0128,Deeps Sundaram,+91 9458518659,5,121.4,607.0,PHARM-HIST-0002,Sneha Rao,2026-06-30T13:10:00Z,2026-06-30,True,pharmaflow-main,SYNTHETIC_OPERATIONAL_RECORD
DISP-01329,RCPT-2026-11328,MED-0305,Amoxicillin + Clavulanic Acid 625mg (Augmentin) (Formula 305),BATCH-0017,ATO116,2026-09-10,CUST-0129,Suresh Pillai,+91 9858438711,20,214.6,4292.0,PHARM-HIST-0003,Karthik Subramanian,2026-06-30T21:05:00Z,2026-06-30,True,pharmaflow-main,SYNTHETIC_OPERATIONAL_RECORD
DISP-01330,RCPT-2026-11329,MED-0306,Cetirizine 10mg (Cetzine) (Formula 306),BATCH-0018,ROS117,2026-10-07,CUST-0130,Lakshmi Bhat,+91 9751512297,20,54.8,1096.0,PHARM-HIST-0004,Divya Menon,2026-09-02T15:19:00Z,2026-09-02,True,pharmaflow-main,SYNTHETIC_OPERATIONAL_RECORD
DISP-01331,RCPT-2026-11330,MED-0307,Levocetirizine 5mg (Levocet) (Formula 307),BATCH-0019,CIP118,2026-10-05,CUST-0131,Vignesh Murthy,+91 9726821075,5,74.0,370.0,PHARM-HIST-0005,Rohan Mehta,2026-08-22T11:53:00Z,2026-08-22,True,pharmaflow-main,SYNTHETIC_OPERATIONAL_RECORD
DISP-01332,RCPT-2026-11331,MED-0308,Azithromycin 250mg (Azee 250) (Formula 308),BATCH-0020,OFL119,2026-09-10,CUST-0132,Anitha Kumar,+91 9483994695,30,164.2,4926.0,PHARM-KA-2022-7212,Deepak R,2026-09-28T08:29:00Z,2026-09-28,True,pharmaflow-main,SYNTHETIC_OPERATIONAL_RECORD
DISP-01333,RCPT-2026-11332,MED-0309,Azithromycin 500mg (Azithral 500) (Formula 309),BATCH-0021,MON120,2026-09-13,CUST-0133,Ramesh Iyer,+91 9779538491,30,215.0,6450.0,PHARM-KA-2022-7212,Deepak R,2026-09-10T11:23:00Z,2026-09-10,True,pharmaflow-main,SYNTHETIC_OPERATIONAL_RECORD
DISP-01334,RCPT-2026-11333,MED-0310,Metformin 500mg (Glycomet 500) (Formula 310),BATCH-0022,IBU121,2026-08-30,CUST-0134,Sangeetha Reddy,+91 9620584397,5,58.2,291.0,PHARM-HIST-0008,Pooja Hegde,2026-07-26T20:43:00Z,2026-07-26,True,pharmaflow-main,SYNTHETIC_OPERATIONAL_RECORD
DISP-01335,RCPT-2026-11334,MED-0311,Metformin 1000mg SR (Glucophage) (Formula 311),BATCH-0023,ACE122,2026-08-29,CUST-0135,Vijay Gowda,+91 9777454225,20,88.4,1768.0,PHARM-HIST-0009,Sanjay Nambiar,2026-06-28T17:49:00Z,2026-06-28,True,pharmaflow-main,SYNTHETIC_OPERATIONAL_RECORD
DISP-01336,RCPT-2026-11335,MED-0312,Pantoprazole 40mg (Pan 40) (Formula 312),BATCH-0024,VIL123,2026-09-17,CUST-0136,Sandhya Desai,+91 9820901547,20,114.6,2292.0,PHARM-HIST-0010,Meera Krishnan,2026-08-07T15:16:00Z,2026-08-07,True,pharmaflow-main,SYNTHETIC_OPERATIONAL_RECORD
DISP-01337,RCPT-2026-11336,MED-0313,Pantoprazole + Domperidone (Pan-D) (Formula 313),BATCH-0025,RAB124,2026-09-24,CUST-0137,Prashanth Shenoy,+91 9876845536,5,190.8,954.0,PHARM-HIST-0011,Aditya Kulkarni,2026-08-30T17:52:00Z,2026-08-30,True,pharmaflow-main,SYNTHETIC_OPERATIONAL_RECORD
DISP-01338,RCPT-2026-11337,MED-0314,Omeprazole 20mg (Omez) (Formula 314),BATCH-0026,COU125,2026-09-15,CUST-0138,Swetha Krishnan,+91 8049920898,30,91.0,2730.0,PHARM-HIST-0012,Swati Deshmukh,2026-08-28T09:15:00Z,2026-08-28,True,pharmaflow-main,SYNTHETIC_OPERATIONAL_RECORD
DISP-01339,RCPT-2026-11338,MED-0315,Telmisartan 40mg (Telma 40) (Formula 315),BATCH-0027,ORA126,2026-10-01,CUST-0139,Rajesh Sharma,+91 7037383505,5,141.2,706.0,PHARM-KA-2022-7212,Deepak R,2026-09-14T23:08:00Z,2026-09-14,True,pharmaflow-main,SYNTHETIC_OPERATIONAL_RECORD
DISP-01340,RCPT-2026-11339,MED-0316,Telmisartan + Amlodipine (Telma-AM) (Formula 316),BATCH-0028,MUL127,2026-09-27,CUST-0140,Nandini Rao,+91 9459733063,30,172.0,5160.0,PHARM-HIST-0014,Shalini Verma,2026-08-18T18:08:00Z,2026-08-18,True,pharmaflow-main,SYNTHETIC_OPERATIONAL_RECORD
DISP-01341,RCPT-2026-11340,MED-0317,Atorvastatin 10mg (Atorva 10) (Formula 317),BATCH-0029,THY128,2026-09-30,CUST-0141,Rahul Menon,+91 9670343755,5,141.2,706.0,PHARM-HIST-0015,Gautam Pillai,2026-06-29T19:29:00Z,2026-06-29,True,pharmaflow-main,SYNTHETIC_OPERATIONAL_RECORD
DISP-01342,RCPT-2026-11341,MED-0318,Rosuvastatin 10mg (Rosuvas 10) (Formula 318),BATCH-0030,CLO129,2026-09-02,CUST-0142,Priya Verma,+91 8043322272,5,174.4,872.0,PHARM-HIST-0016,Rashmi Nair,2026-08-02T17:26:00Z,2026-08-02,True,pharmaflow-main,SYNTHETIC_OPERATIONAL_RECORD
DISP-01343,RCPT-2026-11342,MED-0319,Ciprofloxacin 500mg (Ciplox 500) (Formula 319),BATCH-0031,PAR130,2026-10-15,CUST-0143,Arun Hegde,+91 7079085198,5,97.6,488.0,PHARM-HIST-0017,Varun Shenoy,2026-07-04T05:18:00Z,2026-07-04,True,pharmaflow-main,SYNTHETIC_OPERATIONAL_RECORD
DISP-01344,RCPT-2026-11343,MED-0320,Ofloxacin + Ornidazole (O2) (Formula 320),BATCH-0032,PAR131,2026-10-13,CUST-0144,Kavya Gupta,+91 7042310051,10,154.8,1548.0,PHARM-KA-2022-7212,Deepak R,2026-09-14T16:16:00Z,2026-09-14,True,pharmaflow-main,SYNTHETIC_OPERATIONAL_RECORD
DISP-01345,RCPT-2026-11344,MED-0321,Montelukast + Levocetirizine (Montair-LC) (Formula 321),BATCH-0033,VIT132,2026-10-15,CUST-0145,Meena Joshi,+91 7048352498,15,211.0,3165.0,PHARM-KA-2022-7212,Deepak R,2026-10-07T18:32:00Z,2026-10-07,True,pharmaflow-main,SYNTHETIC_OPERATIONAL_RECORD
DISP-01346,RCPT-2026-11345,MED-0322,Ibuprofen 400mg (Brufen 400) (Formula 322),BATCH-0034,AMO133,2026-10-14,CUST-0146,Deepak Nair,+91 9064123845,30,54.2,1626.0,PHARM-KA-2022-7212,Deepak R,2026-09-23T10:52:00Z,2026-09-23,True,pharmaflow-main,SYNTHETIC_OPERATIONAL_RECORD
DISP-01347,RCPT-2026-11346,MED-0323,Aceclofenac + Paracetamol (Zerodol-P) (Formula 323),BATCH-0035,AMO134,2026-10-12,CUST-0147,Manish Patel,+91 9619869264,5,92.0,460.0,PHARM-KA-2022-7212,Deepak R,2026-09-11T15:50:00Z,2026-09-11,True,pharmaflow-main,SYNTHETIC_OPERATIONAL_RECORD
DISP-01348,RCPT-2026-11347,MED-0324,Vildagliptin + Metformin (Galvus Met) (Formula 324),BATCH-0036,CET135,2026-10-18,CUST-0148,Deeps Sundaram,+91 9727268907,5,301.2,1506.0,PHARM-HIST-0022,Deepa Namboodiri,2026-07-29T03:06:00Z,2026-07-29,True,pharmaflow-main,SYNTHETIC_OPERATIONAL_RECORD
DISP-01349,RCPT-2026-11348,MED-0325,Rabeprazole 20mg (Razo 20) (Formula 325),BATCH-0037,LEV136,2026-10-11,CUST-0149,Suresh Pillai,+91 8077119320,15,144.4,2166.0,PHARM-KA-2022-7212,Deepak R,2026-09-28T08:28:00Z,2026-09-28,True,pharmaflow-main,SYNTHETIC_OPERATIONAL_RECORD
DISP-01350,RCPT-2026-11349,MED-0326,Cough Syrup (Ascoril-D) (Formula 326),BATCH-0038,AZI137,2026-10-15,CUST-0150,Lakshmi Bhat,+91 7029990477,20,119.6,2392.0,PHARM-HIST-0024,Kavita Acharya,2026-08-22T18:50:00Z,2026-08-22,True,pharmaflow-main,SYNTHETIC_OPERATIONAL_RECORD
DISP-01351,RCPT-2026-11350,MED-0327,Oral Rehydration Salts (Electral ORS) (Formula 327),BATCH-0039,AZI138,2026-10-12,CUST-0001,Rahul Kumar,+91 98450 48123,10,35.3,353.0,PHARM-KA-2022-7212,Deepak R,2026-06-09T15:00:00Z,2026-06-09,True,pharmaflow-main,SYNTHETIC_OPERATIONAL_RECORD
DISP-01352,RCPT-2026-11351,MED-0328,Multivitamin + Zinc (Becadexamin) (Formula 328),BATCH-0040,MET139,2026-10-13,CUST-0002,Priya Sharma,+91 97312 90342,15,68.0,1020.0,PHARM-HIST-0001,Aravind Swaminathan,2026-08-31T10:27:00Z,2026-08-31,True,pharmaflow-main,SYNTHETIC_OPERATIONAL_RECORD
DISP-01353,RCPT-2026-11352,MED-0329,Thyroxine Sodium 50mcg (Thyronorm 50) (Formula 329),BATCH-0041,MET140,2026-10-13,CUST-0003,Arun Kumar,+91 94480 77109,10,174.2,1742.0,PHARM-HIST-0002,Sneha Rao,2026-07-15T18:32:00Z,2026-07-15,True,pharmaflow-main,SYNTHETIC_OPERATIONAL_RECORD
DISP-01354,RCPT-2026-11353,MED-0330,Clopidogrel 75mg (Clopilet 75) (Formula 330),BATCH-0042,PAN141,2026-10-09,CUST-0004,Kavya S,+91 99001 22584,15,162.0,2430.0,PHARM-HIST-0003,Karthik Subramanian,2026-07-26T20:16:00Z,2026-07-26,True,pharmaflow-main,SYNTHETIC_OPERATIONAL_RECORD
DISP-01355,RCPT-2026-11354,MED-0331,Paracetamol 500mg (Formula 331),BATCH-0043,PAN142,2026-10-14,CUST-0005,Meena Devi,+91 96114 64190,30,33.2,996.0,PHARM-HIST-0004,Divya Menon,2026-08-03T00:22:00Z,2026-08-03,True,pharmaflow-main,SYNTHETIC_OPERATIONAL_RECORD
DISP-01356,RCPT-2026-11355,MED-0332,Paracetamol 650mg (Dolo 650) (Formula 332),BATCH-0044,OME143,2026-10-14,CUST-0006,Deepak,+91 93845 99028,5,44.4,222.0,PHARM-HIST-0005,Rohan Mehta,2026-08-04T05:16:00Z,2026-08-04,True,pharmaflow-main,SYNTHETIC_OPERATIONAL_RECORD
DISP-01357,RCPT-2026-11356,MED-0333,Vitamin D3 60K (Calcirol) (Formula 333),BATCH-0045,TEL144,2026-10-13,CUST-0007,Manish,+91 90802 04902,5,89.6,448.0,PHARM-HIST-0006,Ananya Sharma,2026-07-16T10:45:00Z,2026-07-16,True,pharmaflow-main,SYNTHETIC_OPERATIONAL_RECORD
DISP-01358,RCPT-2026-11357,MED-0334,Amoxicillin 500mg (Novamox) (Formula 334),BATCH-0046,TEL145,2026-10-09,CUST-0008,Deeps,+91 80988 51999,10,127.8,1278.0,PHARM-KA-2022-7212,Deepak R,2026-09-14T07:41:00Z,2026-09-14,True,pharmaflow-main,SYNTHETIC_OPERATIONAL_RECORD
DISP-01359,RCPT-2026-11358,MED-0335,Amoxicillin + Clavulanic Acid 625mg (Augmentin) (Formula 335),BATCH-0047,ATO146,2026-10-17,CUST-0009,Suresh Pillai,+91 9445652586,10,221.0,2210.0,PHARM-KA-2022-7212,Deepak R,2026-09-20T16:25:00Z,2026-09-20,True,pharmaflow-main,SYNTHETIC_OPERATIONAL_RECORD
DISP-01360,RCPT-2026-11359,MED-0336,Cetirizine 10mg (Cetzine) (Formula 336),BATCH-0048,ROS147,2026-10-16,CUST-0010,Lakshmi Bhat,+91 9668942178,10,61.2,612.0,PHARM-HIST-0009,Sanjay Nambiar,2026-07-25T00:43:00Z,2026-07-25,True,pharmaflow-main,SYNTHETIC_OPERATIONAL_RECORD
DISP-01361,RCPT-2026-11360,MED-0337,Levocetirizine 5mg (Levocet) (Formula 337),BATCH-0049,CIP148,2026-10-11,CUST-0011,Vignesh Murthy,+91 7068755000,5,58.0,290.0,PHARM-HIST-0010,Meera Krishnan,2026-07-06T16:33:00Z,2026-07-06,True,pharmaflow-main,SYNTHETIC_OPERATIONAL_RECORD
DISP-01362,RCPT-2026-11361,MED-0338,Azithromycin 250mg (Azee 250) (Formula 338),BATCH-0050,OFL149,2026-10-12,CUST-0012,Anitha Kumar,+91 9822257687,20,148.2,2964.0,PHARM-HIST-0011,Aditya Kulkarni,2026-07-30T03:44:00Z,2026-07-30,True,pharmaflow-main,SYNTHETIC_OPERATIONAL_RECORD
DISP-01363,RCPT-2026-11362,MED-0339,Azithromycin 500mg (Azithral 500) (Formula 339),BATCH-0051,MON150,2026-10-14,CUST-0013,Ramesh Iyer,+91 9473149551,20,221.4,4428.0,PHARM-HIST-0012,Swati Deshmukh,2026-07-17T06:35:00Z,2026-07-17,True,pharmaflow-main,SYNTHETIC_OPERATIONAL_RECORD
DISP-01364,RCPT-2026-11363,MED-0340,Metformin 500mg (Glycomet 500) (Formula 340),BATCH-0052,IBU151,2026-10-10,CUST-0014,Sangeetha Reddy,+91 7022246348,20,64.6,1292.0,PHARM-KA-2022-7212,Deepak R,2026-09-28T03:17:00Z,2026-09-28,True,pharmaflow-main,SYNTHETIC_OPERATIONAL_RECORD
DISP-01365,RCPT-2026-11364,MED-0341,Metformin 1000mg SR (Glucophage) (Formula 341),BATCH-0053,ACE152,2026-10-10,CUST-0015,Vijay Gowda,+91 9065250068,30,94.8,2844.0,PHARM-HIST-0014,Shalini Verma,2026-06-09T13:51:00Z,2026-06-09,True,pharmaflow-main,SYNTHETIC_OPERATIONAL_RECORD
DISP-01366,RCPT-2026-11365,MED-0342,Pantoprazole 40mg (Pan 40) (Formula 342),BATCH-0054,VIL153,2026-10-16,CUST-0016,Sandhya Desai,+91 7021819185,15,121.0,1815.0,PHARM-KA-2022-7212,Deepak R,2026-09-12T09:20:00Z,2026-09-12,True,pharmaflow-main,SYNTHETIC_OPERATIONAL_RECORD
DISP-01367,RCPT-2026-11366,MED-0343,Pantoprazole + Domperidone (Pan-D) (Formula 343),BATCH-0055,RAB154,2026-10-10,CUST-0017,Prashanth Shenoy,+91 7065465150,10,197.2,1972.0,PHARM-HIST-0016,Rashmi Nair,2026-07-18T13:19:00Z,2026-07-18,True,pharmaflow-main,SYNTHETIC_OPERATIONAL_RECORD
DISP-01368,RCPT-2026-11367,MED-0344,Omeprazole 20mg (Omez) (Formula 344),BATCH-0056,COU155,2026-10-11,CUST-0018,Swetha Krishnan,+91 9945843681,30,75.0,2250.0,PHARM-HIST-0017,Varun Shenoy,2026-07-09T00:24:00Z,2026-07-09,True,pharmaflow-main,SYNTHETIC_OPERATIONAL_RECORD
DISP-01369,RCPT-2026-11368,MED-0345,Telmisartan 40mg (Telma 40) (Formula 345),BATCH-0057,ORA156,2026-10-15,CUST-0019,Rajesh Sharma,+91 9931257157,10,125.2,1252.0,PHARM-HIST-0018,Geetha Radhakrishnan,2026-07-23T06:34:00Z,2026-07-23,True,pharmaflow-main,SYNTHETIC_OPERATIONAL_RECORD
DISP-01370,RCPT-2026-11369,MED-0346,Telmisartan + Amlodipine (Telma-AM) (Formula 346),BATCH-0058,MUL157,2026-10-15,CUST-0020,Nandini Rao,+91 9771934487,5,178.4,892.0,PHARM-HIST-0019,Manoj Patil,2026-08-28T22:36:00Z,2026-08-28,True,pharmaflow-main,SYNTHETIC_OPERATIONAL_RECORD
DISP-01371,RCPT-2026-11370,MED-0347,Atorvastatin 10mg (Atorva 10) (Formula 347),BATCH-0059,THY158,2026-10-11,CUST-0021,Rahul Menon,+91 9665766169,15,147.6,2214.0,PHARM-HIST-0020,Harini Sundaram,2026-07-23T04:56:00Z,2026-07-23,True,pharmaflow-main,SYNTHETIC_OPERATIONAL_RECORD
DISP-01372,RCPT-2026-11371,MED-0348,Rosuvastatin 10mg (Rosuvas 10) (Formula 348),BATCH-0060,CLO159,2026-10-11,CUST-0022,Priya Verma,+91 8035583290,30,180.8,5424.0,PHARM-KA-2022-7212,Deepak R,2026-09-22T18:53:00Z,2026-09-22,True,pharmaflow-main,SYNTHETIC_OPERATIONAL_RECORD
DISP-01373,RCPT-2026-11372,MED-0349,Ciprofloxacin 500mg (Ciplox 500) (Formula 349),BATCH-0061,PAR160,2026-10-13,CUST-0023,Arun Hegde,+91 9610344303,5,104.0,520.0,PHARM-HIST-0022,Deepa Namboodiri,2026-08-17T09:39:00Z,2026-08-17,True,pharmaflow-main,SYNTHETIC_OPERATIONAL_RECORD
DISP-01374,RCPT-2026-11373,MED-0350,Ofloxacin + Ornidazole (O2) (Formula 350),BATCH-0062,PAR161,2026-10-17,CUST-0024,Kavya Gupta,+91 7056321751,15,161.2,2418.0,PHARM-HIST-0023,Raghavendra Rao,2026-08-23T01:11:00Z,2026-08-23,True,pharmaflow-main,SYNTHETIC_OPERATIONAL_RECORD
DISP-01375,RCPT-2026-11374,MED-0351,Montelukast + Levocetirizine (Montair-LC) (Formula 351),BATCH-0063,VIT162,2026-10-13,CUST-0025,Meena Joshi,+91 9986745380,5,195.0,975.0,PHARM-KA-2022-7212,Deepak R,2026-09-20T04:43:00Z,2026-09-20,True,pharmaflow-main,SYNTHETIC_OPERATIONAL_RECORD
DISP-01376,RCPT-2026-11375,MED-0352,Ibuprofen 400mg (Brufen 400) (Formula 352),BATCH-0064,AMO163,2026-10-12,CUST-0026,Deepak Nair,+91 8061818612,20,38.2,764.0,PHARM-KA-2022-7212,Deepak R,2026-09-25T23:46:00Z,2026-09-25,True,pharmaflow-main,SYNTHETIC_OPERATIONAL_RECORD
DISP-01377,RCPT-2026-11376,MED-0353,Aceclofenac + Paracetamol (Zerodol-P) (Formula 353),BATCH-0065,AMO164,2026-10-12,CUST-0027,Manish Patel,+91 9023470708,30,98.4,2952.0,PHARM-KA-2022-7212,Deepak R,2026-09-25T08:49:00Z,2026-09-25,True,pharmaflow-main,SYNTHETIC_OPERATIONAL_RECORD
DISP-01378,RCPT-2026-11377,MED-0354,Vildagliptin + Metformin (Galvus Met) (Formula 354),BATCH-0066,CET165,2026-10-19,CUST-0028,Deeps Sundaram,+91 9465026398,20,307.6,6152.0,PHARM-HIST-0002,Sneha Rao,2026-07-07T02:23:00Z,2026-07-07,True,pharmaflow-main,SYNTHETIC_OPERATIONAL_RECORD
DISP-01379,RCPT-2026-11378,MED-0355,Rabeprazole 20mg (Razo 20) (Formula 355),BATCH-0067,LEV166,2026-10-30,CUST-0029,Suresh Pillai,+91 8097219599,30,150.8,4524.0,PHARM-KA-2022-7212,Deepak R,2026-09-25T19:38:00Z,2026-09-25,True,pharmaflow-main,SYNTHETIC_OPERATIONAL_RECORD
DISP-01380,RCPT-2026-11379,MED-0356,Cough Syrup (Ascoril-D) (Formula 356),BATCH-0068,AZI167,2026-10-30,CUST-0030,Lakshmi Bhat,+91 9741510328,15,126.0,1890.0,PHARM-HIST-0004,Divya Menon,2026-06-20T02:25:00Z,2026-06-20,True,pharmaflow-main,SYNTHETIC_OPERATIONAL_RECORD
DISP-01381,RCPT-2026-11380,MED-0357,Oral Rehydration Salts (Electral ORS) (Formula 357),BATCH-0069,AZI168,2026-10-31,CUST-0031,Vignesh Murthy,+91 9769549527,5,41.7,208.5,PHARM-HIST-0005,Rohan Mehta,2026-07-23T08:03:00Z,2026-07-23,True,pharmaflow-main,SYNTHETIC_OPERATIONAL_RECORD
DISP-01382,RCPT-2026-11381,MED-0358,Multivitamin + Zinc (Becadexamin) (Formula 358),BATCH-0070,MET169,2026-10-29,CUST-0032,Anitha Kumar,+91 9658112135,20,52.0,1040.0,PHARM-KA-2022-7212,Deepak R,2026-09-17T01:12:00Z,2026-09-17,True,pharmaflow-main,SYNTHETIC_OPERATIONAL_RECORD
DISP-01383,RCPT-2026-11382,MED-0359,Thyroxine Sodium 50mcg (Thyronorm 50) (Formula 359),BATCH-0071,MET170,2026-10-27,CUST-0033,Ramesh Iyer,+91 9432814819,30,158.2,4746.0,PHARM-KA-2022-7212,Deepak R,2026-09-15T00:09:00Z,2026-09-15,True,pharmaflow-main,SYNTHETIC_OPERATIONAL_RECORD
DISP-01384,RCPT-2026-11383,MED-0360,Clopidogrel 75mg (Clopilet 75) (Formula 360),BATCH-0072,PAN171,2026-11-04,CUST-0034,Sangeetha Reddy,+91 9441163805,20,168.4,3368.0,PHARM-HIST-0008,Pooja Hegde,2026-07-29T16:04:00Z,2026-07-29,True,pharmaflow-main,SYNTHETIC_OPERATIONAL_RECORD
DISP-01385,RCPT-2026-11384,MED-0361,Paracetamol 500mg (Formula 361),BATCH-0073,PAN172,2026-10-26,CUST-0035,Vijay Gowda,+91 9683363160,15,39.6,594.0,PHARM-HIST-0009,Sanjay Nambiar,2026-08-07T17:52:00Z,2026-08-07,True,pharmaflow-main,SYNTHETIC_OPERATIONAL_RECORD
DISP-01386,RCPT-2026-11385,MED-0362,Paracetamol 650mg (Dolo 650) (Formula 362),BATCH-0074,OME173,2026-10-26,CUST-0036,Sandhya Desai,+91 9671315464,10,50.8,508.0,PHARM-KA-2022-7212,Deepak R,2026-10-06T14:28:00Z,2026-10-06,True,pharmaflow-main,SYNTHETIC_OPERATIONAL_RECORD
DISP-01387,RCPT-2026-11386,MED-0363,Vitamin D3 60K (Calcirol) (Formula 363),BATCH-0075,TEL174,2026-10-26,CUST-0037,Prashanth Shenoy,+91 8086762164,20,96.0,1920.0,PHARM-HIST-0011,Aditya Kulkarni,2026-07-16T07:51:00Z,2026-07-16,True,pharmaflow-main,SYNTHETIC_OPERATIONAL_RECORD
DISP-01388,RCPT-2026-11387,MED-0364,Amoxicillin 500mg (Novamox) (Formula 364),BATCH-0076,TEL175,2026-10-31,CUST-0038,Swetha Krishnan,+91 8046840133,5,134.2,671.0,PHARM-HIST-0012,Swati Deshmukh,2026-07-27T12:43:00Z,2026-07-27,True,pharmaflow-main,SYNTHETIC_OPERATIONAL_RECORD
DISP-01389,RCPT-2026-11388,MED-0365,Amoxicillin + Clavulanic Acid 625mg (Augmentin) (Formula 365),BATCH-0077,ATO176,2026-10-24,CUST-0039,Rajesh Sharma,+91 9039394291,15,205.0,3075.0,PHARM-HIST-0013,Nikhil Bhat,2026-06-12T12:20:00Z,2026-06-12,True,pharmaflow-main,SYNTHETIC_OPERATIONAL_RECORD
DISP-01390,RCPT-2026-11389,MED-0366,Cetirizine 10mg (Cetzine) (Formula 366),BATCH-0078,ROS177,2026-10-30,CUST-0040,Nandini Rao,+91 9851464269,30,45.2,1356.0,PHARM-HIST-0014,Shalini Verma,2026-07-10T04:17:00Z,2026-07-10,True,pharmaflow-main,SYNTHETIC_OPERATIONAL_RECORD
DISP-01391,RCPT-2026-11390,MED-0367,Levocetirizine 5mg (Levocet) (Formula 367),BATCH-0079,CIP178,2026-11-06,CUST-0041,Rahul Menon,+91 9653851498,10,64.4,644.0,PHARM-HIST-0015,Gautam Pillai,2026-08-15T13:31:00Z,2026-08-15,True,pharmaflow-main,SYNTHETIC_OPERATIONAL_RECORD
DISP-01392,RCPT-2026-11391,MED-0368,Azithromycin 250mg (Azee 250) (Formula 368),BATCH-0080,OFL179,2026-11-03,CUST-0042,Priya Verma,+91 9632084778,20,154.6,3092.0,PHARM-HIST-0016,Rashmi Nair,2026-08-13T00:09:00Z,2026-08-13,True,pharmaflow-main,SYNTHETIC_OPERATIONAL_RECORD
DISP-01393,RCPT-2026-11392,MED-0369,Azithromycin 500mg (Azithral 500) (Formula 369),BATCH-0081,MON180,2026-11-03,CUST-0043,Arun Hegde,+91 9440281491,20,227.8,4556.0,PHARM-HIST-0017,Varun Shenoy,2026-08-05T02:43:00Z,2026-08-05,True,pharmaflow-main,SYNTHETIC_OPERATIONAL_RECORD
DISP-01394,RCPT-2026-11393,MED-0370,Metformin 500mg (Glycomet 500) (Formula 370),BATCH-0082,IBU181,2026-10-26,CUST-0044,Kavya Gupta,+91 9845495029,10,71.0,710.0,PHARM-HIST-0018,Geetha Radhakrishnan,2026-08-02T13:04:00Z,2026-08-02,True,pharmaflow-main,SYNTHETIC_OPERATIONAL_RECORD
DISP-01395,RCPT-2026-11394,MED-0371,Metformin 1000mg SR (Glucophage) (Formula 371),BATCH-0083,ACE182,2026-11-04,CUST-0045,Meena Joshi,+91 9024541967,5,101.2,506.0,PHARM-HIST-0019,Manoj Patil,2026-08-29T15:06:00Z,2026-08-29,True,pharmaflow-main,SYNTHETIC_OPERATIONAL_RECORD
DISP-01396,RCPT-2026-11395,MED-0372,Pantoprazole 40mg (Pan 40) (Formula 372),BATCH-0084,VIL183,2026-11-07,CUST-0046,Deepak Nair,+91 9795282470,15,105.0,1575.0,PHARM-HIST-0020,Harini Sundaram,2026-08-29T22:11:00Z,2026-08-29,True,pharmaflow-main,SYNTHETIC_OPERATIONAL_RECORD
DISP-01397,RCPT-2026-11396,MED-0373,Pantoprazole + Domperidone (Pan-D) (Formula 373),BATCH-0085,RAB184,2026-10-29,CUST-0047,Manish Patel,+91 9814994527,5,181.2,906.0,PHARM-HIST-0021,Suresh Prabhu,2026-06-22T09:20:00Z,2026-06-22,True,pharmaflow-main,SYNTHETIC_OPERATIONAL_RECORD
DISP-01398,RCPT-2026-11397,MED-0374,Omeprazole 20mg (Omez) (Formula 374),BATCH-0086,COU185,2026-10-29,CUST-0048,Deeps Sundaram,+91 8070887034,5,81.4,407.0,PHARM-KA-2022-7212,Deepak R,2026-09-28T12:45:00Z,2026-09-28,True,pharmaflow-main,SYNTHETIC_OPERATIONAL_RECORD
DISP-01399,RCPT-2026-11398,MED-0375,Telmisartan 40mg (Telma 40) (Formula 375),BATCH-0087,ORA186,2026-11-06,CUST-0049,Suresh Pillai,+91 9775679047,5,131.6,658.0,PHARM-KA-2022-7212,Deepak R,2026-09-16T17:57:00Z,2026-09-16,True,pharmaflow-main,SYNTHETIC_OPERATIONAL_RECORD
DISP-01400,RCPT-2026-11399,MED-0376,Telmisartan + Amlodipine (Telma-AM) (Formula 376),BATCH-0088,MUL187,2026-11-04,CUST-0050,Lakshmi Bhat,+91 7041690501,20,184.8,3696.0,PHARM-HIST-0024,Kavita Acharya,2026-07-05T02:25:00Z,2026-07-05,True,pharmaflow-main,SYNTHETIC_OPERATIONAL_RECORD
DISP-01401,RCPT-2026-11400,MED-0377,Atorvastatin 10mg (Atorva 10) (Formula 377),BATCH-0089,THY188,2026-10-31,CUST-0051,Vignesh Murthy,+91 9018126895,30,154.0,4620.0,PHARM-KA-2022-7212,Deepak R,2026-06-27T11:33:00Z,2026-06-27,True,pharmaflow-main,SYNTHETIC_OPERATIONAL_RECORD
DISP-01402,RCPT-2026-11401,MED-0378,Rosuvastatin 10mg (Rosuvas 10) (Formula 378),BATCH-0090,CLO189,2026-10-28,CUST-0052,Anitha Kumar,+91 9996128115,20,187.2,3744.0,PHARM-HIST-0001,Aravind Swaminathan,2026-06-10T12:52:00Z,2026-06-10,True,pharmaflow-main,SYNTHETIC_OPERATIONAL_RECORD
DISP-01403,RCPT-2026-11402,MED-0379,Ciprofloxacin 500mg (Ciplox 500) (Formula 379),BATCH-0091,PAR190,2026-11-01,CUST-0053,Ramesh Iyer,+91 9919208698,30,88.0,2640.0,PHARM-HIST-0002,Sneha Rao,2026-08-05T19:17:00Z,2026-08-05,True,pharmaflow-main,SYNTHETIC_OPERATIONAL_RECORD
DISP-01404,RCPT-2026-11403,MED-0380,Ofloxacin + Ornidazole (O2) (Formula 380),BATCH-0092,PAR191,2026-10-29,CUST-0054,Sangeetha Reddy,+91 9489991301,5,145.2,726.0,PHARM-HIST-0003,Karthik Subramanian,2026-07-11T08:35:00Z,2026-07-11,True,pharmaflow-main,SYNTHETIC_OPERATIONAL_RECORD
DISP-01405,RCPT-2026-11404,MED-0381,Montelukast + Levocetirizine (Montair-LC) (Formula 381),BATCH-0093,VIT192,2026-11-07,CUST-0055,Vijay Gowda,+91 9827690330,5,201.4,1007.0,PHARM-HIST-0004,Divya Menon,2026-07-22T05:02:00Z,2026-07-22,True,pharmaflow-main,SYNTHETIC_OPERATIONAL_RECORD
DISP-01406,RCPT-2026-11405,MED-0382,Ibuprofen 400mg (Brufen 400) (Formula 382),BATCH-0094,AMO193,2026-10-31,CUST-0056,Sandhya Desai,+91 9617032877,30,44.6,1338.0,PHARM-HIST-0005,Rohan Mehta,2026-07-08T22:16:00Z,2026-07-08,True,pharmaflow-main,SYNTHETIC_OPERATIONAL_RECORD
DISP-01407,RCPT-2026-11406,MED-0383,Aceclofenac + Paracetamol (Zerodol-P) (Formula 383),BATCH-0095,AMO194,2026-10-28,CUST-0057,Prashanth Shenoy,+91 7058592048,30,104.8,3144.0,PHARM-HIST-0006,Ananya Sharma,2026-07-05T00:45:00Z,2026-07-05,True,pharmaflow-main,SYNTHETIC_OPERATIONAL_RECORD
DISP-01408,RCPT-2026-11407,MED-0384,Vildagliptin + Metformin (Galvus Met) (Formula 384),BATCH-0096,CET195,2026-11-06,CUST-0058,Swetha Krishnan,+91 9671477426,30,314.0,9420.0,PHARM-HIST-0007,Venkatesh Iyer,2026-07-12T16:58:00Z,2026-07-12,True,pharmaflow-main,SYNTHETIC_OPERATIONAL_RECORD
DISP-01409,RCPT-2026-11408,MED-0385,Rabeprazole 20mg (Razo 20) (Formula 385),BATCH-0097,LEV196,2026-11-06,CUST-0059,Rajesh Sharma,+91 9775802771,30,157.2,4716.0,PHARM-HIST-0008,Pooja Hegde,2026-08-12T06:17:00Z,2026-08-12,True,pharmaflow-main,SYNTHETIC_OPERATIONAL_RECORD
DISP-01410,RCPT-2026-11409,MED-0386,Cough Syrup (Ascoril-D) (Formula 386),BATCH-0098,AZI197,2026-11-07,CUST-0060,Nandini Rao,+91 9726937148,5,110.0,550.0,PHARM-HIST-0009,Sanjay Nambiar,2026-06-15T04:49:00Z,2026-06-15,True,pharmaflow-main,SYNTHETIC_OPERATIONAL_RECORD
DISP-01411,RCPT-2026-11410,MED-0387,Oral Rehydration Salts (Electral ORS) (Formula 387),BATCH-0099,AZI198,2026-10-22,CUST-0061,Rahul Menon,+91 8023311507,15,25.7,385.5,PHARM-HIST-0010,Meera Krishnan,2026-08-23T07:28:00Z,2026-08-23,True,pharmaflow-main,SYNTHETIC_OPERATIONAL_RECORD
DISP-01412,RCPT-2026-11411,MED-0388,Multivitamin + Zinc (Becadexamin) (Formula 388),BATCH-0100,MET199,2026-10-21,CUST-0062,Priya Verma,+91 9965541117,20,58.4,1168.0,PHARM-KA-2022-7212,Deepak R,2026-10-01T22:29:00Z,2026-10-01,True,pharmaflow-main,SYNTHETIC_OPERATIONAL_RECORD
DISP-01413,RCPT-2026-11412,MED-0389,Thyroxine Sodium 50mcg (Thyronorm 50) (Formula 389),BATCH-0101,MET200,2026-10-24,CUST-0063,Arun Hegde,+91 9099269266,15,164.6,2469.0,PHARM-KA-2022-7212,Deepak R,2026-09-17T00:53:00Z,2026-09-17,True,pharmaflow-main,SYNTHETIC_OPERATIONAL_RECORD
DISP-01414,RCPT-2026-11413,MED-0390,Clopidogrel 75mg (Clopilet 75) (Formula 390),BATCH-0102,PAN201,2026-11-02,CUST-0064,Kavya Gupta,+91 9722513132,30,174.8,5244.0,PHARM-HIST-0013,Nikhil Bhat,2026-06-13T14:45:00Z,2026-06-13,True,pharmaflow-main,SYNTHETIC_OPERATIONAL_RECORD
DISP-01415,RCPT-2026-11414,MED-0391,Paracetamol 500mg (Formula 391),BATCH-0103,PAN202,2026-10-26,CUST-0065,Meena Joshi,+91 9099927658,15,46.0,690.0,PHARM-HIST-0014,Shalini Verma,2026-06-22T08:42:00Z,2026-06-22,True,pharmaflow-main,SYNTHETIC_OPERATIONAL_RECORD
DISP-01416,RCPT-2026-11415,MED-0392,Paracetamol 650mg (Dolo 650) (Formula 392),BATCH-0104,OME203,2026-10-27,CUST-0066,Deepak Nair,+91 9657197152,10,57.2,572.0,PHARM-HIST-0015,Gautam Pillai,2026-08-08T02:44:00Z,2026-08-08,True,pharmaflow-main,SYNTHETIC_OPERATIONAL_RECORD
DISP-01417,RCPT-2026-11416,MED-0393,Vitamin D3 60K (Calcirol) (Formula 393),BATCH-0105,TEL204,2026-10-20,CUST-0067,Manish Patel,+91 9084660688,30,80.0,2400.0,PHARM-KA-2022-7212,Deepak R,2026-10-07T12:20:00Z,2026-10-07,True,pharmaflow-main,SYNTHETIC_OPERATIONAL_RECORD
DISP-01418,RCPT-2026-11417,MED-0394,Amoxicillin 500mg (Novamox) (Formula 394),BATCH-0106,TEL205,2026-11-01,CUST-0068,Deeps Sundaram,+91 9891737913,15,118.2,1773.0,PHARM-HIST-0017,Varun Shenoy,2026-08-19T05:01:00Z,2026-08-19,True,pharmaflow-main,SYNTHETIC_OPERATIONAL_RECORD
DISP-01419,RCPT-2026-11418,MED-0395,Amoxicillin + Clavulanic Acid 625mg (Augmentin) (Formula 395),BATCH-0107,ATO206,2026-10-31,CUST-0069,Suresh Pillai,+91 9655610493,5,211.4,1057.0,PHARM-HIST-0018,Geetha Radhakrishnan,2026-06-11T15:28:00Z,2026-06-11,True,pharmaflow-main,SYNTHETIC_OPERATIONAL_RECORD
DISP-01420,RCPT-2026-11419,MED-0396,Cetirizine 10mg (Cetzine) (Formula 396),BATCH-0108,ROS207,2026-10-22,CUST-0070,Lakshmi Bhat,+91 9822315507,30,51.6,1548.0,PHARM-HIST-0019,Manoj Patil,2026-06-10T21:03:00Z,2026-06-10,True,pharmaflow-main,SYNTHETIC_OPERATIONAL_RECORD
DISP-01421,RCPT-2026-11420,MED-0397,Levocetirizine 5mg (Levocet) (Formula 397),BATCH-0109,CIP208,2026-11-06,CUST-0071,Vignesh Murthy,+91 9459667685,15,70.8,1062.0,PHARM-HIST-0020,Harini Sundaram,2026-06-21T20:57:00Z,2026-06-21,True,pharmaflow-main,SYNTHETIC_OPERATIONAL_RECORD
DISP-01422,RCPT-2026-11421,MED-0398,Azithromycin 250mg (Azee 250) (Formula 398),BATCH-0110,OFL209,2026-10-26,CUST-0072,Anitha Kumar,+91 9492924837,15,161.0,2415.0,PHARM-KA-2022-7212,Deepak R,2026-10-07T16:31:00Z,2026-10-07,True,pharmaflow-main,SYNTHETIC_OPERATIONAL_RECORD
DISP-01423,RCPT-2026-11422,MED-0399,Azithromycin 500mg (Azithral 500) (Formula 399),BATCH-0111,MON210,2026-10-20,CUST-0073,Ramesh Iyer,+91 7065590800,5,234.2,1171.0,PHARM-HIST-0022,Deepa Namboodiri,2026-08-31T00:54:00Z,2026-08-31,True,pharmaflow-main,SYNTHETIC_OPERATIONAL_RECORD
DISP-01424,RCPT-2026-11423,MED-0400,Metformin 500mg (Glycomet 500) (Formula 400),BATCH-0112,IBU211,2026-10-27,CUST-0074,Sangeetha Reddy,+91 7080723898,20,55.0,1100.0,PHARM-HIST-0023,Raghavendra Rao,2026-08-24T12:49:00Z,2026-08-24,True,pharmaflow-main,SYNTHETIC_OPERATIONAL_RECORD
DISP-01425,RCPT-2026-11424,MED-0401,Metformin 1000mg SR (Glucophage) (Formula 401),BATCH-0113,ACE212,2026-10-24,CUST-0075,Vijay Gowda,+91 9837437207,20,85.2,1704.0,PHARM-HIST-0024,Kavita Acharya,2026-08-24T11:54:00Z,2026-08-24,True,pharmaflow-main,SYNTHETIC_OPERATIONAL_RECORD
DISP-01426,RCPT-2026-11425,MED-0402,Pantoprazole 40mg (Pan 40) (Formula 402),BATCH-0114,VIL213,2026-11-05,CUST-0076,Sandhya Desai,+91 9876757928,30,111.4,3342.0,PHARM-KA-2022-7212,Deepak R,2026-08-07T05:55:00Z,2026-08-07,True,pharmaflow-main,SYNTHETIC_OPERATIONAL_RECORD
DISP-01427,RCPT-2026-11426,MED-0403,Pantoprazole + Domperidone (Pan-D) (Formula 403),BATCH-0115,RAB214,2026-11-07,CUST-0077,Prashanth Shenoy,+91 9977144075,5,187.6,938.0,PHARM-HIST-0001,Aravind Swaminathan,2026-08-04T07:34:00Z,2026-08-04,True,pharmaflow-main,SYNTHETIC_OPERATIONAL_RECORD
DISP-01428,RCPT-2026-11427,MED-0404,Omeprazole 20mg (Omez) (Formula 404),BATCH-0116,COU215,2026-11-01,CUST-0078,Swetha Krishnan,+91 9871707170,10,87.8,878.0,PHARM-HIST-0002,Sneha Rao,2026-06-13T21:00:00Z,2026-06-13,True,pharmaflow-main,SYNTHETIC_OPERATIONAL_RECORD
DISP-01429,RCPT-2026-11428,MED-0405,Telmisartan 40mg (Telma 40) (Formula 405),BATCH-0117,ORA216,2026-10-24,CUST-0079,Rajesh Sharma,+91 8048858073,10,138.0,1380.0,PHARM-HIST-0003,Karthik Subramanian,2026-07-01T14:44:00Z,2026-07-01,True,pharmaflow-main,SYNTHETIC_OPERATIONAL_RECORD
DISP-01430,RCPT-2026-11429,MED-0406,Telmisartan + Amlodipine (Telma-AM) (Formula 406),BATCH-0118,MUL217,2026-10-25,CUST-0080,Nandini Rao,+91 9021828592,15,191.2,2868.0,PHARM-HIST-0004,Divya Menon,2026-08-08T23:37:00Z,2026-08-08,True,pharmaflow-main,SYNTHETIC_OPERATIONAL_RECORD
DISP-01431,RCPT-2026-11430,MED-0407,Atorvastatin 10mg (Atorva 10) (Formula 407),BATCH-0119,THY218,2026-11-05,CUST-0081,Rahul Menon,+91 8051644346,10,138.0,1380.0,PHARM-HIST-0005,Rohan Mehta,2026-08-22T22:03:00Z,2026-08-22,True,pharmaflow-main,SYNTHETIC_OPERATIONAL_RECORD
DISP-01432,RCPT-2026-11431,MED-0408,Rosuvastatin 10mg (Rosuvas 10) (Formula 408),BATCH-0120,CLO219,2026-10-28,CUST-0082,Priya Verma,+91 9781216573,20,171.2,3424.0,PHARM-HIST-0006,Ananya Sharma,2026-08-01T03:54:00Z,2026-08-01,True,pharmaflow-main,SYNTHETIC_OPERATIONAL_RECORD
DISP-01433,RCPT-2026-11432,MED-0409,Ciprofloxacin 500mg (Ciplox 500) (Formula 409),BATCH-0121,PAR220,2026-12-28,CUST-0083,Arun Hegde,+91 9444355473,10,94.4,944.0,PHARM-HIST-0007,Venkatesh Iyer,2026-07-15T21:50:00Z,2026-07-15,True,pharmaflow-main,SYNTHETIC_OPERATIONAL_RECORD
DISP-01434,RCPT-2026-11433,MED-0410,Ofloxacin + Ornidazole (O2) (Formula 410),BATCH-0122,PAR221,2027-04-14,CUST-0084,Kavya Gupta,+91 7072270726,5,151.6,758.0,PHARM-HIST-0008,Pooja Hegde,2026-08-23T12:33:00Z,2026-08-23,True,pharmaflow-main,SYNTHETIC_OPERATIONAL_RECORD
DISP-01435,RCPT-2026-11434,MED-0411,Montelukast + Levocetirizine (Montair-LC) (Formula 411),BATCH-0123,VIT222,2028-01-19,CUST-0085,Meena Joshi,+91 7019165226,5,207.8,1039.0,PHARM-HIST-0009,Sanjay Nambiar,2026-08-23T13:48:00Z,2026-08-23,True,pharmaflow-main,SYNTHETIC_OPERATIONAL_RECORD
DISP-01436,RCPT-2026-11435,MED-0412,Ibuprofen 400mg (Brufen 400) (Formula 412),BATCH-0124,AMO223,2028-03-13,CUST-0086,Deepak Nair,+91 9751662236,10,51.0,510.0,PHARM-KA-2022-7212,Deepak R,2026-09-14T02:58:00Z,2026-09-14,True,pharmaflow-main,SYNTHETIC_OPERATIONAL_RECORD
DISP-01437,RCPT-2026-11436,MED-0413,Aceclofenac + Paracetamol (Zerodol-P) (Formula 413),BATCH-0125,AMO224,2027-06-07,CUST-0087,Manish Patel,+91 9792545028,15,111.2,1668.0,PHARM-HIST-0011,Aditya Kulkarni,2026-08-18T22:13:00Z,2026-08-18,True,pharmaflow-main,SYNTHETIC_OPERATIONAL_RECORD
DISP-01438,RCPT-2026-11437,MED-0414,Vildagliptin + Metformin (Galvus Met) (Formula 414),BATCH-0126,CET225,2027-01-30,CUST-0088,Deeps Sundaram,+91 9953154591,10,298.0,2980.0,PHARM-HIST-0012,Swati Deshmukh,2026-06-15T10:50:00Z,2026-06-15,True,pharmaflow-main,SYNTHETIC_OPERATIONAL_RECORD
DISP-01439,RCPT-2026-11438,MED-0415,Rabeprazole 20mg (Razo 20) (Formula 415),BATCH-0127,LEV226,2027-09-19,CUST-0089,Suresh Pillai,+91 9777719420,5,141.2,706.0,PHARM-HIST-0013,Nikhil Bhat,2026-08-07T14:43:00Z,2026-08-07,True,pharmaflow-main,SYNTHETIC_OPERATIONAL_RECORD
DISP-01440,RCPT-2026-11439,MED-0416,Cough Syrup (Ascoril-D) (Formula 416),BATCH-0128,AZI227,2027-08-06,CUST-0090,Lakshmi Bhat,+91 9458841557,20,116.4,2328.0,PHARM-HIST-0014,Shalini Verma,2026-08-15T20:25:00Z,2026-08-15,True,pharmaflow-main,SYNTHETIC_OPERATIONAL_RECORD
DISP-01441,RCPT-2026-11440,MED-0417,Oral Rehydration Salts (Electral ORS) (Formula 417),BATCH-0129,AZI228,2027-12-09,CUST-0091,Vignesh Murthy,+91 9018846539,10,32.1,321.0,PHARM-HIST-0015,Gautam Pillai,2026-06-27T14:15:00Z,2026-06-27,True,pharmaflow-main,SYNTHETIC_OPERATIONAL_RECORD
DISP-01442,RCPT-2026-11441,MED-0418,Multivitamin + Zinc (Becadexamin) (Formula 418),BATCH-0130,MET229,2027-11-21,CUST-0092,Anitha Kumar,+91 9020939011,20,64.8,1296.0,PHARM-HIST-0016,Rashmi Nair,2026-08-27T23:28:00Z,2026-08-27,True,pharmaflow-main,SYNTHETIC_OPERATIONAL_RECORD
DISP-01443,RCPT-2026-11442,MED-0419,Thyroxine Sodium 50mcg (Thyronorm 50) (Formula 419),BATCH-0131,MET230,2027-08-04,CUST-0093,Ramesh Iyer,+91 9751551377,5,171.0,855.0,PHARM-KA-2022-7212,Deepak R,2026-09-22T08:54:00Z,2026-09-22,True,pharmaflow-main,SYNTHETIC_OPERATIONAL_RECORD
DISP-01444,RCPT-2026-11443,MED-0420,Clopidogrel 75mg (Clopilet 75) (Formula 420),BATCH-0132,PAN231,2027-06-27,CUST-0094,Sangeetha Reddy,+91 9012446861,30,181.2,5436.0,PHARM-KA-2022-7212,Deepak R,2026-09-22T07:38:00Z,2026-09-22,True,pharmaflow-main,SYNTHETIC_OPERATIONAL_RECORD
DISP-01445,RCPT-2026-11444,MED-0421,Paracetamol 500mg (Formula 421),BATCH-0133,PAN232,2027-04-11,CUST-0095,Vijay Gowda,+91 9928463709,5,30.0,150.0,PHARM-KA-2022-7212,Deepak R,2026-10-06T14:45:00Z,2026-10-06,True,pharmaflow-main,SYNTHETIC_OPERATIONAL_RECORD
DISP-01446,RCPT-2026-11445,MED-0422,Paracetamol 650mg (Dolo 650) (Formula 422),BATCH-0134,OME233,2027-02-03,CUST-0096,Sandhya Desai,+91 9490161060,30,41.2,1236.0,PHARM-HIST-0020,Harini Sundaram,2026-07-14T01:33:00Z,2026-07-14,True,pharmaflow-main,SYNTHETIC_OPERATIONAL_RECORD
DISP-01447,RCPT-2026-11446,MED-0423,Vitamin D3 60K (Calcirol) (Formula 423),BATCH-0135,TEL234,2028-01-05,CUST-0097,Prashanth Shenoy,+91 8058895439,20,86.4,1728.0,PHARM-HIST-0021,Suresh Prabhu,2026-07-06T11:33:00Z,2026-07-06,True,pharmaflow-main,SYNTHETIC_OPERATIONAL_RECORD
DISP-01448,RCPT-2026-11447,MED-0424,Amoxicillin 500mg (Novamox) (Formula 424),BATCH-0136,TEL235,2027-12-09,CUST-0098,Swetha Krishnan,+91 9951536077,5,124.6,623.0,PHARM-HIST-0022,Deepa Namboodiri,2026-09-01T02:29:00Z,2026-09-01,True,pharmaflow-main,SYNTHETIC_OPERATIONAL_RECORD
DISP-01449,RCPT-2026-11448,MED-0425,Amoxicillin + Clavulanic Acid 625mg (Augmentin) (Formula 425),BATCH-0137,ATO236,2028-03-08,CUST-0099,Rajesh Sharma,+91 8077498993,30,217.8,6534.0,PHARM-HIST-0023,Raghavendra Rao,2026-07-02T22:45:00Z,2026-07-02,True,pharmaflow-main,SYNTHETIC_OPERATIONAL_RECORD
DISP-01450,RCPT-2026-11449,MED-0426,Cetirizine 10mg (Cetzine) (Formula 426),BATCH-0138,ROS237,2027-09-10,CUST-0100,Nandini Rao,+91 7059823245,10,58.0,580.0,PHARM-KA-2022-7212,Deepak R,2026-09-18T12:28:00Z,2026-09-18,True,pharmaflow-main,SYNTHETIC_OPERATIONAL_RECORD
DISP-01451,RCPT-2026-11450,MED-0427,Levocetirizine 5mg (Levocet) (Formula 427),BATCH-0139,CIP238,2026-12-13,CUST-0101,Rahul Menon,+91 7078901038,5,77.2,386.0,PHARM-KA-2022-7212,Deepak R,2026-09-07T03:11:00Z,2026-09-07,True,pharmaflow-main,SYNTHETIC_OPERATIONAL_RECORD
DISP-01452,RCPT-2026-11451,MED-0428,Azithromycin 250mg (Azee 250) (Formula 428),BATCH-0140,OFL239,2027-04-07,CUST-0102,Priya Verma,+91 8017148018,10,145.0,1450.0,PHARM-HIST-0001,Aravind Swaminathan,2026-06-20T03:16:00Z,2026-06-20,True,pharmaflow-main,SYNTHETIC_OPERATIONAL_RECORD
DISP-01453,RCPT-2026-11452,MED-0429,Azithromycin 500mg (Azithral 500) (Formula 429),BATCH-0141,MON240,2027-05-04,CUST-0103,Arun Hegde,+91 9913783268,20,218.2,4364.0,PHARM-HIST-0002,Sneha Rao,2026-07-14T22:48:00Z,2026-07-14,True,pharmaflow-main,SYNTHETIC_OPERATIONAL_RECORD
DISP-01454,RCPT-2026-11453,MED-0430,Metformin 500mg (Glycomet 500) (Formula 430),BATCH-0142,IBU241,2027-03-17,CUST-0104,Kavya Gupta,+91 7028628439,30,61.4,1842.0,PHARM-HIST-0003,Karthik Subramanian,2026-07-10T08:16:00Z,2026-07-10,True,pharmaflow-main,SYNTHETIC_OPERATIONAL_RECORD
DISP-01455,RCPT-2026-11454,MED-0431,Metformin 1000mg SR (Glucophage) (Formula 431),BATCH-0143,ACE242,2028-01-27,CUST-0105,Meena Joshi,+91 9638944689,30,91.6,2748.0,PHARM-HIST-0004,Divya Menon,2026-07-22T06:48:00Z,2026-07-22,True,pharmaflow-main,SYNTHETIC_OPERATIONAL_RECORD
DISP-01456,RCPT-2026-11455,MED-0432,Pantoprazole 40mg (Pan 40) (Formula 432),BATCH-0144,VIL243,2027-04-08,CUST-0106,Deepak Nair,+91 9716408822,10,117.8,1178.0,PHARM-HIST-0005,Rohan Mehta,2026-07-19T15:51:00Z,2026-07-19,True,pharmaflow-main,SYNTHETIC_OPERATIONAL_RECORD
DISP-01457,RCPT-2026-11456,MED-0433,Pantoprazole + Domperidone (Pan-D) (Formula 433),BATCH-0145,RAB244,2027-01-15,CUST-0107,Manish Patel,+91 9894819556,5,194.0,970.0,PHARM-KA-2022-7212,Deepak R,2026-09-23T07:35:00Z,2026-09-23,True,pharmaflow-main,SYNTHETIC_OPERATIONAL_RECORD
DISP-01458,RCPT-2026-11457,MED-0434,Omeprazole 20mg (Omez) (Formula 434),BATCH-0146,COU245,2027-12-19,CUST-0108,Deeps Sundaram,+91 9042287985,10,94.2,942.0,PHARM-HIST-0007,Venkatesh Iyer,2026-09-03T05:01:00Z,2026-09-03,True,pharmaflow-main,SYNTHETIC_OPERATIONAL_RECORD
DISP-01459,RCPT-2026-11458,MED-0435,Telmisartan 40mg (Telma 40) (Formula 435),BATCH-0147,ORA246,2028-04-23,CUST-0109,Suresh Pillai,+91 9780606503,10,122.0,1220.0,PHARM-HIST-0008,Pooja Hegde,2026-08-15T11:21:00Z,2026-08-15,True,pharmaflow-main,SYNTHETIC_OPERATIONAL_RECORD
DISP-01460,RCPT-2026-11459,MED-0436,Telmisartan + Amlodipine (Telma-AM) (Formula 436),BATCH-0148,MUL247,2028-04-26,CUST-0110,Lakshmi Bhat,+91 8060103798,20,175.2,3504.0,PHARM-KA-2022-7212,Deepak R,2026-09-27T10:36:00Z,2026-09-27,True,pharmaflow-main,SYNTHETIC_OPERATIONAL_RECORD
DISP-01461,RCPT-2026-11460,MED-0437,Atorvastatin 10mg (Atorva 10) (Formula 437),BATCH-0149,THY248,2027-04-10,CUST-0111,Vignesh Murthy,+91 9788101741,10,144.4,1444.0,PHARM-HIST-0010,Meera Krishnan,2026-08-02T02:16:00Z,2026-08-02,True,pharmaflow-main,SYNTHETIC_OPERATIONAL_RECORD
DISP-01462,RCPT-2026-11461,MED-0438,Rosuvastatin 10mg (Rosuvas 10) (Formula 438),BATCH-0150,CLO249,2027-02-24,CUST-0112,Anitha Kumar,+91 9096274567,20,177.6,3552.0,PHARM-KA-2022-7212,Deepak R,2026-09-10T01:33:00Z,2026-09-10,True,pharmaflow-main,SYNTHETIC_OPERATIONAL_RECORD
DISP-01463,RCPT-2026-11462,MED-0439,Ciprofloxacin 500mg (Ciplox 500) (Formula 439),BATCH-0151,PAR250,2027-08-27,CUST-0113,Ramesh Iyer,+91 9771428713,5,100.8,504.0,PHARM-KA-2022-7212,Deepak R,2026-09-30T19:33:00Z,2026-09-30,True,pharmaflow-main,SYNTHETIC_OPERATIONAL_RECORD
DISP-01464,RCPT-2026-11463,MED-0440,Ofloxacin + Ornidazole (O2) (Formula 440),BATCH-0152,PAR251,2027-08-05,CUST-0114,Sangeetha Reddy,+91 9679173614,15,158.0,2370.0,PHARM-HIST-0013,Nikhil Bhat,2026-08-31T08:43:00Z,2026-08-31,True,pharmaflow-main,SYNTHETIC_OPERATIONAL_RECORD
DISP-01465,RCPT-2026-11464,MED-0441,Montelukast + Levocetirizine (Montair-LC) (Formula 441),BATCH-0153,VIT252,2028-03-06,CUST-0115,Vijay Gowda,+91 9016416148,20,214.2,4284.0,PHARM-HIST-0014,Shalini Verma,2026-09-03T00:15:00Z,2026-09-03,True,pharmaflow-main,SYNTHETIC_OPERATIONAL_RECORD
DISP-01466,RCPT-2026-11465,MED-0442,Ibuprofen 400mg (Brufen 400) (Formula 442),BATCH-0154,AMO253,2027-12-25,CUST-0116,Sandhya Desai,+91 8069020451,5,35.0,175.0,PHARM-HIST-0015,Gautam Pillai,2026-09-07T01:03:00Z,2026-09-07,True,pharmaflow-main,SYNTHETIC_OPERATIONAL_RECORD
DISP-01467,RCPT-2026-11466,MED-0443,Aceclofenac + Paracetamol (Zerodol-P) (Formula 443),BATCH-0155,AMO254,2026-12-17,CUST-0117,Prashanth Shenoy,+91 9621087928,5,95.2,476.0,PHARM-KA-2022-7212,Deepak R,2026-09-15T11:00:00Z,2026-09-15,True,pharmaflow-main,SYNTHETIC_OPERATIONAL_RECORD
DISP-01468,RCPT-2026-11467,MED-0444,Vildagliptin + Metformin (Galvus Met) (Formula 444),BATCH-0156,CET255,2027-07-09,CUST-0118,Swetha Krishnan,+91 9023770458,10,304.4,3044.0,PHARM-HIST-0017,Varun Shenoy,2026-07-15T12:40:00Z,2026-07-15,True,pharmaflow-main,SYNTHETIC_OPERATIONAL_RECORD
DISP-01469,RCPT-2026-11468,MED-0445,Rabeprazole 20mg (Razo 20) (Formula 445),BATCH-0157,LEV256,2027-08-10,CUST-0119,Rajesh Sharma,+91 8032366682,30,147.6,4428.0,PHARM-HIST-0018,Geetha Radhakrishnan,2026-09-01T20:43:00Z,2026-09-01,True,pharmaflow-main,SYNTHETIC_OPERATIONAL_RECORD
DISP-01470,RCPT-2026-11469,MED-0446,Cough Syrup (Ascoril-D) (Formula 446),BATCH-0158,AZI257,2027-09-14,CUST-0120,Nandini Rao,+91 8046850196,15,122.8,1842.0,PHARM-KA-2022-7212,Deepak R,2026-09-25T22:49:00Z,2026-09-25,True,pharmaflow-main,SYNTHETIC_OPERATIONAL_RECORD
DISP-01471,RCPT-2026-11470,MED-0447,Oral Rehydration Salts (Electral ORS) (Formula 447),BATCH-0159,AZI258,2027-02-16,CUST-0121,Rahul Menon,+91 9414179623,15,38.5,577.5,PHARM-HIST-0020,Harini Sundaram,2026-08-07T00:39:00Z,2026-08-07,True,pharmaflow-main,SYNTHETIC_OPERATIONAL_RECORD
DISP-01472,RCPT-2026-11471,MED-0448,Multivitamin + Zinc (Becadexamin) (Formula 448),BATCH-0160,MET259,2028-02-04,CUST-0122,Priya Verma,+91 9058607028,5,71.2,356.0,PHARM-KA-2022-7212,Deepak R,2026-09-24T08:18:00Z,2026-09-24,True,pharmaflow-main,SYNTHETIC_OPERATIONAL_RECORD
DISP-01473,RCPT-2026-11472,MED-0449,Thyroxine Sodium 50mcg (Thyronorm 50) (Formula 449),BATCH-0161,MET260,2027-02-07,CUST-0123,Arun Hegde,+91 9069584522,10,155.0,1550.0,PHARM-HIST-0022,Deepa Namboodiri,2026-07-12T18:11:00Z,2026-07-12,True,pharmaflow-main,SYNTHETIC_OPERATIONAL_RECORD
DISP-01474,RCPT-2026-11473,MED-0450,Clopidogrel 75mg (Clopilet 75) (Formula 450),BATCH-0162,PAN261,2027-12-29,CUST-0124,Kavya Gupta,+91 9643502308,15,165.2,2478.0,PHARM-HIST-0023,Raghavendra Rao,2026-08-27T00:13:00Z,2026-08-27,True,pharmaflow-main,SYNTHETIC_OPERATIONAL_RECORD
DISP-01475,RCPT-2026-11474,MED-0451,Paracetamol 500mg (Formula 451),BATCH-0163,PAN262,2027-11-25,CUST-0125,Meena Joshi,+91 9644935501,30,36.4,1092.0,PHARM-HIST-0024,Kavita Acharya,2026-07-04T17:27:00Z,2026-07-04,True,pharmaflow-main,SYNTHETIC_OPERATIONAL_RECORD
DISP-01476,RCPT-2026-11475,MED-0452,Paracetamol 650mg (Dolo 650) (Formula 452),BATCH-0164,OME263,2027-01-14,CUST-0126,Deepak Nair,+91 9728217159,15,47.6,714.0,PHARM-KA-2022-7212,Deepak R,2026-08-22T04:19:00Z,2026-08-22,True,pharmaflow-main,SYNTHETIC_OPERATIONAL_RECORD
DISP-01477,RCPT-2026-11476,MED-0453,Vitamin D3 60K (Calcirol) (Formula 453),BATCH-0165,TEL264,2027-12-26,CUST-0127,Manish Patel,+91 9099635939,5,92.8,464.0,PHARM-KA-2022-7212,Deepak R,2026-09-11T17:36:00Z,2026-09-11,True,pharmaflow-main,SYNTHETIC_OPERATIONAL_RECORD
DISP-01478,RCPT-2026-11477,MED-0454,Amoxicillin 500mg (Novamox) (Formula 454),BATCH-0166,TEL265,2028-04-27,CUST-0128,Deeps Sundaram,+91 9458518659,30,131.0,3930.0,PHARM-HIST-0002,Sneha Rao,2026-06-17T08:52:00Z,2026-06-17,True,pharmaflow-main,SYNTHETIC_OPERATIONAL_RECORD
DISP-01479,RCPT-2026-11478,MED-0455,Amoxicillin + Clavulanic Acid 625mg (Augmentin) (Formula 455),BATCH-0167,ATO266,2027-05-24,CUST-0129,Suresh Pillai,+91 9858438711,10,224.2,2242.0,PHARM-KA-2022-7212,Deepak R,2026-09-23T10:23:00Z,2026-09-23,True,pharmaflow-main,SYNTHETIC_OPERATIONAL_RECORD
DISP-01480,RCPT-2026-11479,MED-0456,Cetirizine 10mg (Cetzine) (Formula 456),BATCH-0168,ROS267,2027-07-21,CUST-0130,Lakshmi Bhat,+91 9751512297,5,42.0,210.0,PHARM-KA-2022-7212,Deepak R,2026-09-13T13:32:00Z,2026-09-13,True,pharmaflow-main,SYNTHETIC_OPERATIONAL_RECORD
DISP-01481,RCPT-2026-11480,MED-0457,Levocetirizine 5mg (Levocet) (Formula 457),BATCH-0169,CIP268,2027-11-12,CUST-0131,Vignesh Murthy,+91 9726821075,15,61.2,918.0,PHARM-KA-2022-7212,Deepak R,2026-09-28T18:21:00Z,2026-09-28,True,pharmaflow-main,SYNTHETIC_OPERATIONAL_RECORD
DISP-01482,RCPT-2026-11481,MED-0458,Azithromycin 250mg (Azee 250) (Formula 458),BATCH-0170,OFL269,2027-11-20,CUST-0132,Anitha Kumar,+91 9483994695,10,151.4,1514.0,PHARM-HIST-0006,Ananya Sharma,2026-08-30T12:30:00Z,2026-08-30,True,pharmaflow-main,SYNTHETIC_OPERATIONAL_RECORD
DISP-01483,RCPT-2026-11482,MED-0459,Azithromycin 500mg (Azithral 500) (Formula 459),BATCH-0171,MON270,2027-03-14,CUST-0133,Ramesh Iyer,+91 9779538491,5,224.6,1123.0,PHARM-HIST-0007,Venkatesh Iyer,2026-07-31T12:51:00Z,2026-07-31,True,pharmaflow-main,SYNTHETIC_OPERATIONAL_RECORD
DISP-01484,RCPT-2026-11483,MED-0460,Metformin 500mg (Glycomet 500) (Formula 460),BATCH-0172,IBU271,2027-11-24,CUST-0134,Sangeetha Reddy,+91 9620584397,30,67.8,2034.0,PHARM-KA-2022-7212,Deepak R,2026-09-22T05:34:00Z,2026-09-22,True,pharmaflow-main,SYNTHETIC_OPERATIONAL_RECORD
DISP-01485,RCPT-2026-11484,MED-0461,Metformin 1000mg SR (Glucophage) (Formula 461),BATCH-0173,ACE272,2027-05-08,CUST-0135,Vijay Gowda,+91 9777454225,30,98.0,2940.0,PHARM-HIST-0009,Sanjay Nambiar,2026-07-09T03:03:00Z,2026-07-09,True,pharmaflow-main,SYNTHETIC_OPERATIONAL_RECORD
DISP-01486,RCPT-2026-11485,MED-0462,Pantoprazole 40mg (Pan 40) (Formula 462),BATCH-0174,VIL273,2027-10-26,CUST-0136,Sandhya Desai,+91 9820901547,5,124.2,621.0,PHARM-HIST-0010,Meera Krishnan,2026-08-25T00:32:00Z,2026-08-25,True,pharmaflow-main,SYNTHETIC_OPERATIONAL_RECORD
DISP-01487,RCPT-2026-11486,MED-0463,Pantoprazole + Domperidone (Pan-D) (Formula 463),BATCH-0175,RAB274,2027-07-30,CUST-0137,Prashanth Shenoy,+91 9876845536,20,178.0,3560.0,PHARM-HIST-0011,Aditya Kulkarni,2026-06-13T22:56:00Z,2026-06-13,True,pharmaflow-main,SYNTHETIC_OPERATIONAL_RECORD
DISP-01488,RCPT-2026-11487,MED-0464,Omeprazole 20mg (Omez) (Formula 464),BATCH-0176,COU275,2026-12-06,CUST-0138,Swetha Krishnan,+91 8049920898,30,78.2,2346.0,PHARM-HIST-0012,Swati Deshmukh,2026-08-15T19:01:00Z,2026-08-15,True,pharmaflow-main,SYNTHETIC_OPERATIONAL_RECORD
DISP-01489,RCPT-2026-11488,MED-0465,Telmisartan 40mg (Telma 40) (Formula 465),BATCH-0177,ORA276,2027-06-15,CUST-0139,Rajesh Sharma,+91 7037383505,30,128.4,3852.0,PHARM-HIST-0013,Nikhil Bhat,2026-06-29T11:50:00Z,2026-06-29,True,pharmaflow-main,SYNTHETIC_OPERATIONAL_RECORD
DISP-01490,RCPT-2026-11489,MED-0466,Telmisartan + Amlodipine (Telma-AM) (Formula 466),BATCH-0178,MUL277,2027-06-07,CUST-0140,Nandini Rao,+91 9459733063,15,181.6,2724.0,PHARM-HIST-0014,Shalini Verma,2026-09-02T13:52:00Z,2026-09-02,True,pharmaflow-main,SYNTHETIC_OPERATIONAL_RECORD
DISP-01491,RCPT-2026-11490,MED-0467,Atorvastatin 10mg (Atorva 10) (Formula 467),BATCH-0179,THY278,2028-04-16,CUST-0141,Rahul Menon,+91 9670343755,10,150.8,1508.0,PHARM-KA-2022-7212,Deepak R,2026-10-02T17:57:00Z,2026-10-02,True,pharmaflow-main,SYNTHETIC_OPERATIONAL_RECORD
DISP-01492,RCPT-2026-11491,MED-0468,Rosuvastatin 10mg (Rosuvas 10) (Formula 468),BATCH-0180,CLO279,2026-11-17,CUST-0142,Priya Verma,+91 8043322272,30,184.0,5520.0,PHARM-HIST-0016,Rashmi Nair,2026-07-05T23:29:00Z,2026-07-05,True,pharmaflow-main,SYNTHETIC_OPERATIONAL_RECORD
DISP-01493,RCPT-2026-11492,MED-0469,Ciprofloxacin 500mg (Ciplox 500) (Formula 469),BATCH-0181,PAR280,2026-11-16,CUST-0143,Arun Hegde,+91 7079085198,10,107.2,1072.0,PHARM-HIST-0017,Varun Shenoy,2026-06-18T19:56:00Z,2026-06-18,True,pharmaflow-main,SYNTHETIC_OPERATIONAL_RECORD
DISP-01494,RCPT-2026-11493,MED-0470,Ofloxacin + Ornidazole (O2) (Formula 470),BATCH-0182,PAR281,2027-09-16,CUST-0144,Kavya Gupta,+91 7042310051,30,142.0,4260.0,PHARM-HIST-0018,Geetha Radhakrishnan,2026-08-12T19:36:00Z,2026-08-12,True,pharmaflow-main,SYNTHETIC_OPERATIONAL_RECORD
DISP-01495,RCPT-2026-11494,MED-0471,Montelukast + Levocetirizine (Montair-LC) (Formula 471),BATCH-0183,VIT282,2027-08-16,CUST-0145,Meena Joshi,+91 7048352498,30,198.2,5946.0,PHARM-HIST-0019,Manoj Patil,2026-06-30T23:35:00Z,2026-06-30,True,pharmaflow-main,SYNTHETIC_OPERATIONAL_RECORD
DISP-01496,RCPT-2026-11495,MED-0472,Ibuprofen 400mg (Brufen 400) (Formula 472),BATCH-0184,AMO283,2027-10-31,CUST-0146,Deepak Nair,+91 9064123845,5,41.4,207.0,PHARM-HIST-0020,Harini Sundaram,2026-09-04T05:49:00Z,2026-09-04,True,pharmaflow-main,SYNTHETIC_OPERATIONAL_RECORD
DISP-01497,RCPT-2026-11496,MED-0473,Aceclofenac + Paracetamol (Zerodol-P) (Formula 473),BATCH-0185,AMO284,2028-02-28,CUST-0147,Manish Patel,+91 9619869264,30,101.6,3048.0,PHARM-KA-2022-7212,Deepak R,2026-09-17T17:47:00Z,2026-09-17,True,pharmaflow-main,SYNTHETIC_OPERATIONAL_RECORD
DISP-01498,RCPT-2026-11497,MED-0474,Vildagliptin + Metformin (Galvus Met) (Formula 474),BATCH-0186,CET285,2027-12-19,CUST-0148,Deeps Sundaram,+91 9727268907,30,310.8,9324.0,PHARM-HIST-0022,Deepa Namboodiri,2026-07-11T11:04:00Z,2026-07-11,True,pharmaflow-main,SYNTHETIC_OPERATIONAL_RECORD
DISP-01499,RCPT-2026-11498,MED-0475,Rabeprazole 20mg (Razo 20) (Formula 475),BATCH-0187,LEV286,2028-04-14,CUST-0149,Suresh Pillai,+91 8077119320,30,154.0,4620.0,PHARM-HIST-0023,Raghavendra Rao,2026-08-10T19:15:00Z,2026-08-10,True,pharmaflow-main,SYNTHETIC_OPERATIONAL_RECORD
DISP-01500,RCPT-2026-11499,MED-0476,Cough Syrup (Ascoril-D) (Formula 476),BATCH-0188,AZI287,2027-11-26,CUST-0150,Lakshmi Bhat,+91 7029990477,10,129.2,1292.0,PHARM-HIST-0024,Kavita Acharya,2026-09-05T02:06:00Z,2026-09-05,True,pharmaflow-main,SYNTHETIC_OPERATIONAL_RECORD
DISP-01501,RCPT-2026-11500,MED-0477,Oral Rehydration Salts (Electral ORS) (Formula 477),BATCH-0189,AZI288,2027-08-24,CUST-0001,Rahul Kumar,+91 98450 48123,30,22.5,675.0,PHARM-KA-2022-7212,Deepak R,2026-08-31T13:43:00Z,2026-08-31,True,pharmaflow-main,SYNTHETIC_OPERATIONAL_RECORD
DISP-01502,RCPT-2026-11501,MED-0478,Multivitamin + Zinc (Becadexamin) (Formula 478),BATCH-0190,MET289,2028-03-15,CUST-0002,Priya Sharma,+91 97312 90342,5,55.2,276.0,PHARM-KA-2022-7212,Deepak R,2026-09-23T06:46:00Z,2026-09-23,True,pharmaflow-main,SYNTHETIC_OPERATIONAL_RECORD
DISP-01503,RCPT-2026-11502,MED-0479,Thyroxine Sodium 50mcg (Thyronorm 50) (Formula 479),BATCH-0191,MET290,2027-10-06,CUST-0003,Arun Kumar,+91 94480 77109,5,161.4,807.0,PHARM-HIST-0002,Sneha Rao,2026-08-01T04:42:00Z,2026-08-01,True,pharmaflow-main,SYNTHETIC_OPERATIONAL_RECORD
DISP-01504,RCPT-2026-11503,MED-0480,Clopidogrel 75mg (Clopilet 75) (Formula 480),BATCH-0192,PAN291,2027-09-09,CUST-0004,Kavya S,+91 99001 22584,15,171.6,2574.0,PHARM-HIST-0003,Karthik Subramanian,2026-07-19T07:04:00Z,2026-07-19,True,pharmaflow-main,SYNTHETIC_OPERATIONAL_RECORD
DISP-01505,RCPT-2026-11504,MED-0481,Paracetamol 500mg (Formula 481),BATCH-0193,PAN292,2027-01-05,CUST-0005,Meena Devi,+91 96114 64190,5,42.8,214.0,PHARM-HIST-0004,Divya Menon,2026-06-12T07:43:00Z,2026-06-12,True,pharmaflow-main,SYNTHETIC_OPERATIONAL_RECORD
DISP-01506,RCPT-2026-11505,MED-0482,Paracetamol 650mg (Dolo 650) (Formula 482),BATCH-0194,OME293,2027-10-01,CUST-0006,Deepak,+91 93845 99028,10,54.0,540.0,PHARM-HIST-0005,Rohan Mehta,2026-07-18T04:08:00Z,2026-07-18,True,pharmaflow-main,SYNTHETIC_OPERATIONAL_RECORD
DISP-01507,RCPT-2026-11506,MED-0483,Vitamin D3 60K (Calcirol) (Formula 483),BATCH-0195,TEL294,2028-03-31,CUST-0007,Manish,+91 90802 04902,15,99.2,1488.0,PHARM-HIST-0006,Ananya Sharma,2026-08-01T09:00:00Z,2026-08-01,True,pharmaflow-main,SYNTHETIC_OPERATIONAL_RECORD
DISP-01508,RCPT-2026-11507,MED-0484,Amoxicillin 500mg (Novamox) (Formula 484),BATCH-0196,TEL295,2027-12-27,CUST-0008,Deeps,+91 80988 51999,15,115.0,1725.0,PHARM-HIST-0007,Venkatesh Iyer,2026-07-19T16:37:00Z,2026-07-19,True,pharmaflow-main,SYNTHETIC_OPERATIONAL_RECORD
DISP-01509,RCPT-2026-11508,MED-0485,Amoxicillin + Clavulanic Acid 625mg (Augmentin) (Formula 485),BATCH-0197,ATO296,2027-05-21,CUST-0009,Suresh Pillai,+91 9445652586,30,208.2,6246.0,PHARM-KA-2022-7212,Deepak R,2026-09-27T13:04:00Z,2026-09-27,True,pharmaflow-main,SYNTHETIC_OPERATIONAL_RECORD
DISP-01510,RCPT-2026-11509,MED-0486,Cetirizine 10mg (Cetzine) (Formula 486),BATCH-0198,ROS297,2027-06-23,CUST-0010,Lakshmi Bhat,+91 9668942178,20,48.4,968.0,PHARM-HIST-0009,Sanjay Nambiar,2026-09-04T12:52:00Z,2026-09-04,True,pharmaflow-main,SYNTHETIC_OPERATIONAL_RECORD
DISP-01511,RCPT-2026-11510,MED-0487,Levocetirizine 5mg (Levocet) (Formula 487),BATCH-0199,CIP298,2027-11-10,CUST-0011,Vignesh Murthy,+91 7068755000,15,67.6,1014.0,PHARM-HIST-0010,Meera Krishnan,2026-06-15T16:42:00Z,2026-06-15,True,pharmaflow-main,SYNTHETIC_OPERATIONAL_RECORD
DISP-01512,RCPT-2026-11511,MED-0488,Azithromycin 250mg (Azee 250) (Formula 488),BATCH-0200,OFL299,2027-05-12,CUST-0012,Anitha Kumar,+91 9822257687,5,157.8,789.0,PHARM-KA-2022-7212,Deepak R,2026-09-30T15:08:00Z,2026-09-30,True,pharmaflow-main,SYNTHETIC_OPERATIONAL_RECORD
DISP-01513,RCPT-2026-11512,MED-0489,Azithromycin 500mg (Azithral 500) (Formula 489),BATCH-0201,MON300,2027-03-19,CUST-0013,Ramesh Iyer,+91 9473149551,15,231.0,3465.0,PHARM-HIST-0012,Swati Deshmukh,2026-06-25T00:46:00Z,2026-06-25,True,pharmaflow-main,SYNTHETIC_OPERATIONAL_RECORD
DISP-01514,RCPT-2026-11513,MED-0490,Metformin 500mg (Glycomet 500) (Formula 490),BATCH-0202,IBU301,2027-05-14,CUST-0014,Sangeetha Reddy,+91 7022246348,30,74.2,2226.0,PHARM-KA-2022-7212,Deepak R,2026-09-16T03:59:00Z,2026-09-16,True,pharmaflow-main,SYNTHETIC_OPERATIONAL_RECORD
DISP-01515,RCPT-2026-11514,MED-0491,Metformin 1000mg SR (Glucophage) (Formula 491),BATCH-0203,ACE302,2027-02-07,CUST-0015,Vijay Gowda,+91 9065250068,20,82.0,1640.0,PHARM-HIST-0014,Shalini Verma,2026-07-15T17:54:00Z,2026-07-15,True,pharmaflow-main,SYNTHETIC_OPERATIONAL_RECORD
DISP-01516,RCPT-2026-11515,MED-0492,Pantoprazole 40mg (Pan 40) (Formula 492),BATCH-0204,VIL303,2027-09-18,CUST-0016,Sandhya Desai,+91 7021819185,30,108.2,3246.0,PHARM-HIST-0015,Gautam Pillai,2026-07-17T03:05:00Z,2026-07-17,True,pharmaflow-main,SYNTHETIC_OPERATIONAL_RECORD
DISP-01517,RCPT-2026-11516,MED-0493,Pantoprazole + Domperidone (Pan-D) (Formula 493),BATCH-0205,RAB304,2027-10-13,CUST-0017,Prashanth Shenoy,+91 7065465150,20,184.4,3688.0,PHARM-HIST-0016,Rashmi Nair,2026-07-30T05:08:00Z,2026-07-30,True,pharmaflow-main,SYNTHETIC_OPERATIONAL_RECORD
DISP-01518,RCPT-2026-11517,MED-0494,Omeprazole 20mg (Omez) (Formula 494),BATCH-0206,COU305,2027-09-05,CUST-0018,Swetha Krishnan,+91 9945843681,10,84.6,846.0,PHARM-KA-2022-7212,Deepak R,2026-09-10T01:43:00Z,2026-09-10,True,pharmaflow-main,SYNTHETIC_OPERATIONAL_RECORD
DISP-01519,RCPT-2026-11518,MED-0495,Telmisartan 40mg (Telma 40) (Formula 495),BATCH-0207,ORA306,2028-03-03,CUST-0019,Rajesh Sharma,+91 9931257157,20,134.8,2696.0,PHARM-HIST-0018,Geetha Radhakrishnan,2026-07-25T15:09:00Z,2026-07-25,True,pharmaflow-main,SYNTHETIC_OPERATIONAL_RECORD
DISP-01520,RCPT-2026-11519,MED-0496,Telmisartan + Amlodipine (Telma-AM) (Formula 496),BATCH-0208,MUL307,2027-01-19,CUST-0020,Nandini Rao,+91 9771934487,20,188.0,3760.0,PHARM-KA-2022-7212,Deepak R,2026-09-18T21:46:00Z,2026-09-18,True,pharmaflow-main,SYNTHETIC_OPERATIONAL_RECORD
DISP-01521,RCPT-2026-11520,MED-0497,Atorvastatin 10mg (Atorva 10) (Formula 497),BATCH-0209,THY308,2027-03-10,CUST-0021,Rahul Menon,+91 9665766169,20,157.2,3144.0,PHARM-HIST-0020,Harini Sundaram,2026-08-22T07:03:00Z,2026-08-22,True,pharmaflow-main,SYNTHETIC_OPERATIONAL_RECORD
DISP-01522,RCPT-2026-11521,MED-0498,Rosuvastatin 10mg (Rosuvas 10) (Formula 498),BATCH-0210,CLO309,2027-09-09,CUST-0022,Priya Verma,+91 8035583290,20,168.0,3360.0,PHARM-KA-2022-7212,Deepak R,2026-09-26T20:49:00Z,2026-09-26,True,pharmaflow-main,SYNTHETIC_OPERATIONAL_RECORD
DISP-01523,RCPT-2026-11522,MED-0499,Ciprofloxacin 500mg (Ciplox 500) (Formula 499),BATCH-0211,PAR310,2027-03-28,CUST-0023,Arun Hegde,+91 9610344303,30,91.2,2736.0,PHARM-KA-2022-7212,Deepak R,2026-09-15T06:48:00Z,2026-09-15,True,pharmaflow-main,SYNTHETIC_OPERATIONAL_RECORD
DISP-01524,RCPT-2026-11523,MED-0500,Ofloxacin + Ornidazole (O2) (Formula 500),BATCH-0212,PAR311,2028-02-19,CUST-0024,Kavya Gupta,+91 7056321751,15,148.4,2226.0,PHARM-HIST-0023,Raghavendra Rao,2026-08-06T12:49:00Z,2026-08-06,True,pharmaflow-main,SYNTHETIC_OPERATIONAL_RECORD
DISP-01525,RCPT-2026-11524,MED-0501,Montelukast + Levocetirizine (Montair-LC) (Formula 501),BATCH-0213,VIT312,2027-01-29,CUST-0025,Meena Joshi,+91 9986745380,10,204.6,2046.0,PHARM-KA-2022-7212,Deepak R,2026-10-06T02:50:00Z,2026-10-06,True,pharmaflow-main,SYNTHETIC_OPERATIONAL_RECORD
DISP-01526,RCPT-2026-11525,MED-0502,Ibuprofen 400mg (Brufen 400) (Formula 502),BATCH-0214,AMO313,2027-05-08,CUST-0026,Deepak Nair,+91 8061818612,30,47.8,1434.0,PHARM-KA-2022-7212,Deepak R,2026-06-25T23:17:00Z,2026-06-25,True,pharmaflow-main,SYNTHETIC_OPERATIONAL_RECORD
DISP-01527,RCPT-2026-11526,MED-0503,Aceclofenac + Paracetamol (Zerodol-P) (Formula 503),BATCH-0215,AMO314,2026-11-12,CUST-0027,Manish Patel,+91 9023470708,5,108.0,540.0,PHARM-KA-2022-7212,Deepak R,2026-09-14T09:51:00Z,2026-09-14,True,pharmaflow-main,SYNTHETIC_OPERATIONAL_RECORD
DISP-01528,RCPT-2026-11527,MED-0504,Vildagliptin + Metformin (Galvus Met) (Formula 504),BATCH-0216,CET315,2027-04-29,CUST-0028,Deeps Sundaram,+91 9465026398,20,317.2,6344.0,PHARM-HIST-0002,Sneha Rao,2026-08-15T04:31:00Z,2026-08-15,True,pharmaflow-main,SYNTHETIC_OPERATIONAL_RECORD
DISP-01529,RCPT-2026-11528,MED-0505,Rabeprazole 20mg (Razo 20) (Formula 505),BATCH-0217,LEV316,2028-03-23,CUST-0029,Suresh Pillai,+91 8097219599,10,138.0,1380.0,PHARM-KA-2022-7212,Deepak R,2026-09-25T12:27:00Z,2026-09-25,True,pharmaflow-main,SYNTHETIC_OPERATIONAL_RECORD
DISP-01530,RCPT-2026-11529,MED-0506,Cough Syrup (Ascoril-D) (Formula 506),BATCH-0218,AZI317,2028-01-21,CUST-0030,Lakshmi Bhat,+91 9741510328,5,113.2,566.0,PHARM-HIST-0004,Divya Menon,2026-07-07T11:22:00Z,2026-07-07,True,pharmaflow-main,SYNTHETIC_OPERATIONAL_RECORD
DISP-01531,RCPT-2026-11530,MED-0507,Oral Rehydration Salts (Electral ORS) (Formula 507),BATCH-0219,AZI318,2027-12-05,CUST-0031,Vignesh Murthy,+91 9769549527,5,28.9,144.5,PHARM-HIST-0005,Rohan Mehta,2026-08-20T23:59:00Z,2026-08-20,True,pharmaflow-main,SYNTHETIC_OPERATIONAL_RECORD
DISP-01532,RCPT-2026-11531,MED-0508,Multivitamin + Zinc (Becadexamin) (Formula 508),BATCH-0220,MET319,2027-05-31,CUST-0032,Anitha Kumar,+91 9658112135,5,61.6,308.0,PHARM-HIST-0006,Ananya Sharma,2026-06-25T11:12:00Z,2026-06-25,True,pharmaflow-main,SYNTHETIC_OPERATIONAL_RECORD
DISP-01533,RCPT-2026-11532,MED-0509,Thyroxine Sodium 50mcg (Thyronorm 50) (Formula 509),BATCH-0221,MET320,2028-05-04,CUST-0033,Ramesh Iyer,+91 9432814819,5,167.8,839.0,PHARM-KA-2022-7212,Deepak R,2026-09-22T04:11:00Z,2026-09-22,True,pharmaflow-main,SYNTHETIC_OPERATIONAL_RECORD
DISP-01534,RCPT-2026-11533,MED-0510,Clopidogrel 75mg (Clopilet 75) (Formula 510),BATCH-0222,PAN321,2027-07-20,CUST-0034,Sangeetha Reddy,+91 9441163805,30,178.0,5340.0,PHARM-HIST-0008,Pooja Hegde,2026-09-04T07:20:00Z,2026-09-04,True,pharmaflow-main,SYNTHETIC_OPERATIONAL_RECORD
DISP-01535,RCPT-2026-11534,MED-0511,Paracetamol 500mg (Formula 511),BATCH-0223,PAN322,2027-09-23,CUST-0035,Vijay Gowda,+91 9683363160,5,49.2,246.0,PHARM-KA-2022-7212,Deepak R,2026-10-07T11:10:00Z,2026-10-07,True,pharmaflow-main,SYNTHETIC_OPERATIONAL_RECORD
DISP-01536,RCPT-2026-11535,MED-0512,Paracetamol 650mg (Dolo 650) (Formula 512),BATCH-0224,OME323,2028-04-06,CUST-0036,Sandhya Desai,+91 9671315464,15,38.0,570.0,PHARM-HIST-0010,Meera Krishnan,2026-07-30T12:08:00Z,2026-07-30,True,pharmaflow-main,SYNTHETIC_OPERATIONAL_RECORD
DISP-01537,RCPT-2026-11536,MED-0001,Paracetamol 500mg,BATCH-0225,TEL324,2027-01-13,CUST-0037,Prashanth Shenoy,+91 8086762164,10,30.0,300.0,PHARM-HIST-0011,Aditya Kulkarni,2026-06-20T13:55:00Z,2026-06-20,True,pharmaflow-main,SYNTHETIC_OPERATIONAL_RECORD
DISP-01538,RCPT-2026-11537,MED-0002,Paracetamol 650mg (Dolo 650),BATCH-0226,TEL325,2028-02-17,CUST-0038,Swetha Krishnan,+91 8046840133,30,41.2,1236.0,PHARM-KA-2022-7212,Deepak R,2026-09-20T20:12:00Z,2026-09-20,True,pharmaflow-main,SYNTHETIC_OPERATIONAL_RECORD
DISP-01539,RCPT-2026-11538,MED-0003,Vitamin D3 60K (Calcirol),BATCH-0227,ATO326,2027-10-19,CUST-0039,Rajesh Sharma,+91 9039394291,10,86.4,864.0,PHARM-HIST-0013,Nikhil Bhat,2026-06-15T21:08:00Z,2026-06-15,True,pharmaflow-main,SYNTHETIC_OPERATIONAL_RECORD
DISP-01540,RCPT-2026-11539,MED-0004,Amoxicillin 500mg (Novamox),BATCH-0228,ROS327,2027-10-24,CUST-0040,Nandini Rao,+91 9851464269,10,124.6,1246.0,PHARM-HIST-0014,Shalini Verma,2026-08-30T01:30:00Z,2026-08-30,True,pharmaflow-main,SYNTHETIC_OPERATIONAL_RECORD
DISP-01541,RCPT-2026-11540,MED-0005,Amoxicillin + Clavulanic Acid 625mg (Augmentin),BATCH-0229,CIP328,2027-04-25,CUST-0041,Rahul Menon,+91 9653851498,15,217.8,3267.0,PHARM-HIST-0015,Gautam Pillai,2026-09-07T10:26:00Z,2026-09-07,True,pharmaflow-main,SYNTHETIC_OPERATIONAL_RECORD
DISP-01542,RCPT-2026-11541,MED-0006,Cetirizine 10mg (Cetzine),BATCH-0230,OFL329,2027-06-25,CUST-0042,Priya Verma,+91 9632084778,5,58.0,290.0,PHARM-HIST-0016,Rashmi Nair,2026-07-19T18:53:00Z,2026-07-19,True,pharmaflow-main,SYNTHETIC_OPERATIONAL_RECORD
DISP-01543,RCPT-2026-11542,MED-0007,Levocetirizine 5mg (Levocet),BATCH-0231,MON330,2028-04-07,CUST-0043,Arun Hegde,+91 9440281491,30,77.2,2316.0,PHARM-HIST-0017,Varun Shenoy,2026-06-25T10:54:00Z,2026-06-25,True,pharmaflow-main,SYNTHETIC_OPERATIONAL_RECORD
DISP-01544,RCPT-2026-11543,MED-0008,Azithromycin 250mg (Azee 250),BATCH-0232,IBU331,2026-12-16,CUST-0044,Kavya Gupta,+91 9845495029,20,145.0,2900.0,PHARM-HIST-0018,Geetha Radhakrishnan,2026-09-01T08:28:00Z,2026-09-01,True,pharmaflow-main,SYNTHETIC_OPERATIONAL_RECORD
DISP-01545,RCPT-2026-11544,MED-0009,Azithromycin 500mg (Azithral 500),BATCH-0233,ACE332,2028-05-08,CUST-0045,Meena Joshi,+91 9024541967,10,218.2,2182.0,PHARM-KA-2022-7212,Deepak R,2026-09-20T11:02:00Z,2026-09-20,True,pharmaflow-main,SYNTHETIC_OPERATIONAL_RECORD
DISP-01546,RCPT-2026-11545,MED-0010,Metformin 500mg (Glycomet 500),BATCH-0234,VIL333,2026-12-27,CUST-0046,Deepak Nair,+91 9795282470,20,61.4,1228.0,PHARM-KA-2022-7212,Deepak R,2026-10-05T04:33:00Z,2026-10-05,True,pharmaflow-main,SYNTHETIC_OPERATIONAL_RECORD
DISP-01547,RCPT-2026-11546,MED-0011,Metformin 1000mg SR (Glucophage),BATCH-0235,RAB334,2026-12-27,CUST-0047,Manish Patel,+91 9814994527,15,91.6,1374.0,PHARM-KA-2022-7212,Deepak R,2026-09-20T00:19:00Z,2026-09-20,True,pharmaflow-main,SYNTHETIC_OPERATIONAL_RECORD
DISP-01548,RCPT-2026-11547,MED-0012,Pantoprazole 40mg (Pan 40),BATCH-0236,COU335,2028-02-05,CUST-0048,Deeps Sundaram,+91 8070887034,5,117.8,589.0,PHARM-KA-2022-7212,Deepak R,2026-09-09T14:36:00Z,2026-09-09,True,pharmaflow-main,SYNTHETIC_OPERATIONAL_RECORD
DISP-01549,RCPT-2026-11548,MED-0013,Pantoprazole + Domperidone (Pan-D),BATCH-0237,ORA336,2027-07-24,CUST-0049,Suresh Pillai,+91 9775679047,10,194.0,1940.0,PHARM-HIST-0023,Raghavendra Rao,2026-08-07T06:53:00Z,2026-08-07,True,pharmaflow-main,SYNTHETIC_OPERATIONAL_RECORD
DISP-01550,RCPT-2026-11549,MED-0014,Omeprazole 20mg (Omez),BATCH-0238,MUL337,2027-06-06,CUST-0050,Lakshmi Bhat,+91 7041690501,5,94.2,471.0,PHARM-KA-2022-7212,Deepak R,2026-09-25T02:38:00Z,2026-09-25,True,pharmaflow-main,SYNTHETIC_OPERATIONAL_RECORD
DISP-01551,RCPT-2026-11550,MED-0015,Telmisartan 40mg (Telma 40),BATCH-0239,THY338,2026-11-17,CUST-0051,Vignesh Murthy,+91 9018126895,15,122.0,1830.0,PHARM-KA-2022-7212,Deepak R,2026-07-22T01:53:00Z,2026-07-22,True,pharmaflow-main,SYNTHETIC_OPERATIONAL_RECORD
DISP-01552,RCPT-2026-11551,MED-0016,Telmisartan + Amlodipine (Telma-AM),BATCH-0240,CLO339,2027-02-19,CUST-0052,Anitha Kumar,+91 9996128115,5,175.2,876.0,PHARM-HIST-0001,Aravind Swaminathan,2026-06-12T09:03:00Z,2026-06-12,True,pharmaflow-main,SYNTHETIC_OPERATIONAL_RECORD
DISP-01553,RCPT-2026-11552,MED-0017,Atorvastatin 10mg (Atorva 10),BATCH-0241,PAR340,2027-03-28,CUST-0053,Ramesh Iyer,+91 9919208698,20,144.4,2888.0,PHARM-HIST-0002,Sneha Rao,2026-07-23T07:49:00Z,2026-07-23,True,pharmaflow-main,SYNTHETIC_OPERATIONAL_RECORD
DISP-01554,RCPT-2026-11553,MED-0018,Rosuvastatin 10mg (Rosuvas 10),BATCH-0242,PAR341,2027-02-23,CUST-0054,Sangeetha Reddy,+91 9489991301,10,177.6,1776.0,PHARM-HIST-0003,Karthik Subramanian,2026-08-02T01:22:00Z,2026-08-02,True,pharmaflow-main,SYNTHETIC_OPERATIONAL_RECORD
DISP-01555,RCPT-2026-11554,MED-0019,Ciprofloxacin 500mg (Ciplox 500),BATCH-0243,VIT342,2027-03-08,CUST-0055,Vijay Gowda,+91 9827690330,15,100.8,1512.0,PHARM-HIST-0004,Divya Menon,2026-07-13T22:51:00Z,2026-07-13,True,pharmaflow-main,SYNTHETIC_OPERATIONAL_RECORD
DISP-01556,RCPT-2026-11555,MED-0020,Ofloxacin + Ornidazole (O2),BATCH-0244,AMO343,2028-03-31,CUST-0056,Sandhya Desai,+91 9617032877,5,158.0,790.0,PHARM-HIST-0005,Rohan Mehta,2026-07-21T02:38:00Z,2026-07-21,True,pharmaflow-main,SYNTHETIC_OPERATIONAL_RECORD
DISP-01557,RCPT-2026-11556,MED-0021,Montelukast + Levocetirizine (Montair-LC),BATCH-0245,AMO344,2027-08-04,CUST-0057,Prashanth Shenoy,+91 7058592048,15,214.2,3213.0,PHARM-HIST-0006,Ananya Sharma,2026-09-03T20:18:00Z,2026-09-03,True,pharmaflow-main,SYNTHETIC_OPERATIONAL_RECORD
DISP-01558,RCPT-2026-11557,MED-0022,Ibuprofen 400mg (Brufen 400),BATCH-0246,CET345,2028-01-01,CUST-0058,Swetha Krishnan,+91 9671477426,5,35.0,175.0,PHARM-HIST-0007,Venkatesh Iyer,2026-06-11T03:09:00Z,2026-06-11,True,pharmaflow-main,SYNTHETIC_OPERATIONAL_RECORD
DISP-01559,RCPT-2026-11558,MED-0023,Aceclofenac + Paracetamol (Zerodol-P),BATCH-0247,LEV346,2028-05-22,CUST-0059,Rajesh Sharma,+91 9775802771,10,95.2,952.0,PHARM-HIST-0008,Pooja Hegde,2026-06-30T11:05:00Z,2026-06-30,True,pharmaflow-main,SYNTHETIC_OPERATIONAL_RECORD
DISP-01560,RCPT-2026-11559,MED-0024,Vildagliptin + Metformin (Galvus Met),BATCH-0248,AZI347,2027-10-12,CUST-0060,Nandini Rao,+91 9726937148,15,304.4,4566.0,PHARM-HIST-0009,Sanjay Nambiar,2026-06-30T15:51:00Z,2026-06-30,True,pharmaflow-main,SYNTHETIC_OPERATIONAL_RECORD
DISP-01561,RCPT-2026-11560,MED-0025,Rabeprazole 20mg (Razo 20),BATCH-0249,AZI348,2027-02-07,CUST-0061,Rahul Menon,+91 8023311507,20,147.6,2952.0,PHARM-KA-2022-7212,Deepak R,2026-09-19T23:32:00Z,2026-09-19,True,pharmaflow-main,SYNTHETIC_OPERATIONAL_RECORD
DISP-01562,RCPT-2026-11561,MED-0026,Cough Syrup (Ascoril-D),BATCH-0250,MET349,2028-03-27,CUST-0062,Priya Verma,+91 9965541117,30,122.8,3684.0,PHARM-HIST-0011,Aditya Kulkarni,2026-06-26T09:53:00Z,2026-06-26,True,pharmaflow-main,SYNTHETIC_OPERATIONAL_RECORD
DISP-01563,RCPT-2026-11562,MED-0027,Oral Rehydration Salts (Electral ORS),BATCH-0251,MET350,2027-01-23,CUST-0063,Arun Hegde,+91 9099269266,10,38.5,385.0,PHARM-HIST-0012,Swati Deshmukh,2026-08-14T12:43:00Z,2026-08-14,True,pharmaflow-main,SYNTHETIC_OPERATIONAL_RECORD
DISP-01564,RCPT-2026-11563,MED-0028,Multivitamin + Zinc (Becadexamin),BATCH-0252,PAN351,2027-07-02,CUST-0064,Kavya Gupta,+91 9722513132,10,71.2,712.0,PHARM-KA-2022-7212,Deepak R,2026-09-27T01:52:00Z,2026-09-27,True,pharmaflow-main,SYNTHETIC_OPERATIONAL_RECORD
DISP-01565,RCPT-2026-11564,MED-0029,Thyroxine Sodium 50mcg (Thyronorm 50),BATCH-0253,PAN352,2028-02-26,CUST-0065,Meena Joshi,+91 9099927658,15,155.0,2325.0,PHARM-HIST-0014,Shalini Verma,2026-07-01T23:38:00Z,2026-07-01,True,pharmaflow-main,SYNTHETIC_OPERATIONAL_RECORD
DISP-01566,RCPT-2026-11565,MED-0030,Clopidogrel 75mg (Clopilet 75),BATCH-0254,OME353,2026-12-18,CUST-0066,Deepak Nair,+91 9657197152,20,165.2,3304.0,PHARM-HIST-0015,Gautam Pillai,2026-08-05T22:30:00Z,2026-08-05,True,pharmaflow-main,SYNTHETIC_OPERATIONAL_RECORD
DISP-01567,RCPT-2026-11566,MED-0031,Paracetamol 500mg (Formula 31),BATCH-0255,TEL354,2027-09-24,CUST-0067,Manish Patel,+91 9084660688,10,36.4,364.0,PHARM-HIST-0016,Rashmi Nair,2026-07-22T15:39:00Z,2026-07-22,True,pharmaflow-main,SYNTHETIC_OPERATIONAL_RECORD
DISP-01568,RCPT-2026-11567,MED-0032,Paracetamol 650mg (Dolo 650) (Formula 32),BATCH-0256,TEL355,2027-02-13,CUST-0068,Deeps Sundaram,+91 9891737913,10,47.6,476.0,PHARM-HIST-0017,Varun Shenoy,2026-06-27T15:02:00Z,2026-06-27,True,pharmaflow-main,SYNTHETIC_OPERATIONAL_RECORD
DISP-01569,RCPT-2026-11568,MED-0033,Vitamin D3 60K (Calcirol) (Formula 33),BATCH-0257,ATO356,2027-05-01,CUST-0069,Suresh Pillai,+91 9655610493,20,92.8,1856.0,PHARM-HIST-0018,Geetha Radhakrishnan,2026-08-19T22:25:00Z,2026-08-19,True,pharmaflow-main,SYNTHETIC_OPERATIONAL_RECORD
DISP-01570,RCPT-2026-11569,MED-0034,Amoxicillin 500mg (Novamox) (Formula 34),BATCH-0258,ROS357,2027-08-09,CUST-0070,Lakshmi Bhat,+91 9822315507,30,131.0,3930.0,PHARM-HIST-0019,Manoj Patil,2026-07-31T18:29:00Z,2026-07-31,True,pharmaflow-main,SYNTHETIC_OPERATIONAL_RECORD
DISP-01571,RCPT-2026-11570,MED-0035,Amoxicillin + Clavulanic Acid 625mg (Augmentin) (Formula 35),BATCH-0259,CIP358,2027-05-14,CUST-0071,Vignesh Murthy,+91 9459667685,5,224.2,1121.0,PHARM-HIST-0020,Harini Sundaram,2026-08-01T04:36:00Z,2026-08-01,True,pharmaflow-main,SYNTHETIC_OPERATIONAL_RECORD
DISP-01572,RCPT-2026-11571,MED-0036,Cetirizine 10mg (Cetzine) (Formula 36),BATCH-0260,OFL359,2028-02-18,CUST-0072,Anitha Kumar,+91 9492924837,30,42.0,1260.0,PHARM-HIST-0021,Suresh Prabhu,2026-07-25T13:34:00Z,2026-07-25,True,pharmaflow-main,SYNTHETIC_OPERATIONAL_RECORD
DISP-01573,RCPT-2026-11572,MED-0037,Levocetirizine 5mg (Levocet) (Formula 37),BATCH-0261,MON360,2028-03-11,CUST-0073,Ramesh Iyer,+91 7065590800,10,61.2,612.0,PHARM-HIST-0022,Deepa Namboodiri,2026-07-26T13:09:00Z,2026-07-26,True,pharmaflow-main,SYNTHETIC_OPERATIONAL_RECORD
DISP-01574,RCPT-2026-11573,MED-0038,Azithromycin 250mg (Azee 250) (Formula 38),BATCH-0262,IBU361,2027-03-03,CUST-0074,Sangeetha Reddy,+91 7080723898,15,151.4,2271.0,PHARM-HIST-0023,Raghavendra Rao,2026-07-11T09:45:00Z,2026-07-11,True,pharmaflow-main,SYNTHETIC_OPERATIONAL_RECORD
DISP-01575,RCPT-2026-11574,MED-0039,Azithromycin 500mg (Azithral 500) (Formula 39),BATCH-0263,ACE362,2027-01-07,CUST-0075,Vijay Gowda,+91 9837437207,5,224.6,1123.0,PHARM-KA-2022-7212,Deepak R,2026-10-08T05:06:00Z,2026-10-08,True,pharmaflow-main,SYNTHETIC_OPERATIONAL_RECORD
DISP-01576,RCPT-2026-11575,MED-0040,Metformin 500mg (Glycomet 500) (Formula 40),BATCH-0264,VIL363,2028-03-16,CUST-0076,Sandhya Desai,+91 9876757928,10,67.8,678.0,PHARM-KA-2022-7212,Deepak R,2026-08-22T18:30:00Z,2026-08-22,True,pharmaflow-main,SYNTHETIC_OPERATIONAL_RECORD
DISP-01577,RCPT-2026-11576,MED-0041,Metformin 1000mg SR (Glucophage) (Formula 41),BATCH-0265,RAB364,2027-05-12,CUST-0077,Prashanth Shenoy,+91 9977144075,15,98.0,1470.0,PHARM-HIST-0001,Aravind Swaminathan,2026-06-13T08:57:00Z,2026-06-13,True,pharmaflow-main,SYNTHETIC_OPERATIONAL_RECORD
DISP-01578,RCPT-2026-11577,MED-0042,Pantoprazole 40mg (Pan 40) (Formula 42),BATCH-0266,COU365,2027-11-10,CUST-0078,Swetha Krishnan,+91 9871707170,20,124.2,2484.0,PHARM-HIST-0002,Sneha Rao,2026-08-23T07:42:00Z,2026-08-23,True,pharmaflow-main,SYNTHETIC_OPERATIONAL_RECORD
DISP-01579,RCPT-2026-11578,MED-0043,Pantoprazole + Domperidone (Pan-D) (Formula 43),BATCH-0267,ORA366,2028-03-16,CUST-0079,Rajesh Sharma,+91 8048858073,20,178.0,3560.0,PHARM-KA-2022-7212,Deepak R,2026-09-19T18:01:00Z,2026-09-19,True,pharmaflow-main,SYNTHETIC_OPERATIONAL_RECORD
DISP-01580,RCPT-2026-11579,MED-0044,Omeprazole 20mg (Omez) (Formula 44),BATCH-0268,MUL367,2028-02-02,CUST-0080,Nandini Rao,+91 9021828592,10,78.2,782.0,PHARM-HIST-0004,Divya Menon,2026-09-07T05:08:00Z,2026-09-07,True,pharmaflow-main,SYNTHETIC_OPERATIONAL_RECORD
DISP-01581,RCPT-2026-11580,MED-0045,Telmisartan 40mg (Telma 40) (Formula 45),BATCH-0269,THY368,2027-09-25,CUST-0081,Rahul Menon,+91 8051644346,5,128.4,642.0,PHARM-KA-2022-7212,Deepak R,2026-09-30T12:52:00Z,2026-09-30,True,pharmaflow-main,SYNTHETIC_OPERATIONAL_RECORD
DISP-01582,RCPT-2026-11581,MED-0046,Telmisartan + Amlodipine (Telma-AM) (Formula 46),BATCH-0270,CLO369,2028-04-28,CUST-0082,Priya Verma,+91 9781216573,20,181.6,3632.0,PHARM-HIST-0006,Ananya Sharma,2026-07-10T13:51:00Z,2026-07-10,True,pharmaflow-main,SYNTHETIC_OPERATIONAL_RECORD
DISP-01583,RCPT-2026-11582,MED-0047,Atorvastatin 10mg (Atorva 10) (Formula 47),BATCH-0271,PAR370,2027-06-25,CUST-0083,Arun Hegde,+91 9444355473,20,150.8,3016.0,PHARM-HIST-0007,Venkatesh Iyer,2026-07-07T11:16:00Z,2026-07-07,True,pharmaflow-main,SYNTHETIC_OPERATIONAL_RECORD
DISP-01584,RCPT-2026-11583,MED-0048,Rosuvastatin 10mg (Rosuvas 10) (Formula 48),BATCH-0272,PAR371,2028-04-22,CUST-0084,Kavya Gupta,+91 7072270726,5,184.0,920.0,PHARM-HIST-0008,Pooja Hegde,2026-08-22T10:16:00Z,2026-08-22,True,pharmaflow-main,SYNTHETIC_OPERATIONAL_RECORD
DISP-01585,RCPT-2026-11584,MED-0049,Ciprofloxacin 500mg (Ciplox 500) (Formula 49),BATCH-0273,VIT372,2027-02-13,CUST-0085,Meena Joshi,+91 7019165226,20,107.2,2144.0,PHARM-HIST-0009,Sanjay Nambiar,2026-07-15T17:56:00Z,2026-07-15,True,pharmaflow-main,SYNTHETIC_OPERATIONAL_RECORD
DISP-01586,RCPT-2026-11585,MED-0050,Ofloxacin + Ornidazole (O2) (Formula 50),BATCH-0274,AMO373,2027-07-20,CUST-0086,Deepak Nair,+91 9751662236,10,142.0,1420.0,PHARM-HIST-0010,Meera Krishnan,2026-06-22T16:05:00Z,2026-06-22,True,pharmaflow-main,SYNTHETIC_OPERATIONAL_RECORD
DISP-01587,RCPT-2026-11586,MED-0051,Montelukast + Levocetirizine (Montair-LC) (Formula 51),BATCH-0275,AMO374,2027-12-07,CUST-0087,Manish Patel,+91 9792545028,10,198.2,1982.0,PHARM-KA-2022-7212,Deepak R,2026-10-05T07:37:00Z,2026-10-05,True,pharmaflow-main,SYNTHETIC_OPERATIONAL_RECORD
DISP-01588,RCPT-2026-11587,MED-0052,Ibuprofen 400mg (Brufen 400) (Formula 52),BATCH-0276,CET375,2027-01-02,CUST-0088,Deeps Sundaram,+91 9953154591,5,41.4,207.0,PHARM-KA-2022-7212,Deepak R,2026-09-28T04:56:00Z,2026-09-28,True,pharmaflow-main,SYNTHETIC_OPERATIONAL_RECORD
DISP-01589,RCPT-2026-11588,MED-0053,Aceclofenac + Paracetamol (Zerodol-P) (Formula 53),BATCH-0277,LEV376,2028-04-08,CUST-0089,Suresh Pillai,+91 9777719420,10,101.6,1016.0,PHARM-HIST-0013,Nikhil Bhat,2026-07-27T22:51:00Z,2026-07-27,True,pharmaflow-main,SYNTHETIC_OPERATIONAL_RECORD
DISP-01590,RCPT-2026-11589,MED-0054,Vildagliptin + Metformin (Galvus Met) (Formula 54),BATCH-0278,AZI377,2027-04-26,CUST-0090,Lakshmi Bhat,+91 9458841557,30,310.8,9324.0,PHARM-HIST-0014,Shalini Verma,2026-08-08T12:52:00Z,2026-08-08,True,pharmaflow-main,SYNTHETIC_OPERATIONAL_RECORD
DISP-01591,RCPT-2026-11590,MED-0055,Rabeprazole 20mg (Razo 20) (Formula 55),BATCH-0279,AZI378,2027-10-02,CUST-0091,Vignesh Murthy,+91 9018846539,20,154.0,3080.0,PHARM-HIST-0015,Gautam Pillai,2026-07-11T02:30:00Z,2026-07-11,True,pharmaflow-main,SYNTHETIC_OPERATIONAL_RECORD
DISP-01592,RCPT-2026-11591,MED-0056,Cough Syrup (Ascoril-D) (Formula 56),BATCH-0280,MET379,2026-12-29,CUST-0092,Anitha Kumar,+91 9020939011,5,129.2,646.0,PHARM-HIST-0016,Rashmi Nair,2026-07-08T01:32:00Z,2026-07-08,True,pharmaflow-main,SYNTHETIC_OPERATIONAL_RECORD
DISP-01593,RCPT-2026-11592,MED-0057,Oral Rehydration Salts (Electral ORS) (Formula 57),BATCH-0281,MET380,2027-12-25,CUST-0093,Ramesh Iyer,+91 9751551377,5,22.5,112.5,PHARM-HIST-0017,Varun Shenoy,2026-09-02T08:51:00Z,2026-09-02,True,pharmaflow-main,SYNTHETIC_OPERATIONAL_RECORD
DISP-01594,RCPT-2026-11593,MED-0058,Multivitamin + Zinc (Becadexamin) (Formula 58),BATCH-0282,PAN381,2028-02-05,CUST-0094,Sangeetha Reddy,+91 9012446861,30,55.2,1656.0,PHARM-HIST-0018,Geetha Radhakrishnan,2026-06-17T15:58:00Z,2026-06-17,True,pharmaflow-main,SYNTHETIC_OPERATIONAL_RECORD
DISP-01595,RCPT-2026-11594,MED-0059,Thyroxine Sodium 50mcg (Thyronorm 50) (Formula 59),BATCH-0283,PAN382,2028-04-01,CUST-0095,Vijay Gowda,+91 9928463709,10,161.4,1614.0,PHARM-HIST-0019,Manoj Patil,2026-07-04T06:28:00Z,2026-07-04,True,pharmaflow-main,SYNTHETIC_OPERATIONAL_RECORD
DISP-01596,RCPT-2026-11595,MED-0060,Clopidogrel 75mg (Clopilet 75) (Formula 60),BATCH-0284,OME383,2028-03-31,CUST-0096,Sandhya Desai,+91 9490161060,20,171.6,3432.0,PHARM-KA-2022-7212,Deepak R,2026-10-06T23:07:00Z,2026-10-06,True,pharmaflow-main,SYNTHETIC_OPERATIONAL_RECORD
DISP-01597,RCPT-2026-11596,MED-0061,Paracetamol 500mg (Formula 61),BATCH-0285,TEL384,2027-12-26,CUST-0097,Prashanth Shenoy,+91 8058895439,15,42.8,642.0,PHARM-HIST-0021,Suresh Prabhu,2026-07-12T21:25:00Z,2026-07-12,True,pharmaflow-main,SYNTHETIC_OPERATIONAL_RECORD
DISP-01598,RCPT-2026-11597,MED-0062,Paracetamol 650mg (Dolo 650) (Formula 62),BATCH-0286,TEL385,2028-05-23,CUST-0098,Swetha Krishnan,+91 9951536077,15,54.0,810.0,PHARM-HIST-0022,Deepa Namboodiri,2026-06-12T17:28:00Z,2026-06-12,True,pharmaflow-main,SYNTHETIC_OPERATIONAL_RECORD
DISP-01599,RCPT-2026-11598,MED-0063,Vitamin D3 60K (Calcirol) (Formula 63),BATCH-0287,ATO386,2027-09-15,CUST-0099,Rajesh Sharma,+91 8077498993,10,99.2,992.0,PHARM-HIST-0023,Raghavendra Rao,2026-07-10T04:33:00Z,2026-07-10,True,pharmaflow-main,SYNTHETIC_OPERATIONAL_RECORD
DISP-01600,RCPT-2026-11599,MED-0064,Amoxicillin 500mg (Novamox) (Formula 64),BATCH-0288,ROS387,2028-02-18,CUST-0100,Nandini Rao,+91 7059823245,20,115.0,2300.0,PHARM-HIST-0024,Kavita Acharya,2026-09-04T09:27:00Z,2026-09-04,True,pharmaflow-main,SYNTHETIC_OPERATIONAL_RECORD
DISP-01601,RCPT-2026-11600,MED-0065,Amoxicillin + Clavulanic Acid 625mg (Augmentin) (Formula 65),BATCH-0289,CIP388,2027-06-24,CUST-0101,Rahul Menon,+91 7078901038,20,208.2,4164.0,PHARM-KA-2022-7212,Deepak R,2026-09-21T12:47:00Z,2026-09-21,True,pharmaflow-main,SYNTHETIC_OPERATIONAL_RECORD
DISP-01602,RCPT-2026-11601,MED-0066,Cetirizine 10mg (Cetzine) (Formula 66),BATCH-0290,OFL389,2028-03-06,CUST-0102,Priya Verma,+91 8017148018,20,48.4,968.0,PHARM-HIST-0001,Aravind Swaminathan,2026-07-21T10:46:00Z,2026-07-21,True,pharmaflow-main,SYNTHETIC_OPERATIONAL_RECORD
DISP-01603,RCPT-2026-11602,MED-0067,Levocetirizine 5mg (Levocet) (Formula 67),BATCH-0291,MON390,2027-03-04,CUST-0103,Arun Hegde,+91 9913783268,30,67.6,2028.0,PHARM-KA-2022-7212,Deepak R,2026-09-14T12:25:00Z,2026-09-14,True,pharmaflow-main,SYNTHETIC_OPERATIONAL_RECORD
DISP-01604,RCPT-2026-11603,MED-0068,Azithromycin 250mg (Azee 250) (Formula 68),BATCH-0292,IBU391,2027-06-23,CUST-0104,Kavya Gupta,+91 7028628439,20,157.8,3156.0,PHARM-HIST-0003,Karthik Subramanian,2026-06-23T09:08:00Z,2026-06-23,True,pharmaflow-main,SYNTHETIC_OPERATIONAL_RECORD
DISP-01605,RCPT-2026-11604,MED-0069,Azithromycin 500mg (Azithral 500) (Formula 69),BATCH-0293,ACE392,2027-09-02,CUST-0105,Meena Joshi,+91 9638944689,20,231.0,4620.0,PHARM-HIST-0004,Divya Menon,2026-08-08T01:19:00Z,2026-08-08,True,pharmaflow-main,SYNTHETIC_OPERATIONAL_RECORD
DISP-01606,RCPT-2026-11605,MED-0070,Metformin 500mg (Glycomet 500) (Formula 70),BATCH-0294,VIL393,2027-02-24,CUST-0106,Deepak Nair,+91 9716408822,5,74.2,371.0,PHARM-HIST-0005,Rohan Mehta,2026-06-24T23:50:00Z,2026-06-24,True,pharmaflow-main,SYNTHETIC_OPERATIONAL_RECORD
DISP-01607,RCPT-2026-11606,MED-0071,Metformin 1000mg SR (Glucophage) (Formula 71),BATCH-0295,RAB394,2027-03-31,CUST-0107,Manish Patel,+91 9894819556,20,82.0,1640.0,PHARM-HIST-0006,Ananya Sharma,2026-06-28T00:19:00Z,2026-06-28,True,pharmaflow-main,SYNTHETIC_OPERATIONAL_RECORD
DISP-01608,RCPT-2026-11607,MED-0072,Pantoprazole 40mg (Pan 40) (Formula 72),BATCH-0296,COU395,2027-05-27,CUST-0108,Deeps Sundaram,+91 9042287985,5,108.2,541.0,PHARM-KA-2022-7212,Deepak R,2026-09-14T03:54:00Z,2026-09-14,True,pharmaflow-main,SYNTHETIC_OPERATIONAL_RECORD
DISP-01609,RCPT-2026-11608,MED-0073,Pantoprazole + Domperidone (Pan-D) (Formula 73),BATCH-0297,ORA396,2027-06-16,CUST-0109,Suresh Pillai,+91 9780606503,15,184.4,2766.0,PHARM-KA-2022-7212,Deepak R,2026-09-29T00:22:00Z,2026-09-29,True,pharmaflow-main,SYNTHETIC_OPERATIONAL_RECORD
DISP-01610,RCPT-2026-11609,MED-0074,Omeprazole 20mg (Omez) (Formula 74),BATCH-0298,MUL397,2027-05-22,CUST-0110,Lakshmi Bhat,+91 8060103798,10,84.6,846.0,PHARM-KA-2022-7212,Deepak R,2026-10-05T04:42:00Z,2026-10-05,True,pharmaflow-main,SYNTHETIC_OPERATIONAL_RECORD
DISP-01611,RCPT-2026-11610,MED-0075,Telmisartan 40mg (Telma 40) (Formula 75),BATCH-0299,THY398,2026-12-25,CUST-0111,Vignesh Murthy,+91 9788101741,10,134.8,1348.0,PHARM-HIST-0010,Meera Krishnan,2026-07-31T08:56:00Z,2026-07-31,True,pharmaflow-main,SYNTHETIC_OPERATIONAL_RECORD
DISP-01612,RCPT-2026-11611,MED-0076,Telmisartan + Amlodipine (Telma-AM) (Formula 76),BATCH-0300,CLO399,2027-03-14,CUST-0112,Anitha Kumar,+91 9096274567,15,188.0,2820.0,PHARM-HIST-0011,Aditya Kulkarni,2026-07-24T11:12:00Z,2026-07-24,True,pharmaflow-main,SYNTHETIC_OPERATIONAL_RECORD
DISP-01613,RCPT-2026-11612,MED-0077,Atorvastatin 10mg (Atorva 10) (Formula 77),BATCH-0301,PAR400,2028-04-07,CUST-0113,Ramesh Iyer,+91 9771428713,5,157.2,786.0,PHARM-KA-2022-7212,Deepak R,2026-09-13T18:48:00Z,2026-09-13,True,pharmaflow-main,SYNTHETIC_OPERATIONAL_RECORD
DISP-01614,RCPT-2026-11613,MED-0078,Rosuvastatin 10mg (Rosuvas 10) (Formula 78),BATCH-0302,PAR401,2028-05-04,CUST-0114,Sangeetha Reddy,+91 9679173614,30,168.0,5040.0,PHARM-HIST-0013,Nikhil Bhat,2026-09-08T03:55:00Z,2026-09-08,True,pharmaflow-main,SYNTHETIC_OPERATIONAL_RECORD
DISP-01615,RCPT-2026-11614,MED-0079,Ciprofloxacin 500mg (Ciplox 500) (Formula 79),BATCH-0303,VIT402,2028-03-16,CUST-0115,Vijay Gowda,+91 9016416148,20,91.2,1824.0,PHARM-HIST-0014,Shalini Verma,2026-07-28T10:24:00Z,2026-07-28,True,pharmaflow-main,SYNTHETIC_OPERATIONAL_RECORD
DISP-01616,RCPT-2026-11615,MED-0080,Ofloxacin + Ornidazole (O2) (Formula 80),BATCH-0304,AMO403,2027-05-08,CUST-0116,Sandhya Desai,+91 8069020451,5,148.4,742.0,PHARM-KA-2022-7212,Deepak R,2026-10-03T10:40:00Z,2026-10-03,True,pharmaflow-main,SYNTHETIC_OPERATIONAL_RECORD
DISP-01617,RCPT-2026-11616,MED-0081,Montelukast + Levocetirizine (Montair-LC) (Formula 81),BATCH-0305,AMO404,2027-03-19,CUST-0117,Prashanth Shenoy,+91 9621087928,15,204.6,3069.0,PHARM-HIST-0016,Rashmi Nair,2026-06-10T03:00:00Z,2026-06-10,True,pharmaflow-main,SYNTHETIC_OPERATIONAL_RECORD
DISP-01618,RCPT-2026-11617,MED-0082,Ibuprofen 400mg (Brufen 400) (Formula 82),BATCH-0306,CET405,2027-10-03,CUST-0118,Swetha Krishnan,+91 9023770458,30,47.8,1434.0,PHARM-HIST-0017,Varun Shenoy,2026-07-04T02:35:00Z,2026-07-04,True,pharmaflow-main,SYNTHETIC_OPERATIONAL_RECORD
DISP-01619,RCPT-2026-11618,MED-0083,Aceclofenac + Paracetamol (Zerodol-P) (Formula 83),BATCH-0307,LEV406,2027-07-20,CUST-0119,Rajesh Sharma,+91 8032366682,20,108.0,2160.0,PHARM-KA-2022-7212,Deepak R,2026-09-14T01:12:00Z,2026-09-14,True,pharmaflow-main,SYNTHETIC_OPERATIONAL_RECORD
DISP-01620,RCPT-2026-11619,MED-0084,Vildagliptin + Metformin (Galvus Met) (Formula 84),BATCH-0308,AZI407,2027-09-05,CUST-0120,Nandini Rao,+91 8046850196,5,317.2,1586.0,PHARM-HIST-0019,Manoj Patil,2026-07-08T00:52:00Z,2026-07-08,True,pharmaflow-main,SYNTHETIC_OPERATIONAL_RECORD
DISP-01621,RCPT-2026-11620,MED-0085,Rabeprazole 20mg (Razo 20) (Formula 85),BATCH-0309,AZI408,2027-03-29,CUST-0121,Rahul Menon,+91 9414179623,30,138.0,4140.0,PHARM-HIST-0020,Harini Sundaram,2026-08-26T22:03:00Z,2026-08-26,True,pharmaflow-main,SYNTHETIC_OPERATIONAL_RECORD
DISP-01622,RCPT-2026-11621,MED-0086,Cough Syrup (Ascoril-D) (Formula 86),BATCH-0310,MET409,2027-09-10,CUST-0122,Priya Verma,+91 9058607028,10,113.2,1132.0,PHARM-KA-2022-7212,Deepak R,2026-09-25T19:09:00Z,2026-09-25,True,pharmaflow-main,SYNTHETIC_OPERATIONAL_RECORD
DISP-01623,RCPT-2026-11622,MED-0087,Oral Rehydration Salts (Electral ORS) (Formula 87),BATCH-0311,MET410,2028-05-27,CUST-0123,Arun Hegde,+91 9069584522,20,28.9,578.0,PHARM-KA-2022-7212,Deepak R,2026-10-04T17:10:00Z,2026-10-04,True,pharmaflow-main,SYNTHETIC_OPERATIONAL_RECORD
DISP-01624,RCPT-2026-11623,MED-0088,Multivitamin + Zinc (Becadexamin) (Formula 88),BATCH-0312,PAN411,2027-06-10,CUST-0124,Kavya Gupta,+91 9643502308,5,61.6,308.0,PHARM-HIST-0023,Raghavendra Rao,2026-08-07T17:05:00Z,2026-08-07,True,pharmaflow-main,SYNTHETIC_OPERATIONAL_RECORD
DISP-01625,RCPT-2026-11624,MED-0089,Thyroxine Sodium 50mcg (Thyronorm 50) (Formula 89),BATCH-0313,PAN412,2027-10-27,CUST-0125,Meena Joshi,+91 9644935501,20,167.8,3356.0,PHARM-HIST-0024,Kavita Acharya,2026-09-01T06:51:00Z,2026-09-01,True,pharmaflow-main,SYNTHETIC_OPERATIONAL_RECORD
DISP-01626,RCPT-2026-11625,MED-0090,Clopidogrel 75mg (Clopilet 75) (Formula 90),BATCH-0314,OME413,2028-04-06,CUST-0126,Deepak Nair,+91 9728217159,10,178.0,1780.0,PHARM-KA-2022-7212,Deepak R,2026-09-27T15:55:00Z,2026-09-27,True,pharmaflow-main,SYNTHETIC_OPERATIONAL_RECORD
DISP-01627,RCPT-2026-11626,MED-0091,Paracetamol 500mg (Formula 91),BATCH-0315,TEL414,2027-10-04,CUST-0127,Manish Patel,+91 9099635939,10,49.2,492.0,PHARM-HIST-0001,Aravind Swaminathan,2026-06-17T05:09:00Z,2026-06-17,True,pharmaflow-main,SYNTHETIC_OPERATIONAL_RECORD
DISP-01628,RCPT-2026-11627,MED-0092,Paracetamol 650mg (Dolo 650) (Formula 92),BATCH-0316,TEL415,2028-03-13,CUST-0128,Deeps Sundaram,+91 9458518659,30,38.0,1140.0,PHARM-HIST-0002,Sneha Rao,2026-07-01T13:50:00Z,2026-07-01,True,pharmaflow-main,SYNTHETIC_OPERATIONAL_RECORD
DISP-01629,RCPT-2026-11628,MED-0093,Vitamin D3 60K (Calcirol) (Formula 93),BATCH-0317,ATO416,2028-05-07,CUST-0129,Suresh Pillai,+91 9858438711,30,83.2,2496.0,PHARM-HIST-0003,Karthik Subramanian,2026-08-02T12:22:00Z,2026-08-02,True,pharmaflow-main,SYNTHETIC_OPERATIONAL_RECORD
DISP-01630,RCPT-2026-11629,MED-0094,Amoxicillin 500mg (Novamox) (Formula 94),BATCH-0318,ROS417,2026-11-21,CUST-0130,Lakshmi Bhat,+91 9751512297,10,121.4,1214.0,PHARM-HIST-0004,Divya Menon,2026-06-11T01:32:00Z,2026-06-11,True,pharmaflow-main,SYNTHETIC_OPERATIONAL_RECORD
DISP-01631,RCPT-2026-11630,MED-0095,Amoxicillin + Clavulanic Acid 625mg (Augmentin) (Formula 95),BATCH-0319,CIP418,2027-12-03,CUST-0131,Vignesh Murthy,+91 9726821075,30,214.6,6438.0,PHARM-HIST-0005,Rohan Mehta,2026-08-26T02:37:00Z,2026-08-26,True,pharmaflow-main,SYNTHETIC_OPERATIONAL_RECORD
DISP-01632,RCPT-2026-11631,MED-0096,Cetirizine 10mg (Cetzine) (Formula 96),BATCH-0320,OFL419,2027-05-31,CUST-0132,Anitha Kumar,+91 9483994695,20,54.8,1096.0,PHARM-HIST-0006,Ananya Sharma,2026-06-20T22:58:00Z,2026-06-20,True,pharmaflow-main,SYNTHETIC_OPERATIONAL_RECORD
DISP-01633,RCPT-2026-11632,MED-0097,Levocetirizine 5mg (Levocet) (Formula 97),BATCH-0321,MON420,2027-04-21,CUST-0133,Ramesh Iyer,+91 9779538491,30,74.0,2220.0,PHARM-HIST-0007,Venkatesh Iyer,2026-09-08T05:21:00Z,2026-09-08,True,pharmaflow-main,SYNTHETIC_OPERATIONAL_RECORD
DISP-01634,RCPT-2026-11633,MED-0098,Azithromycin 250mg (Azee 250) (Formula 98),BATCH-0322,IBU421,2027-04-06,CUST-0134,Sangeetha Reddy,+91 9620584397,20,164.2,3284.0,PHARM-KA-2022-7212,Deepak R,2026-09-29T07:24:00Z,2026-09-29,True,pharmaflow-main,SYNTHETIC_OPERATIONAL_RECORD
DISP-01635,RCPT-2026-11634,MED-0099,Azithromycin 500mg (Azithral 500) (Formula 99),BATCH-0323,ACE422,2027-06-04,CUST-0135,Vijay Gowda,+91 9777454225,15,215.0,3225.0,PHARM-KA-2022-7212,Deepak R,2026-09-26T11:51:00Z,2026-09-26,True,pharmaflow-main,SYNTHETIC_OPERATIONAL_RECORD
DISP-01636,RCPT-2026-11635,MED-0100,Metformin 500mg (Glycomet 500) (Formula 100),BATCH-0324,VIL423,2028-02-14,CUST-0136,Sandhya Desai,+91 9820901547,5,58.2,291.0,PHARM-HIST-0010,Meera Krishnan,2026-07-30T09:29:00Z,2026-07-30,True,pharmaflow-main,SYNTHETIC_OPERATIONAL_RECORD
DISP-01637,RCPT-2026-11636,MED-0101,Metformin 1000mg SR (Glucophage) (Formula 101),BATCH-0325,RAB424,2027-12-11,CUST-0137,Prashanth Shenoy,+91 9876845536,15,88.4,1326.0,PHARM-HIST-0011,Aditya Kulkarni,2026-08-11T01:50:00Z,2026-08-11,True,pharmaflow-main,SYNTHETIC_OPERATIONAL_RECORD
DISP-01638,RCPT-2026-11637,MED-0102,Pantoprazole 40mg (Pan 40) (Formula 102),BATCH-0326,COU425,2026-12-26,CUST-0138,Swetha Krishnan,+91 8049920898,30,114.6,3438.0,PHARM-KA-2022-7212,Deepak R,2026-09-18T09:43:00Z,2026-09-18,True,pharmaflow-main,SYNTHETIC_OPERATIONAL_RECORD
DISP-01639,RCPT-2026-11638,MED-0103,Pantoprazole + Domperidone (Pan-D) (Formula 103),BATCH-0327,ORA426,2027-09-24,CUST-0139,Rajesh Sharma,+91 7037383505,5,190.8,954.0,PHARM-HIST-0013,Nikhil Bhat,2026-08-23T00:55:00Z,2026-08-23,True,pharmaflow-main,SYNTHETIC_OPERATIONAL_RECORD
DISP-01640,RCPT-2026-11639,MED-0104,Omeprazole 20mg (Omez) (Formula 104),BATCH-0328,MUL427,2027-07-23,CUST-0140,Nandini Rao,+91 9459733063,20,91.0,1820.0,PHARM-KA-2022-7212,Deepak R,2026-09-15T13:11:00Z,2026-09-15,True,pharmaflow-main,SYNTHETIC_OPERATIONAL_RECORD
DISP-01641,RCPT-2026-11640,MED-0105,Telmisartan 40mg (Telma 40) (Formula 105),BATCH-0001,PCT101,2027-11-30,CUST-0141,Rahul Menon,+91 9670343755,20,141.2,2824.0,PHARM-HIST-0015,Gautam Pillai,2026-09-04T20:44:00Z,2026-09-04,True,pharmaflow-main,SYNTHETIC_OPERATIONAL_RECORD
DISP-01642,RCPT-2026-11641,MED-0106,Telmisartan + Amlodipine (Telma-AM) (Formula 106),BATCH-0002,VD102,2026-09-25,CUST-0142,Priya Verma,+91 8043322272,30,172.0,5160.0,PHARM-HIST-0016,Rashmi Nair,2026-07-17T07:53:00Z,2026-07-17,True,pharmaflow-main,SYNTHETIC_OPERATIONAL_RECORD
DISP-01643,RCPT-2026-11642,MED-0107,Atorvastatin 10mg (Atorva 10) (Formula 107),BATCH-0003,AMX204,2026-10-15,CUST-0143,Arun Hegde,+91 7079085198,15,141.2,2118.0,PHARM-HIST-0017,Varun Shenoy,2026-08-07T10:37:00Z,2026-08-07,True,pharmaflow-main,SYNTHETIC_OPERATIONAL_RECORD
DISP-01644,RCPT-2026-11643,MED-0108,Rosuvastatin 10mg (Rosuvas 10) (Formula 108),BATCH-0004,CTZ302,2027-01-15,CUST-0144,Kavya Gupta,+91 7042310051,30,174.4,5232.0,PHARM-HIST-0018,Geetha Radhakrishnan,2026-08-17T22:06:00Z,2026-08-17,True,pharmaflow-main,SYNTHETIC_OPERATIONAL_RECORD
DISP-01645,RCPT-2026-11644,MED-0109,Ciprofloxacin 500mg (Ciplox 500) (Formula 109),BATCH-0005,DEMO-EXP-001,2026-10-23,CUST-0145,Meena Joshi,+91 7048352498,20,97.6,1952.0,PHARM-HIST-0019,Manoj Patil,2026-06-12T14:52:00Z,2026-06-12,True,pharmaflow-main,SYNTHETIC_OPERATIONAL_RECORD
DISP-01646,RCPT-2026-11645,MED-0110,Ofloxacin + Ornidazole (O2) (Formula 110),BATCH-0006,DEMO-EXP-002,2026-10-08,CUST-0146,Deepak Nair,+91 9064123845,30,154.8,4644.0,PHARM-HIST-0020,Harini Sundaram,2026-08-22T19:06:00Z,2026-08-22,True,pharmaflow-main,SYNTHETIC_OPERATIONAL_RECORD
DISP-01647,RCPT-2026-11646,MED-0111,Montelukast + Levocetirizine (Montair-LC) (Formula 111),BATCH-0007,LEV106,2026-09-13,CUST-0147,Manish Patel,+91 9619869264,20,211.0,4220.0,PHARM-HIST-0021,Suresh Prabhu,2026-08-29T00:55:00Z,2026-08-29,True,pharmaflow-main,SYNTHETIC_OPERATIONAL_RECORD
DISP-01648,RCPT-2026-11647,MED-0112,Ibuprofen 400mg (Brufen 400) (Formula 112),BATCH-0008,AZI107,2026-09-22,CUST-0148,Deeps Sundaram,+91 9727268907,5,54.2,271.0,PHARM-HIST-0022,Deepa Namboodiri,2026-08-04T21:44:00Z,2026-08-04,True,pharmaflow-main,SYNTHETIC_OPERATIONAL_RECORD
DISP-01649,RCPT-2026-11648,MED-0113,Aceclofenac + Paracetamol (Zerodol-P) (Formula 113),BATCH-0009,AZI108,2026-10-03,CUST-0149,Suresh Pillai,+91 8077119320,10,92.0,920.0,PHARM-HIST-0023,Raghavendra Rao,2026-07-20T15:57:00Z,2026-07-20,True,pharmaflow-main,SYNTHETIC_OPERATIONAL_RECORD
DISP-01650,RCPT-2026-11649,MED-0114,Vildagliptin + Metformin (Galvus Met) (Formula 114),BATCH-0010,MET109,2026-09-24,CUST-0150,Lakshmi Bhat,+91 7029990477,10,301.2,3012.0,PHARM-HIST-0024,Kavita Acharya,2026-07-10T19:00:00Z,2026-07-10,True,pharmaflow-main,SYNTHETIC_OPERATIONAL_RECORD
DISP-01651,RCPT-2026-11650,MED-0115,Rabeprazole 20mg (Razo 20) (Formula 115),BATCH-0011,MET110,2026-09-24,CUST-0001,Rahul Kumar,+91 98450 48123,20,144.4,2888.0,PHARM-KA-2022-7212,Deepak R,2026-06-21T08:42:00Z,2026-06-21,True,pharmaflow-main,SYNTHETIC_OPERATIONAL_RECORD
DISP-01652,RCPT-2026-11651,MED-0116,Cough Syrup (Ascoril-D) (Formula 116),BATCH-0012,PAN111,2026-10-04,CUST-0002,Priya Sharma,+91 97312 90342,5,119.6,598.0,PHARM-KA-2022-7212,Deepak R,2026-09-17T17:35:00Z,2026-09-17,True,pharmaflow-main,SYNTHETIC_OPERATIONAL_RECORD
DISP-01653,RCPT-2026-11652,MED-0117,Oral Rehydration Salts (Electral ORS) (Formula 117),BATCH-0013,PAN112,2026-09-01,CUST-0003,Arun Kumar,+91 94480 77109,20,35.3,706.0,PHARM-KA-2022-7212,Deepak R,2026-09-09T23:05:00Z,2026-09-09,True,pharmaflow-main,SYNTHETIC_OPERATIONAL_RECORD
DISP-01654,RCPT-2026-11653,MED-0118,Multivitamin + Zinc (Becadexamin) (Formula 118),BATCH-0014,OME113,2026-09-23,CUST-0004,Kavya S,+91 99001 22584,20,68.0,1360.0,PHARM-HIST-0003,Karthik Subramanian,2026-07-15T09:38:00Z,2026-07-15,True,pharmaflow-main,SYNTHETIC_OPERATIONAL_RECORD
DISP-01655,RCPT-2026-11654,MED-0119,Thyroxine Sodium 50mcg (Thyronorm 50) (Formula 119),BATCH-0015,TEL114,2026-09-16,CUST-0005,Meena Devi,+91 96114 64190,20,174.2,3484.0,PHARM-HIST-0004,Divya Menon,2026-08-09T15:26:00Z,2026-08-09,True,pharmaflow-main,SYNTHETIC_OPERATIONAL_RECORD
DISP-01656,RCPT-2026-11655,MED-0120,Clopidogrel 75mg (Clopilet 75) (Formula 120),BATCH-0016,TEL115,2026-10-03,CUST-0006,Deepak,+91 93845 99028,5,162.0,810.0,PHARM-KA-2022-7212,Deepak R,2026-09-25T09:49:00Z,2026-09-25,True,pharmaflow-main,SYNTHETIC_OPERATIONAL_RECORD
DISP-01657,RCPT-2026-11656,MED-0121,Paracetamol 500mg (Formula 121),BATCH-0017,ATO116,2026-09-10,CUST-0007,Manish,+91 90802 04902,20,33.2,664.0,PHARM-HIST-0006,Ananya Sharma,2026-06-12T23:11:00Z,2026-06-12,True,pharmaflow-main,SYNTHETIC_OPERATIONAL_RECORD
DISP-01658,RCPT-2026-11657,MED-0122,Paracetamol 650mg (Dolo 650) (Formula 122),BATCH-0018,ROS117,2026-10-07,CUST-0008,Deeps,+91 80988 51999,5,44.4,222.0,PHARM-KA-2022-7212,Deepak R,2026-09-12T23:39:00Z,2026-09-12,True,pharmaflow-main,SYNTHETIC_OPERATIONAL_RECORD
DISP-01659,RCPT-2026-11658,MED-0123,Vitamin D3 60K (Calcirol) (Formula 123),BATCH-0019,CIP118,2026-10-05,CUST-0009,Suresh Pillai,+91 9445652586,20,89.6,1792.0,PHARM-HIST-0008,Pooja Hegde,2026-08-29T01:22:00Z,2026-08-29,True,pharmaflow-main,SYNTHETIC_OPERATIONAL_RECORD
DISP-01660,RCPT-2026-11659,MED-0124,Amoxicillin 500mg (Novamox) (Formula 124),BATCH-0020,OFL119,2026-09-10,CUST-0010,Lakshmi Bhat,+91 9668942178,20,127.8,2556.0,PHARM-KA-2022-7212,Deepak R,2026-09-10T13:13:00Z,2026-09-10,True,pharmaflow-main,SYNTHETIC_OPERATIONAL_RECORD
DISP-01661,RCPT-2026-11660,MED-0125,Amoxicillin + Clavulanic Acid 625mg (Augmentin) (Formula 125),BATCH-0021,MON120,2026-09-13,CUST-0011,Vignesh Murthy,+91 7068755000,5,221.0,1105.0,PHARM-KA-2022-7212,Deepak R,2026-09-24T03:31:00Z,2026-09-24,True,pharmaflow-main,SYNTHETIC_OPERATIONAL_RECORD
DISP-01662,RCPT-2026-11661,MED-0126,Cetirizine 10mg (Cetzine) (Formula 126),BATCH-0022,IBU121,2026-08-30,CUST-0012,Anitha Kumar,+91 9822257687,10,61.2,612.0,PHARM-HIST-0011,Aditya Kulkarni,2026-07-31T07:30:00Z,2026-07-31,True,pharmaflow-main,SYNTHETIC_OPERATIONAL_RECORD
DISP-01663,RCPT-2026-11662,MED-0127,Levocetirizine 5mg (Levocet) (Formula 127),BATCH-0023,ACE122,2026-08-29,CUST-0013,Ramesh Iyer,+91 9473149551,30,58.0,1740.0,PHARM-HIST-0012,Swati Deshmukh,2026-07-19T05:40:00Z,2026-07-19,True,pharmaflow-main,SYNTHETIC_OPERATIONAL_RECORD
DISP-01664,RCPT-2026-11663,MED-0128,Azithromycin 250mg (Azee 250) (Formula 128),BATCH-0024,VIL123,2026-09-17,CUST-0014,Sangeetha Reddy,+91 7022246348,20,148.2,2964.0,PHARM-KA-2022-7212,Deepak R,2026-10-03T16:11:00Z,2026-10-03,True,pharmaflow-main,SYNTHETIC_OPERATIONAL_RECORD
DISP-01665,RCPT-2026-11664,MED-0129,Azithromycin 500mg (Azithral 500) (Formula 129),BATCH-0025,RAB124,2026-09-24,CUST-0015,Vijay Gowda,+91 9065250068,20,221.4,4428.0,PHARM-KA-2022-7212,Deepak R,2026-10-01T00:10:00Z,2026-10-01,True,pharmaflow-main,SYNTHETIC_OPERATIONAL_RECORD
DISP-01666,RCPT-2026-11665,MED-0130,Metformin 500mg (Glycomet 500) (Formula 130),BATCH-0026,COU125,2026-09-15,CUST-0016,Sandhya Desai,+91 7021819185,10,64.6,646.0,PHARM-HIST-0015,Gautam Pillai,2026-08-09T05:57:00Z,2026-08-09,True,pharmaflow-main,SYNTHETIC_OPERATIONAL_RECORD
DISP-01667,RCPT-2026-11666,MED-0131,Metformin 1000mg SR (Glucophage) (Formula 131),BATCH-0027,ORA126,2026-10-01,CUST-0017,Prashanth Shenoy,+91 7065465150,20,94.8,1896.0,PHARM-HIST-0016,Rashmi Nair,2026-06-19T11:12:00Z,2026-06-19,True,pharmaflow-main,SYNTHETIC_OPERATIONAL_RECORD
DISP-01668,RCPT-2026-11667,MED-0132,Pantoprazole 40mg (Pan 40) (Formula 132),BATCH-0028,MUL127,2026-09-27,CUST-0018,Swetha Krishnan,+91 9945843681,10,121.0,1210.0,PHARM-HIST-0017,Varun Shenoy,2026-09-04T03:20:00Z,2026-09-04,True,pharmaflow-main,SYNTHETIC_OPERATIONAL_RECORD
DISP-01669,RCPT-2026-11668,MED-0133,Pantoprazole + Domperidone (Pan-D) (Formula 133),BATCH-0029,THY128,2026-09-30,CUST-0019,Rajesh Sharma,+91 9931257157,15,197.2,2958.0,PHARM-KA-2022-7212,Deepak R,2026-09-28T07:56:00Z,2026-09-28,True,pharmaflow-main,SYNTHETIC_OPERATIONAL_RECORD
DISP-01670,RCPT-2026-11669,MED-0134,Omeprazole 20mg (Omez) (Formula 134),BATCH-0030,CLO129,2026-09-02,CUST-0020,Nandini Rao,+91 9771934487,20,75.0,1500.0,PHARM-HIST-0019,Manoj Patil,2026-08-18T09:41:00Z,2026-08-18,True,pharmaflow-main,SYNTHETIC_OPERATIONAL_RECORD
DISP-01671,RCPT-2026-11670,MED-0135,Telmisartan 40mg (Telma 40) (Formula 135),BATCH-0031,PAR130,2026-10-15,CUST-0021,Rahul Menon,+91 9665766169,10,125.2,1252.0,PHARM-HIST-0020,Harini Sundaram,2026-06-18T22:27:00Z,2026-06-18,True,pharmaflow-main,SYNTHETIC_OPERATIONAL_RECORD
DISP-01672,RCPT-2026-11671,MED-0136,Telmisartan + Amlodipine (Telma-AM) (Formula 136),BATCH-0032,PAR131,2026-10-13,CUST-0022,Priya Verma,+91 8035583290,5,178.4,892.0,PHARM-HIST-0021,Suresh Prabhu,2026-07-15T03:49:00Z,2026-07-15,True,pharmaflow-main,SYNTHETIC_OPERATIONAL_RECORD
DISP-01673,RCPT-2026-11672,MED-0137,Atorvastatin 10mg (Atorva 10) (Formula 137),BATCH-0033,VIT132,2026-10-15,CUST-0023,Arun Hegde,+91 9610344303,15,147.6,2214.0,PHARM-KA-2022-7212,Deepak R,2026-09-26T22:39:00Z,2026-09-26,True,pharmaflow-main,SYNTHETIC_OPERATIONAL_RECORD
DISP-01674,RCPT-2026-11673,MED-0138,Rosuvastatin 10mg (Rosuvas 10) (Formula 138),BATCH-0034,AMO133,2026-10-14,CUST-0024,Kavya Gupta,+91 7056321751,20,180.8,3616.0,PHARM-KA-2022-7212,Deepak R,2026-09-17T05:38:00Z,2026-09-17,True,pharmaflow-main,SYNTHETIC_OPERATIONAL_RECORD
DISP-01675,RCPT-2026-11674,MED-0139,Ciprofloxacin 500mg (Ciplox 500) (Formula 139),BATCH-0035,AMO134,2026-10-12,CUST-0025,Meena Joshi,+91 9986745380,10,104.0,1040.0,PHARM-HIST-0024,Kavita Acharya,2026-08-07T20:26:00Z,2026-08-07,True,pharmaflow-main,SYNTHETIC_OPERATIONAL_RECORD
DISP-01676,RCPT-2026-11675,MED-0140,Ofloxacin + Ornidazole (O2) (Formula 140),BATCH-0036,CET135,2026-10-18,CUST-0026,Deepak Nair,+91 8061818612,30,161.2,4836.0,PHARM-KA-2022-7212,Deepak R,2026-07-10T22:38:00Z,2026-07-10,True,pharmaflow-main,SYNTHETIC_OPERATIONAL_RECORD
DISP-01677,RCPT-2026-11676,MED-0141,Montelukast + Levocetirizine (Montair-LC) (Formula 141),BATCH-0037,LEV136,2026-10-11,CUST-0027,Manish Patel,+91 9023470708,30,195.0,5850.0,PHARM-HIST-0001,Aravind Swaminathan,2026-08-20T11:25:00Z,2026-08-20,True,pharmaflow-main,SYNTHETIC_OPERATIONAL_RECORD
DISP-01678,RCPT-2026-11677,MED-0142,Ibuprofen 400mg (Brufen 400) (Formula 142),BATCH-0038,AZI137,2026-10-15,CUST-0028,Deeps Sundaram,+91 9465026398,30,38.2,1146.0,PHARM-KA-2022-7212,Deepak R,2026-09-13T09:14:00Z,2026-09-13,True,pharmaflow-main,SYNTHETIC_OPERATIONAL_RECORD
DISP-01679,RCPT-2026-11678,MED-0143,Aceclofenac + Paracetamol (Zerodol-P) (Formula 143),BATCH-0039,AZI138,2026-10-12,CUST-0029,Suresh Pillai,+91 8097219599,15,98.4,1476.0,PHARM-HIST-0003,Karthik Subramanian,2026-07-22T07:40:00Z,2026-07-22,True,pharmaflow-main,SYNTHETIC_OPERATIONAL_RECORD
DISP-01680,RCPT-2026-11679,MED-0144,Vildagliptin + Metformin (Galvus Met) (Formula 144),BATCH-0040,MET139,2026-10-13,CUST-0030,Lakshmi Bhat,+91 9741510328,20,307.6,6152.0,PHARM-KA-2022-7212,Deepak R,2026-10-07T07:03:00Z,2026-10-07,True,pharmaflow-main,SYNTHETIC_OPERATIONAL_RECORD
DISP-01681,RCPT-2026-11680,MED-0145,Rabeprazole 20mg (Razo 20) (Formula 145),BATCH-0041,MET140,2026-10-13,CUST-0031,Vignesh Murthy,+91 9769549527,15,150.8,2262.0,PHARM-HIST-0005,Rohan Mehta,2026-06-11T07:29:00Z,2026-06-11,True,pharmaflow-main,SYNTHETIC_OPERATIONAL_RECORD
DISP-01682,RCPT-2026-11681,MED-0146,Cough Syrup (Ascoril-D) (Formula 146),BATCH-0042,PAN141,2026-10-09,CUST-0032,Anitha Kumar,+91 9658112135,15,126.0,1890.0,PHARM-KA-2022-7212,Deepak R,2026-09-23T14:34:00Z,2026-09-23,True,pharmaflow-main,SYNTHETIC_OPERATIONAL_RECORD
DISP-01683,RCPT-2026-11682,MED-0147,Oral Rehydration Salts (Electral ORS) (Formula 147),BATCH-0043,PAN142,2026-10-14,CUST-0033,Ramesh Iyer,+91 9432814819,20,41.7,834.0,PHARM-HIST-0007,Venkatesh Iyer,2026-08-02T13:00:00Z,2026-08-02,True,pharmaflow-main,SYNTHETIC_OPERATIONAL_RECORD
DISP-01684,RCPT-2026-11683,MED-0148,Multivitamin + Zinc (Becadexamin) (Formula 148),BATCH-0044,OME143,2026-10-14,CUST-0034,Sangeetha Reddy,+91 9441163805,20,52.0,1040.0,PHARM-HIST-0008,Pooja Hegde,2026-06-10T07:20:00Z,2026-06-10,True,pharmaflow-main,SYNTHETIC_OPERATIONAL_RECORD
DISP-01685,RCPT-2026-11684,MED-0149,Thyroxine Sodium 50mcg (Thyronorm 50) (Formula 149),BATCH-0045,TEL144,2026-10-13,CUST-0035,Vijay Gowda,+91 9683363160,5,158.2,791.0,PHARM-HIST-0009,Sanjay Nambiar,2026-07-18T17:54:00Z,2026-07-18,True,pharmaflow-main,SYNTHETIC_OPERATIONAL_RECORD
DISP-01686,RCPT-2026-11685,MED-0150,Clopidogrel 75mg (Clopilet 75) (Formula 150),BATCH-0046,TEL145,2026-10-09,CUST-0036,Sandhya Desai,+91 9671315464,20,168.4,3368.0,PHARM-KA-2022-7212,Deepak R,2026-09-10T12:48:00Z,2026-09-10,True,pharmaflow-main,SYNTHETIC_OPERATIONAL_RECORD
DISP-01687,RCPT-2026-11686,MED-0151,Paracetamol 500mg (Formula 151),BATCH-0047,ATO146,2026-10-17,CUST-0037,Prashanth Shenoy,+91 8086762164,10,39.6,396.0,PHARM-HIST-0011,Aditya Kulkarni,2026-07-10T18:11:00Z,2026-07-10,True,pharmaflow-main,SYNTHETIC_OPERATIONAL_RECORD
DISP-01688,RCPT-2026-11687,MED-0152,Paracetamol 650mg (Dolo 650) (Formula 152),BATCH-0048,ROS147,2026-10-16,CUST-0038,Swetha Krishnan,+91 8046840133,15,50.8,762.0,PHARM-HIST-0012,Swati Deshmukh,2026-07-23T23:47:00Z,2026-07-23,True,pharmaflow-main,SYNTHETIC_OPERATIONAL_RECORD
DISP-01689,RCPT-2026-11688,MED-0153,Vitamin D3 60K (Calcirol) (Formula 153),BATCH-0049,CIP148,2026-10-11,CUST-0039,Rajesh Sharma,+91 9039394291,30,96.0,2880.0,PHARM-KA-2022-7212,Deepak R,2026-09-12T05:17:00Z,2026-09-12,True,pharmaflow-main,SYNTHETIC_OPERATIONAL_RECORD
DISP-01690,RCPT-2026-11689,MED-0154,Amoxicillin 500mg (Novamox) (Formula 154),BATCH-0050,OFL149,2026-10-12,CUST-0040,Nandini Rao,+91 9851464269,15,134.2,2013.0,PHARM-KA-2022-7212,Deepak R,2026-10-07T00:08:00Z,2026-10-07,True,pharmaflow-main,SYNTHETIC_OPERATIONAL_RECORD
DISP-01691,RCPT-2026-11690,MED-0155,Amoxicillin + Clavulanic Acid 625mg (Augmentin) (Formula 155),BATCH-0051,MON150,2026-10-14,CUST-0041,Rahul Menon,+91 9653851498,15,205.0,3075.0,PHARM-KA-2022-7212,Deepak R,2026-10-06T02:03:00Z,2026-10-06,True,pharmaflow-main,SYNTHETIC_OPERATIONAL_RECORD
DISP-01692,RCPT-2026-11691,MED-0156,Cetirizine 10mg (Cetzine) (Formula 156),BATCH-0052,IBU151,2026-10-10,CUST-0042,Priya Verma,+91 9632084778,20,45.2,904.0,PHARM-HIST-0016,Rashmi Nair,2026-08-05T08:16:00Z,2026-08-05,True,pharmaflow-main,SYNTHETIC_OPERATIONAL_RECORD
DISP-01693,RCPT-2026-11692,MED-0157,Levocetirizine 5mg (Levocet) (Formula 157),BATCH-0053,ACE152,2026-10-10,CUST-0043,Arun Hegde,+91 9440281491,20,64.4,1288.0,PHARM-HIST-0017,Varun Shenoy,2026-07-16T21:34:00Z,2026-07-16,True,pharmaflow-main,SYNTHETIC_OPERATIONAL_RECORD
DISP-01694,RCPT-2026-11693,MED-0158,Azithromycin 250mg (Azee 250) (Formula 158),BATCH-0054,VIL153,2026-10-16,CUST-0044,Kavya Gupta,+91 9845495029,30,154.6,4638.0,PHARM-HIST-0018,Geetha Radhakrishnan,2026-08-24T00:07:00Z,2026-08-24,True,pharmaflow-main,SYNTHETIC_OPERATIONAL_RECORD
DISP-01695,RCPT-2026-11694,MED-0159,Azithromycin 500mg (Azithral 500) (Formula 159),BATCH-0055,RAB154,2026-10-10,CUST-0045,Meena Joshi,+91 9024541967,15,227.8,3417.0,PHARM-HIST-0019,Manoj Patil,2026-08-14T19:12:00Z,2026-08-14,True,pharmaflow-main,SYNTHETIC_OPERATIONAL_RECORD
DISP-01696,RCPT-2026-11695,MED-0160,Metformin 500mg (Glycomet 500) (Formula 160),BATCH-0056,COU155,2026-10-11,CUST-0046,Deepak Nair,+91 9795282470,20,71.0,1420.0,PHARM-KA-2022-7212,Deepak R,2026-09-24T06:31:00Z,2026-09-24,True,pharmaflow-main,SYNTHETIC_OPERATIONAL_RECORD
DISP-01697,RCPT-2026-11696,MED-0161,Metformin 1000mg SR (Glucophage) (Formula 161),BATCH-0057,ORA156,2026-10-15,CUST-0047,Manish Patel,+91 9814994527,30,101.2,3036.0,PHARM-HIST-0021,Suresh Prabhu,2026-08-22T06:25:00Z,2026-08-22,True,pharmaflow-main,SYNTHETIC_OPERATIONAL_RECORD
DISP-01698,RCPT-2026-11697,MED-0162,Pantoprazole 40mg (Pan 40) (Formula 162),BATCH-0058,MUL157,2026-10-15,CUST-0048,Deeps Sundaram,+91 8070887034,20,105.0,2100.0,PHARM-KA-2022-7212,Deepak R,2026-09-17T18:33:00Z,2026-09-17,True,pharmaflow-main,SYNTHETIC_OPERATIONAL_RECORD
DISP-01699,RCPT-2026-11698,MED-0163,Pantoprazole + Domperidone (Pan-D) (Formula 163),BATCH-0059,THY158,2026-10-11,CUST-0049,Suresh Pillai,+91 9775679047,20,181.2,3624.0,PHARM-HIST-0023,Raghavendra Rao,2026-09-01T14:16:00Z,2026-09-01,True,pharmaflow-main,SYNTHETIC_OPERATIONAL_RECORD
DISP-01700,RCPT-2026-11699,MED-0164,Omeprazole 20mg (Omez) (Formula 164),BATCH-0060,CLO159,2026-10-11,CUST-0050,Lakshmi Bhat,+91 7041690501,30,81.4,2442.0,PHARM-HIST-0024,Kavita Acharya,2026-07-19T02:16:00Z,2026-07-19,True,pharmaflow-main,SYNTHETIC_OPERATIONAL_RECORD
DISP-01701,RCPT-2026-11700,MED-0165,Telmisartan 40mg (Telma 40) (Formula 165),BATCH-0061,PAR160,2026-10-13,CUST-0051,Vignesh Murthy,+91 9018126895,5,131.6,658.0,PHARM-KA-2022-7212,Deepak R,2026-06-10T08:55:00Z,2026-06-10,True,pharmaflow-main,SYNTHETIC_OPERATIONAL_RECORD
DISP-01702,RCPT-2026-11701,MED-0166,Telmisartan + Amlodipine (Telma-AM) (Formula 166),BATCH-0062,PAR161,2026-10-17,CUST-0052,Anitha Kumar,+91 9996128115,30,184.8,5544.0,PHARM-KA-2022-7212,Deepak R,2026-09-26T15:59:00Z,2026-09-26,True,pharmaflow-main,SYNTHETIC_OPERATIONAL_RECORD
DISP-01703,RCPT-2026-11702,MED-0167,Atorvastatin 10mg (Atorva 10) (Formula 167),BATCH-0063,VIT162,2026-10-13,CUST-0053,Ramesh Iyer,+91 9919208698,20,154.0,3080.0,PHARM-HIST-0002,Sneha Rao,2026-06-10T22:54:00Z,2026-06-10,True,pharmaflow-main,SYNTHETIC_OPERATIONAL_RECORD
DISP-01704,RCPT-2026-11703,MED-0168,Rosuvastatin 10mg (Rosuvas 10) (Formula 168),BATCH-0064,AMO163,2026-10-12,CUST-0054,Sangeetha Reddy,+91 9489991301,30,187.2,5616.0,PHARM-HIST-0003,Karthik Subramanian,2026-07-04T16:01:00Z,2026-07-04,True,pharmaflow-main,SYNTHETIC_OPERATIONAL_RECORD
DISP-01705,RCPT-2026-11704,MED-0169,Ciprofloxacin 500mg (Ciplox 500) (Formula 169),BATCH-0065,AMO164,2026-10-12,CUST-0055,Vijay Gowda,+91 9827690330,30,88.0,2640.0,PHARM-KA-2022-7212,Deepak R,2026-09-25T15:32:00Z,2026-09-25,True,pharmaflow-main,SYNTHETIC_OPERATIONAL_RECORD
DISP-01706,RCPT-2026-11705,MED-0170,Ofloxacin + Ornidazole (O2) (Formula 170),BATCH-0066,CET165,2026-10-19,CUST-0056,Sandhya Desai,+91 9617032877,15,145.2,2178.0,PHARM-HIST-0005,Rohan Mehta,2026-07-26T10:18:00Z,2026-07-26,True,pharmaflow-main,SYNTHETIC_OPERATIONAL_RECORD
DISP-01707,RCPT-2026-11706,MED-0171,Montelukast + Levocetirizine (Montair-LC) (Formula 171),BATCH-0067,LEV166,2026-10-30,CUST-0057,Prashanth Shenoy,+91 7058592048,10,201.4,2014.0,PHARM-HIST-0006,Ananya Sharma,2026-06-20T22:47:00Z,2026-06-20,True,pharmaflow-main,SYNTHETIC_OPERATIONAL_RECORD
DISP-01708,RCPT-2026-11707,MED-0172,Ibuprofen 400mg (Brufen 400) (Formula 172),BATCH-0068,AZI167,2026-10-30,CUST-0058,Swetha Krishnan,+91 9671477426,20,44.6,892.0,PHARM-HIST-0007,Venkatesh Iyer,2026-06-30T21:25:00Z,2026-06-30,True,pharmaflow-main,SYNTHETIC_OPERATIONAL_RECORD
DISP-01709,RCPT-2026-11708,MED-0173,Aceclofenac + Paracetamol (Zerodol-P) (Formula 173),BATCH-0069,AZI168,2026-10-31,CUST-0059,Rajesh Sharma,+91 9775802771,20,104.8,2096.0,PHARM-KA-2022-7212,Deepak R,2026-09-24T05:06:00Z,2026-09-24,True,pharmaflow-main,SYNTHETIC_OPERATIONAL_RECORD
DISP-01710,RCPT-2026-11709,MED-0174,Vildagliptin + Metformin (Galvus Met) (Formula 174),BATCH-0070,MET169,2026-10-29,CUST-0060,Nandini Rao,+91 9726937148,20,314.0,6280.0,PHARM-KA-2022-7212,Deepak R,2026-09-23T00:10:00Z,2026-09-23,True,pharmaflow-main,SYNTHETIC_OPERATIONAL_RECORD
DISP-01711,RCPT-2026-11710,MED-0175,Rabeprazole 20mg (Razo 20) (Formula 175),BATCH-0071,MET170,2026-10-27,CUST-0061,Rahul Menon,+91 8023311507,20,157.2,3144.0,PHARM-HIST-0010,Meera Krishnan,2026-08-16T15:15:00Z,2026-08-16,True,pharmaflow-main,SYNTHETIC_OPERATIONAL_RECORD
DISP-01712,RCPT-2026-11711,MED-0176,Cough Syrup (Ascoril-D) (Formula 176),BATCH-0072,PAN171,2026-11-04,CUST-0062,Priya Verma,+91 9965541117,10,110.0,1100.0,PHARM-KA-2022-7212,Deepak R,2026-10-08T00:10:00Z,2026-10-08,True,pharmaflow-main,SYNTHETIC_OPERATIONAL_RECORD
DISP-01713,RCPT-2026-11712,MED-0177,Oral Rehydration Salts (Electral ORS) (Formula 177),BATCH-0073,PAN172,2026-10-26,CUST-0063,Arun Hegde,+91 9099269266,15,25.7,385.5,PHARM-HIST-0012,Swati Deshmukh,2026-08-05T02:43:00Z,2026-08-05,True,pharmaflow-main,SYNTHETIC_OPERATIONAL_RECORD
DISP-01714,RCPT-2026-11713,MED-0178,Multivitamin + Zinc (Becadexamin) (Formula 178),BATCH-0074,OME173,2026-10-26,CUST-0064,Kavya Gupta,+91 9722513132,10,58.4,584.0,PHARM-HIST-0013,Nikhil Bhat,2026-08-29T22:17:00Z,2026-08-29,True,pharmaflow-main,SYNTHETIC_OPERATIONAL_RECORD
DISP-01715,RCPT-2026-11714,MED-0179,Thyroxine Sodium 50mcg (Thyronorm 50) (Formula 179),BATCH-0075,TEL174,2026-10-26,CUST-0065,Meena Joshi,+91 9099927658,5,164.6,823.0,PHARM-KA-2022-7212,Deepak R,2026-10-07T22:58:00Z,2026-10-07,True,pharmaflow-main,SYNTHETIC_OPERATIONAL_RECORD
DISP-01716,RCPT-2026-11715,MED-0180,Clopidogrel 75mg (Clopilet 75) (Formula 180),BATCH-0076,TEL175,2026-10-31,CUST-0066,Deepak Nair,+91 9657197152,15,174.8,2622.0,PHARM-KA-2022-7212,Deepak R,2026-10-05T07:10:00Z,2026-10-05,True,pharmaflow-main,SYNTHETIC_OPERATIONAL_RECORD
DISP-01717,RCPT-2026-11716,MED-0181,Paracetamol 500mg (Formula 181),BATCH-0077,ATO176,2026-10-24,CUST-0067,Manish Patel,+91 9084660688,30,46.0,1380.0,PHARM-HIST-0016,Rashmi Nair,2026-06-22T19:08:00Z,2026-06-22,True,pharmaflow-main,SYNTHETIC_OPERATIONAL_RECORD
DISP-01718,RCPT-2026-11717,MED-0182,Paracetamol 650mg (Dolo 650) (Formula 182),BATCH-0078,ROS177,2026-10-30,CUST-0068,Deeps Sundaram,+91 9891737913,30,57.2,1716.0,PHARM-HIST-0017,Varun Shenoy,2026-08-29T01:50:00Z,2026-08-29,True,pharmaflow-main,SYNTHETIC_OPERATIONAL_RECORD
DISP-01719,RCPT-2026-11718,MED-0183,Vitamin D3 60K (Calcirol) (Formula 183),BATCH-0079,CIP178,2026-11-06,CUST-0069,Suresh Pillai,+91 9655610493,20,80.0,1600.0,PHARM-HIST-0018,Geetha Radhakrishnan,2026-08-14T04:25:00Z,2026-08-14,True,pharmaflow-main,SYNTHETIC_OPERATIONAL_RECORD
DISP-01720,RCPT-2026-11719,MED-0184,Amoxicillin 500mg (Novamox) (Formula 184),BATCH-0080,OFL179,2026-11-03,CUST-0070,Lakshmi Bhat,+91 9822315507,20,118.2,2364.0,PHARM-KA-2022-7212,Deepak R,2026-09-13T16:19:00Z,2026-09-13,True,pharmaflow-main,SYNTHETIC_OPERATIONAL_RECORD
DISP-01721,RCPT-2026-11720,MED-0185,Amoxicillin + Clavulanic Acid 625mg (Augmentin) (Formula 185),BATCH-0081,MON180,2026-11-03,CUST-0071,Vignesh Murthy,+91 9459667685,30,211.4,6342.0,PHARM-HIST-0020,Harini Sundaram,2026-06-24T10:09:00Z,2026-06-24,True,pharmaflow-main,SYNTHETIC_OPERATIONAL_RECORD
DISP-01722,RCPT-2026-11721,MED-0186,Cetirizine 10mg (Cetzine) (Formula 186),BATCH-0082,IBU181,2026-10-26,CUST-0072,Anitha Kumar,+91 9492924837,20,51.6,1032.0,PHARM-HIST-0021,Suresh Prabhu,2026-08-15T07:20:00Z,2026-08-15,True,pharmaflow-main,SYNTHETIC_OPERATIONAL_RECORD
DISP-01723,RCPT-2026-11722,MED-0187,Levocetirizine 5mg (Levocet) (Formula 187),BATCH-0083,ACE182,2026-11-04,CUST-0073,Ramesh Iyer,+91 7065590800,15,70.8,1062.0,PHARM-HIST-0022,Deepa Namboodiri,2026-07-07T06:35:00Z,2026-07-07,True,pharmaflow-main,SYNTHETIC_OPERATIONAL_RECORD
DISP-01724,RCPT-2026-11723,MED-0188,Azithromycin 250mg (Azee 250) (Formula 188),BATCH-0084,VIL183,2026-11-07,CUST-0074,Sangeetha Reddy,+91 7080723898,10,161.0,1610.0,PHARM-HIST-0023,Raghavendra Rao,2026-08-03T06:33:00Z,2026-08-03,True,pharmaflow-main,SYNTHETIC_OPERATIONAL_RECORD
DISP-01725,RCPT-2026-11724,MED-0189,Azithromycin 500mg (Azithral 500) (Formula 189),BATCH-0085,RAB184,2026-10-29,CUST-0075,Vijay Gowda,+91 9837437207,10,234.2,2342.0,PHARM-KA-2022-7212,Deepak R,2026-09-25T13:09:00Z,2026-09-25,True,pharmaflow-main,SYNTHETIC_OPERATIONAL_RECORD
DISP-01726,RCPT-2026-11725,MED-0190,Metformin 500mg (Glycomet 500) (Formula 190),BATCH-0086,COU185,2026-10-29,CUST-0076,Sandhya Desai,+91 9876757928,30,55.0,1650.0,PHARM-KA-2022-7212,Deepak R,2026-08-05T08:20:00Z,2026-08-05,True,pharmaflow-main,SYNTHETIC_OPERATIONAL_RECORD
DISP-01727,RCPT-2026-11726,MED-0191,Metformin 1000mg SR (Glucophage) (Formula 191),BATCH-0087,ORA186,2026-11-06,CUST-0077,Prashanth Shenoy,+91 9977144075,15,85.2,1278.0,PHARM-HIST-0001,Aravind Swaminathan,2026-06-29T23:07:00Z,2026-06-29,True,pharmaflow-main,SYNTHETIC_OPERATIONAL_RECORD
DISP-01728,RCPT-2026-11727,MED-0192,Pantoprazole 40mg (Pan 40) (Formula 192),BATCH-0088,MUL187,2026-11-04,CUST-0078,Swetha Krishnan,+91 9871707170,15,111.4,1671.0,PHARM-HIST-0002,Sneha Rao,2026-06-22T18:50:00Z,2026-06-22,True,pharmaflow-main,SYNTHETIC_OPERATIONAL_RECORD
DISP-01729,RCPT-2026-11728,MED-0193,Pantoprazole + Domperidone (Pan-D) (Formula 193),BATCH-0089,THY188,2026-10-31,CUST-0079,Rajesh Sharma,+91 8048858073,5,187.6,938.0,PHARM-KA-2022-7212,Deepak R,2026-09-12T09:55:00Z,2026-09-12,True,pharmaflow-main,SYNTHETIC_OPERATIONAL_RECORD
DISP-01730,RCPT-2026-11729,MED-0194,Omeprazole 20mg (Omez) (Formula 194),BATCH-0090,CLO189,2026-10-28,CUST-0080,Nandini Rao,+91 9021828592,30,87.8,2634.0,PHARM-HIST-0004,Divya Menon,2026-08-14T11:20:00Z,2026-08-14,True,pharmaflow-main,SYNTHETIC_OPERATIONAL_RECORD
DISP-01731,RCPT-2026-11730,MED-0195,Telmisartan 40mg (Telma 40) (Formula 195),BATCH-0091,PAR190,2026-11-01,CUST-0081,Rahul Menon,+91 8051644346,30,138.0,4140.0,PHARM-KA-2022-7212,Deepak R,2026-09-19T11:21:00Z,2026-09-19,True,pharmaflow-main,SYNTHETIC_OPERATIONAL_RECORD
DISP-01732,RCPT-2026-11731,MED-0196,Telmisartan + Amlodipine (Telma-AM) (Formula 196),BATCH-0092,PAR191,2026-10-29,CUST-0082,Priya Verma,+91 9781216573,20,191.2,3824.0,PHARM-HIST-0006,Ananya Sharma,2026-06-13T09:24:00Z,2026-06-13,True,pharmaflow-main,SYNTHETIC_OPERATIONAL_RECORD
DISP-01733,RCPT-2026-11732,MED-0197,Atorvastatin 10mg (Atorva 10) (Formula 197),BATCH-0093,VIT192,2026-11-07,CUST-0083,Arun Hegde,+91 9444355473,10,138.0,1380.0,PHARM-KA-2022-7212,Deepak R,2026-10-04T12:14:00Z,2026-10-04,True,pharmaflow-main,SYNTHETIC_OPERATIONAL_RECORD
DISP-01734,RCPT-2026-11733,MED-0198,Rosuvastatin 10mg (Rosuvas 10) (Formula 198),BATCH-0094,AMO193,2026-10-31,CUST-0084,Kavya Gupta,+91 7072270726,15,171.2,2568.0,PHARM-HIST-0008,Pooja Hegde,2026-08-10T15:20:00Z,2026-08-10,True,pharmaflow-main,SYNTHETIC_OPERATIONAL_RECORD
DISP-01735,RCPT-2026-11734,MED-0199,Ciprofloxacin 500mg (Ciplox 500) (Formula 199),BATCH-0095,AMO194,2026-10-28,CUST-0085,Meena Joshi,+91 7019165226,10,94.4,944.0,PHARM-KA-2022-7212,Deepak R,2026-09-15T04:19:00Z,2026-09-15,True,pharmaflow-main,SYNTHETIC_OPERATIONAL_RECORD
DISP-01736,RCPT-2026-11735,MED-0200,Ofloxacin + Ornidazole (O2) (Formula 200),BATCH-0096,CET195,2026-11-06,CUST-0086,Deepak Nair,+91 9751662236,10,151.6,1516.0,PHARM-HIST-0010,Meera Krishnan,2026-08-31T05:26:00Z,2026-08-31,True,pharmaflow-main,SYNTHETIC_OPERATIONAL_RECORD
DISP-01737,RCPT-2026-11736,MED-0201,Montelukast + Levocetirizine (Montair-LC) (Formula 201),BATCH-0097,LEV196,2026-11-06,CUST-0087,Manish Patel,+91 9792545028,15,207.8,3117.0,PHARM-HIST-0011,Aditya Kulkarni,2026-07-07T23:11:00Z,2026-07-07,True,pharmaflow-main,SYNTHETIC_OPERATIONAL_RECORD
DISP-01738,RCPT-2026-11737,MED-0202,Ibuprofen 400mg (Brufen 400) (Formula 202),BATCH-0098,AZI197,2026-11-07,CUST-0088,Deeps Sundaram,+91 9953154591,5,51.0,255.0,PHARM-HIST-0012,Swati Deshmukh,2026-07-16T10:43:00Z,2026-07-16,True,pharmaflow-main,SYNTHETIC_OPERATIONAL_RECORD
DISP-01739,RCPT-2026-11738,MED-0203,Aceclofenac + Paracetamol (Zerodol-P) (Formula 203),BATCH-0099,AZI198,2026-10-22,CUST-0089,Suresh Pillai,+91 9777719420,5,111.2,556.0,PHARM-HIST-0013,Nikhil Bhat,2026-06-11T07:20:00Z,2026-06-11,True,pharmaflow-main,SYNTHETIC_OPERATIONAL_RECORD
DISP-01740,RCPT-2026-11739,MED-0204,Vildagliptin + Metformin (Galvus Met) (Formula 204),BATCH-0100,MET199,2026-10-21,CUST-0090,Lakshmi Bhat,+91 9458841557,5,298.0,1490.0,PHARM-HIST-0014,Shalini Verma,2026-07-18T17:05:00Z,2026-07-18,True,pharmaflow-main,SYNTHETIC_OPERATIONAL_RECORD
DISP-01741,RCPT-2026-11740,MED-0205,Rabeprazole 20mg (Razo 20) (Formula 205),BATCH-0101,MET200,2026-10-24,CUST-0091,Vignesh Murthy,+91 9018846539,30,141.2,4236.0,PHARM-KA-2022-7212,Deepak R,2026-09-23T21:01:00Z,2026-09-23,True,pharmaflow-main,SYNTHETIC_OPERATIONAL_RECORD
DISP-01742,RCPT-2026-11741,MED-0206,Cough Syrup (Ascoril-D) (Formula 206),BATCH-0102,PAN201,2026-11-02,CUST-0092,Anitha Kumar,+91 9020939011,15,116.4,1746.0,PHARM-KA-2022-7212,Deepak R,2026-09-23T08:51:00Z,2026-09-23,True,pharmaflow-main,SYNTHETIC_OPERATIONAL_RECORD
DISP-01743,RCPT-2026-11742,MED-0207,Oral Rehydration Salts (Electral ORS) (Formula 207),BATCH-0103,PAN202,2026-10-26,CUST-0093,Ramesh Iyer,+91 9751551377,5,32.1,160.5,PHARM-HIST-0017,Varun Shenoy,2026-09-05T06:55:00Z,2026-09-05,True,pharmaflow-main,SYNTHETIC_OPERATIONAL_RECORD
DISP-01744,RCPT-2026-11743,MED-0208,Multivitamin + Zinc (Becadexamin) (Formula 208),BATCH-0104,OME203,2026-10-27,CUST-0094,Sangeetha Reddy,+91 9012446861,10,64.8,648.0,PHARM-HIST-0018,Geetha Radhakrishnan,2026-08-06T00:02:00Z,2026-08-06,True,pharmaflow-main,SYNTHETIC_OPERATIONAL_RECORD
DISP-01745,RCPT-2026-11744,MED-0209,Thyroxine Sodium 50mcg (Thyronorm 50) (Formula 209),BATCH-0105,TEL204,2026-10-20,CUST-0095,Vijay Gowda,+91 9928463709,5,171.0,855.0,PHARM-HIST-0019,Manoj Patil,2026-08-19T08:29:00Z,2026-08-19,True,pharmaflow-main,SYNTHETIC_OPERATIONAL_RECORD
DISP-01746,RCPT-2026-11745,MED-0210,Clopidogrel 75mg (Clopilet 75) (Formula 210),BATCH-0106,TEL205,2026-11-01,CUST-0096,Sandhya Desai,+91 9490161060,5,181.2,906.0,PHARM-HIST-0020,Harini Sundaram,2026-08-17T09:29:00Z,2026-08-17,True,pharmaflow-main,SYNTHETIC_OPERATIONAL_RECORD
DISP-01747,RCPT-2026-11746,MED-0211,Paracetamol 500mg (Formula 211),BATCH-0107,ATO206,2026-10-31,CUST-0097,Prashanth Shenoy,+91 8058895439,20,30.0,600.0,PHARM-KA-2022-7212,Deepak R,2026-09-11T14:34:00Z,2026-09-11,True,pharmaflow-main,SYNTHETIC_OPERATIONAL_RECORD
DISP-01748,RCPT-2026-11747,MED-0212,Paracetamol 650mg (Dolo 650) (Formula 212),BATCH-0108,ROS207,2026-10-22,CUST-0098,Swetha Krishnan,+91 9951536077,20,41.2,824.0,PHARM-HIST-0022,Deepa Namboodiri,2026-06-17T01:20:00Z,2026-06-17,True,pharmaflow-main,SYNTHETIC_OPERATIONAL_RECORD
DISP-01749,RCPT-2026-11748,MED-0213,Vitamin D3 60K (Calcirol) (Formula 213),BATCH-0109,CIP208,2026-11-06,CUST-0099,Rajesh Sharma,+91 8077498993,15,86.4,1296.0,PHARM-HIST-0023,Raghavendra Rao,2026-06-27T06:49:00Z,2026-06-27,True,pharmaflow-main,SYNTHETIC_OPERATIONAL_RECORD
DISP-01750,RCPT-2026-11749,MED-0214,Amoxicillin 500mg (Novamox) (Formula 214),BATCH-0110,OFL209,2026-10-26,CUST-0100,Nandini Rao,+91 7059823245,30,124.6,3738.0,PHARM-KA-2022-7212,Deepak R,2026-10-07T06:18:00Z,2026-10-07,True,pharmaflow-main,SYNTHETIC_OPERATIONAL_RECORD
DISP-01751,RCPT-2026-11750,MED-0215,Amoxicillin + Clavulanic Acid 625mg (Augmentin) (Formula 215),BATCH-0111,MON210,2026-10-20,CUST-0101,Rahul Menon,+91 7078901038,5,217.8,1089.0,PHARM-KA-2022-7212,Deepak R,2026-07-19T16:06:00Z,2026-07-19,True,pharmaflow-main,SYNTHETIC_OPERATIONAL_RECORD
DISP-01752,RCPT-2026-11751,MED-0216,Cetirizine 10mg (Cetzine) (Formula 216),BATCH-0112,IBU211,2026-10-27,CUST-0102,Priya Verma,+91 8017148018,20,58.0,1160.0,PHARM-KA-2022-7212,Deepak R,2026-09-23T01:38:00Z,2026-09-23,True,pharmaflow-main,SYNTHETIC_OPERATIONAL_RECORD
DISP-01753,RCPT-2026-11752,MED-0217,Levocetirizine 5mg (Levocet) (Formula 217),BATCH-0113,ACE212,2026-10-24,CUST-0103,Arun Hegde,+91 9913783268,5,77.2,386.0,PHARM-HIST-0002,Sneha Rao,2026-07-21T16:26:00Z,2026-07-21,True,pharmaflow-main,SYNTHETIC_OPERATIONAL_RECORD
DISP-01754,RCPT-2026-11753,MED-0218,Azithromycin 250mg (Azee 250) (Formula 218),BATCH-0114,VIL213,2026-11-05,CUST-0104,Kavya Gupta,+91 7028628439,15,145.0,2175.0,PHARM-KA-2022-7212,Deepak R,2026-09-17T19:13:00Z,2026-09-17,True,pharmaflow-main,SYNTHETIC_OPERATIONAL_RECORD
DISP-01755,RCPT-2026-11754,MED-0219,Azithromycin 500mg (Azithral 500) (Formula 219),BATCH-0115,RAB214,2026-11-07,CUST-0105,Meena Joshi,+91 9638944689,30,218.2,6546.0,PHARM-HIST-0004,Divya Menon,2026-06-12T08:48:00Z,2026-06-12,True,pharmaflow-main,SYNTHETIC_OPERATIONAL_RECORD
DISP-01756,RCPT-2026-11755,MED-0220,Metformin 500mg (Glycomet 500) (Formula 220),BATCH-0116,COU215,2026-11-01,CUST-0106,Deepak Nair,+91 9716408822,30,61.4,1842.0,PHARM-KA-2022-7212,Deepak R,2026-10-04T18:59:00Z,2026-10-04,True,pharmaflow-main,SYNTHETIC_OPERATIONAL_RECORD
DISP-01757,RCPT-2026-11756,MED-0221,Metformin 1000mg SR (Glucophage) (Formula 221),BATCH-0117,ORA216,2026-10-24,CUST-0107,Manish Patel,+91 9894819556,15,91.6,1374.0,PHARM-HIST-0006,Ananya Sharma,2026-08-04T07:47:00Z,2026-08-04,True,pharmaflow-main,SYNTHETIC_OPERATIONAL_RECORD
DISP-01758,RCPT-2026-11757,MED-0222,Pantoprazole 40mg (Pan 40) (Formula 222),BATCH-0118,MUL217,2026-10-25,CUST-0108,Deeps Sundaram,+91 9042287985,15,117.8,1767.0,PHARM-KA-2022-7212,Deepak R,2026-09-24T05:59:00Z,2026-09-24,True,pharmaflow-main,SYNTHETIC_OPERATIONAL_RECORD
DISP-01759,RCPT-2026-11758,MED-0223,Pantoprazole + Domperidone (Pan-D) (Formula 223),BATCH-0119,THY218,2026-11-05,CUST-0109,Suresh Pillai,+91 9780606503,10,194.0,1940.0,PHARM-KA-2022-7212,Deepak R,2026-09-21T04:55:00Z,2026-09-21,True,pharmaflow-main,SYNTHETIC_OPERATIONAL_RECORD
DISP-01760,RCPT-2026-11759,MED-0224,Omeprazole 20mg (Omez) (Formula 224),BATCH-0120,CLO219,2026-10-28,CUST-0110,Lakshmi Bhat,+91 8060103798,10,94.2,942.0,PHARM-HIST-0009,Sanjay Nambiar,2026-09-04T03:30:00Z,2026-09-04,True,pharmaflow-main,SYNTHETIC_OPERATIONAL_RECORD
DISP-01761,RCPT-2026-11760,MED-0225,Telmisartan 40mg (Telma 40) (Formula 225),BATCH-0121,PAR220,2026-12-28,CUST-0111,Vignesh Murthy,+91 9788101741,30,122.0,3660.0,PHARM-KA-2022-7212,Deepak R,2026-09-27T00:15:00Z,2026-09-27,True,pharmaflow-main,SYNTHETIC_OPERATIONAL_RECORD
DISP-01762,RCPT-2026-11761,MED-0226,Telmisartan + Amlodipine (Telma-AM) (Formula 226),BATCH-0122,PAR221,2027-04-14,CUST-0112,Anitha Kumar,+91 9096274567,20,175.2,3504.0,PHARM-HIST-0011,Aditya Kulkarni,2026-07-17T02:31:00Z,2026-07-17,True,pharmaflow-main,SYNTHETIC_OPERATIONAL_RECORD
DISP-01763,RCPT-2026-11762,MED-0227,Atorvastatin 10mg (Atorva 10) (Formula 227),BATCH-0123,VIT222,2028-01-19,CUST-0113,Ramesh Iyer,+91 9771428713,10,144.4,1444.0,PHARM-HIST-0012,Swati Deshmukh,2026-08-13T19:35:00Z,2026-08-13,True,pharmaflow-main,SYNTHETIC_OPERATIONAL_RECORD
DISP-01764,RCPT-2026-11763,MED-0228,Rosuvastatin 10mg (Rosuvas 10) (Formula 228),BATCH-0124,AMO223,2028-03-13,CUST-0114,Sangeetha Reddy,+91 9679173614,15,177.6,2664.0,PHARM-HIST-0013,Nikhil Bhat,2026-09-06T06:48:00Z,2026-09-06,True,pharmaflow-main,SYNTHETIC_OPERATIONAL_RECORD
DISP-01765,RCPT-2026-11764,MED-0229,Ciprofloxacin 500mg (Ciplox 500) (Formula 229),BATCH-0125,AMO224,2027-06-07,CUST-0115,Vijay Gowda,+91 9016416148,30,100.8,3024.0,PHARM-HIST-0014,Shalini Verma,2026-08-19T08:23:00Z,2026-08-19,True,pharmaflow-main,SYNTHETIC_OPERATIONAL_RECORD
DISP-01766,RCPT-2026-11765,MED-0230,Ofloxacin + Ornidazole (O2) (Formula 230),BATCH-0126,CET225,2027-01-30,CUST-0116,Sandhya Desai,+91 8069020451,10,158.0,1580.0,PHARM-HIST-0015,Gautam Pillai,2026-08-30T06:10:00Z,2026-08-30,True,pharmaflow-main,SYNTHETIC_OPERATIONAL_RECORD
DISP-01767,RCPT-2026-11766,MED-0231,Montelukast + Levocetirizine (Montair-LC) (Formula 231),BATCH-0127,LEV226,2027-09-19,CUST-0117,Prashanth Shenoy,+91 9621087928,20,214.2,4284.0,PHARM-HIST-0016,Rashmi Nair,2026-07-07T20:33:00Z,2026-07-07,True,pharmaflow-main,SYNTHETIC_OPERATIONAL_RECORD
DISP-01768,RCPT-2026-11767,MED-0232,Ibuprofen 400mg (Brufen 400) (Formula 232),BATCH-0128,AZI227,2027-08-06,CUST-0118,Swetha Krishnan,+91 9023770458,15,35.0,525.0,PHARM-HIST-0017,Varun Shenoy,2026-08-14T16:13:00Z,2026-08-14,True,pharmaflow-main,SYNTHETIC_OPERATIONAL_RECORD
DISP-01769,RCPT-2026-11768,MED-0233,Aceclofenac + Paracetamol (Zerodol-P) (Formula 233),BATCH-0129,AZI228,2027-12-09,CUST-0119,Rajesh Sharma,+91 8032366682,5,95.2,476.0,PHARM-HIST-0018,Geetha Radhakrishnan,2026-06-26T01:21:00Z,2026-06-26,True,pharmaflow-main,SYNTHETIC_OPERATIONAL_RECORD
DISP-01770,RCPT-2026-11769,MED-0234,Vildagliptin + Metformin (Galvus Met) (Formula 234),BATCH-0130,MET229,2027-11-21,CUST-0120,Nandini Rao,+91 8046850196,10,304.4,3044.0,PHARM-HIST-0019,Manoj Patil,2026-07-22T23:33:00Z,2026-07-22,True,pharmaflow-main,SYNTHETIC_OPERATIONAL_RECORD
DISP-01771,RCPT-2026-11770,MED-0235,Rabeprazole 20mg (Razo 20) (Formula 235),BATCH-0131,MET230,2027-08-04,CUST-0121,Rahul Menon,+91 9414179623,5,147.6,738.0,PHARM-HIST-0020,Harini Sundaram,2026-07-28T00:37:00Z,2026-07-28,True,pharmaflow-main,SYNTHETIC_OPERATIONAL_RECORD
DISP-01772,RCPT-2026-11771,MED-0236,Cough Syrup (Ascoril-D) (Formula 236),BATCH-0132,PAN231,2027-06-27,CUST-0122,Priya Verma,+91 9058607028,5,122.8,614.0,PHARM-HIST-0021,Suresh Prabhu,2026-08-12T06:04:00Z,2026-08-12,True,pharmaflow-main,SYNTHETIC_OPERATIONAL_RECORD
DISP-01773,RCPT-2026-11772,MED-0237,Oral Rehydration Salts (Electral ORS) (Formula 237),BATCH-0133,PAN232,2027-04-11,CUST-0123,Arun Hegde,+91 9069584522,20,38.5,770.0,PHARM-HIST-0022,Deepa Namboodiri,2026-08-04T03:23:00Z,2026-08-04,True,pharmaflow-main,SYNTHETIC_OPERATIONAL_RECORD
DISP-01774,RCPT-2026-11773,MED-0238,Multivitamin + Zinc (Becadexamin) (Formula 238),BATCH-0134,OME233,2027-02-03,CUST-0124,Kavya Gupta,+91 9643502308,30,71.2,2136.0,PHARM-HIST-0023,Raghavendra Rao,2026-08-31T16:08:00Z,2026-08-31,True,pharmaflow-main,SYNTHETIC_OPERATIONAL_RECORD
DISP-01775,RCPT-2026-11774,MED-0239,Thyroxine Sodium 50mcg (Thyronorm 50) (Formula 239),BATCH-0135,TEL234,2028-01-05,CUST-0125,Meena Joshi,+91 9644935501,5,155.0,775.0,PHARM-HIST-0024,Kavita Acharya,2026-08-23T23:59:00Z,2026-08-23,True,pharmaflow-main,SYNTHETIC_OPERATIONAL_RECORD
DISP-01776,RCPT-2026-11775,MED-0240,Clopidogrel 75mg (Clopilet 75) (Formula 240),BATCH-0136,TEL235,2027-12-09,CUST-0126,Deepak Nair,+91 9728217159,10,165.2,1652.0,PHARM-KA-2022-7212,Deepak R,2026-09-15T01:33:00Z,2026-09-15,True,pharmaflow-main,SYNTHETIC_OPERATIONAL_RECORD
DISP-01777,RCPT-2026-11776,MED-0241,Paracetamol 500mg (Formula 241),BATCH-0137,ATO236,2028-03-08,CUST-0127,Manish Patel,+91 9099635939,10,36.4,364.0,PHARM-HIST-0001,Aravind Swaminathan,2026-08-24T04:56:00Z,2026-08-24,True,pharmaflow-main,SYNTHETIC_OPERATIONAL_RECORD
DISP-01778,RCPT-2026-11777,MED-0242,Paracetamol 650mg (Dolo 650) (Formula 242),BATCH-0138,ROS237,2027-09-10,CUST-0128,Deeps Sundaram,+91 9458518659,10,47.6,476.0,PHARM-HIST-0002,Sneha Rao,2026-07-16T00:37:00Z,2026-07-16,True,pharmaflow-main,SYNTHETIC_OPERATIONAL_RECORD
DISP-01779,RCPT-2026-11778,MED-0243,Vitamin D3 60K (Calcirol) (Formula 243),BATCH-0139,CIP238,2026-12-13,CUST-0129,Suresh Pillai,+91 9858438711,5,92.8,464.0,PHARM-HIST-0003,Karthik Subramanian,2026-07-01T01:53:00Z,2026-07-01,True,pharmaflow-main,SYNTHETIC_OPERATIONAL_RECORD
DISP-01780,RCPT-2026-11779,MED-0244,Amoxicillin 500mg (Novamox) (Formula 244),BATCH-0140,OFL239,2027-04-07,CUST-0130,Lakshmi Bhat,+91 9751512297,15,131.0,1965.0,PHARM-HIST-0004,Divya Menon,2026-08-28T14:00:00Z,2026-08-28,True,pharmaflow-main,SYNTHETIC_OPERATIONAL_RECORD
DISP-01781,RCPT-2026-11780,MED-0245,Amoxicillin + Clavulanic Acid 625mg (Augmentin) (Formula 245),BATCH-0141,MON240,2027-05-04,CUST-0131,Vignesh Murthy,+91 9726821075,15,224.2,3363.0,PHARM-KA-2022-7212,Deepak R,2026-09-10T21:24:00Z,2026-09-10,True,pharmaflow-main,SYNTHETIC_OPERATIONAL_RECORD
DISP-01782,RCPT-2026-11781,MED-0246,Cetirizine 10mg (Cetzine) (Formula 246),BATCH-0142,IBU241,2027-03-17,CUST-0132,Anitha Kumar,+91 9483994695,5,42.0,210.0,PHARM-HIST-0006,Ananya Sharma,2026-06-15T04:25:00Z,2026-06-15,True,pharmaflow-main,SYNTHETIC_OPERATIONAL_RECORD
DISP-01783,RCPT-2026-11782,MED-0247,Levocetirizine 5mg (Levocet) (Formula 247),BATCH-0143,ACE242,2028-01-27,CUST-0133,Ramesh Iyer,+91 9779538491,10,61.2,612.0,PHARM-HIST-0007,Venkatesh Iyer,2026-08-20T02:22:00Z,2026-08-20,True,pharmaflow-main,SYNTHETIC_OPERATIONAL_RECORD
DISP-01784,RCPT-2026-11783,MED-0248,Azithromycin 250mg (Azee 250) (Formula 248),BATCH-0144,VIL243,2027-04-08,CUST-0134,Sangeetha Reddy,+91 9620584397,30,151.4,4542.0,PHARM-HIST-0008,Pooja Hegde,2026-08-02T05:54:00Z,2026-08-02,True,pharmaflow-main,SYNTHETIC_OPERATIONAL_RECORD
DISP-01785,RCPT-2026-11784,MED-0249,Azithromycin 500mg (Azithral 500) (Formula 249),BATCH-0145,RAB244,2027-01-15,CUST-0135,Vijay Gowda,+91 9777454225,5,224.6,1123.0,PHARM-HIST-0009,Sanjay Nambiar,2026-09-02T13:22:00Z,2026-09-02,True,pharmaflow-main,SYNTHETIC_OPERATIONAL_RECORD
DISP-01786,RCPT-2026-11785,MED-0250,Metformin 500mg (Glycomet 500) (Formula 250),BATCH-0146,COU245,2027-12-19,CUST-0136,Sandhya Desai,+91 9820901547,20,67.8,1356.0,PHARM-HIST-0010,Meera Krishnan,2026-07-26T15:34:00Z,2026-07-26,True,pharmaflow-main,SYNTHETIC_OPERATIONAL_RECORD
DISP-01787,RCPT-2026-11786,MED-0251,Metformin 1000mg SR (Glucophage) (Formula 251),BATCH-0147,ORA246,2028-04-23,CUST-0137,Prashanth Shenoy,+91 9876845536,10,98.0,980.0,PHARM-HIST-0011,Aditya Kulkarni,2026-08-29T01:48:00Z,2026-08-29,True,pharmaflow-main,SYNTHETIC_OPERATIONAL_RECORD
DISP-01788,RCPT-2026-11787,MED-0252,Pantoprazole 40mg (Pan 40) (Formula 252),BATCH-0148,MUL247,2028-04-26,CUST-0138,Swetha Krishnan,+91 8049920898,5,124.2,621.0,PHARM-KA-2022-7212,Deepak R,2026-10-01T20:29:00Z,2026-10-01,True,pharmaflow-main,SYNTHETIC_OPERATIONAL_RECORD
DISP-01789,RCPT-2026-11788,MED-0253,Pantoprazole + Domperidone (Pan-D) (Formula 253),BATCH-0149,THY248,2027-04-10,CUST-0139,Rajesh Sharma,+91 7037383505,5,178.0,890.0,PHARM-HIST-0013,Nikhil Bhat,2026-09-02T22:53:00Z,2026-09-02,True,pharmaflow-main,SYNTHETIC_OPERATIONAL_RECORD
DISP-01790,RCPT-2026-11789,MED-0254,Omeprazole 20mg (Omez) (Formula 254),BATCH-0150,CLO249,2027-02-24,CUST-0140,Nandini Rao,+91 9459733063,15,78.2,1173.0,PHARM-HIST-0014,Shalini Verma,2026-08-12T06:22:00Z,2026-08-12,True,pharmaflow-main,SYNTHETIC_OPERATIONAL_RECORD
DISP-01791,RCPT-2026-11790,MED-0255,Telmisartan 40mg (Telma 40) (Formula 255),BATCH-0151,PAR250,2027-08-27,CUST-0141,Rahul Menon,+91 9670343755,30,128.4,3852.0,PHARM-HIST-0015,Gautam Pillai,2026-07-24T23:45:00Z,2026-07-24,True,pharmaflow-main,SYNTHETIC_OPERATIONAL_RECORD
DISP-01792,RCPT-2026-11791,MED-0256,Telmisartan + Amlodipine (Telma-AM) (Formula 256),BATCH-0152,PAR251,2027-08-05,CUST-0142,Priya Verma,+91 8043322272,30,181.6,5448.0,PHARM-KA-2022-7212,Deepak R,2026-10-06T02:59:00Z,2026-10-06,True,pharmaflow-main,SYNTHETIC_OPERATIONAL_RECORD
DISP-01793,RCPT-2026-11792,MED-0257,Atorvastatin 10mg (Atorva 10) (Formula 257),BATCH-0153,VIT252,2028-03-06,CUST-0143,Arun Hegde,+91 7079085198,10,150.8,1508.0,PHARM-KA-2022-7212,Deepak R,2026-10-07T21:42:00Z,2026-10-07,True,pharmaflow-main,SYNTHETIC_OPERATIONAL_RECORD
DISP-01794,RCPT-2026-11793,MED-0258,Rosuvastatin 10mg (Rosuvas 10) (Formula 258),BATCH-0154,AMO253,2027-12-25,CUST-0144,Kavya Gupta,+91 7042310051,30,184.0,5520.0,PHARM-HIST-0018,Geetha Radhakrishnan,2026-06-22T23:58:00Z,2026-06-22,True,pharmaflow-main,SYNTHETIC_OPERATIONAL_RECORD
DISP-01795,RCPT-2026-11794,MED-0259,Ciprofloxacin 500mg (Ciplox 500) (Formula 259),BATCH-0155,AMO254,2026-12-17,CUST-0145,Meena Joshi,+91 7048352498,15,107.2,1608.0,PHARM-HIST-0019,Manoj Patil,2026-06-12T19:58:00Z,2026-06-12,True,pharmaflow-main,SYNTHETIC_OPERATIONAL_RECORD
DISP-01796,RCPT-2026-11795,MED-0260,Ofloxacin + Ornidazole (O2) (Formula 260),BATCH-0156,CET255,2027-07-09,CUST-0146,Deepak Nair,+91 9064123845,20,142.0,2840.0,PHARM-HIST-0020,Harini Sundaram,2026-07-18T11:56:00Z,2026-07-18,True,pharmaflow-main,SYNTHETIC_OPERATIONAL_RECORD
DISP-01797,RCPT-2026-11796,MED-0261,Montelukast + Levocetirizine (Montair-LC) (Formula 261),BATCH-0157,LEV256,2027-08-10,CUST-0147,Manish Patel,+91 9619869264,15,198.2,2973.0,PHARM-KA-2022-7212,Deepak R,2026-09-25T22:14:00Z,2026-09-25,True,pharmaflow-main,SYNTHETIC_OPERATIONAL_RECORD
DISP-01798,RCPT-2026-11797,MED-0262,Ibuprofen 400mg (Brufen 400) (Formula 262),BATCH-0158,AZI257,2027-09-14,CUST-0148,Deeps Sundaram,+91 9727268907,15,41.4,621.0,PHARM-HIST-0022,Deepa Namboodiri,2026-09-03T01:12:00Z,2026-09-03,True,pharmaflow-main,SYNTHETIC_OPERATIONAL_RECORD
DISP-01799,RCPT-2026-11798,MED-0263,Aceclofenac + Paracetamol (Zerodol-P) (Formula 263),BATCH-0159,AZI258,2027-02-16,CUST-0149,Suresh Pillai,+91 8077119320,15,101.6,1524.0,PHARM-HIST-0023,Raghavendra Rao,2026-08-18T09:25:00Z,2026-08-18,True,pharmaflow-main,SYNTHETIC_OPERATIONAL_RECORD
DISP-01800,RCPT-2026-11799,MED-0264,Vildagliptin + Metformin (Galvus Met) (Formula 264),BATCH-0160,MET259,2028-02-04,CUST-0150,Lakshmi Bhat,+91 7029990477,20,310.8,6216.0,PHARM-HIST-0024,Kavita Acharya,2026-08-05T16:57:00Z,2026-08-05,True,pharmaflow-main,SYNTHETIC_OPERATIONAL_RECORD
DISP-01801,RCPT-2026-11800,MED-0265,Rabeprazole 20mg (Razo 20) (Formula 265),BATCH-0161,MET260,2027-02-07,CUST-0001,Rahul Kumar,+91 98450 48123,20,154.0,3080.0,PHARM-KA-2022-7212,Deepak R,2026-08-30T13:31:00Z,2026-08-30,True,pharmaflow-main,SYNTHETIC_OPERATIONAL_RECORD
DISP-01802,RCPT-2026-11801,MED-0266,Cough Syrup (Ascoril-D) (Formula 266),BATCH-0162,PAN261,2027-12-29,CUST-0002,Priya Sharma,+91 97312 90342,5,129.2,646.0,PHARM-HIST-0001,Aravind Swaminathan,2026-06-21T15:02:00Z,2026-06-21,True,pharmaflow-main,SYNTHETIC_OPERATIONAL_RECORD
DISP-01803,RCPT-2026-11802,MED-0267,Oral Rehydration Salts (Electral ORS) (Formula 267),BATCH-0163,PAN262,2027-11-25,CUST-0003,Arun Kumar,+91 94480 77109,5,22.5,112.5,PHARM-HIST-0002,Sneha Rao,2026-06-23T00:21:00Z,2026-06-23,True,pharmaflow-main,SYNTHETIC_OPERATIONAL_RECORD
DISP-01804,RCPT-2026-11803,MED-0268,Multivitamin + Zinc (Becadexamin) (Formula 268),BATCH-0164,OME263,2027-01-14,CUST-0004,Kavya S,+91 99001 22584,5,55.2,276.0,PHARM-KA-2022-7212,Deepak R,2026-10-05T04:57:00Z,2026-10-05,True,pharmaflow-main,SYNTHETIC_OPERATIONAL_RECORD
DISP-01805,RCPT-2026-11804,MED-0269,Thyroxine Sodium 50mcg (Thyronorm 50) (Formula 269),BATCH-0165,TEL264,2027-12-26,CUST-0005,Meena Devi,+91 96114 64190,20,161.4,3228.0,PHARM-KA-2022-7212,Deepak R,2026-09-21T08:40:00Z,2026-09-21,True,pharmaflow-main,SYNTHETIC_OPERATIONAL_RECORD
DISP-01806,RCPT-2026-11805,MED-0270,Clopidogrel 75mg (Clopilet 75) (Formula 270),BATCH-0166,TEL265,2028-04-27,CUST-0006,Deepak,+91 93845 99028,10,171.6,1716.0,PHARM-KA-2022-7212,Deepak R,2026-09-10T06:55:00Z,2026-09-10,True,pharmaflow-main,SYNTHETIC_OPERATIONAL_RECORD
DISP-01807,RCPT-2026-11806,MED-0271,Paracetamol 500mg (Formula 271),BATCH-0167,ATO266,2027-05-24,CUST-0007,Manish,+91 90802 04902,30,42.8,1284.0,PHARM-HIST-0006,Ananya Sharma,2026-07-08T00:08:00Z,2026-07-08,True,pharmaflow-main,SYNTHETIC_OPERATIONAL_RECORD
DISP-01808,RCPT-2026-11807,MED-0272,Paracetamol 650mg (Dolo 650) (Formula 272),BATCH-0168,ROS267,2027-07-21,CUST-0008,Deeps,+91 80988 51999,5,54.0,270.0,PHARM-KA-2022-7212,Deepak R,2026-10-07T13:05:00Z,2026-10-07,True,pharmaflow-main,SYNTHETIC_OPERATIONAL_RECORD
DISP-01809,RCPT-2026-11808,MED-0273,Vitamin D3 60K (Calcirol) (Formula 273),BATCH-0169,CIP268,2027-11-12,CUST-0009,Suresh Pillai,+91 9445652586,5,99.2,496.0,PHARM-HIST-0008,Pooja Hegde,2026-09-05T10:53:00Z,2026-09-05,True,pharmaflow-main,SYNTHETIC_OPERATIONAL_RECORD
DISP-01810,RCPT-2026-11809,MED-0274,Amoxicillin 500mg (Novamox) (Formula 274),BATCH-0170,OFL269,2027-11-20,CUST-0010,Lakshmi Bhat,+91 9668942178,15,115.0,1725.0,PHARM-HIST-0009,Sanjay Nambiar,2026-08-31T09:44:00Z,2026-08-31,True,pharmaflow-main,SYNTHETIC_OPERATIONAL_RECORD
DISP-01811,RCPT-2026-11810,MED-0275,Amoxicillin + Clavulanic Acid 625mg (Augmentin) (Formula 275),BATCH-0171,MON270,2027-03-14,CUST-0011,Vignesh Murthy,+91 7068755000,20,208.2,4164.0,PHARM-HIST-0010,Meera Krishnan,2026-07-11T16:10:00Z,2026-07-11,True,pharmaflow-main,SYNTHETIC_OPERATIONAL_RECORD
DISP-01812,RCPT-2026-11811,MED-0276,Cetirizine 10mg (Cetzine) (Formula 276),BATCH-0172,IBU271,2027-11-24,CUST-0012,Anitha Kumar,+91 9822257687,10,48.4,484.0,PHARM-HIST-0011,Aditya Kulkarni,2026-09-03T13:50:00Z,2026-09-03,True,pharmaflow-main,SYNTHETIC_OPERATIONAL_RECORD
DISP-01813,RCPT-2026-11812,MED-0277,Levocetirizine 5mg (Levocet) (Formula 277),BATCH-0173,ACE272,2027-05-08,CUST-0013,Ramesh Iyer,+91 9473149551,10,67.6,676.0,PHARM-HIST-0012,Swati Deshmukh,2026-07-25T21:53:00Z,2026-07-25,True,pharmaflow-main,SYNTHETIC_OPERATIONAL_RECORD
DISP-01814,RCPT-2026-11813,MED-0278,Azithromycin 250mg (Azee 250) (Formula 278),BATCH-0174,VIL273,2027-10-26,CUST-0014,Sangeetha Reddy,+91 7022246348,30,157.8,4734.0,PHARM-HIST-0013,Nikhil Bhat,2026-08-29T07:12:00Z,2026-08-29,True,pharmaflow-main,SYNTHETIC_OPERATIONAL_RECORD
DISP-01815,RCPT-2026-11814,MED-0279,Azithromycin 500mg (Azithral 500) (Formula 279),BATCH-0175,RAB274,2027-07-30,CUST-0015,Vijay Gowda,+91 9065250068,20,231.0,4620.0,PHARM-HIST-0014,Shalini Verma,2026-06-16T22:20:00Z,2026-06-16,True,pharmaflow-main,SYNTHETIC_OPERATIONAL_RECORD
DISP-01816,RCPT-2026-11815,MED-0280,Metformin 500mg (Glycomet 500) (Formula 280),BATCH-0176,COU275,2026-12-06,CUST-0016,Sandhya Desai,+91 7021819185,30,74.2,2226.0,PHARM-HIST-0015,Gautam Pillai,2026-07-15T08:27:00Z,2026-07-15,True,pharmaflow-main,SYNTHETIC_OPERATIONAL_RECORD
DISP-01817,RCPT-2026-11816,MED-0281,Metformin 1000mg SR (Glucophage) (Formula 281),BATCH-0177,ORA276,2027-06-15,CUST-0017,Prashanth Shenoy,+91 7065465150,20,82.0,1640.0,PHARM-HIST-0016,Rashmi Nair,2026-09-07T17:30:00Z,2026-09-07,True,pharmaflow-main,SYNTHETIC_OPERATIONAL_RECORD
DISP-01818,RCPT-2026-11817,MED-0282,Pantoprazole 40mg (Pan 40) (Formula 282),BATCH-0178,MUL277,2027-06-07,CUST-0018,Swetha Krishnan,+91 9945843681,20,108.2,2164.0,PHARM-HIST-0017,Varun Shenoy,2026-09-03T01:11:00Z,2026-09-03,True,pharmaflow-main,SYNTHETIC_OPERATIONAL_RECORD
DISP-01819,RCPT-2026-11818,MED-0283,Pantoprazole + Domperidone (Pan-D) (Formula 283),BATCH-0179,THY278,2028-04-16,CUST-0019,Rajesh Sharma,+91 9931257157,15,184.4,2766.0,PHARM-KA-2022-7212,Deepak R,2026-09-10T09:44:00Z,2026-09-10,True,pharmaflow-main,SYNTHETIC_OPERATIONAL_RECORD
DISP-01820,RCPT-2026-11819,MED-0284,Omeprazole 20mg (Omez) (Formula 284),BATCH-0180,CLO279,2026-11-17,CUST-0020,Nandini Rao,+91 9771934487,30,84.6,2538.0,PHARM-HIST-0019,Manoj Patil,2026-07-09T09:38:00Z,2026-07-09,True,pharmaflow-main,SYNTHETIC_OPERATIONAL_RECORD
DISP-01821,RCPT-2026-11820,MED-0285,Telmisartan 40mg (Telma 40) (Formula 285),BATCH-0181,PAR280,2026-11-16,CUST-0021,Rahul Menon,+91 9665766169,10,134.8,1348.0,PHARM-HIST-0020,Harini Sundaram,2026-06-24T04:18:00Z,2026-06-24,True,pharmaflow-main,SYNTHETIC_OPERATIONAL_RECORD
DISP-01822,RCPT-2026-11821,MED-0286,Telmisartan + Amlodipine (Telma-AM) (Formula 286),BATCH-0182,PAR281,2027-09-16,CUST-0022,Priya Verma,+91 8035583290,20,188.0,3760.0,PHARM-HIST-0021,Suresh Prabhu,2026-07-12T09:56:00Z,2026-07-12,True,pharmaflow-main,SYNTHETIC_OPERATIONAL_RECORD
DISP-01823,RCPT-2026-11822,MED-0287,Atorvastatin 10mg (Atorva 10) (Formula 287),BATCH-0183,VIT282,2027-08-16,CUST-0023,Arun Hegde,+91 9610344303,10,157.2,1572.0,PHARM-KA-2022-7212,Deepak R,2026-10-01T06:00:00Z,2026-10-01,True,pharmaflow-main,SYNTHETIC_OPERATIONAL_RECORD
DISP-01824,RCPT-2026-11823,MED-0288,Rosuvastatin 10mg (Rosuvas 10) (Formula 288),BATCH-0184,AMO283,2027-10-31,CUST-0024,Kavya Gupta,+91 7056321751,20,168.0,3360.0,PHARM-HIST-0023,Raghavendra Rao,2026-08-09T23:48:00Z,2026-08-09,True,pharmaflow-main,SYNTHETIC_OPERATIONAL_RECORD
DISP-01825,RCPT-2026-11824,MED-0289,Ciprofloxacin 500mg (Ciplox 500) (Formula 289),BATCH-0185,AMO284,2028-02-28,CUST-0025,Meena Joshi,+91 9986745380,30,91.2,2736.0,PHARM-KA-2022-7212,Deepak R,2026-09-25T01:47:00Z,2026-09-25,True,pharmaflow-main,SYNTHETIC_OPERATIONAL_RECORD
DISP-01826,RCPT-2026-11825,MED-0290,Ofloxacin + Ornidazole (O2) (Formula 290),BATCH-0186,CET285,2027-12-19,CUST-0026,Deepak Nair,+91 8061818612,15,148.4,2226.0,PHARM-KA-2022-7212,Deepak R,2026-07-02T19:28:00Z,2026-07-02,True,pharmaflow-main,SYNTHETIC_OPERATIONAL_RECORD
DISP-01827,RCPT-2026-11826,MED-0291,Montelukast + Levocetirizine (Montair-LC) (Formula 291),BATCH-0187,LEV286,2028-04-14,CUST-0027,Manish Patel,+91 9023470708,20,204.6,4092.0,PHARM-HIST-0001,Aravind Swaminathan,2026-07-03T02:15:00Z,2026-07-03,True,pharmaflow-main,SYNTHETIC_OPERATIONAL_RECORD
DISP-01828,RCPT-2026-11827,MED-0292,Ibuprofen 400mg (Brufen 400) (Formula 292),BATCH-0188,AZI287,2027-11-26,CUST-0028,Deeps Sundaram,+91 9465026398,30,47.8,1434.0,PHARM-HIST-0002,Sneha Rao,2026-07-17T07:06:00Z,2026-07-17,True,pharmaflow-main,SYNTHETIC_OPERATIONAL_RECORD
DISP-01829,RCPT-2026-11828,MED-0293,Aceclofenac + Paracetamol (Zerodol-P) (Formula 293),BATCH-0189,AZI288,2027-08-24,CUST-0029,Suresh Pillai,+91 8097219599,15,108.0,1620.0,PHARM-KA-2022-7212,Deepak R,2026-09-25T07:46:00Z,2026-09-25,True,pharmaflow-main,SYNTHETIC_OPERATIONAL_RECORD
DISP-01830,RCPT-2026-11829,MED-0294,Vildagliptin + Metformin (Galvus Met) (Formula 294),BATCH-0190,MET289,2028-03-15,CUST-0030,Lakshmi Bhat,+91 9741510328,30,317.2,9516.0,PHARM-HIST-0004,Divya Menon,2026-08-19T21:05:00Z,2026-08-19,True,pharmaflow-main,SYNTHETIC_OPERATIONAL_RECORD
DISP-01831,RCPT-2026-11830,MED-0295,Rabeprazole 20mg (Razo 20) (Formula 295),BATCH-0191,MET290,2027-10-06,CUST-0031,Vignesh Murthy,+91 9769549527,20,138.0,2760.0,PHARM-HIST-0005,Rohan Mehta,2026-08-04T05:11:00Z,2026-08-04,True,pharmaflow-main,SYNTHETIC_OPERATIONAL_RECORD
DISP-01832,RCPT-2026-11831,MED-0296,Cough Syrup (Ascoril-D) (Formula 296),BATCH-0192,PAN291,2027-09-09,CUST-0032,Anitha Kumar,+91 9658112135,20,113.2,2264.0,PHARM-KA-2022-7212,Deepak R,2026-09-14T09:43:00Z,2026-09-14,True,pharmaflow-main,SYNTHETIC_OPERATIONAL_RECORD
DISP-01833,RCPT-2026-11832,MED-0297,Oral Rehydration Salts (Electral ORS) (Formula 297),BATCH-0193,PAN292,2027-01-05,CUST-0033,Ramesh Iyer,+91 9432814819,30,28.9,867.0,PHARM-KA-2022-7212,Deepak R,2026-09-16T14:41:00Z,2026-09-16,True,pharmaflow-main,SYNTHETIC_OPERATIONAL_RECORD
DISP-01834,RCPT-2026-11833,MED-0298,Multivitamin + Zinc (Becadexamin) (Formula 298),BATCH-0194,OME293,2027-10-01,CUST-0034,Sangeetha Reddy,+91 9441163805,20,61.6,1232.0,PHARM-HIST-0008,Pooja Hegde,2026-07-18T08:51:00Z,2026-07-18,True,pharmaflow-main,SYNTHETIC_OPERATIONAL_RECORD
DISP-01835,RCPT-2026-11834,MED-0299,Thyroxine Sodium 50mcg (Thyronorm 50) (Formula 299),BATCH-0195,TEL294,2028-03-31,CUST-0035,Vijay Gowda,+91 9683363160,5,167.8,839.0,PHARM-HIST-0009,Sanjay Nambiar,2026-06-18T08:13:00Z,2026-06-18,True,pharmaflow-main,SYNTHETIC_OPERATIONAL_RECORD
DISP-01836,RCPT-2026-11835,MED-0300,Clopidogrel 75mg (Clopilet 75) (Formula 300),BATCH-0196,TEL295,2027-12-27,CUST-0036,Sandhya Desai,+91 9671315464,20,178.0,3560.0,PHARM-HIST-0010,Meera Krishnan,2026-09-08T11:03:00Z,2026-09-08,True,pharmaflow-main,SYNTHETIC_OPERATIONAL_RECORD
DISP-01837,RCPT-2026-11836,MED-0301,Paracetamol 500mg (Formula 301),BATCH-0197,ATO296,2027-05-21,CUST-0037,Prashanth Shenoy,+91 8086762164,20,49.2,984.0,PHARM-KA-2022-7212,Deepak R,2026-09-15T03:59:00Z,2026-09-15,True,pharmaflow-main,SYNTHETIC_OPERATIONAL_RECORD
DISP-01838,RCPT-2026-11837,MED-0302,Paracetamol 650mg (Dolo 650) (Formula 302),BATCH-0198,ROS297,2027-06-23,CUST-0038,Swetha Krishnan,+91 8046840133,15,38.0,570.0,PHARM-HIST-0012,Swati Deshmukh,2026-07-15T19:32:00Z,2026-07-15,True,pharmaflow-main,SYNTHETIC_OPERATIONAL_RECORD
DISP-01839,RCPT-2026-11838,MED-0303,Vitamin D3 60K (Calcirol) (Formula 303),BATCH-0199,CIP298,2027-11-10,CUST-0039,Rajesh Sharma,+91 9039394291,30,83.2,2496.0,PHARM-HIST-0013,Nikhil Bhat,2026-09-05T08:01:00Z,2026-09-05,True,pharmaflow-main,SYNTHETIC_OPERATIONAL_RECORD
DISP-01840,RCPT-2026-11839,MED-0304,Amoxicillin 500mg (Novamox) (Formula 304),BATCH-0200,OFL299,2027-05-12,CUST-0040,Nandini Rao,+91 9851464269,10,121.4,1214.0,PHARM-KA-2022-7212,Deepak R,2026-09-28T00:33:00Z,2026-09-28,True,pharmaflow-main,SYNTHETIC_OPERATIONAL_RECORD
DISP-01841,RCPT-2026-11840,MED-0305,Amoxicillin + Clavulanic Acid 625mg (Augmentin) (Formula 305),BATCH-0201,MON300,2027-03-19,CUST-0041,Rahul Menon,+91 9653851498,20,214.6,4292.0,PHARM-KA-2022-7212,Deepak R,2026-09-18T23:28:00Z,2026-09-18,True,pharmaflow-main,SYNTHETIC_OPERATIONAL_RECORD
DISP-01842,RCPT-2026-11841,MED-0306,Cetirizine 10mg (Cetzine) (Formula 306),BATCH-0202,IBU301,2027-05-14,CUST-0042,Priya Verma,+91 9632084778,20,54.8,1096.0,PHARM-HIST-0016,Rashmi Nair,2026-08-04T01:57:00Z,2026-08-04,True,pharmaflow-main,SYNTHETIC_OPERATIONAL_RECORD
DISP-01843,RCPT-2026-11842,MED-0307,Levocetirizine 5mg (Levocet) (Formula 307),BATCH-0203,ACE302,2027-02-07,CUST-0043,Arun Hegde,+91 9440281491,5,74.0,370.0,PHARM-HIST-0017,Varun Shenoy,2026-09-04T00:54:00Z,2026-09-04,True,pharmaflow-main,SYNTHETIC_OPERATIONAL_RECORD
DISP-01844,RCPT-2026-11843,MED-0308,Azithromycin 250mg (Azee 250) (Formula 308),BATCH-0204,VIL303,2027-09-18,CUST-0044,Kavya Gupta,+91 9845495029,20,164.2,3284.0,PHARM-HIST-0018,Geetha Radhakrishnan,2026-07-16T23:14:00Z,2026-07-16,True,pharmaflow-main,SYNTHETIC_OPERATIONAL_RECORD
DISP-01845,RCPT-2026-11844,MED-0309,Azithromycin 500mg (Azithral 500) (Formula 309),BATCH-0205,RAB304,2027-10-13,CUST-0045,Meena Joshi,+91 9024541967,20,215.0,4300.0,PHARM-KA-2022-7212,Deepak R,2026-09-14T02:48:00Z,2026-09-14,True,pharmaflow-main,SYNTHETIC_OPERATIONAL_RECORD
DISP-01846,RCPT-2026-11845,MED-0310,Metformin 500mg (Glycomet 500) (Formula 310),BATCH-0206,COU305,2027-09-05,CUST-0046,Deepak Nair,+91 9795282470,30,58.2,1746.0,PHARM-KA-2022-7212,Deepak R,2026-09-15T16:43:00Z,2026-09-15,True,pharmaflow-main,SYNTHETIC_OPERATIONAL_RECORD
DISP-01847,RCPT-2026-11846,MED-0311,Metformin 1000mg SR (Glucophage) (Formula 311),BATCH-0207,ORA306,2028-03-03,CUST-0047,Manish Patel,+91 9814994527,20,88.4,1768.0,PHARM-HIST-0021,Suresh Prabhu,2026-07-22T20:27:00Z,2026-07-22,True,pharmaflow-main,SYNTHETIC_OPERATIONAL_RECORD
DISP-01848,RCPT-2026-11847,MED-0312,Pantoprazole 40mg (Pan 40) (Formula 312),BATCH-0208,MUL307,2027-01-19,CUST-0048,Deeps Sundaram,+91 8070887034,10,114.6,1146.0,PHARM-KA-2022-7212,Deepak R,2026-09-24T14:57:00Z,2026-09-24,True,pharmaflow-main,SYNTHETIC_OPERATIONAL_RECORD
DISP-01849,RCPT-2026-11848,MED-0313,Pantoprazole + Domperidone (Pan-D) (Formula 313),BATCH-0209,THY308,2027-03-10,CUST-0049,Suresh Pillai,+91 9775679047,5,190.8,954.0,PHARM-KA-2022-7212,Deepak R,2026-09-24T04:53:00Z,2026-09-24,True,pharmaflow-main,SYNTHETIC_OPERATIONAL_RECORD
DISP-01850,RCPT-2026-11849,MED-0314,Omeprazole 20mg (Omez) (Formula 314),BATCH-0210,CLO309,2027-09-09,CUST-0050,Lakshmi Bhat,+91 7041690501,15,91.0,1365.0,PHARM-HIST-0024,Kavita Acharya,2026-06-16T10:24:00Z,2026-06-16,True,pharmaflow-main,SYNTHETIC_OPERATIONAL_RECORD
DISP-01851,RCPT-2026-11850,MED-0315,Telmisartan 40mg (Telma 40) (Formula 315),BATCH-0211,PAR310,2027-03-28,CUST-0051,Vignesh Murthy,+91 9018126895,5,141.2,706.0,PHARM-KA-2022-7212,Deepak R,2026-09-08T09:26:00Z,2026-09-08,True,pharmaflow-main,SYNTHETIC_OPERATIONAL_RECORD
DISP-01852,RCPT-2026-11851,MED-0316,Telmisartan + Amlodipine (Telma-AM) (Formula 316),BATCH-0212,PAR311,2028-02-19,CUST-0052,Anitha Kumar,+91 9996128115,30,172.0,5160.0,PHARM-HIST-0001,Aravind Swaminathan,2026-09-03T04:04:00Z,2026-09-03,True,pharmaflow-main,SYNTHETIC_OPERATIONAL_RECORD
DISP-01853,RCPT-2026-11852,MED-0317,Atorvastatin 10mg (Atorva 10) (Formula 317),BATCH-0213,VIT312,2027-01-29,CUST-0053,Ramesh Iyer,+91 9919208698,20,141.2,2824.0,PHARM-HIST-0002,Sneha Rao,2026-07-10T13:35:00Z,2026-07-10,True,pharmaflow-main,SYNTHETIC_OPERATIONAL_RECORD
DISP-01854,RCPT-2026-11853,MED-0318,Rosuvastatin 10mg (Rosuvas 10) (Formula 318),BATCH-0214,AMO313,2027-05-08,CUST-0054,Sangeetha Reddy,+91 9489991301,15,174.4,2616.0,PHARM-HIST-0003,Karthik Subramanian,2026-08-19T08:46:00Z,2026-08-19,True,pharmaflow-main,SYNTHETIC_OPERATIONAL_RECORD
DISP-01855,RCPT-2026-11854,MED-0319,Ciprofloxacin 500mg (Ciplox 500) (Formula 319),BATCH-0215,AMO314,2026-11-12,CUST-0055,Vijay Gowda,+91 9827690330,10,97.6,976.0,PHARM-HIST-0004,Divya Menon,2026-08-06T05:50:00Z,2026-08-06,True,pharmaflow-main,SYNTHETIC_OPERATIONAL_RECORD
DISP-01856,RCPT-2026-11855,MED-0320,Ofloxacin + Ornidazole (O2) (Formula 320),BATCH-0216,CET315,2027-04-29,CUST-0056,Sandhya Desai,+91 9617032877,30,154.8,4644.0,PHARM-HIST-0005,Rohan Mehta,2026-08-24T15:42:00Z,2026-08-24,True,pharmaflow-main,SYNTHETIC_OPERATIONAL_RECORD
DISP-01857,RCPT-2026-11856,MED-0321,Montelukast + Levocetirizine (Montair-LC) (Formula 321),BATCH-0217,LEV316,2028-03-23,CUST-0057,Prashanth Shenoy,+91 7058592048,5,211.0,1055.0,PHARM-HIST-0006,Ananya Sharma,2026-09-01T13:00:00Z,2026-09-01,True,pharmaflow-main,SYNTHETIC_OPERATIONAL_RECORD
DISP-01858,RCPT-2026-11857,MED-0322,Ibuprofen 400mg (Brufen 400) (Formula 322),BATCH-0218,AZI317,2028-01-21,CUST-0058,Swetha Krishnan,+91 9671477426,30,54.2,1626.0,PHARM-KA-2022-7212,Deepak R,2026-09-14T19:02:00Z,2026-09-14,True,pharmaflow-main,SYNTHETIC_OPERATIONAL_RECORD
DISP-01859,RCPT-2026-11858,MED-0323,Aceclofenac + Paracetamol (Zerodol-P) (Formula 323),BATCH-0219,AZI318,2027-12-05,CUST-0059,Rajesh Sharma,+91 9775802771,10,92.0,920.0,PHARM-HIST-0008,Pooja Hegde,2026-08-07T12:41:00Z,2026-08-07,True,pharmaflow-main,SYNTHETIC_OPERATIONAL_RECORD
DISP-01860,RCPT-2026-11859,MED-0324,Vildagliptin + Metformin (Galvus Met) (Formula 324),BATCH-0220,MET319,2027-05-31,CUST-0060,Nandini Rao,+91 9726937148,5,301.2,1506.0,PHARM-KA-2022-7212,Deepak R,2026-09-17T01:17:00Z,2026-09-17,True,pharmaflow-main,SYNTHETIC_OPERATIONAL_RECORD
DISP-01861,RCPT-2026-11860,MED-0325,Rabeprazole 20mg (Razo 20) (Formula 325),BATCH-0221,MET320,2028-05-04,CUST-0061,Rahul Menon,+91 8023311507,20,144.4,2888.0,PHARM-KA-2022-7212,Deepak R,2026-09-17T06:39:00Z,2026-09-17,True,pharmaflow-main,SYNTHETIC_OPERATIONAL_RECORD
DISP-01862,RCPT-2026-11861,MED-0326,Cough Syrup (Ascoril-D) (Formula 326),BATCH-0222,PAN321,2027-07-20,CUST-0062,Priya Verma,+91 9965541117,20,119.6,2392.0,PHARM-KA-2022-7212,Deepak R,2026-09-20T11:18:00Z,2026-09-20,True,pharmaflow-main,SYNTHETIC_OPERATIONAL_RECORD
DISP-01863,RCPT-2026-11862,MED-0327,Oral Rehydration Salts (Electral ORS) (Formula 327),BATCH-0223,PAN322,2027-09-23,CUST-0063,Arun Hegde,+91 9099269266,10,35.3,353.0,PHARM-HIST-0012,Swati Deshmukh,2026-08-15T01:59:00Z,2026-08-15,True,pharmaflow-main,SYNTHETIC_OPERATIONAL_RECORD
DISP-01864,RCPT-2026-11863,MED-0328,Multivitamin + Zinc (Becadexamin) (Formula 328),BATCH-0224,OME323,2028-04-06,CUST-0064,Kavya Gupta,+91 9722513132,5,68.0,340.0,PHARM-HIST-0013,Nikhil Bhat,2026-09-05T09:50:00Z,2026-09-05,True,pharmaflow-main,SYNTHETIC_OPERATIONAL_RECORD
DISP-01865,RCPT-2026-11864,MED-0329,Thyroxine Sodium 50mcg (Thyronorm 50) (Formula 329),BATCH-0225,TEL324,2027-01-13,CUST-0065,Meena Joshi,+91 9099927658,30,174.2,5226.0,PHARM-HIST-0014,Shalini Verma,2026-07-24T00:30:00Z,2026-07-24,True,pharmaflow-main,SYNTHETIC_OPERATIONAL_RECORD
DISP-01866,RCPT-2026-11865,MED-0330,Clopidogrel 75mg (Clopilet 75) (Formula 330),BATCH-0226,TEL325,2028-02-17,CUST-0066,Deepak Nair,+91 9657197152,10,162.0,1620.0,PHARM-KA-2022-7212,Deepak R,2026-10-07T20:05:00Z,2026-10-07,True,pharmaflow-main,SYNTHETIC_OPERATIONAL_RECORD
DISP-01867,RCPT-2026-11866,MED-0331,Paracetamol 500mg (Formula 331),BATCH-0227,ATO326,2027-10-19,CUST-0067,Manish Patel,+91 9084660688,5,33.2,166.0,PHARM-HIST-0016,Rashmi Nair,2026-08-09T08:58:00Z,2026-08-09,True,pharmaflow-main,SYNTHETIC_OPERATIONAL_RECORD
DISP-01868,RCPT-2026-11867,MED-0332,Paracetamol 650mg (Dolo 650) (Formula 332),BATCH-0228,ROS327,2027-10-24,CUST-0068,Deeps Sundaram,+91 9891737913,10,44.4,444.0,PHARM-HIST-0017,Varun Shenoy,2026-07-27T14:42:00Z,2026-07-27,True,pharmaflow-main,SYNTHETIC_OPERATIONAL_RECORD
DISP-01869,RCPT-2026-11868,MED-0333,Vitamin D3 60K (Calcirol) (Formula 333),BATCH-0229,CIP328,2027-04-25,CUST-0069,Suresh Pillai,+91 9655610493,10,89.6,896.0,PHARM-HIST-0018,Geetha Radhakrishnan,2026-08-01T19:50:00Z,2026-08-01,True,pharmaflow-main,SYNTHETIC_OPERATIONAL_RECORD
DISP-01870,RCPT-2026-11869,MED-0334,Amoxicillin 500mg (Novamox) (Formula 334),BATCH-0230,OFL329,2027-06-25,CUST-0070,Lakshmi Bhat,+91 9822315507,15,127.8,1917.0,PHARM-HIST-0019,Manoj Patil,2026-07-01T08:54:00Z,2026-07-01,True,pharmaflow-main,SYNTHETIC_OPERATIONAL_RECORD
DISP-01871,RCPT-2026-11870,MED-0335,Amoxicillin + Clavulanic Acid 625mg (Augmentin) (Formula 335),BATCH-0231,MON330,2028-04-07,CUST-0071,Vignesh Murthy,+91 9459667685,20,221.0,4420.0,PHARM-HIST-0020,Harini Sundaram,2026-06-27T12:39:00Z,2026-06-27,True,pharmaflow-main,SYNTHETIC_OPERATIONAL_RECORD
DISP-01872,RCPT-2026-11871,MED-0336,Cetirizine 10mg (Cetzine) (Formula 336),BATCH-0232,IBU331,2026-12-16,CUST-0072,Anitha Kumar,+91 9492924837,30,61.2,1836.0,PHARM-HIST-0021,Suresh Prabhu,2026-08-06T12:38:00Z,2026-08-06,True,pharmaflow-main,SYNTHETIC_OPERATIONAL_RECORD
DISP-01873,RCPT-2026-11872,MED-0337,Levocetirizine 5mg (Levocet) (Formula 337),BATCH-0233,ACE332,2028-05-08,CUST-0073,Ramesh Iyer,+91 7065590800,15,58.0,870.0,PHARM-HIST-0022,Deepa Namboodiri,2026-09-05T14:29:00Z,2026-09-05,True,pharmaflow-main,SYNTHETIC_OPERATIONAL_RECORD
DISP-01874,RCPT-2026-11873,MED-0338,Azithromycin 250mg (Azee 250) (Formula 338),BATCH-0234,VIL333,2026-12-27,CUST-0074,Sangeetha Reddy,+91 7080723898,15,148.2,2223.0,PHARM-HIST-0023,Raghavendra Rao,2026-08-22T22:00:00Z,2026-08-22,True,pharmaflow-main,SYNTHETIC_OPERATIONAL_RECORD
DISP-01875,RCPT-2026-11874,MED-0339,Azithromycin 500mg (Azithral 500) (Formula 339),BATCH-0235,RAB334,2026-12-27,CUST-0075,Vijay Gowda,+91 9837437207,30,221.4,6642.0,PHARM-HIST-0024,Kavita Acharya,2026-08-30T13:39:00Z,2026-08-30,True,pharmaflow-main,SYNTHETIC_OPERATIONAL_RECORD
DISP-01876,RCPT-2026-11875,MED-0340,Metformin 500mg (Glycomet 500) (Formula 340),BATCH-0236,COU335,2028-02-05,CUST-0076,Sandhya Desai,+91 9876757928,30,64.6,1938.0,PHARM-KA-2022-7212,Deepak R,2026-06-30T14:06:00Z,2026-06-30,True,pharmaflow-main,SYNTHETIC_OPERATIONAL_RECORD
DISP-01877,RCPT-2026-11876,MED-0341,Metformin 1000mg SR (Glucophage) (Formula 341),BATCH-0237,ORA336,2027-07-24,CUST-0077,Prashanth Shenoy,+91 9977144075,30,94.8,2844.0,PHARM-HIST-0001,Aravind Swaminathan,2026-08-08T08:43:00Z,2026-08-08,True,pharmaflow-main,SYNTHETIC_OPERATIONAL_RECORD
DISP-01878,RCPT-2026-11877,MED-0342,Pantoprazole 40mg (Pan 40) (Formula 342),BATCH-0238,MUL337,2027-06-06,CUST-0078,Swetha Krishnan,+91 9871707170,10,121.0,1210.0,PHARM-HIST-0002,Sneha Rao,2026-07-06T15:59:00Z,2026-07-06,True,pharmaflow-main,SYNTHETIC_OPERATIONAL_RECORD
DISP-01879,RCPT-2026-11878,MED-0343,Pantoprazole + Domperidone (Pan-D) (Formula 343),BATCH-0239,THY338,2026-11-17,CUST-0079,Rajesh Sharma,+91 8048858073,10,197.2,1972.0,PHARM-HIST-0003,Karthik Subramanian,2026-08-17T04:18:00Z,2026-08-17,True,pharmaflow-main,SYNTHETIC_OPERATIONAL_RECORD
DISP-01880,RCPT-2026-11879,MED-0344,Omeprazole 20mg (Omez) (Formula 344),BATCH-0240,CLO339,2027-02-19,CUST-0080,Nandini Rao,+91 9021828592,10,75.0,750.0,PHARM-HIST-0004,Divya Menon,2026-08-23T20:59:00Z,2026-08-23,True,pharmaflow-main,SYNTHETIC_OPERATIONAL_RECORD
DISP-01881,RCPT-2026-11880,MED-0345,Telmisartan 40mg (Telma 40) (Formula 345),BATCH-0241,PAR340,2027-03-28,CUST-0081,Rahul Menon,+91 8051644346,20,125.2,2504.0,PHARM-HIST-0005,Rohan Mehta,2026-07-26T12:16:00Z,2026-07-26,True,pharmaflow-main,SYNTHETIC_OPERATIONAL_RECORD
DISP-01882,RCPT-2026-11881,MED-0346,Telmisartan + Amlodipine (Telma-AM) (Formula 346),BATCH-0242,PAR341,2027-02-23,CUST-0082,Priya Verma,+91 9781216573,5,178.4,892.0,PHARM-HIST-0006,Ananya Sharma,2026-08-23T05:13:00Z,2026-08-23,True,pharmaflow-main,SYNTHETIC_OPERATIONAL_RECORD
DISP-01883,RCPT-2026-11882,MED-0347,Atorvastatin 10mg (Atorva 10) (Formula 347),BATCH-0243,VIT342,2027-03-08,CUST-0083,Arun Hegde,+91 9444355473,5,147.6,738.0,PHARM-KA-2022-7212,Deepak R,2026-09-13T23:20:00Z,2026-09-13,True,pharmaflow-main,SYNTHETIC_OPERATIONAL_RECORD
DISP-01884,RCPT-2026-11883,MED-0348,Rosuvastatin 10mg (Rosuvas 10) (Formula 348),BATCH-0244,AMO343,2028-03-31,CUST-0084,Kavya Gupta,+91 7072270726,30,180.8,5424.0,PHARM-HIST-0008,Pooja Hegde,2026-09-02T15:17:00Z,2026-09-02,True,pharmaflow-main,SYNTHETIC_OPERATIONAL_RECORD
DISP-01885,RCPT-2026-11884,MED-0349,Ciprofloxacin 500mg (Ciplox 500) (Formula 349),BATCH-0245,AMO344,2027-08-04,CUST-0085,Meena Joshi,+91 7019165226,30,104.0,3120.0,PHARM-HIST-0009,Sanjay Nambiar,2026-06-14T21:04:00Z,2026-06-14,True,pharmaflow-main,SYNTHETIC_OPERATIONAL_RECORD
DISP-01886,RCPT-2026-11885,MED-0350,Ofloxacin + Ornidazole (O2) (Formula 350),BATCH-0246,CET345,2028-01-01,CUST-0086,Deepak Nair,+91 9751662236,15,161.2,2418.0,PHARM-KA-2022-7212,Deepak R,2026-09-16T03:02:00Z,2026-09-16,True,pharmaflow-main,SYNTHETIC_OPERATIONAL_RECORD
DISP-01887,RCPT-2026-11886,MED-0351,Montelukast + Levocetirizine (Montair-LC) (Formula 351),BATCH-0247,LEV346,2028-05-22,CUST-0087,Manish Patel,+91 9792545028,30,195.0,5850.0,PHARM-HIST-0011,Aditya Kulkarni,2026-06-17T01:35:00Z,2026-06-17,True,pharmaflow-main,SYNTHETIC_OPERATIONAL_RECORD
DISP-01888,RCPT-2026-11887,MED-0352,Ibuprofen 400mg (Brufen 400) (Formula 352),BATCH-0248,AZI347,2027-10-12,CUST-0088,Deeps Sundaram,+91 9953154591,10,38.2,382.0,PHARM-HIST-0012,Swati Deshmukh,2026-08-16T03:41:00Z,2026-08-16,True,pharmaflow-main,SYNTHETIC_OPERATIONAL_RECORD
DISP-01889,RCPT-2026-11888,MED-0353,Aceclofenac + Paracetamol (Zerodol-P) (Formula 353),BATCH-0249,AZI348,2027-02-07,CUST-0089,Suresh Pillai,+91 9777719420,15,98.4,1476.0,PHARM-KA-2022-7212,Deepak R,2026-10-02T17:27:00Z,2026-10-02,True,pharmaflow-main,SYNTHETIC_OPERATIONAL_RECORD
DISP-01890,RCPT-2026-11889,MED-0354,Vildagliptin + Metformin (Galvus Met) (Formula 354),BATCH-0250,MET349,2028-03-27,CUST-0090,Lakshmi Bhat,+91 9458841557,20,307.6,6152.0,PHARM-HIST-0014,Shalini Verma,2026-06-23T16:53:00Z,2026-06-23,True,pharmaflow-main,SYNTHETIC_OPERATIONAL_RECORD
DISP-01891,RCPT-2026-11890,MED-0355,Rabeprazole 20mg (Razo 20) (Formula 355),BATCH-0251,MET350,2027-01-23,CUST-0091,Vignesh Murthy,+91 9018846539,15,150.8,2262.0,PHARM-HIST-0015,Gautam Pillai,2026-06-28T21:24:00Z,2026-06-28,True,pharmaflow-main,SYNTHETIC_OPERATIONAL_RECORD
DISP-01892,RCPT-2026-11891,MED-0356,Cough Syrup (Ascoril-D) (Formula 356),BATCH-0252,PAN351,2027-07-02,CUST-0092,Anitha Kumar,+91 9020939011,20,126.0,2520.0,PHARM-HIST-0016,Rashmi Nair,2026-09-02T09:00:00Z,2026-09-02,True,pharmaflow-main,SYNTHETIC_OPERATIONAL_RECORD
DISP-01893,RCPT-2026-11892,MED-0357,Oral Rehydration Salts (Electral ORS) (Formula 357),BATCH-0253,PAN352,2028-02-26,CUST-0093,Ramesh Iyer,+91 9751551377,20,41.7,834.0,PHARM-HIST-0017,Varun Shenoy,2026-06-11T14:51:00Z,2026-06-11,True,pharmaflow-main,SYNTHETIC_OPERATIONAL_RECORD
DISP-01894,RCPT-2026-11893,MED-0358,Multivitamin + Zinc (Becadexamin) (Formula 358),BATCH-0254,OME353,2026-12-18,CUST-0094,Sangeetha Reddy,+91 9012446861,15,52.0,780.0,PHARM-HIST-0018,Geetha Radhakrishnan,2026-07-13T07:27:00Z,2026-07-13,True,pharmaflow-main,SYNTHETIC_OPERATIONAL_RECORD
DISP-01895,RCPT-2026-11894,MED-0359,Thyroxine Sodium 50mcg (Thyronorm 50) (Formula 359),BATCH-0255,TEL354,2027-09-24,CUST-0095,Vijay Gowda,+91 9928463709,10,158.2,1582.0,PHARM-HIST-0019,Manoj Patil,2026-07-20T18:18:00Z,2026-07-20,True,pharmaflow-main,SYNTHETIC_OPERATIONAL_RECORD
DISP-01896,RCPT-2026-11895,MED-0360,Clopidogrel 75mg (Clopilet 75) (Formula 360),BATCH-0256,TEL355,2027-02-13,CUST-0096,Sandhya Desai,+91 9490161060,5,168.4,842.0,PHARM-HIST-0020,Harini Sundaram,2026-08-30T20:42:00Z,2026-08-30,True,pharmaflow-main,SYNTHETIC_OPERATIONAL_RECORD
DISP-01897,RCPT-2026-11896,MED-0361,Paracetamol 500mg (Formula 361),BATCH-0257,ATO356,2027-05-01,CUST-0097,Prashanth Shenoy,+91 8058895439,20,39.6,792.0,PHARM-HIST-0021,Suresh Prabhu,2026-06-28T03:00:00Z,2026-06-28,True,pharmaflow-main,SYNTHETIC_OPERATIONAL_RECORD
DISP-01898,RCPT-2026-11897,MED-0362,Paracetamol 650mg (Dolo 650) (Formula 362),BATCH-0258,ROS357,2027-08-09,CUST-0098,Swetha Krishnan,+91 9951536077,30,50.8,1524.0,PHARM-KA-2022-7212,Deepak R,2026-10-03T05:42:00Z,2026-10-03,True,pharmaflow-main,SYNTHETIC_OPERATIONAL_RECORD
DISP-01899,RCPT-2026-11898,MED-0363,Vitamin D3 60K (Calcirol) (Formula 363),BATCH-0259,CIP358,2027-05-14,CUST-0099,Rajesh Sharma,+91 8077498993,15,96.0,1440.0,PHARM-KA-2022-7212,Deepak R,2026-09-23T10:29:00Z,2026-09-23,True,pharmaflow-main,SYNTHETIC_OPERATIONAL_RECORD
DISP-01900,RCPT-2026-11899,MED-0364,Amoxicillin 500mg (Novamox) (Formula 364),BATCH-0260,OFL359,2028-02-18,CUST-0100,Nandini Rao,+91 7059823245,5,134.2,671.0,PHARM-KA-2022-7212,Deepak R,2026-10-07T22:38:00Z,2026-10-07,True,pharmaflow-main,SYNTHETIC_OPERATIONAL_RECORD
DISP-01901,RCPT-2026-11900,MED-0365,Amoxicillin + Clavulanic Acid 625mg (Augmentin) (Formula 365),BATCH-0261,MON360,2028-03-11,CUST-0101,Rahul Menon,+91 7078901038,15,205.0,3075.0,PHARM-KA-2022-7212,Deepak R,2026-10-02T03:52:00Z,2026-10-02,True,pharmaflow-main,SYNTHETIC_OPERATIONAL_RECORD
DISP-01902,RCPT-2026-11901,MED-0366,Cetirizine 10mg (Cetzine) (Formula 366),BATCH-0262,IBU361,2027-03-03,CUST-0102,Priya Verma,+91 8017148018,30,45.2,1356.0,PHARM-HIST-0001,Aravind Swaminathan,2026-06-18T02:10:00Z,2026-06-18,True,pharmaflow-main,SYNTHETIC_OPERATIONAL_RECORD
DISP-01903,RCPT-2026-11902,MED-0367,Levocetirizine 5mg (Levocet) (Formula 367),BATCH-0263,ACE362,2027-01-07,CUST-0103,Arun Hegde,+91 9913783268,5,64.4,322.0,PHARM-HIST-0002,Sneha Rao,2026-07-14T18:51:00Z,2026-07-14,True,pharmaflow-main,SYNTHETIC_OPERATIONAL_RECORD
DISP-01904,RCPT-2026-11903,MED-0368,Azithromycin 250mg (Azee 250) (Formula 368),BATCH-0264,VIL363,2028-03-16,CUST-0104,Kavya Gupta,+91 7028628439,10,154.6,1546.0,PHARM-HIST-0003,Karthik Subramanian,2026-07-09T03:51:00Z,2026-07-09,True,pharmaflow-main,SYNTHETIC_OPERATIONAL_RECORD
DISP-01905,RCPT-2026-11904,MED-0369,Azithromycin 500mg (Azithral 500) (Formula 369),BATCH-0265,RAB364,2027-05-12,CUST-0105,Meena Joshi,+91 9638944689,5,227.8,1139.0,PHARM-HIST-0004,Divya Menon,2026-08-13T17:02:00Z,2026-08-13,True,pharmaflow-main,SYNTHETIC_OPERATIONAL_RECORD
DISP-01906,RCPT-2026-11905,MED-0370,Metformin 500mg (Glycomet 500) (Formula 370),BATCH-0266,COU365,2027-11-10,CUST-0106,Deepak Nair,+91 9716408822,20,71.0,1420.0,PHARM-HIST-0005,Rohan Mehta,2026-09-01T04:58:00Z,2026-09-01,True,pharmaflow-main,SYNTHETIC_OPERATIONAL_RECORD
DISP-01907,RCPT-2026-11906,MED-0371,Metformin 1000mg SR (Glucophage) (Formula 371),BATCH-0267,ORA366,2028-03-16,CUST-0107,Manish Patel,+91 9894819556,20,101.2,2024.0,PHARM-HIST-0006,Ananya Sharma,2026-06-11T00:45:00Z,2026-06-11,True,pharmaflow-main,SYNTHETIC_OPERATIONAL_RECORD
DISP-01908,RCPT-2026-11907,MED-0372,Pantoprazole 40mg (Pan 40) (Formula 372),BATCH-0268,MUL367,2028-02-02,CUST-0108,Deeps Sundaram,+91 9042287985,5,105.0,525.0,PHARM-HIST-0007,Venkatesh Iyer,2026-08-14T23:03:00Z,2026-08-14,True,pharmaflow-main,SYNTHETIC_OPERATIONAL_RECORD
DISP-01909,RCPT-2026-11908,MED-0373,Pantoprazole + Domperidone (Pan-D) (Formula 373),BATCH-0269,THY368,2027-09-25,CUST-0109,Suresh Pillai,+91 9780606503,15,181.2,2718.0,PHARM-HIST-0008,Pooja Hegde,2026-06-16T03:02:00Z,2026-06-16,True,pharmaflow-main,SYNTHETIC_OPERATIONAL_RECORD
DISP-01910,RCPT-2026-11909,MED-0374,Omeprazole 20mg (Omez) (Formula 374),BATCH-0270,CLO369,2028-04-28,CUST-0110,Lakshmi Bhat,+91 8060103798,30,81.4,2442.0,PHARM-HIST-0009,Sanjay Nambiar,2026-07-24T02:49:00Z,2026-07-24,True,pharmaflow-main,SYNTHETIC_OPERATIONAL_RECORD
DISP-01911,RCPT-2026-11910,MED-0375,Telmisartan 40mg (Telma 40) (Formula 375),BATCH-0271,PAR370,2027-06-25,CUST-0111,Vignesh Murthy,+91 9788101741,15,131.6,1974.0,PHARM-HIST-0010,Meera Krishnan,2026-08-13T14:04:00Z,2026-08-13,True,pharmaflow-main,SYNTHETIC_OPERATIONAL_RECORD
DISP-01912,RCPT-2026-11911,MED-0376,Telmisartan + Amlodipine (Telma-AM) (Formula 376),BATCH-0272,PAR371,2028-04-22,CUST-0112,Anitha Kumar,+91 9096274567,10,184.8,1848.0,PHARM-HIST-0011,Aditya Kulkarni,2026-06-27T17:52:00Z,2026-06-27,True,pharmaflow-main,SYNTHETIC_OPERATIONAL_RECORD
DISP-01913,RCPT-2026-11912,MED-0377,Atorvastatin 10mg (Atorva 10) (Formula 377),BATCH-0273,VIT372,2027-02-13,CUST-0113,Ramesh Iyer,+91 9771428713,30,154.0,4620.0,PHARM-HIST-0012,Swati Deshmukh,2026-09-06T07:34:00Z,2026-09-06,True,pharmaflow-main,SYNTHETIC_OPERATIONAL_RECORD
DISP-01914,RCPT-2026-11913,MED-0378,Rosuvastatin 10mg (Rosuvas 10) (Formula 378),BATCH-0274,AMO373,2027-07-20,CUST-0114,Sangeetha Reddy,+91 9679173614,5,187.2,936.0,PHARM-KA-2022-7212,Deepak R,2026-09-13T02:41:00Z,2026-09-13,True,pharmaflow-main,SYNTHETIC_OPERATIONAL_RECORD
DISP-01915,RCPT-2026-11914,MED-0379,Ciprofloxacin 500mg (Ciplox 500) (Formula 379),BATCH-0275,AMO374,2027-12-07,CUST-0115,Vijay Gowda,+91 9016416148,20,88.0,1760.0,PHARM-HIST-0014,Shalini Verma,2026-08-30T17:01:00Z,2026-08-30,True,pharmaflow-main,SYNTHETIC_OPERATIONAL_RECORD
DISP-01916,RCPT-2026-11915,MED-0380,Ofloxacin + Ornidazole (O2) (Formula 380),BATCH-0276,CET375,2027-01-02,CUST-0116,Sandhya Desai,+91 8069020451,20,145.2,2904.0,PHARM-HIST-0015,Gautam Pillai,2026-07-31T06:36:00Z,2026-07-31,True,pharmaflow-main,SYNTHETIC_OPERATIONAL_RECORD
DISP-01917,RCPT-2026-11916,MED-0381,Montelukast + Levocetirizine (Montair-LC) (Formula 381),BATCH-0277,LEV376,2028-04-08,CUST-0117,Prashanth Shenoy,+91 9621087928,20,201.4,4028.0,PHARM-KA-2022-7212,Deepak R,2026-09-26T07:27:00Z,2026-09-26,True,pharmaflow-main,SYNTHETIC_OPERATIONAL_RECORD
DISP-01918,RCPT-2026-11917,MED-0382,Ibuprofen 400mg (Brufen 400) (Formula 382),BATCH-0278,AZI377,2027-04-26,CUST-0118,Swetha Krishnan,+91 9023770458,15,44.6,669.0,PHARM-HIST-0017,Varun Shenoy,2026-07-12T01:28:00Z,2026-07-12,True,pharmaflow-main,SYNTHETIC_OPERATIONAL_RECORD
DISP-01919,RCPT-2026-11918,MED-0383,Aceclofenac + Paracetamol (Zerodol-P) (Formula 383),BATCH-0279,AZI378,2027-10-02,CUST-0119,Rajesh Sharma,+91 8032366682,20,104.8,2096.0,PHARM-HIST-0018,Geetha Radhakrishnan,2026-08-10T00:33:00Z,2026-08-10,True,pharmaflow-main,SYNTHETIC_OPERATIONAL_RECORD
DISP-01920,RCPT-2026-11919,MED-0384,Vildagliptin + Metformin (Galvus Met) (Formula 384),BATCH-0280,MET379,2026-12-29,CUST-0120,Nandini Rao,+91 8046850196,5,314.0,1570.0,PHARM-HIST-0019,Manoj Patil,2026-08-15T22:31:00Z,2026-08-15,True,pharmaflow-main,SYNTHETIC_OPERATIONAL_RECORD
DISP-01921,RCPT-2026-11920,MED-0385,Rabeprazole 20mg (Razo 20) (Formula 385),BATCH-0281,MET380,2027-12-25,CUST-0121,Rahul Menon,+91 9414179623,20,157.2,3144.0,PHARM-HIST-0020,Harini Sundaram,2026-06-13T18:59:00Z,2026-06-13,True,pharmaflow-main,SYNTHETIC_OPERATIONAL_RECORD
DISP-01922,RCPT-2026-11921,MED-0386,Cough Syrup (Ascoril-D) (Formula 386),BATCH-0282,PAN381,2028-02-05,CUST-0122,Priya Verma,+91 9058607028,15,110.0,1650.0,PHARM-KA-2022-7212,Deepak R,2026-09-27T07:21:00Z,2026-09-27,True,pharmaflow-main,SYNTHETIC_OPERATIONAL_RECORD
DISP-01923,RCPT-2026-11922,MED-0387,Oral Rehydration Salts (Electral ORS) (Formula 387),BATCH-0283,PAN382,2028-04-01,CUST-0123,Arun Hegde,+91 9069584522,30,25.7,771.0,PHARM-HIST-0022,Deepa Namboodiri,2026-06-30T04:23:00Z,2026-06-30,True,pharmaflow-main,SYNTHETIC_OPERATIONAL_RECORD
DISP-01924,RCPT-2026-11923,MED-0388,Multivitamin + Zinc (Becadexamin) (Formula 388),BATCH-0284,OME383,2028-03-31,CUST-0124,Kavya Gupta,+91 9643502308,30,58.4,1752.0,PHARM-HIST-0023,Raghavendra Rao,2026-08-22T07:21:00Z,2026-08-22,True,pharmaflow-main,SYNTHETIC_OPERATIONAL_RECORD
DISP-01925,RCPT-2026-11924,MED-0389,Thyroxine Sodium 50mcg (Thyronorm 50) (Formula 389),BATCH-0285,TEL384,2027-12-26,CUST-0125,Meena Joshi,+91 9644935501,15,164.6,2469.0,PHARM-HIST-0024,Kavita Acharya,2026-06-14T17:04:00Z,2026-06-14,True,pharmaflow-main,SYNTHETIC_OPERATIONAL_RECORD
DISP-01926,RCPT-2026-11925,MED-0390,Clopidogrel 75mg (Clopilet 75) (Formula 390),BATCH-0286,TEL385,2028-05-23,CUST-0126,Deepak Nair,+91 9728217159,20,174.8,3496.0,PHARM-KA-2022-7212,Deepak R,2026-10-01T23:52:00Z,2026-10-01,True,pharmaflow-main,SYNTHETIC_OPERATIONAL_RECORD
DISP-01927,RCPT-2026-11926,MED-0391,Paracetamol 500mg (Formula 391),BATCH-0287,ATO386,2027-09-15,CUST-0127,Manish Patel,+91 9099635939,30,46.0,1380.0,PHARM-HIST-0001,Aravind Swaminathan,2026-07-15T11:31:00Z,2026-07-15,True,pharmaflow-main,SYNTHETIC_OPERATIONAL_RECORD
DISP-01928,RCPT-2026-11927,MED-0392,Paracetamol 650mg (Dolo 650) (Formula 392),BATCH-0288,ROS387,2028-02-18,CUST-0128,Deeps Sundaram,+91 9458518659,5,57.2,286.0,PHARM-HIST-0002,Sneha Rao,2026-08-11T10:55:00Z,2026-08-11,True,pharmaflow-main,SYNTHETIC_OPERATIONAL_RECORD
DISP-01929,RCPT-2026-11928,MED-0393,Vitamin D3 60K (Calcirol) (Formula 393),BATCH-0289,CIP388,2027-06-24,CUST-0129,Suresh Pillai,+91 9858438711,15,80.0,1200.0,PHARM-HIST-0003,Karthik Subramanian,2026-09-03T15:54:00Z,2026-09-03,True,pharmaflow-main,SYNTHETIC_OPERATIONAL_RECORD
DISP-01930,RCPT-2026-11929,MED-0394,Amoxicillin 500mg (Novamox) (Formula 394),BATCH-0290,OFL389,2028-03-06,CUST-0130,Lakshmi Bhat,+91 9751512297,15,118.2,1773.0,PHARM-HIST-0004,Divya Menon,2026-07-24T08:08:00Z,2026-07-24,True,pharmaflow-main,SYNTHETIC_OPERATIONAL_RECORD
DISP-01931,RCPT-2026-11930,MED-0395,Amoxicillin + Clavulanic Acid 625mg (Augmentin) (Formula 395),BATCH-0291,MON390,2027-03-04,CUST-0131,Vignesh Murthy,+91 9726821075,15,211.4,3171.0,PHARM-HIST-0005,Rohan Mehta,2026-07-27T20:16:00Z,2026-07-27,True,pharmaflow-main,SYNTHETIC_OPERATIONAL_RECORD
DISP-01932,RCPT-2026-11931,MED-0396,Cetirizine 10mg (Cetzine) (Formula 396),BATCH-0292,IBU391,2027-06-23,CUST-0132,Anitha Kumar,+91 9483994695,30,51.6,1548.0,PHARM-HIST-0006,Ananya Sharma,2026-06-20T10:53:00Z,2026-06-20,True,pharmaflow-main,SYNTHETIC_OPERATIONAL_RECORD
DISP-01933,RCPT-2026-11932,MED-0397,Levocetirizine 5mg (Levocet) (Formula 397),BATCH-0293,ACE392,2027-09-02,CUST-0133,Ramesh Iyer,+91 9779538491,5,70.8,354.0,PHARM-HIST-0007,Venkatesh Iyer,2026-07-13T19:13:00Z,2026-07-13,True,pharmaflow-main,SYNTHETIC_OPERATIONAL_RECORD
DISP-01934,RCPT-2026-11933,MED-0398,Azithromycin 250mg (Azee 250) (Formula 398),BATCH-0294,VIL393,2027-02-24,CUST-0134,Sangeetha Reddy,+91 9620584397,10,161.0,1610.0,PHARM-HIST-0008,Pooja Hegde,2026-07-11T05:27:00Z,2026-07-11,True,pharmaflow-main,SYNTHETIC_OPERATIONAL_RECORD
DISP-01935,RCPT-2026-11934,MED-0399,Azithromycin 500mg (Azithral 500) (Formula 399),BATCH-0295,RAB394,2027-03-31,CUST-0135,Vijay Gowda,+91 9777454225,10,234.2,2342.0,PHARM-HIST-0009,Sanjay Nambiar,2026-07-28T12:29:00Z,2026-07-28,True,pharmaflow-main,SYNTHETIC_OPERATIONAL_RECORD
DISP-01936,RCPT-2026-11935,MED-0400,Metformin 500mg (Glycomet 500) (Formula 400),BATCH-0296,COU395,2027-05-27,CUST-0136,Sandhya Desai,+91 9820901547,10,55.0,550.0,PHARM-KA-2022-7212,Deepak R,2026-09-09T14:20:00Z,2026-09-09,True,pharmaflow-main,SYNTHETIC_OPERATIONAL_RECORD
DISP-01937,RCPT-2026-11936,MED-0401,Metformin 1000mg SR (Glucophage) (Formula 401),BATCH-0297,ORA396,2027-06-16,CUST-0137,Prashanth Shenoy,+91 9876845536,5,85.2,426.0,PHARM-HIST-0011,Aditya Kulkarni,2026-08-30T15:41:00Z,2026-08-30,True,pharmaflow-main,SYNTHETIC_OPERATIONAL_RECORD
DISP-01938,RCPT-2026-11937,MED-0402,Pantoprazole 40mg (Pan 40) (Formula 402),BATCH-0298,MUL397,2027-05-22,CUST-0138,Swetha Krishnan,+91 8049920898,10,111.4,1114.0,PHARM-HIST-0012,Swati Deshmukh,2026-06-26T20:21:00Z,2026-06-26,True,pharmaflow-main,SYNTHETIC_OPERATIONAL_RECORD
DISP-01939,RCPT-2026-11938,MED-0403,Pantoprazole + Domperidone (Pan-D) (Formula 403),BATCH-0299,THY398,2026-12-25,CUST-0139,Rajesh Sharma,+91 7037383505,10,187.6,1876.0,PHARM-KA-2022-7212,Deepak R,2026-09-24T10:00:00Z,2026-09-24,True,pharmaflow-main,SYNTHETIC_OPERATIONAL_RECORD
DISP-01940,RCPT-2026-11939,MED-0404,Omeprazole 20mg (Omez) (Formula 404),BATCH-0300,CLO399,2027-03-14,CUST-0140,Nandini Rao,+91 9459733063,5,87.8,439.0,PHARM-HIST-0014,Shalini Verma,2026-07-23T08:27:00Z,2026-07-23,True,pharmaflow-main,SYNTHETIC_OPERATIONAL_RECORD
DISP-01941,RCPT-2026-11940,MED-0405,Telmisartan 40mg (Telma 40) (Formula 405),BATCH-0301,PAR400,2028-04-07,CUST-0141,Rahul Menon,+91 9670343755,20,138.0,2760.0,PHARM-HIST-0015,Gautam Pillai,2026-09-07T05:54:00Z,2026-09-07,True,pharmaflow-main,SYNTHETIC_OPERATIONAL_RECORD
DISP-01942,RCPT-2026-11941,MED-0406,Telmisartan + Amlodipine (Telma-AM) (Formula 406),BATCH-0302,PAR401,2028-05-04,CUST-0142,Priya Verma,+91 8043322272,20,191.2,3824.0,PHARM-KA-2022-7212,Deepak R,2026-10-04T19:32:00Z,2026-10-04,True,pharmaflow-main,SYNTHETIC_OPERATIONAL_RECORD
DISP-01943,RCPT-2026-11942,MED-0407,Atorvastatin 10mg (Atorva 10) (Formula 407),BATCH-0303,VIT402,2028-03-16,CUST-0143,Arun Hegde,+91 7079085198,20,138.0,2760.0,PHARM-KA-2022-7212,Deepak R,2026-10-01T08:41:00Z,2026-10-01,True,pharmaflow-main,SYNTHETIC_OPERATIONAL_RECORD
DISP-01944,RCPT-2026-11943,MED-0408,Rosuvastatin 10mg (Rosuvas 10) (Formula 408),BATCH-0304,AMO403,2027-05-08,CUST-0144,Kavya Gupta,+91 7042310051,10,171.2,1712.0,PHARM-HIST-0018,Geetha Radhakrishnan,2026-08-08T06:08:00Z,2026-08-08,True,pharmaflow-main,SYNTHETIC_OPERATIONAL_RECORD
DISP-01945,RCPT-2026-11944,MED-0409,Ciprofloxacin 500mg (Ciplox 500) (Formula 409),BATCH-0305,AMO404,2027-03-19,CUST-0145,Meena Joshi,+91 7048352498,30,94.4,2832.0,PHARM-HIST-0019,Manoj Patil,2026-06-22T18:44:00Z,2026-06-22,True,pharmaflow-main,SYNTHETIC_OPERATIONAL_RECORD
DISP-01946,RCPT-2026-11945,MED-0410,Ofloxacin + Ornidazole (O2) (Formula 410),BATCH-0306,CET405,2027-10-03,CUST-0146,Deepak Nair,+91 9064123845,30,151.6,4548.0,PHARM-HIST-0020,Harini Sundaram,2026-07-12T21:06:00Z,2026-07-12,True,pharmaflow-main,SYNTHETIC_OPERATIONAL_RECORD
DISP-01947,RCPT-2026-11946,MED-0411,Montelukast + Levocetirizine (Montair-LC) (Formula 411),BATCH-0307,LEV406,2027-07-20,CUST-0147,Manish Patel,+91 9619869264,5,207.8,1039.0,PHARM-KA-2022-7212,Deepak R,2026-09-22T22:51:00Z,2026-09-22,True,pharmaflow-main,SYNTHETIC_OPERATIONAL_RECORD
DISP-01948,RCPT-2026-11947,MED-0412,Ibuprofen 400mg (Brufen 400) (Formula 412),BATCH-0308,AZI407,2027-09-05,CUST-0148,Deeps Sundaram,+91 9727268907,10,51.0,510.0,PHARM-KA-2022-7212,Deepak R,2026-09-15T07:08:00Z,2026-09-15,True,pharmaflow-main,SYNTHETIC_OPERATIONAL_RECORD
DISP-01949,RCPT-2026-11948,MED-0413,Aceclofenac + Paracetamol (Zerodol-P) (Formula 413),BATCH-0309,AZI408,2027-03-29,CUST-0149,Suresh Pillai,+91 8077119320,30,111.2,3336.0,PHARM-KA-2022-7212,Deepak R,2026-09-16T19:13:00Z,2026-09-16,True,pharmaflow-main,SYNTHETIC_OPERATIONAL_RECORD
DISP-01950,RCPT-2026-11949,MED-0414,Vildagliptin + Metformin (Galvus Met) (Formula 414),BATCH-0310,MET409,2027-09-10,CUST-0150,Lakshmi Bhat,+91 7029990477,15,298.0,4470.0,PHARM-KA-2022-7212,Deepak R,2026-09-12T20:30:00Z,2026-09-12,True,pharmaflow-main,SYNTHETIC_OPERATIONAL_RECORD
DISP-01951,RCPT-2026-11950,MED-0415,Rabeprazole 20mg (Razo 20) (Formula 415),BATCH-0311,MET410,2028-05-27,CUST-0001,Rahul Kumar,+91 98450 48123,30,141.2,4236.0,PHARM-KA-2022-7212,Deepak R,2026-08-31T14:54:00Z,2026-08-31,True,pharmaflow-main,SYNTHETIC_OPERATIONAL_RECORD
DISP-01952,RCPT-2026-11951,MED-0416,Cough Syrup (Ascoril-D) (Formula 416),BATCH-0312,PAN411,2027-06-10,CUST-0002,Priya Sharma,+91 97312 90342,15,116.4,1746.0,PHARM-HIST-0001,Aravind Swaminathan,2026-08-06T00:18:00Z,2026-08-06,True,pharmaflow-main,SYNTHETIC_OPERATIONAL_RECORD
DISP-01953,RCPT-2026-11952,MED-0417,Oral Rehydration Salts (Electral ORS) (Formula 417),BATCH-0313,PAN412,2027-10-27,CUST-0003,Arun Kumar,+91 94480 77109,5,32.1,160.5,PHARM-HIST-0002,Sneha Rao,2026-08-18T23:16:00Z,2026-08-18,True,pharmaflow-main,SYNTHETIC_OPERATIONAL_RECORD
DISP-01954,RCPT-2026-11953,MED-0418,Multivitamin + Zinc (Becadexamin) (Formula 418),BATCH-0314,OME413,2028-04-06,CUST-0004,Kavya S,+91 99001 22584,20,64.8,1296.0,PHARM-HIST-0003,Karthik Subramanian,2026-08-09T22:08:00Z,2026-08-09,True,pharmaflow-main,SYNTHETIC_OPERATIONAL_RECORD
DISP-01955,RCPT-2026-11954,MED-0419,Thyroxine Sodium 50mcg (Thyronorm 50) (Formula 419),BATCH-0315,TEL414,2027-10-04,CUST-0005,Meena Devi,+91 96114 64190,20,171.0,3420.0,PHARM-KA-2022-7212,Deepak R,2026-09-20T11:42:00Z,2026-09-20,True,pharmaflow-main,SYNTHETIC_OPERATIONAL_RECORD
DISP-01956,RCPT-2026-11955,MED-0420,Clopidogrel 75mg (Clopilet 75) (Formula 420),BATCH-0316,TEL415,2028-03-13,CUST-0006,Deepak,+91 93845 99028,5,181.2,906.0,PHARM-KA-2022-7212,Deepak R,2026-09-22T17:36:00Z,2026-09-22,True,pharmaflow-main,SYNTHETIC_OPERATIONAL_RECORD
DISP-01957,RCPT-2026-11956,MED-0421,Paracetamol 500mg (Formula 421),BATCH-0317,ATO416,2028-05-07,CUST-0007,Manish,+91 90802 04902,30,30.0,900.0,PHARM-HIST-0006,Ananya Sharma,2026-07-26T02:58:00Z,2026-07-26,True,pharmaflow-main,SYNTHETIC_OPERATIONAL_RECORD
DISP-01958,RCPT-2026-11957,MED-0422,Paracetamol 650mg (Dolo 650) (Formula 422),BATCH-0318,ROS417,2026-11-21,CUST-0008,Deeps,+91 80988 51999,15,41.2,618.0,PHARM-HIST-0007,Venkatesh Iyer,2026-08-13T10:02:00Z,2026-08-13,True,pharmaflow-main,SYNTHETIC_OPERATIONAL_RECORD
DISP-01959,RCPT-2026-11958,MED-0423,Vitamin D3 60K (Calcirol) (Formula 423),BATCH-0319,CIP418,2027-12-03,CUST-0009,Suresh Pillai,+91 9445652586,20,86.4,1728.0,PHARM-KA-2022-7212,Deepak R,2026-09-20T21:04:00Z,2026-09-20,True,pharmaflow-main,SYNTHETIC_OPERATIONAL_RECORD
DISP-01960,RCPT-2026-11959,MED-0424,Amoxicillin 500mg (Novamox) (Formula 424),BATCH-0320,OFL419,2027-05-31,CUST-0010,Lakshmi Bhat,+91 9668942178,15,124.6,1869.0,PHARM-HIST-0009,Sanjay Nambiar,2026-09-03T11:50:00Z,2026-09-03,True,pharmaflow-main,SYNTHETIC_OPERATIONAL_RECORD
DISP-01961,RCPT-2026-11960,MED-0425,Amoxicillin + Clavulanic Acid 625mg (Augmentin) (Formula 425),BATCH-0321,MON420,2027-04-21,CUST-0011,Vignesh Murthy,+91 7068755000,15,217.8,3267.0,PHARM-HIST-0010,Meera Krishnan,2026-08-04T19:47:00Z,2026-08-04,True,pharmaflow-main,SYNTHETIC_OPERATIONAL_RECORD
DISP-01962,RCPT-2026-11961,MED-0426,Cetirizine 10mg (Cetzine) (Formula 426),BATCH-0322,IBU421,2027-04-06,CUST-0012,Anitha Kumar,+91 9822257687,20,58.0,1160.0,PHARM-HIST-0011,Aditya Kulkarni,2026-06-14T13:27:00Z,2026-06-14,True,pharmaflow-main,SYNTHETIC_OPERATIONAL_RECORD
DISP-01963,RCPT-2026-11962,MED-0427,Levocetirizine 5mg (Levocet) (Formula 427),BATCH-0323,ACE422,2027-06-04,CUST-0013,Ramesh Iyer,+91 9473149551,10,77.2,772.0,PHARM-HIST-0012,Swati Deshmukh,2026-08-04T09:49:00Z,2026-08-04,True,pharmaflow-main,SYNTHETIC_OPERATIONAL_RECORD
DISP-01964,RCPT-2026-11963,MED-0428,Azithromycin 250mg (Azee 250) (Formula 428),BATCH-0324,VIL423,2028-02-14,CUST-0014,Sangeetha Reddy,+91 7022246348,30,145.0,4350.0,PHARM-HIST-0013,Nikhil Bhat,2026-08-23T15:14:00Z,2026-08-23,True,pharmaflow-main,SYNTHETIC_OPERATIONAL_RECORD
DISP-01965,RCPT-2026-11964,MED-0429,Azithromycin 500mg (Azithral 500) (Formula 429),BATCH-0325,RAB424,2027-12-11,CUST-0015,Vijay Gowda,+91 9065250068,10,218.2,2182.0,PHARM-HIST-0014,Shalini Verma,2026-08-25T21:15:00Z,2026-08-25,True,pharmaflow-main,SYNTHETIC_OPERATIONAL_RECORD
DISP-01966,RCPT-2026-11965,MED-0430,Metformin 500mg (Glycomet 500) (Formula 430),BATCH-0326,COU425,2026-12-26,CUST-0016,Sandhya Desai,+91 7021819185,20,61.4,1228.0,PHARM-HIST-0015,Gautam Pillai,2026-09-02T14:41:00Z,2026-09-02,True,pharmaflow-main,SYNTHETIC_OPERATIONAL_RECORD
DISP-01967,RCPT-2026-11966,MED-0431,Metformin 1000mg SR (Glucophage) (Formula 431),BATCH-0327,ORA426,2027-09-24,CUST-0017,Prashanth Shenoy,+91 7065465150,20,91.6,1832.0,PHARM-KA-2022-7212,Deepak R,2026-09-29T15:30:00Z,2026-09-29,True,pharmaflow-main,SYNTHETIC_OPERATIONAL_RECORD
DISP-01968,RCPT-2026-11967,MED-0432,Pantoprazole 40mg (Pan 40) (Formula 432),BATCH-0328,MUL427,2027-07-23,CUST-0018,Swetha Krishnan,+91 9945843681,10,117.8,1178.0,PHARM-HIST-0017,Varun Shenoy,2026-08-08T16:18:00Z,2026-08-08,True,pharmaflow-main,SYNTHETIC_OPERATIONAL_RECORD
DISP-01969,RCPT-2026-11968,MED-0433,Pantoprazole + Domperidone (Pan-D) (Formula 433),BATCH-0001,PCT101,2027-11-30,CUST-0019,Rajesh Sharma,+91 9931257157,30,194.0,5820.0,PHARM-HIST-0018,Geetha Radhakrishnan,2026-07-26T13:01:00Z,2026-07-26,True,pharmaflow-main,SYNTHETIC_OPERATIONAL_RECORD
DISP-01970,RCPT-2026-11969,MED-0434,Omeprazole 20mg (Omez) (Formula 434),BATCH-0002,VD102,2026-09-25,CUST-0020,Nandini Rao,+91 9771934487,15,94.2,1413.0,PHARM-HIST-0019,Manoj Patil,2026-06-30T14:27:00Z,2026-06-30,True,pharmaflow-main,SYNTHETIC_OPERATIONAL_RECORD
DISP-01971,RCPT-2026-11970,MED-0435,Telmisartan 40mg (Telma 40) (Formula 435),BATCH-0003,AMX204,2026-10-15,CUST-0021,Rahul Menon,+91 9665766169,30,122.0,3660.0,PHARM-KA-2022-7212,Deepak R,2026-09-21T13:40:00Z,2026-09-21,True,pharmaflow-main,SYNTHETIC_OPERATIONAL_RECORD
DISP-01972,RCPT-2026-11971,MED-0436,Telmisartan + Amlodipine (Telma-AM) (Formula 436),BATCH-0004,CTZ302,2027-01-15,CUST-0022,Priya Verma,+91 8035583290,30,175.2,5256.0,PHARM-HIST-0021,Suresh Prabhu,2026-07-26T00:23:00Z,2026-07-26,True,pharmaflow-main,SYNTHETIC_OPERATIONAL_RECORD
DISP-01973,RCPT-2026-11972,MED-0437,Atorvastatin 10mg (Atorva 10) (Formula 437),BATCH-0005,DEMO-EXP-001,2026-10-23,CUST-0023,Arun Hegde,+91 9610344303,5,144.4,722.0,PHARM-HIST-0022,Deepa Namboodiri,2026-06-23T23:56:00Z,2026-06-23,True,pharmaflow-main,SYNTHETIC_OPERATIONAL_RECORD
DISP-01974,RCPT-2026-11973,MED-0438,Rosuvastatin 10mg (Rosuvas 10) (Formula 438),BATCH-0006,DEMO-EXP-002,2026-10-08,CUST-0024,Kavya Gupta,+91 7056321751,10,177.6,1776.0,PHARM-KA-2022-7212,Deepak R,2026-10-04T12:50:00Z,2026-10-04,True,pharmaflow-main,SYNTHETIC_OPERATIONAL_RECORD
DISP-01975,RCPT-2026-11974,MED-0439,Ciprofloxacin 500mg (Ciplox 500) (Formula 439),BATCH-0007,LEV106,2026-09-13,CUST-0025,Meena Joshi,+91 9986745380,20,100.8,2016.0,PHARM-KA-2022-7212,Deepak R,2026-09-25T14:54:00Z,2026-09-25,True,pharmaflow-main,SYNTHETIC_OPERATIONAL_RECORD
DISP-01976,RCPT-2026-11975,MED-0440,Ofloxacin + Ornidazole (O2) (Formula 440),BATCH-0008,AZI107,2026-09-22,CUST-0026,Deepak Nair,+91 8061818612,15,158.0,2370.0,PHARM-KA-2022-7212,Deepak R,2026-06-10T14:30:00Z,2026-06-10,True,pharmaflow-main,SYNTHETIC_OPERATIONAL_RECORD
DISP-01977,RCPT-2026-11976,MED-0441,Montelukast + Levocetirizine (Montair-LC) (Formula 441),BATCH-0009,AZI108,2026-10-03,CUST-0027,Manish Patel,+91 9023470708,10,214.2,2142.0,PHARM-HIST-0001,Aravind Swaminathan,2026-07-03T04:11:00Z,2026-07-03,True,pharmaflow-main,SYNTHETIC_OPERATIONAL_RECORD
DISP-01978,RCPT-2026-11977,MED-0442,Ibuprofen 400mg (Brufen 400) (Formula 442),BATCH-0010,MET109,2026-09-24,CUST-0028,Deeps Sundaram,+91 9465026398,20,35.0,700.0,PHARM-KA-2022-7212,Deepak R,2026-09-25T06:14:00Z,2026-09-25,True,pharmaflow-main,SYNTHETIC_OPERATIONAL_RECORD
DISP-01979,RCPT-2026-11978,MED-0443,Aceclofenac + Paracetamol (Zerodol-P) (Formula 443),BATCH-0011,MET110,2026-09-24,CUST-0029,Suresh Pillai,+91 8097219599,5,95.2,476.0,PHARM-HIST-0003,Karthik Subramanian,2026-07-03T22:01:00Z,2026-07-03,True,pharmaflow-main,SYNTHETIC_OPERATIONAL_RECORD
DISP-01980,RCPT-2026-11979,MED-0444,Vildagliptin + Metformin (Galvus Met) (Formula 444),BATCH-0012,PAN111,2026-10-04,CUST-0030,Lakshmi Bhat,+91 9741510328,5,304.4,1522.0,PHARM-KA-2022-7212,Deepak R,2026-09-30T16:44:00Z,2026-09-30,True,pharmaflow-main,SYNTHETIC_OPERATIONAL_RECORD
DISP-01981,RCPT-2026-11980,MED-0445,Rabeprazole 20mg (Razo 20) (Formula 445),BATCH-0013,PAN112,2026-09-01,CUST-0031,Vignesh Murthy,+91 9769549527,20,147.6,2952.0,PHARM-KA-2022-7212,Deepak R,2026-10-03T12:56:00Z,2026-10-03,True,pharmaflow-main,SYNTHETIC_OPERATIONAL_RECORD
DISP-01982,RCPT-2026-11981,MED-0446,Cough Syrup (Ascoril-D) (Formula 446),BATCH-0014,OME113,2026-09-23,CUST-0032,Anitha Kumar,+91 9658112135,5,122.8,614.0,PHARM-HIST-0006,Ananya Sharma,2026-07-03T00:22:00Z,2026-07-03,True,pharmaflow-main,SYNTHETIC_OPERATIONAL_RECORD
DISP-01983,RCPT-2026-11982,MED-0447,Oral Rehydration Salts (Electral ORS) (Formula 447),BATCH-0015,TEL114,2026-09-16,CUST-0033,Ramesh Iyer,+91 9432814819,5,38.5,192.5,PHARM-HIST-0007,Venkatesh Iyer,2026-06-12T06:40:00Z,2026-06-12,True,pharmaflow-main,SYNTHETIC_OPERATIONAL_RECORD
DISP-01984,RCPT-2026-11983,MED-0448,Multivitamin + Zinc (Becadexamin) (Formula 448),BATCH-0016,TEL115,2026-10-03,CUST-0034,Sangeetha Reddy,+91 9441163805,10,71.2,712.0,PHARM-HIST-0008,Pooja Hegde,2026-07-10T21:36:00Z,2026-07-10,True,pharmaflow-main,SYNTHETIC_OPERATIONAL_RECORD
DISP-01985,RCPT-2026-11984,MED-0449,Thyroxine Sodium 50mcg (Thyronorm 50) (Formula 449),BATCH-0017,ATO116,2026-09-10,CUST-0035,Vijay Gowda,+91 9683363160,10,155.0,1550.0,PHARM-HIST-0009,Sanjay Nambiar,2026-07-18T17:25:00Z,2026-07-18,True,pharmaflow-main,SYNTHETIC_OPERATIONAL_RECORD
DISP-01986,RCPT-2026-11985,MED-0450,Clopidogrel 75mg (Clopilet 75) (Formula 450),BATCH-0018,ROS117,2026-10-07,CUST-0036,Sandhya Desai,+91 9671315464,20,165.2,3304.0,PHARM-KA-2022-7212,Deepak R,2026-09-13T03:29:00Z,2026-09-13,True,pharmaflow-main,SYNTHETIC_OPERATIONAL_RECORD
DISP-01987,RCPT-2026-11986,MED-0451,Paracetamol 500mg (Formula 451),BATCH-0019,CIP118,2026-10-05,CUST-0037,Prashanth Shenoy,+91 8086762164,10,36.4,364.0,PHARM-HIST-0011,Aditya Kulkarni,2026-07-14T02:46:00Z,2026-07-14,True,pharmaflow-main,SYNTHETIC_OPERATIONAL_RECORD
DISP-01988,RCPT-2026-11987,MED-0452,Paracetamol 650mg (Dolo 650) (Formula 452),BATCH-0020,OFL119,2026-09-10,CUST-0038,Swetha Krishnan,+91 8046840133,30,47.6,1428.0,PHARM-HIST-0012,Swati Deshmukh,2026-07-06T06:33:00Z,2026-07-06,True,pharmaflow-main,SYNTHETIC_OPERATIONAL_RECORD
DISP-01989,RCPT-2026-11988,MED-0453,Vitamin D3 60K (Calcirol) (Formula 453),BATCH-0021,MON120,2026-09-13,CUST-0039,Rajesh Sharma,+91 9039394291,30,92.8,2784.0,PHARM-HIST-0013,Nikhil Bhat,2026-06-27T05:55:00Z,2026-06-27,True,pharmaflow-main,SYNTHETIC_OPERATIONAL_RECORD
DISP-01990,RCPT-2026-11989,MED-0454,Amoxicillin 500mg (Novamox) (Formula 454),BATCH-0022,IBU121,2026-08-30,CUST-0040,Nandini Rao,+91 9851464269,5,131.0,655.0,PHARM-KA-2022-7212,Deepak R,2026-10-04T15:18:00Z,2026-10-04,True,pharmaflow-main,SYNTHETIC_OPERATIONAL_RECORD
DISP-01991,RCPT-2026-11990,MED-0455,Amoxicillin + Clavulanic Acid 625mg (Augmentin) (Formula 455),BATCH-0023,ACE122,2026-08-29,CUST-0041,Rahul Menon,+91 9653851498,10,224.2,2242.0,PHARM-KA-2022-7212,Deepak R,2026-09-12T10:09:00Z,2026-09-12,True,pharmaflow-main,SYNTHETIC_OPERATIONAL_RECORD
DISP-01992,RCPT-2026-11991,MED-0456,Cetirizine 10mg (Cetzine) (Formula 456),BATCH-0024,VIL123,2026-09-17,CUST-0042,Priya Verma,+91 9632084778,20,42.0,840.0,PHARM-HIST-0016,Rashmi Nair,2026-06-16T11:37:00Z,2026-06-16,True,pharmaflow-main,SYNTHETIC_OPERATIONAL_RECORD
DISP-01993,RCPT-2026-11992,MED-0457,Levocetirizine 5mg (Levocet) (Formula 457),BATCH-0025,RAB124,2026-09-24,CUST-0043,Arun Hegde,+91 9440281491,5,61.2,306.0,PHARM-HIST-0017,Varun Shenoy,2026-07-27T18:05:00Z,2026-07-27,True,pharmaflow-main,SYNTHETIC_OPERATIONAL_RECORD
DISP-01994,RCPT-2026-11993,MED-0458,Azithromycin 250mg (Azee 250) (Formula 458),BATCH-0026,COU125,2026-09-15,CUST-0044,Kavya Gupta,+91 9845495029,30,151.4,4542.0,PHARM-HIST-0018,Geetha Radhakrishnan,2026-08-26T06:17:00Z,2026-08-26,True,pharmaflow-main,SYNTHETIC_OPERATIONAL_RECORD
DISP-01995,RCPT-2026-11994,MED-0459,Azithromycin 500mg (Azithral 500) (Formula 459),BATCH-0027,ORA126,2026-10-01,CUST-0045,Meena Joshi,+91 9024541967,10,224.6,2246.0,PHARM-HIST-0019,Manoj Patil,2026-08-06T05:07:00Z,2026-08-06,True,pharmaflow-main,SYNTHETIC_OPERATIONAL_RECORD
DISP-01996,RCPT-2026-11995,MED-0460,Metformin 500mg (Glycomet 500) (Formula 460),BATCH-0028,MUL127,2026-09-27,CUST-0046,Deepak Nair,+91 9795282470,15,67.8,1017.0,PHARM-HIST-0020,Harini Sundaram,2026-07-26T20:28:00Z,2026-07-26,True,pharmaflow-main,SYNTHETIC_OPERATIONAL_RECORD
DISP-01997,RCPT-2026-11996,MED-0461,Metformin 1000mg SR (Glucophage) (Formula 461),BATCH-0029,THY128,2026-09-30,CUST-0047,Manish Patel,+91 9814994527,30,98.0,2940.0,PHARM-HIST-0021,Suresh Prabhu,2026-08-23T16:03:00Z,2026-08-23,True,pharmaflow-main,SYNTHETIC_OPERATIONAL_RECORD
DISP-01998,RCPT-2026-11997,MED-0462,Pantoprazole 40mg (Pan 40) (Formula 462),BATCH-0030,CLO129,2026-09-02,CUST-0048,Deeps Sundaram,+91 8070887034,5,124.2,621.0,PHARM-HIST-0022,Deepa Namboodiri,2026-06-21T07:09:00Z,2026-06-21,True,pharmaflow-main,SYNTHETIC_OPERATIONAL_RECORD
DISP-01999,RCPT-2026-11998,MED-0463,Pantoprazole + Domperidone (Pan-D) (Formula 463),BATCH-0031,PAR130,2026-10-15,CUST-0049,Suresh Pillai,+91 9775679047,20,178.0,3560.0,PHARM-HIST-0023,Raghavendra Rao,2026-08-12T22:20:00Z,2026-08-12,True,pharmaflow-main,SYNTHETIC_OPERATIONAL_RECORD
DISP-02000,RCPT-2026-11999,MED-0464,Omeprazole 20mg (Omez) (Formula 464),BATCH-0032,PAR131,2026-10-13,CUST-0050,Lakshmi Bhat,+91 7041690501,5,78.2,391.0,PHARM-HIST-0024,Kavita Acharya,2026-06-19T09:24:00Z,2026-06-19,True,pharmaflow-main,SYNTHETIC_OPERATIONAL_RECORD
DISP-02001,RCPT-2026-12000,MED-0465,Telmisartan 40mg (Telma 40) (Formula 465),BATCH-0033,VIT132,2026-10-15,CUST-0051,Vignesh Murthy,+91 9018126895,5,128.4,642.0,PHARM-KA-2022-7212,Deepak R,2026-09-21T19:41:00Z,2026-09-21,True,pharmaflow-main,SYNTHETIC_OPERATIONAL_RECORD
DISP-02002,RCPT-2026-12001,MED-0466,Telmisartan + Amlodipine (Telma-AM) (Formula 466),BATCH-0034,AMO133,2026-10-14,CUST-0052,Anitha Kumar,+91 9996128115,5,181.6,908.0,PHARM-KA-2022-7212,Deepak R,2026-09-22T20:46:00Z,2026-09-22,True,pharmaflow-main,SYNTHETIC_OPERATIONAL_RECORD
DISP-02003,RCPT-2026-12002,MED-0467,Atorvastatin 10mg (Atorva 10) (Formula 467),BATCH-0035,AMO134,2026-10-12,CUST-0053,Ramesh Iyer,+91 9919208698,5,150.8,754.0,PHARM-HIST-0002,Sneha Rao,2026-07-23T18:39:00Z,2026-07-23,True,pharmaflow-main,SYNTHETIC_OPERATIONAL_RECORD
DISP-02004,RCPT-2026-12003,MED-0468,Rosuvastatin 10mg (Rosuvas 10) (Formula 468),BATCH-0036,CET135,2026-10-18,CUST-0054,Sangeetha Reddy,+91 9489991301,15,184.0,2760.0,PHARM-KA-2022-7212,Deepak R,2026-09-10T02:01:00Z,2026-09-10,True,pharmaflow-main,SYNTHETIC_OPERATIONAL_RECORD
DISP-02005,RCPT-2026-12004,MED-0469,Ciprofloxacin 500mg (Ciplox 500) (Formula 469),BATCH-0037,LEV136,2026-10-11,CUST-0055,Vijay Gowda,+91 9827690330,5,107.2,536.0,PHARM-HIST-0004,Divya Menon,2026-08-19T13:38:00Z,2026-08-19,True,pharmaflow-main,SYNTHETIC_OPERATIONAL_RECORD
DISP-02006,RCPT-2026-12005,MED-0470,Ofloxacin + Ornidazole (O2) (Formula 470),BATCH-0038,AZI137,2026-10-15,CUST-0056,Sandhya Desai,+91 9617032877,5,142.0,710.0,PHARM-HIST-0005,Rohan Mehta,2026-06-19T06:42:00Z,2026-06-19,True,pharmaflow-main,SYNTHETIC_OPERATIONAL_RECORD
DISP-02007,RCPT-2026-12006,MED-0471,Montelukast + Levocetirizine (Montair-LC) (Formula 471),BATCH-0039,AZI138,2026-10-12,CUST-0057,Prashanth Shenoy,+91 7058592048,30,198.2,5946.0,PHARM-HIST-0006,Ananya Sharma,2026-07-31T17:45:00Z,2026-07-31,True,pharmaflow-main,SYNTHETIC_OPERATIONAL_RECORD
DISP-02008,RCPT-2026-12007,MED-0472,Ibuprofen 400mg (Brufen 400) (Formula 472),BATCH-0040,MET139,2026-10-13,CUST-0058,Swetha Krishnan,+91 9671477426,15,41.4,621.0,PHARM-HIST-0007,Venkatesh Iyer,2026-06-10T16:28:00Z,2026-06-10,True,pharmaflow-main,SYNTHETIC_OPERATIONAL_RECORD
DISP-02009,RCPT-2026-12008,MED-0473,Aceclofenac + Paracetamol (Zerodol-P) (Formula 473),BATCH-0041,MET140,2026-10-13,CUST-0059,Rajesh Sharma,+91 9775802771,30,101.6,3048.0,PHARM-HIST-0008,Pooja Hegde,2026-08-17T16:57:00Z,2026-08-17,True,pharmaflow-main,SYNTHETIC_OPERATIONAL_RECORD
DISP-02010,RCPT-2026-12009,MED-0474,Vildagliptin + Metformin (Galvus Met) (Formula 474),BATCH-0042,PAN141,2026-10-09,CUST-0060,Nandini Rao,+91 9726937148,20,310.8,6216.0,PHARM-HIST-0009,Sanjay Nambiar,2026-07-11T08:23:00Z,2026-07-11,True,pharmaflow-main,SYNTHETIC_OPERATIONAL_RECORD
DISP-02011,RCPT-2026-12010,MED-0475,Rabeprazole 20mg (Razo 20) (Formula 475),BATCH-0043,PAN142,2026-10-14,CUST-0061,Rahul Menon,+91 8023311507,5,154.0,770.0,PHARM-HIST-0010,Meera Krishnan,2026-06-11T03:19:00Z,2026-06-11,True,pharmaflow-main,SYNTHETIC_OPERATIONAL_RECORD
DISP-02012,RCPT-2026-12011,MED-0476,Cough Syrup (Ascoril-D) (Formula 476),BATCH-0044,OME143,2026-10-14,CUST-0062,Priya Verma,+91 9965541117,15,129.2,1938.0,PHARM-KA-2022-7212,Deepak R,2026-10-04T01:34:00Z,2026-10-04,True,pharmaflow-main,SYNTHETIC_OPERATIONAL_RECORD
DISP-02013,RCPT-2026-12012,MED-0477,Oral Rehydration Salts (Electral ORS) (Formula 477),BATCH-0045,TEL144,2026-10-13,CUST-0063,Arun Hegde,+91 9099269266,5,22.5,112.5,PHARM-KA-2022-7212,Deepak R,2026-09-13T01:04:00Z,2026-09-13,True,pharmaflow-main,SYNTHETIC_OPERATIONAL_RECORD
DISP-02014,RCPT-2026-12013,MED-0478,Multivitamin + Zinc (Becadexamin) (Formula 478),BATCH-0046,TEL145,2026-10-09,CUST-0064,Kavya Gupta,+91 9722513132,15,55.2,828.0,PHARM-KA-2022-7212,Deepak R,2026-09-21T05:25:00Z,2026-09-21,True,pharmaflow-main,SYNTHETIC_OPERATIONAL_RECORD
DISP-02015,RCPT-2026-12014,MED-0479,Thyroxine Sodium 50mcg (Thyronorm 50) (Formula 479),BATCH-0047,ATO146,2026-10-17,CUST-0065,Meena Joshi,+91 9099927658,5,161.4,807.0,PHARM-HIST-0014,Shalini Verma,2026-06-11T14:02:00Z,2026-06-11,True,pharmaflow-main,SYNTHETIC_OPERATIONAL_RECORD
DISP-02016,RCPT-2026-12015,MED-0480,Clopidogrel 75mg (Clopilet 75) (Formula 480),BATCH-0048,ROS147,2026-10-16,CUST-0066,Deepak Nair,+91 9657197152,30,171.6,5148.0,PHARM-HIST-0015,Gautam Pillai,2026-09-07T20:56:00Z,2026-09-07,True,pharmaflow-main,SYNTHETIC_OPERATIONAL_RECORD
DISP-02017,RCPT-2026-12016,MED-0481,Paracetamol 500mg (Formula 481),BATCH-0049,CIP148,2026-10-11,CUST-0067,Manish Patel,+91 9084660688,5,42.8,214.0,PHARM-HIST-0016,Rashmi Nair,2026-06-14T16:16:00Z,2026-06-14,True,pharmaflow-main,SYNTHETIC_OPERATIONAL_RECORD
DISP-02018,RCPT-2026-12017,MED-0482,Paracetamol 650mg (Dolo 650) (Formula 482),BATCH-0050,OFL149,2026-10-12,CUST-0068,Deeps Sundaram,+91 9891737913,30,54.0,1620.0,PHARM-HIST-0017,Varun Shenoy,2026-08-25T09:34:00Z,2026-08-25,True,pharmaflow-main,SYNTHETIC_OPERATIONAL_RECORD
DISP-02019,RCPT-2026-12018,MED-0483,Vitamin D3 60K (Calcirol) (Formula 483),BATCH-0051,MON150,2026-10-14,CUST-0069,Suresh Pillai,+91 9655610493,5,99.2,496.0,PHARM-HIST-0018,Geetha Radhakrishnan,2026-07-05T16:01:00Z,2026-07-05,True,pharmaflow-main,SYNTHETIC_OPERATIONAL_RECORD
DISP-02020,RCPT-2026-12019,MED-0484,Amoxicillin 500mg (Novamox) (Formula 484),BATCH-0052,IBU151,2026-10-10,CUST-0070,Lakshmi Bhat,+91 9822315507,10,115.0,1150.0,PHARM-HIST-0019,Manoj Patil,2026-06-16T18:30:00Z,2026-06-16,True,pharmaflow-main,SYNTHETIC_OPERATIONAL_RECORD
DISP-02021,RCPT-2026-12020,MED-0485,Amoxicillin + Clavulanic Acid 625mg (Augmentin) (Formula 485),BATCH-0053,ACE152,2026-10-10,CUST-0071,Vignesh Murthy,+91 9459667685,5,208.2,1041.0,PHARM-HIST-0020,Harini Sundaram,2026-09-03T12:58:00Z,2026-09-03,True,pharmaflow-main,SYNTHETIC_OPERATIONAL_RECORD
DISP-02022,RCPT-2026-12021,MED-0486,Cetirizine 10mg (Cetzine) (Formula 486),BATCH-0054,VIL153,2026-10-16,CUST-0072,Anitha Kumar,+91 9492924837,10,48.4,484.0,PHARM-KA-2022-7212,Deepak R,2026-10-03T20:28:00Z,2026-10-03,True,pharmaflow-main,SYNTHETIC_OPERATIONAL_RECORD
DISP-02023,RCPT-2026-12022,MED-0487,Levocetirizine 5mg (Levocet) (Formula 487),BATCH-0055,RAB154,2026-10-10,CUST-0073,Ramesh Iyer,+91 7065590800,20,67.6,1352.0,PHARM-HIST-0022,Deepa Namboodiri,2026-07-17T00:33:00Z,2026-07-17,True,pharmaflow-main,SYNTHETIC_OPERATIONAL_RECORD
DISP-02024,RCPT-2026-12023,MED-0488,Azithromycin 250mg (Azee 250) (Formula 488),BATCH-0056,COU155,2026-10-11,CUST-0074,Sangeetha Reddy,+91 7080723898,5,157.8,789.0,PHARM-HIST-0023,Raghavendra Rao,2026-08-31T04:59:00Z,2026-08-31,True,pharmaflow-main,SYNTHETIC_OPERATIONAL_RECORD
DISP-02025,RCPT-2026-12024,MED-0489,Azithromycin 500mg (Azithral 500) (Formula 489),BATCH-0057,ORA156,2026-10-15,CUST-0075,Vijay Gowda,+91 9837437207,30,231.0,6930.0,PHARM-KA-2022-7212,Deepak R,2026-10-05T05:26:00Z,2026-10-05,True,pharmaflow-main,SYNTHETIC_OPERATIONAL_RECORD
DISP-02026,RCPT-2026-12025,MED-0490,Metformin 500mg (Glycomet 500) (Formula 490),BATCH-0058,MUL157,2026-10-15,CUST-0076,Sandhya Desai,+91 9876757928,5,74.2,371.0,PHARM-KA-2022-7212,Deepak R,2026-06-19T23:17:00Z,2026-06-19,True,pharmaflow-main,SYNTHETIC_OPERATIONAL_RECORD
DISP-02027,RCPT-2026-12026,MED-0491,Metformin 1000mg SR (Glucophage) (Formula 491),BATCH-0059,THY158,2026-10-11,CUST-0077,Prashanth Shenoy,+91 9977144075,20,82.0,1640.0,PHARM-HIST-0001,Aravind Swaminathan,2026-07-29T20:57:00Z,2026-07-29,True,pharmaflow-main,SYNTHETIC_OPERATIONAL_RECORD
DISP-02028,RCPT-2026-12027,MED-0492,Pantoprazole 40mg (Pan 40) (Formula 492),BATCH-0060,CLO159,2026-10-11,CUST-0078,Swetha Krishnan,+91 9871707170,10,108.2,1082.0,PHARM-HIST-0002,Sneha Rao,2026-07-01T23:16:00Z,2026-07-01,True,pharmaflow-main,SYNTHETIC_OPERATIONAL_RECORD
DISP-02029,RCPT-2026-12028,MED-0493,Pantoprazole + Domperidone (Pan-D) (Formula 493),BATCH-0061,PAR160,2026-10-13,CUST-0079,Rajesh Sharma,+91 8048858073,30,184.4,5532.0,PHARM-HIST-0003,Karthik Subramanian,2026-08-13T13:33:00Z,2026-08-13,True,pharmaflow-main,SYNTHETIC_OPERATIONAL_RECORD
DISP-02030,RCPT-2026-12029,MED-0494,Omeprazole 20mg (Omez) (Formula 494),BATCH-0062,PAR161,2026-10-17,CUST-0080,Nandini Rao,+91 9021828592,5,84.6,423.0,PHARM-KA-2022-7212,Deepak R,2026-09-21T08:32:00Z,2026-09-21,True,pharmaflow-main,SYNTHETIC_OPERATIONAL_RECORD
DISP-02031,RCPT-2026-12030,MED-0495,Telmisartan 40mg (Telma 40) (Formula 495),BATCH-0063,VIT162,2026-10-13,CUST-0081,Rahul Menon,+91 8051644346,15,134.8,2022.0,PHARM-HIST-0005,Rohan Mehta,2026-06-15T16:03:00Z,2026-06-15,True,pharmaflow-main,SYNTHETIC_OPERATIONAL_RECORD
DISP-02032,RCPT-2026-12031,MED-0496,Telmisartan + Amlodipine (Telma-AM) (Formula 496),BATCH-0064,AMO163,2026-10-12,CUST-0082,Priya Verma,+91 9781216573,20,188.0,3760.0,PHARM-HIST-0006,Ananya Sharma,2026-08-24T05:39:00Z,2026-08-24,True,pharmaflow-main,SYNTHETIC_OPERATIONAL_RECORD
DISP-02033,RCPT-2026-12032,MED-0497,Atorvastatin 10mg (Atorva 10) (Formula 497),BATCH-0065,AMO164,2026-10-12,CUST-0083,Arun Hegde,+91 9444355473,10,157.2,1572.0,PHARM-HIST-0007,Venkatesh Iyer,2026-06-13T10:45:00Z,2026-06-13,True,pharmaflow-main,SYNTHETIC_OPERATIONAL_RECORD
DISP-02034,RCPT-2026-12033,MED-0498,Rosuvastatin 10mg (Rosuvas 10) (Formula 498),BATCH-0066,CET165,2026-10-19,CUST-0084,Kavya Gupta,+91 7072270726,10,168.0,1680.0,PHARM-KA-2022-7212,Deepak R,2026-09-26T18:00:00Z,2026-09-26,True,pharmaflow-main,SYNTHETIC_OPERATIONAL_RECORD
DISP-02035,RCPT-2026-12034,MED-0499,Ciprofloxacin 500mg (Ciplox 500) (Formula 499),BATCH-0067,LEV166,2026-10-30,CUST-0085,Meena Joshi,+91 7019165226,30,91.2,2736.0,PHARM-HIST-0009,Sanjay Nambiar,2026-08-16T12:12:00Z,2026-08-16,True,pharmaflow-main,SYNTHETIC_OPERATIONAL_RECORD
DISP-02036,RCPT-2026-12035,MED-0500,Ofloxacin + Ornidazole (O2) (Formula 500),BATCH-0068,AZI167,2026-10-30,CUST-0086,Deepak Nair,+91 9751662236,5,148.4,742.0,PHARM-HIST-0010,Meera Krishnan,2026-07-28T10:09:00Z,2026-07-28,True,pharmaflow-main,SYNTHETIC_OPERATIONAL_RECORD
DISP-02037,RCPT-2026-12036,MED-0501,Montelukast + Levocetirizine (Montair-LC) (Formula 501),BATCH-0069,AZI168,2026-10-31,CUST-0087,Manish Patel,+91 9792545028,5,204.6,1023.0,PHARM-HIST-0011,Aditya Kulkarni,2026-06-18T12:45:00Z,2026-06-18,True,pharmaflow-main,SYNTHETIC_OPERATIONAL_RECORD
DISP-02038,RCPT-2026-12037,MED-0502,Ibuprofen 400mg (Brufen 400) (Formula 502),BATCH-0070,MET169,2026-10-29,CUST-0088,Deeps Sundaram,+91 9953154591,20,47.8,956.0,PHARM-KA-2022-7212,Deepak R,2026-09-29T10:52:00Z,2026-09-29,True,pharmaflow-main,SYNTHETIC_OPERATIONAL_RECORD
DISP-02039,RCPT-2026-12038,MED-0503,Aceclofenac + Paracetamol (Zerodol-P) (Formula 503),BATCH-0071,MET170,2026-10-27,CUST-0089,Suresh Pillai,+91 9777719420,15,108.0,1620.0,PHARM-KA-2022-7212,Deepak R,2026-09-15T02:58:00Z,2026-09-15,True,pharmaflow-main,SYNTHETIC_OPERATIONAL_RECORD
DISP-02040,RCPT-2026-12039,MED-0504,Vildagliptin + Metformin (Galvus Met) (Formula 504),BATCH-0072,PAN171,2026-11-04,CUST-0090,Lakshmi Bhat,+91 9458841557,10,317.2,3172.0,PHARM-HIST-0014,Shalini Verma,2026-08-24T16:19:00Z,2026-08-24,True,pharmaflow-main,SYNTHETIC_OPERATIONAL_RECORD
DISP-02041,RCPT-2026-12040,MED-0505,Rabeprazole 20mg (Razo 20) (Formula 505),BATCH-0073,PAN172,2026-10-26,CUST-0091,Vignesh Murthy,+91 9018846539,20,138.0,2760.0,PHARM-HIST-0015,Gautam Pillai,2026-09-01T07:22:00Z,2026-09-01,True,pharmaflow-main,SYNTHETIC_OPERATIONAL_RECORD
DISP-02042,RCPT-2026-12041,MED-0506,Cough Syrup (Ascoril-D) (Formula 506),BATCH-0074,OME173,2026-10-26,CUST-0092,Anitha Kumar,+91 9020939011,5,113.2,566.0,PHARM-HIST-0016,Rashmi Nair,2026-08-07T14:53:00Z,2026-08-07,True,pharmaflow-main,SYNTHETIC_OPERATIONAL_RECORD
DISP-02043,RCPT-2026-12042,MED-0507,Oral Rehydration Salts (Electral ORS) (Formula 507),BATCH-0075,TEL174,2026-10-26,CUST-0093,Ramesh Iyer,+91 9751551377,10,28.9,289.0,PHARM-KA-2022-7212,Deepak R,2026-09-29T03:26:00Z,2026-09-29,True,pharmaflow-main,SYNTHETIC_OPERATIONAL_RECORD
DISP-02044,RCPT-2026-12043,MED-0508,Multivitamin + Zinc (Becadexamin) (Formula 508),BATCH-0076,TEL175,2026-10-31,CUST-0094,Sangeetha Reddy,+91 9012446861,15,61.6,924.0,PHARM-HIST-0018,Geetha Radhakrishnan,2026-08-05T13:13:00Z,2026-08-05,True,pharmaflow-main,SYNTHETIC_OPERATIONAL_RECORD
DISP-02045,RCPT-2026-12044,MED-0509,Thyroxine Sodium 50mcg (Thyronorm 50) (Formula 509),BATCH-0077,ATO176,2026-10-24,CUST-0095,Vijay Gowda,+91 9928463709,15,167.8,2517.0,PHARM-HIST-0019,Manoj Patil,2026-06-16T04:32:00Z,2026-06-16,True,pharmaflow-main,SYNTHETIC_OPERATIONAL_RECORD
DISP-02046,RCPT-2026-12045,MED-0510,Clopidogrel 75mg (Clopilet 75) (Formula 510),BATCH-0078,ROS177,2026-10-30,CUST-0096,Sandhya Desai,+91 9490161060,30,178.0,5340.0,PHARM-HIST-0020,Harini Sundaram,2026-06-10T00:11:00Z,2026-06-10,True,pharmaflow-main,SYNTHETIC_OPERATIONAL_RECORD
DISP-02047,RCPT-2026-12046,MED-0511,Paracetamol 500mg (Formula 511),BATCH-0079,CIP178,2026-11-06,CUST-0097,Prashanth Shenoy,+91 8058895439,30,49.2,1476.0,PHARM-HIST-0021,Suresh Prabhu,2026-08-31T15:45:00Z,2026-08-31,True,pharmaflow-main,SYNTHETIC_OPERATIONAL_RECORD
DISP-02048,RCPT-2026-12047,MED-0512,Paracetamol 650mg (Dolo 650) (Formula 512),BATCH-0080,OFL179,2026-11-03,CUST-0098,Swetha Krishnan,+91 9951536077,30,38.0,1140.0,PHARM-HIST-0022,Deepa Namboodiri,2026-06-16T03:40:00Z,2026-06-16,True,pharmaflow-main,SYNTHETIC_OPERATIONAL_RECORD
