inventoryId,id,medicineId,medicine,genericName,batch,expiry,expiryDate,quantity,supplier,supplierId,unitPrice,mrp,status,barcode,reorderLevel,reorderQuantity,lastAuditedDate,workspaceId,provenance
INV-0001,INV-0001,MED-0001,Paracetamol 500mg,Acetaminophen,PCT101,30 Nov 2027,2027-11-30,190,MediSource Distributors Pvt. Ltd.,SUPP-001,25.0,30.0,Recalled,8907581349462,50,100,2026-10-01T08:00:00Z,pharmaflow-main,SYNTHETIC_OPERATIONAL_RECORD
INV-0002,INV-0002,MED-0002,Paracetamol 650mg (Dolo 650),Acetaminophen,VD102,25 Sep 2026,2026-09-25,140,ABC Pharma Wholesale Syndicate,SUPP-002,34.5,41.2,Expired,8906582557981,50,100,2026-10-01T08:00:00Z,pharmaflow-main,SYNTHETIC_OPERATIONAL_RECORD
INV-0003,INV-0003,MED-0003,Vitamin D3 60K (Calcirol),Cholecalciferol,AMX204,15 Oct 2026,2026-10-15,428,HealthCare Labs Logistics,SUPP-003,70.0,86.4,Near Expiry,8904503614567,50,100,2026-10-01T08:00:00Z,pharmaflow-main,SYNTHETIC_OPERATIONAL_RECORD
INV-0004,INV-0004,MED-0004,Amoxicillin 500mg (Novamox),Amoxicillin Trihydrate,CTZ302,15 Jan 2027,2027-01-15,10,Nova Pharma Distribution Network,SUPP-004,102.5,124.6,Recalled,8906877052039,50,100,2026-10-01T08:00:00Z,pharmaflow-main,SYNTHETIC_OPERATIONAL_RECORD
INV-0005,INV-0005,MED-0005,Amoxicillin + Clavulanic Acid 625mg (Augmentin),Amoxicillin + Potassium Clavulanate,DEMO-EXP-001,23 Oct 2026,2026-10-23,0,Southern Apollo Regional Depot,SUPP-005,175.0,217.8,Near Expiry,8903893976444,50,100,2026-10-01T08:00:00Z,pharmaflow-main,SYNTHETIC_OPERATIONAL_RECORD
INV-0006,INV-0006,MED-0006,Cetirizine 10mg (Cetzine),Cetirizine Hydrochloride,DEMO-EXP-002,08 Oct 2026,2026-10-08,79,MedPlus Central Warehouse,SUPP-006,47.5,58.0,EXPIRES_TODAY,8909503597301,50,100,2026-10-01T08:00:00Z,pharmaflow-main,SYNTHETIC_OPERATIONAL_RECORD
INV-0007,INV-0007,MED-0007,Levocetirizine 5mg (Levocet),Levocetirizine Dihydrochloride,LEV106,13 Sep 2026,2026-09-13,137,Karnataka State Pharma Hub,SUPP-007,63.0,77.2,Recalled,8907801948900,50,100,2026-10-01T08:00:00Z,pharmaflow-main,SYNTHETIC_OPERATIONAL_RECORD
INV-0008,INV-0008,MED-0008,Azithromycin 250mg (Azee 250),Azithromycin Dihydrate,AZI107,22 Sep 2026,2026-09-22,121,Apex Medical Agencies,SUPP-008,120.0,145.0,Expired,8909704383251,50,100,2026-10-01T08:00:00Z,pharmaflow-main,SYNTHETIC_OPERATIONAL_RECORD
INV-0009,INV-0009,MED-0009,Azithromycin 500mg (Azithral 500),Azithromycin Dihydrate,AZI108,03 Oct 2026,2026-10-03,45,Sri Balaji Pharmaceuticals,SUPP-009,177.5,218.2,Expired,8907333316743,50,100,2026-10-01T08:00:00Z,pharmaflow-main,SYNTHETIC_OPERATIONAL_RECORD
INV-0010,INV-0010,MED-0010,Metformin 500mg (Glycomet 500),Metformin Hydrochloride,MET109,24 Sep 2026,2026-09-24,117,Vardhman Healthcare Wholesale,SUPP-010,50.0,61.4,Recalled,8903480920839,50,100,2026-10-01T08:00:00Z,pharmaflow-main,SYNTHETIC_OPERATIONAL_RECORD
INV-0011,INV-0011,MED-0011,Metformin 1000mg SR (Glucophage),Metformin Hydrochloride,MET110,24 Sep 2026,2026-09-24,161,Zenith Pharma Logistics,SUPP-011,75.5,91.6,Expired,8904098389895,50,100,2026-10-01T08:00:00Z,pharmaflow-main,SYNTHETIC_OPERATIONAL_RECORD
INV-0012,INV-0012,MED-0012,Pantoprazole 40mg (Pan 40),Pantoprazole Sodium,PAN111,04 Oct 2026,2026-10-04,16,City Pharma Distributors,SUPP-012,95.0,117.8,Quarantined,8907801180691,50,100,2026-10-01T08:00:00Z,pharmaflow-main,SYNTHETIC_OPERATIONAL_RECORD
INV-0013,INV-0013,MED-0013,Pantoprazole + Domperidone (Pan-D),Pantoprazole + Domperidone,PAN112,01 Sep 2026,2026-09-01,119,Pioneer Drug House,SUPP-013,157.5,194.0,Recalled,8908907752604,50,100,2026-10-01T08:00:00Z,pharmaflow-main,SYNTHETIC_OPERATIONAL_RECORD
INV-0014,INV-0014,MED-0014,Omeprazole 20mg (Omez),Omeprazole,OME113,23 Sep 2026,2026-09-23,9,Sai Pharma Agencies,SUPP-014,77.0,94.2,Expired,8903923699745,50,100,2026-10-01T08:00:00Z,pharmaflow-main,SYNTHETIC_OPERATIONAL_RECORD
INV-0015,INV-0015,MED-0015,Telmisartan 40mg (Telma 40),Telmisartan,TEL114,16 Sep 2026,2026-09-16,158,Premier Medical Supplies,SUPP-015,98.0,122.0,Expired,8909725528903,50,100,2026-10-01T08:00:00Z,pharmaflow-main,SYNTHETIC_OPERATIONAL_RECORD
INV-0016,INV-0016,MED-0016,Telmisartan + Amlodipine (Telma-AM),Telmisartan + Amlodipine,TEL115,03 Oct 2026,2026-10-03,33,Universal Drug Distributors,SUPP-016,142.5,175.2,Recalled,8901471997674,50,100,2026-10-01T08:00:00Z,pharmaflow-main,SYNTHETIC_OPERATIONAL_RECORD
INV-0017,INV-0017,MED-0017,Atorvastatin 10mg (Atorva 10),Atorvastatin Calcium,ATO116,10 Sep 2026,2026-09-10,125,Reliance Pharma Hub,SUPP-017,115.0,144.4,Expired,8905376302686,50,100,2026-10-01T08:00:00Z,pharmaflow-main,SYNTHETIC_OPERATIONAL_RECORD
INV-0018,INV-0018,MED-0018,Rosuvastatin 10mg (Rosuvas 10),Rosuvastatin Calcium,ROS117,07 Oct 2026,2026-10-07,136,Metro Health Suppliers,SUPP-018,142.5,177.6,Expired,8906642266247,50,100,2026-10-01T08:00:00Z,pharmaflow-main,SYNTHETIC_OPERATIONAL_RECORD
INV-0019,INV-0019,MED-0019,Ciprofloxacin 500mg (Ciplox 500),Ciprofloxacin,CIP118,05 Oct 2026,2026-10-05,83,Kaveri Pharma Distributors,SUPP-019,82.0,100.8,Recalled,8905945359606,50,100,2026-10-01T08:00:00Z,pharmaflow-main,SYNTHETIC_OPERATIONAL_RECORD
INV-0020,INV-0020,MED-0020,Ofloxacin + Ornidazole (O2),Ofloxacin + Ornidazole,OFL119,10 Sep 2026,2026-09-10,73,Sterling Drug House,SUPP-020,127.5,158.0,Expired,8903965676060,50,100,2026-10-01T08:00:00Z,pharmaflow-main,SYNTHETIC_OPERATIONAL_RECORD
INV-0021,INV-0021,MED-0021,Montelukast + Levocetirizine (Montair-LC),Montelukast Sodium + Levocetirizine,MON120,13 Sep 2026,2026-09-13,28,Royal Pharma Syndicate,SUPP-021,173.0,214.2,Expired,8909248574674,50,100,2026-10-01T08:00:00Z,pharmaflow-main,SYNTHETIC_OPERATIONAL_RECORD
INV-0022,INV-0022,MED-0022,Ibuprofen 400mg (Brufen 400),Ibuprofen,IBU121,30 Aug 2026,2026-08-30,103,National Healthcare Logistics,SUPP-022,28.0,35.0,Recalled,8909857430687,50,100,2026-10-01T08:00:00Z,pharmaflow-main,SYNTHETIC_OPERATIONAL_RECORD
INV-0023,INV-0023,MED-0023,Aceclofenac + Paracetamol (Zerodol-P),Aceclofenac + Paracetamol,ACE122,29 Aug 2026,2026-08-29,32,Om Sai Drug Distributors,SUPP-023,77.5,95.2,Quarantined,8908139209752,50,100,2026-10-01T08:00:00Z,pharmaflow-main,SYNTHETIC_OPERATIONAL_RECORD
INV-0024,INV-0024,MED-0024,Vildagliptin + Metformin (Galvus Met),Vildagliptin + Metformin,VIL123,17 Sep 2026,2026-09-17,70,Shree Ganesh Pharma Agency,SUPP-024,245.0,304.4,Expired,8907551874474,50,100,2026-10-01T08:00:00Z,pharmaflow-main,SYNTHETIC_OPERATIONAL_RECORD
INV-0025,INV-0025,MED-0025,Rabeprazole 20mg (Razo 20),Rabeprazole Sodium,RAB124,24 Sep 2026,2026-09-24,62,Tamil Nadu Medical Depot,SUPP-025,119.5,147.6,Recalled,8906038780151,50,100,2026-10-01T08:00:00Z,pharmaflow-main,SYNTHETIC_OPERATIONAL_RECORD
INV-0026,INV-0026,MED-0026,Cough Syrup (Ascoril-D),Dextromethorphan + Phenylephrine + Chlorpheniramine,COU125,15 Sep 2026,2026-09-15,51,Bangalore Pharma Distribution,SUPP-026,98.0,122.8,Expired,8908272725281,50,100,2026-10-01T08:00:00Z,pharmaflow-main,SYNTHETIC_OPERATIONAL_RECORD
INV-0027,INV-0027,MED-0027,Oral Rehydration Salts (Electral ORS),Sodium Chloride + Potassium Chloride + Sodium Citrate + Dextrose,ORA126,01 Oct 2026,2026-10-01,190,Hyderabad Drug Syndicate,SUPP-027,30.5,38.5,Expired,8907915226263,50,100,2026-10-01T08:00:00Z,pharmaflow-main,SYNTHETIC_OPERATIONAL_RECORD
INV-0028,INV-0028,MED-0028,Multivitamin + Zinc (Becadexamin),Vitamins B-Complex + C + Minerals + Zinc,MUL127,27 Sep 2026,2026-09-27,232,Western Pharma Logistics,SUPP-028,57.0,71.2,Recalled,8906353758928,50,100,2026-10-01T08:00:00Z,pharmaflow-main,SYNTHETIC_OPERATIONAL_RECORD
INV-0029,INV-0029,MED-0029,Thyroxine Sodium 50mcg (Thyronorm 50),Levothyroxine Sodium,THY128,30 Sep 2026,2026-09-30,179,Eastern Drug Supply Co.,SUPP-029,125.0,155.0,Expired,8907691931213,50,100,2026-10-01T08:00:00Z,pharmaflow-main,SYNTHETIC_OPERATIONAL_RECORD
INV-0030,INV-0030,MED-0030,Clopidogrel 75mg (Clopilet 75),Clopidogrel Bisulfate,CLO129,02 Sep 2026,2026-09-02,249,Northern Health Wholesalers,SUPP-030,132.5,165.2,Expired,8908322868827,50,100,2026-10-01T08:00:00Z,pharmaflow-main,SYNTHETIC_OPERATIONAL_RECORD
INV-0031,INV-0031,MED-0031,Paracetamol 500mg (Formula 31),Acetaminophen,PAR130,15 Oct 2026,2026-10-15,70,Central Medical Distributors,SUPP-031,30.0,36.4,Recalled,8906656646925,50,100,2026-10-01T08:00:00Z,pharmaflow-main,SYNTHETIC_OPERATIONAL_RECORD
INV-0032,INV-0032,MED-0032,Paracetamol 650mg (Dolo 650) (Formula 32),Acetaminophen,PAR131,13 Oct 2026,2026-10-13,319,Global Pharma Trade House,SUPP-032,39.5,47.6,Near Expiry,8906469458472,50,100,2026-10-01T08:00:00Z,pharmaflow-main,SYNTHETIC_OPERATIONAL_RECORD
INV-0033,INV-0033,MED-0033,Vitamin D3 60K (Calcirol) (Formula 33),Cholecalciferol,VIT132,15 Oct 2026,2026-10-15,104,Matrix Healthcare Supply,SUPP-033,75.0,92.8,Near Expiry,8909504724761,50,100,2026-10-01T08:00:00Z,pharmaflow-main,SYNTHETIC_OPERATIONAL_RECORD
INV-0034,INV-0034,MED-0034,Amoxicillin 500mg (Novamox) (Formula 34),Amoxicillin Trihydrate,AMO133,14 Oct 2026,2026-10-14,161,Jupiter Drug Agencies,SUPP-034,107.5,131.0,Recalled,8908809871735,50,100,2026-10-01T08:00:00Z,pharmaflow-main,SYNTHETIC_OPERATIONAL_RECORD
INV-0035,INV-0035,MED-0035,Amoxicillin + Clavulanic Acid 625mg (Augmentin) (Formula 35),Amoxicillin + Potassium Clavulanate,AMO134,12 Oct 2026,2026-10-12,96,CarePoint Distribution Ltd.,SUPP-035,180.0,224.2,Near Expiry,8904455798713,50,100,2026-10-01T08:00:00Z,pharmaflow-main,SYNTHETIC_OPERATIONAL_RECORD
INV-0036,INV-0036,MED-0036,Cetirizine 10mg (Cetzine) (Formula 36),Cetirizine Hydrochloride,CET135,18 Oct 2026,2026-10-18,103,MediSource Distributors Pvt. Ltd.,SUPP-001,35.0,42.0,Near Expiry,8902247484671,50,100,2026-10-01T08:00:00Z,pharmaflow-main,SYNTHETIC_OPERATIONAL_RECORD
INV-0037,INV-0037,MED-0037,Levocetirizine 5mg (Levocet) (Formula 37),Levocetirizine Dihydrochloride,LEV136,11 Oct 2026,2026-10-11,150,ABC Pharma Wholesale Syndicate,SUPP-002,50.5,61.2,Recalled,8904067213499,50,100,2026-10-01T08:00:00Z,pharmaflow-main,SYNTHETIC_OPERATIONAL_RECORD
INV-0038,INV-0038,MED-0038,Azithromycin 250mg (Azee 250) (Formula 38),Azithromycin Dihydrate,AZI137,15 Oct 2026,2026-10-15,97,HealthCare Labs Logistics,SUPP-003,125.0,151.4,Near Expiry,8903057629778,50,100,2026-10-01T08:00:00Z,pharmaflow-main,SYNTHETIC_OPERATIONAL_RECORD
INV-0039,INV-0039,MED-0039,Azithromycin 500mg (Azithral 500) (Formula 39),Azithromycin Dihydrate,AZI138,12 Oct 2026,2026-10-12,62,Nova Pharma Distribution Network,SUPP-004,182.5,224.6,Near Expiry,8907608141858,50,100,2026-10-01T08:00:00Z,pharmaflow-main,SYNTHETIC_OPERATIONAL_RECORD
INV-0040,INV-0040,MED-0040,Metformin 500mg (Glycomet 500) (Formula 40),Metformin Hydrochloride,MET139,13 Oct 2026,2026-10-13,60,Southern Apollo Regional Depot,SUPP-005,55.0,67.8,Recalled,8908285000265,50,100,2026-10-01T08:00:00Z,pharmaflow-main,SYNTHETIC_OPERATIONAL_RECORD
INV-0041,INV-0041,MED-0041,Metformin 1000mg SR (Glucophage) (Formula 41),Metformin Hydrochloride,MET140,13 Oct 2026,2026-10-13,72,MedPlus Central Warehouse,SUPP-006,80.5,98.0,Near Expiry,8901589582865,50,100,2026-10-01T08:00:00Z,pharmaflow-main,SYNTHETIC_OPERATIONAL_RECORD
INV-0042,INV-0042,MED-0042,Pantoprazole 40mg (Pan 40) (Formula 42),Pantoprazole Sodium,PAN141,09 Oct 2026,2026-10-09,42,Karnataka State Pharma Hub,SUPP-007,100.0,124.2,Near Expiry,8903520417815,50,100,2026-10-01T08:00:00Z,pharmaflow-main,SYNTHETIC_OPERATIONAL_RECORD
INV-0043,INV-0043,MED-0043,Pantoprazole + Domperidone (Pan-D) (Formula 43),Pantoprazole + Domperidone,PAN142,14 Oct 2026,2026-10-14,49,Apex Medical Agencies,SUPP-008,145.0,178.0,Recalled,8902041349374,50,100,2026-10-01T08:00:00Z,pharmaflow-main,SYNTHETIC_OPERATIONAL_RECORD
INV-0044,INV-0044,MED-0044,Omeprazole 20mg (Omez) (Formula 44),Omeprazole,OME143,14 Oct 2026,2026-10-14,255,Sri Balaji Pharmaceuticals,SUPP-009,64.5,78.2,Near Expiry,8903280805846,50,100,2026-10-01T08:00:00Z,pharmaflow-main,SYNTHETIC_OPERATIONAL_RECORD
INV-0045,INV-0045,MED-0045,Telmisartan 40mg (Telma 40) (Formula 45),Telmisartan,TEL144,13 Oct 2026,2026-10-13,391,Vardhman Healthcare Wholesale,SUPP-010,103.0,128.4,Quarantined,8903739951076,50,100,2026-10-01T08:00:00Z,pharmaflow-main,SYNTHETIC_OPERATIONAL_RECORD
INV-0046,INV-0046,MED-0046,Telmisartan + Amlodipine (Telma-AM) (Formula 46),Telmisartan + Amlodipine,TEL145,09 Oct 2026,2026-10-09,249,Zenith Pharma Logistics,SUPP-011,147.5,181.6,Recalled,8901225447588,50,100,2026-10-01T08:00:00Z,pharmaflow-main,SYNTHETIC_OPERATIONAL_RECORD
INV-0047,INV-0047,MED-0047,Atorvastatin 10mg (Atorva 10) (Formula 47),Atorvastatin Calcium,ATO146,17 Oct 2026,2026-10-17,106,City Pharma Distributors,SUPP-012,120.0,150.8,Near Expiry,8907070083150,50,100,2026-10-01T08:00:00Z,pharmaflow-main,SYNTHETIC_OPERATIONAL_RECORD
INV-0048,INV-0048,MED-0048,Rosuvastatin 10mg (Rosuvas 10) (Formula 48),Rosuvastatin Calcium,ROS147,16 Oct 2026,2026-10-16,74,Pioneer Drug House,SUPP-013,147.5,184.0,Near Expiry,8908375996697,50,100,2026-10-01T08:00:00Z,pharmaflow-main,SYNTHETIC_OPERATIONAL_RECORD
INV-0049,INV-0049,MED-0049,Ciprofloxacin 500mg (Ciplox 500) (Formula 49),Ciprofloxacin,CIP148,11 Oct 2026,2026-10-11,73,Sai Pharma Agencies,SUPP-014,87.0,107.2,Recalled,8904310415016,50,100,2026-10-01T08:00:00Z,pharmaflow-main,SYNTHETIC_OPERATIONAL_RECORD
INV-0050,INV-0050,MED-0050,Ofloxacin + Ornidazole (O2) (Formula 50),Ofloxacin + Ornidazole,OFL149,12 Oct 2026,2026-10-12,28,Premier Medical Supplies,SUPP-015,115.0,142.0,Near Expiry,8904990452762,50,100,2026-10-01T08:00:00Z,pharmaflow-main,SYNTHETIC_OPERATIONAL_RECORD
INV-0051,INV-0051,MED-0051,Montelukast + Levocetirizine (Montair-LC) (Formula 51),Montelukast Sodium + Levocetirizine,MON150,14 Oct 2026,2026-10-14,50,Universal Drug Distributors,SUPP-016,160.5,198.2,Near Expiry,8909067664957,50,100,2026-10-01T08:00:00Z,pharmaflow-main,SYNTHETIC_OPERATIONAL_RECORD
INV-0052,INV-0052,MED-0052,Ibuprofen 400mg (Brufen 400) (Formula 52),Ibuprofen,IBU151,10 Oct 2026,2026-10-10,148,Reliance Pharma Hub,SUPP-017,33.0,41.4,Recalled,8909434946584,50,100,2026-10-01T08:00:00Z,pharmaflow-main,SYNTHETIC_OPERATIONAL_RECORD
INV-0053,INV-0053,MED-0053,Aceclofenac + Paracetamol (Zerodol-P) (Formula 53),Aceclofenac + Paracetamol,ACE152,10 Oct 2026,2026-10-10,55,Metro Health Suppliers,SUPP-018,82.5,101.6,Near Expiry,8906674372082,50,100,2026-10-01T08:00:00Z,pharmaflow-main,SYNTHETIC_OPERATIONAL_RECORD
INV-0054,INV-0054,MED-0054,Vildagliptin + Metformin (Galvus Met) (Formula 54),Vildagliptin + Metformin,VIL153,16 Oct 2026,2026-10-16,38,Kaveri Pharma Distributors,SUPP-019,250.0,310.8,Near Expiry,8903774110439,50,100,2026-10-01T08:00:00Z,pharmaflow-main,SYNTHETIC_OPERATIONAL_RECORD
INV-0055,INV-0055,MED-0055,Rabeprazole 20mg (Razo 20) (Formula 55),Rabeprazole Sodium,RAB154,10 Oct 2026,2026-10-10,218,Sterling Drug House,SUPP-020,124.5,154.0,Recalled,8909974165440,50,100,2026-10-01T08:00:00Z,pharmaflow-main,SYNTHETIC_OPERATIONAL_RECORD
INV-0056,INV-0056,MED-0056,Cough Syrup (Ascoril-D) (Formula 56),Dextromethorphan + Phenylephrine + Chlorpheniramine,COU155,11 Oct 2026,2026-10-11,20,Royal Pharma Syndicate,SUPP-021,103.0,129.2,Quarantined,8903465883999,50,100,2026-10-01T08:00:00Z,pharmaflow-main,SYNTHETIC_OPERATIONAL_RECORD
INV-0057,INV-0057,MED-0057,Oral Rehydration Salts (Electral ORS) (Formula 57),Sodium Chloride + Potassium Chloride + Sodium Citrate + Dextrose,ORA156,15 Oct 2026,2026-10-15,32,National Healthcare Logistics,SUPP-022,18.0,22.5,Near Expiry,8905022964382,50,100,2026-10-01T08:00:00Z,pharmaflow-main,SYNTHETIC_OPERATIONAL_RECORD
INV-0058,INV-0058,MED-0058,Multivitamin + Zinc (Becadexamin) (Formula 58),Vitamins B-Complex + C + Minerals + Zinc,MUL157,15 Oct 2026,2026-10-15,126,Om Sai Drug Distributors,SUPP-023,44.5,55.2,Recalled,8906046864799,50,100,2026-10-01T08:00:00Z,pharmaflow-main,SYNTHETIC_OPERATIONAL_RECORD
INV-0059,INV-0059,MED-0059,Thyroxine Sodium 50mcg (Thyronorm 50) (Formula 59),Levothyroxine Sodium,THY158,11 Oct 2026,2026-10-11,66,Shree Ganesh Pharma Agency,SUPP-024,130.0,161.4,Near Expiry,8904949801453,50,100,2026-10-01T08:00:00Z,pharmaflow-main,SYNTHETIC_OPERATIONAL_RECORD
INV-0060,INV-0060,MED-0060,Clopidogrel 75mg (Clopilet 75) (Formula 60),Clopidogrel Bisulfate,CLO159,11 Oct 2026,2026-10-11,155,Tamil Nadu Medical Depot,SUPP-025,137.5,171.6,Near Expiry,8903127657643,50,100,2026-10-01T08:00:00Z,pharmaflow-main,SYNTHETIC_OPERATIONAL_RECORD
INV-0061,INV-0061,MED-0061,Paracetamol 500mg (Formula 61),Acetaminophen,PAR160,13 Oct 2026,2026-10-13,5,Bangalore Pharma Distribution,SUPP-026,35.0,42.8,Recalled,8909272277508,50,100,2026-10-01T08:00:00Z,pharmaflow-main,SYNTHETIC_OPERATIONAL_RECORD
INV-0062,INV-0062,MED-0062,Paracetamol 650mg (Dolo 650) (Formula 62),Acetaminophen,PAR161,17 Oct 2026,2026-10-17,69,Hyderabad Drug Syndicate,SUPP-027,44.5,54.0,Near Expiry,8904765583254,50,100,2026-10-01T08:00:00Z,pharmaflow-main,SYNTHETIC_OPERATIONAL_RECORD
INV-0063,INV-0063,MED-0063,Vitamin D3 60K (Calcirol) (Formula 63),Cholecalciferol,VIT162,13 Oct 2026,2026-10-13,23,Western Pharma Logistics,SUPP-028,80.0,99.2,Near Expiry,8905334769475,50,100,2026-10-01T08:00:00Z,pharmaflow-main,SYNTHETIC_OPERATIONAL_RECORD
INV-0064,INV-0064,MED-0064,Amoxicillin 500mg (Novamox) (Formula 64),Amoxicillin Trihydrate,AMO163,12 Oct 2026,2026-10-12,211,Eastern Drug Supply Co.,SUPP-029,95.0,115.0,Recalled,8909516893896,50,100,2026-10-01T08:00:00Z,pharmaflow-main,SYNTHETIC_OPERATIONAL_RECORD
INV-0065,INV-0065,MED-0065,Amoxicillin + Clavulanic Acid 625mg (Augmentin) (Formula 65),Amoxicillin + Potassium Clavulanate,AMO164,12 Oct 2026,2026-10-12,202,Northern Health Wholesalers,SUPP-030,167.5,208.2,Near Expiry,8906517150278,50,100,2026-10-01T08:00:00Z,pharmaflow-main,SYNTHETIC_OPERATIONAL_RECORD
INV-0066,INV-0066,MED-0066,Cetirizine 10mg (Cetzine) (Formula 66),Cetirizine Hydrochloride,CET165,19 Oct 2026,2026-10-19,115,Central Medical Distributors,SUPP-031,40.0,48.4,Near Expiry,8905031086659,50,100,2026-10-01T08:00:00Z,pharmaflow-main,SYNTHETIC_OPERATIONAL_RECORD
INV-0067,INV-0067,MED-0067,Levocetirizine 5mg (Levocet) (Formula 67),Levocetirizine Dihydrochloride,LEV166,30 Oct 2026,2026-10-30,32,Global Pharma Trade House,SUPP-032,55.5,67.6,Recalled,8907305101214,50,100,2026-10-01T08:00:00Z,pharmaflow-main,SYNTHETIC_OPERATIONAL_RECORD
INV-0068,INV-0068,MED-0068,Azithromycin 250mg (Azee 250) (Formula 68),Azithromycin Dihydrate,AZI167,30 Oct 2026,2026-10-30,116,Matrix Healthcare Supply,SUPP-033,130.0,157.8,Near Expiry,8905778781449,50,100,2026-10-01T08:00:00Z,pharmaflow-main,SYNTHETIC_OPERATIONAL_RECORD
INV-0069,INV-0069,MED-0069,Azithromycin 500mg (Azithral 500) (Formula 69),Azithromycin Dihydrate,AZI168,31 Oct 2026,2026-10-31,124,Jupiter Drug Agencies,SUPP-034,187.5,231.0,Near Expiry,8901799718923,50,100,2026-10-01T08:00:00Z,pharmaflow-main,SYNTHETIC_OPERATIONAL_RECORD
INV-0070,INV-0070,MED-0070,Metformin 500mg (Glycomet 500) (Formula 70),Metformin Hydrochloride,MET169,29 Oct 2026,2026-10-29,123,CarePoint Distribution Ltd.,SUPP-035,60.0,74.2,Recalled,8908458717057,50,100,2026-10-01T08:00:00Z,pharmaflow-main,SYNTHETIC_OPERATIONAL_RECORD
INV-0071,INV-0071,MED-0071,Metformin 1000mg SR (Glucophage) (Formula 71),Metformin Hydrochloride,MET170,27 Oct 2026,2026-10-27,239,MediSource Distributors Pvt. Ltd.,SUPP-001,68.0,82.0,Near Expiry,8908691288568,50,100,2026-10-01T08:00:00Z,pharmaflow-main,SYNTHETIC_OPERATIONAL_RECORD
INV-0072,INV-0072,MED-0072,Pantoprazole 40mg (Pan 40) (Formula 72),Pantoprazole Sodium,PAN171,04 Nov 2026,2026-11-04,181,ABC Pharma Wholesale Syndicate,SUPP-002,87.5,108.2,Near Expiry,8904252504650,50,100,2026-10-01T08:00:00Z,pharmaflow-main,SYNTHETIC_OPERATIONAL_RECORD
INV-0073,INV-0073,MED-0073,Pantoprazole + Domperidone (Pan-D) (Formula 73),Pantoprazole + Domperidone,PAN172,26 Oct 2026,2026-10-26,49,HealthCare Labs Logistics,SUPP-003,150.0,184.4,Recalled,8909147736635,50,100,2026-10-01T08:00:00Z,pharmaflow-main,SYNTHETIC_OPERATIONAL_RECORD
INV-0074,INV-0074,MED-0074,Omeprazole 20mg (Omez) (Formula 74),Omeprazole,OME173,26 Oct 2026,2026-10-26,252,Nova Pharma Distribution Network,SUPP-004,69.5,84.6,Near Expiry,8908846861559,50,100,2026-10-01T08:00:00Z,pharmaflow-main,SYNTHETIC_OPERATIONAL_RECORD
INV-0075,INV-0075,MED-0075,Telmisartan 40mg (Telma 40) (Formula 75),Telmisartan,TEL174,26 Oct 2026,2026-10-26,72,Southern Apollo Regional Depot,SUPP-005,108.0,134.8,Near Expiry,8907508080884,50,100,2026-10-01T08:00:00Z,pharmaflow-main,SYNTHETIC_OPERATIONAL_RECORD
INV-0076,INV-0076,MED-0076,Telmisartan + Amlodipine (Telma-AM) (Formula 76),Telmisartan + Amlodipine,TEL175,31 Oct 2026,2026-10-31,48,MedPlus Central Warehouse,SUPP-006,152.5,188.0,Recalled,8905667503195,50,100,2026-10-01T08:00:00Z,pharmaflow-main,SYNTHETIC_OPERATIONAL_RECORD
INV-0077,INV-0077,MED-0077,Atorvastatin 10mg (Atorva 10) (Formula 77),Atorvastatin Calcium,ATO176,24 Oct 2026,2026-10-24,49,Karnataka State Pharma Hub,SUPP-007,125.0,157.2,Near Expiry,8903874432021,50,100,2026-10-01T08:00:00Z,pharmaflow-main,SYNTHETIC_OPERATIONAL_RECORD
INV-0078,INV-0078,MED-0078,Rosuvastatin 10mg (Rosuvas 10) (Formula 78),Rosuvastatin Calcium,ROS177,30 Oct 2026,2026-10-30,35,Apex Medical Agencies,SUPP-008,135.0,168.0,Quarantined,8905898890707,50,100,2026-10-01T08:00:00Z,pharmaflow-main,SYNTHETIC_OPERATIONAL_RECORD
INV-0079,INV-0079,MED-0079,Ciprofloxacin 500mg (Ciplox 500) (Formula 79),Ciprofloxacin,CIP178,06 Nov 2026,2026-11-06,82,Sri Balaji Pharmaceuticals,SUPP-009,74.5,91.2,Recalled,8902065354117,50,100,2026-10-01T08:00:00Z,pharmaflow-main,SYNTHETIC_OPERATIONAL_RECORD
INV-0080,INV-0080,MED-0080,Ofloxacin + Ornidazole (O2) (Formula 80),Ofloxacin + Ornidazole,OFL179,03 Nov 2026,2026-11-03,136,Vardhman Healthcare Wholesale,SUPP-010,120.0,148.4,Near Expiry,8906415031531,50,100,2026-10-01T08:00:00Z,pharmaflow-main,SYNTHETIC_OPERATIONAL_RECORD
INV-0081,INV-0081,MED-0081,Montelukast + Levocetirizine (Montair-LC) (Formula 81),Montelukast Sodium + Levocetirizine,MON180,03 Nov 2026,2026-11-03,73,Zenith Pharma Logistics,SUPP-011,165.5,204.6,Near Expiry,8906306523372,50,100,2026-10-01T08:00:00Z,pharmaflow-main,SYNTHETIC_OPERATIONAL_RECORD
INV-0082,INV-0082,MED-0082,Ibuprofen 400mg (Brufen 400) (Formula 82),Ibuprofen,IBU181,26 Oct 2026,2026-10-26,125,City Pharma Distributors,SUPP-012,38.0,47.8,Recalled,8908532327465,50,100,2026-10-01T08:00:00Z,pharmaflow-main,SYNTHETIC_OPERATIONAL_RECORD
INV-0083,INV-0083,MED-0083,Aceclofenac + Paracetamol (Zerodol-P) (Formula 83),Aceclofenac + Paracetamol,ACE182,04 Nov 2026,2026-11-04,38,Pioneer Drug House,SUPP-013,87.5,108.0,Near Expiry,8909392515666,50,100,2026-10-01T08:00:00Z,pharmaflow-main,SYNTHETIC_OPERATIONAL_RECORD
INV-0084,INV-0084,MED-0084,Vildagliptin + Metformin (Galvus Met) (Formula 84),Vildagliptin + Metformin,VIL183,07 Nov 2026,2026-11-07,414,Sai Pharma Agencies,SUPP-014,255.0,317.2,Near Expiry,8905344083406,50,100,2026-10-01T08:00:00Z,pharmaflow-main,SYNTHETIC_OPERATIONAL_RECORD
INV-0085,INV-0085,MED-0085,Rabeprazole 20mg (Razo 20) (Formula 85),Rabeprazole Sodium,RAB184,29 Oct 2026,2026-10-29,48,Premier Medical Supplies,SUPP-015,112.0,138.0,Recalled,8908102515984,50,100,2026-10-01T08:00:00Z,pharmaflow-main,SYNTHETIC_OPERATIONAL_RECORD
INV-0086,INV-0086,MED-0086,Cough Syrup (Ascoril-D) (Formula 86),Dextromethorphan + Phenylephrine + Chlorpheniramine,COU185,29 Oct 2026,2026-10-29,62,Universal Drug Distributors,SUPP-016,90.5,113.2,Near Expiry,8903975418439,50,100,2026-10-01T08:00:00Z,pharmaflow-main,SYNTHETIC_OPERATIONAL_RECORD
INV-0087,INV-0087,MED-0087,Oral Rehydration Salts (Electral ORS) (Formula 87),Sodium Chloride + Potassium Chloride + Sodium Citrate + Dextrose,ORA186,06 Nov 2026,2026-11-06,102,Reliance Pharma Hub,SUPP-017,23.0,28.9,Near Expiry,8909856756553,50,100,2026-10-01T08:00:00Z,pharmaflow-main,SYNTHETIC_OPERATIONAL_RECORD
INV-0088,INV-0088,MED-0088,Multivitamin + Zinc (Becadexamin) (Formula 88),Vitamins B-Complex + C + Minerals + Zinc,MUL187,04 Nov 2026,2026-11-04,33,Metro Health Suppliers,SUPP-018,49.5,61.6,Recalled,8905802739154,50,100,2026-10-01T08:00:00Z,pharmaflow-main,SYNTHETIC_OPERATIONAL_RECORD
INV-0089,INV-0089,MED-0089,Thyroxine Sodium 50mcg (Thyronorm 50) (Formula 89),Levothyroxine Sodium,THY188,31 Oct 2026,2026-10-31,37,Kaveri Pharma Distributors,SUPP-019,135.0,167.8,Quarantined,8902317723211,50,100,2026-10-01T08:00:00Z,pharmaflow-main,SYNTHETIC_OPERATIONAL_RECORD
INV-0090,INV-0090,MED-0090,Clopidogrel 75mg (Clopilet 75) (Formula 90),Clopidogrel Bisulfate,CLO189,28 Oct 2026,2026-10-28,90,Sterling Drug House,SUPP-020,142.5,178.0,Near Expiry,8906562144159,50,100,2026-10-01T08:00:00Z,pharmaflow-main,SYNTHETIC_OPERATIONAL_RECORD
INV-0091,INV-0091,MED-0091,Paracetamol 500mg (Formula 91),Acetaminophen,PAR190,01 Nov 2026,2026-11-01,64,Royal Pharma Syndicate,SUPP-021,40.0,49.2,Recalled,8903639796200,50,100,2026-10-01T08:00:00Z,pharmaflow-main,SYNTHETIC_OPERATIONAL_RECORD
INV-0092,INV-0092,MED-0092,Paracetamol 650mg (Dolo 650) (Formula 92),Acetaminophen,PAR191,29 Oct 2026,2026-10-29,93,National Healthcare Logistics,SUPP-022,32.0,38.0,Near Expiry,8905868640848,50,100,2026-10-01T08:00:00Z,pharmaflow-main,SYNTHETIC_OPERATIONAL_RECORD
INV-0093,INV-0093,MED-0093,Vitamin D3 60K (Calcirol) (Formula 93),Cholecalciferol,VIT192,07 Nov 2026,2026-11-07,86,Om Sai Drug Distributors,SUPP-023,67.5,83.2,Near Expiry,8905952894290,50,100,2026-10-01T08:00:00Z,pharmaflow-main,SYNTHETIC_OPERATIONAL_RECORD
INV-0094,INV-0094,MED-0094,Amoxicillin 500mg (Novamox) (Formula 94),Amoxicillin Trihydrate,AMO193,31 Oct 2026,2026-10-31,28,Shree Ganesh Pharma Agency,SUPP-024,100.0,121.4,Recalled,8907896596272,50,100,2026-10-01T08:00:00Z,pharmaflow-main,SYNTHETIC_OPERATIONAL_RECORD
INV-0095,INV-0095,MED-0095,Amoxicillin + Clavulanic Acid 625mg (Augmentin) (Formula 95),Amoxicillin + Potassium Clavulanate,AMO194,28 Oct 2026,2026-10-28,130,Tamil Nadu Medical Depot,SUPP-025,172.5,214.6,Near Expiry,8909941564880,50,100,2026-10-01T08:00:00Z,pharmaflow-main,SYNTHETIC_OPERATIONAL_RECORD
INV-0096,INV-0096,MED-0096,Cetirizine 10mg (Cetzine) (Formula 96),Cetirizine Hydrochloride,CET195,06 Nov 2026,2026-11-06,86,Bangalore Pharma Distribution,SUPP-026,45.0,54.8,Near Expiry,8908317619798,50,100,2026-10-01T08:00:00Z,pharmaflow-main,SYNTHETIC_OPERATIONAL_RECORD
INV-0097,INV-0097,MED-0097,Levocetirizine 5mg (Levocet) (Formula 97),Levocetirizine Dihydrochloride,LEV196,06 Nov 2026,2026-11-06,49,Hyderabad Drug Syndicate,SUPP-027,60.5,74.0,Recalled,8903423086220,50,100,2026-10-01T08:00:00Z,pharmaflow-main,SYNTHETIC_OPERATIONAL_RECORD
INV-0098,INV-0098,MED-0098,Azithromycin 250mg (Azee 250) (Formula 98),Azithromycin Dihydrate,AZI197,07 Nov 2026,2026-11-07,91,Western Pharma Logistics,SUPP-028,135.0,164.2,Near Expiry,8903171050399,50,100,2026-10-01T08:00:00Z,pharmaflow-main,SYNTHETIC_OPERATIONAL_RECORD
INV-0099,INV-0099,MED-0099,Azithromycin 500mg (Azithral 500) (Formula 99),Azithromycin Dihydrate,AZI198,22 Oct 2026,2026-10-22,46,Eastern Drug Supply Co.,SUPP-029,175.0,215.0,Near Expiry,8901643611097,50,100,2026-10-01T08:00:00Z,pharmaflow-main,SYNTHETIC_OPERATIONAL_RECORD
INV-0100,INV-0100,MED-0100,Metformin 500mg (Glycomet 500) (Formula 100),Metformin Hydrochloride,MET199,21 Oct 2026,2026-10-21,99,Northern Health Wholesalers,SUPP-030,47.5,58.2,Recalled,8907529817193,50,100,2026-10-01T08:00:00Z,pharmaflow-main,SYNTHETIC_OPERATIONAL_RECORD
INV-0101,INV-0101,MED-0101,Metformin 1000mg SR (Glucophage) (Formula 101),Metformin Hydrochloride,MET200,24 Oct 2026,2026-10-24,38,Central Medical Distributors,SUPP-031,73.0,88.4,Near Expiry,8907799567490,50,100,2026-10-01T08:00:00Z,pharmaflow-main,SYNTHETIC_OPERATIONAL_RECORD
INV-0102,INV-0102,MED-0102,Pantoprazole 40mg (Pan 40) (Formula 102),Pantoprazole Sodium,PAN201,02 Nov 2026,2026-11-02,127,Global Pharma Trade House,SUPP-032,92.5,114.6,Near Expiry,8907487012742,50,100,2026-10-01T08:00:00Z,pharmaflow-main,SYNTHETIC_OPERATIONAL_RECORD
INV-0103,INV-0103,MED-0103,Pantoprazole + Domperidone (Pan-D) (Formula 103),Pantoprazole + Domperidone,PAN202,26 Oct 2026,2026-10-26,36,Matrix Healthcare Supply,SUPP-033,155.0,190.8,Recalled,8904473306055,50,100,2026-10-01T08:00:00Z,pharmaflow-main,SYNTHETIC_OPERATIONAL_RECORD
INV-0104,INV-0104,MED-0104,Omeprazole 20mg (Omez) (Formula 104),Omeprazole,OME203,27 Oct 2026,2026-10-27,380,Jupiter Drug Agencies,SUPP-034,74.5,91.0,Near Expiry,8902947476917,50,100,2026-10-01T08:00:00Z,pharmaflow-main,SYNTHETIC_OPERATIONAL_RECORD
INV-0105,INV-0105,MED-0105,Telmisartan 40mg (Telma 40) (Formula 105),Telmisartan,TEL204,20 Oct 2026,2026-10-20,43,CarePoint Distribution Ltd.,SUPP-035,113.0,141.2,Near Expiry,8907499349987,50,100,2026-10-01T08:00:00Z,pharmaflow-main,SYNTHETIC_OPERATIONAL_RECORD
INV-0106,INV-0106,MED-0106,Telmisartan + Amlodipine (Telma-AM) (Formula 106),Telmisartan + Amlodipine,TEL205,01 Nov 2026,2026-11-01,104,MediSource Distributors Pvt. Ltd.,SUPP-001,140.0,172.0,Recalled,8909837912162,50,100,2026-10-01T08:00:00Z,pharmaflow-main,SYNTHETIC_OPERATIONAL_RECORD
INV-0107,INV-0107,MED-0107,Atorvastatin 10mg (Atorva 10) (Formula 107),Atorvastatin Calcium,ATO206,31 Oct 2026,2026-10-31,88,ABC Pharma Wholesale Syndicate,SUPP-002,112.5,141.2,Near Expiry,8908760642358,50,100,2026-10-01T08:00:00Z,pharmaflow-main,SYNTHETIC_OPERATIONAL_RECORD
INV-0108,INV-0108,MED-0108,Rosuvastatin 10mg (Rosuvas 10) (Formula 108),Rosuvastatin Calcium,ROS207,22 Oct 2026,2026-10-22,38,HealthCare Labs Logistics,SUPP-003,140.0,174.4,Near Expiry,8904106464319,50,100,2026-10-01T08:00:00Z,pharmaflow-main,SYNTHETIC_OPERATIONAL_RECORD
INV-0109,INV-0109,MED-0109,Ciprofloxacin 500mg (Ciplox 500) (Formula 109),Ciprofloxacin,CIP208,06 Nov 2026,2026-11-06,129,Nova Pharma Distribution Network,SUPP-004,79.5,97.6,Recalled,8906995554056,50,100,2026-10-01T08:00:00Z,pharmaflow-main,SYNTHETIC_OPERATIONAL_RECORD
INV-0110,INV-0110,MED-0110,Ofloxacin + Ornidazole (O2) (Formula 110),Ofloxacin + Ornidazole,OFL209,26 Oct 2026,2026-10-26,212,Southern Apollo Regional Depot,SUPP-005,125.0,154.8,Near Expiry,8904506639908,50,100,2026-10-01T08:00:00Z,pharmaflow-main,SYNTHETIC_OPERATIONAL_RECORD
INV-0111,INV-0111,MED-0111,Montelukast + Levocetirizine (Montair-LC) (Formula 111),Montelukast Sodium + Levocetirizine,MON210,20 Oct 2026,2026-10-20,40,MedPlus Central Warehouse,SUPP-006,170.5,211.0,Quarantined,8904203205881,50,100,2026-10-01T08:00:00Z,pharmaflow-main,SYNTHETIC_OPERATIONAL_RECORD
INV-0112,INV-0112,MED-0112,Ibuprofen 400mg (Brufen 400) (Formula 112),Ibuprofen,IBU211,27 Oct 2026,2026-10-27,37,Karnataka State Pharma Hub,SUPP-007,43.0,54.2,Recalled,8903483827971,50,100,2026-10-01T08:00:00Z,pharmaflow-main,SYNTHETIC_OPERATIONAL_RECORD
INV-0113,INV-0113,MED-0113,Aceclofenac + Paracetamol (Zerodol-P) (Formula 113),Aceclofenac + Paracetamol,ACE212,24 Oct 2026,2026-10-24,111,Apex Medical Agencies,SUPP-008,75.0,92.0,Near Expiry,8905489485517,50,100,2026-10-01T08:00:00Z,pharmaflow-main,SYNTHETIC_OPERATIONAL_RECORD
INV-0114,INV-0114,MED-0114,Vildagliptin + Metformin (Galvus Met) (Formula 114),Vildagliptin + Metformin,VIL213,05 Nov 2026,2026-11-05,28,Sri Balaji Pharmaceuticals,SUPP-009,242.5,301.2,Near Expiry,8909863781331,50,100,2026-10-01T08:00:00Z,pharmaflow-main,SYNTHETIC_OPERATIONAL_RECORD
INV-0115,INV-0115,MED-0115,Rabeprazole 20mg (Razo 20) (Formula 115),Rabeprazole Sodium,RAB214,07 Nov 2026,2026-11-07,365,Vardhman Healthcare Wholesale,SUPP-010,117.0,144.4,Recalled,8905269728610,50,100,2026-10-01T08:00:00Z,pharmaflow-main,SYNTHETIC_OPERATIONAL_RECORD
INV-0116,INV-0116,MED-0116,Cough Syrup (Ascoril-D) (Formula 116),Dextromethorphan + Phenylephrine + Chlorpheniramine,COU215,01 Nov 2026,2026-11-01,19,Zenith Pharma Logistics,SUPP-011,95.5,119.6,Near Expiry,8909305502799,50,100,2026-10-01T08:00:00Z,pharmaflow-main,SYNTHETIC_OPERATIONAL_RECORD
INV-0117,INV-0117,MED-0117,Oral Rehydration Salts (Electral ORS) (Formula 117),Sodium Chloride + Potassium Chloride + Sodium Citrate + Dextrose,ORA216,24 Oct 2026,2026-10-24,38,City Pharma Distributors,SUPP-012,28.0,35.3,Near Expiry,8905431267548,50,100,2026-10-01T08:00:00Z,pharmaflow-main,SYNTHETIC_OPERATIONAL_RECORD
INV-0118,INV-0118,MED-0118,Multivitamin + Zinc (Becadexamin) (Formula 118),Vitamins B-Complex + C + Minerals + Zinc,MUL217,25 Oct 2026,2026-10-25,52,Pioneer Drug House,SUPP-013,54.5,68.0,Near Expiry,8902756070122,50,100,2026-10-01T08:00:00Z,pharmaflow-main,SYNTHETIC_OPERATIONAL_RECORD
INV-0119,INV-0119,MED-0119,Thyroxine Sodium 50mcg (Thyronorm 50) (Formula 119),Levothyroxine Sodium,THY218,05 Nov 2026,2026-11-05,11,Sai Pharma Agencies,SUPP-014,140.0,174.2,Near Expiry,8904302709858,50,100,2026-10-01T08:00:00Z,pharmaflow-main,SYNTHETIC_OPERATIONAL_RECORD
INV-0120,INV-0120,MED-0120,Clopidogrel 75mg (Clopilet 75) (Formula 120),Clopidogrel Bisulfate,CLO219,28 Oct 2026,2026-10-28,106,Premier Medical Supplies,SUPP-015,130.0,162.0,Near Expiry,8907100408092,50,100,2026-10-01T08:00:00Z,pharmaflow-main,SYNTHETIC_OPERATIONAL_RECORD
INV-0121,INV-0121,MED-0121,Paracetamol 500mg (Formula 121),Acetaminophen,PAR220,28 Dec 2026,2026-12-28,29,Universal Drug Distributors,SUPP-016,27.5,33.2,Low Stock,8906937704752,50,100,2026-10-01T08:00:00Z,pharmaflow-main,SYNTHETIC_OPERATIONAL_RECORD
INV-0122,INV-0122,MED-0122,Paracetamol 650mg (Dolo 650) (Formula 122),Acetaminophen,PAR221,14 Apr 2027,2027-04-14,180,Reliance Pharma Hub,SUPP-017,37.0,44.4,Quarantined,8909189503254,50,100,2026-10-01T08:00:00Z,pharmaflow-main,SYNTHETIC_OPERATIONAL_RECORD
INV-0123,INV-0123,MED-0123,Vitamin D3 60K (Calcirol) (Formula 123),Cholecalciferol,VIT222,19 Jan 2028,2028-01-19,11,Metro Health Suppliers,SUPP-018,72.5,89.6,Low Stock,8902613385303,50,100,2026-10-01T08:00:00Z,pharmaflow-main,SYNTHETIC_OPERATIONAL_RECORD
INV-0124,INV-0124,MED-0124,Amoxicillin 500mg (Novamox) (Formula 124),Amoxicillin Trihydrate,AMO223,13 Mar 2028,2028-03-13,77,Kaveri Pharma Distributors,SUPP-019,105.0,127.8,Available,8903316277000,50,100,2026-10-01T08:00:00Z,pharmaflow-main,SYNTHETIC_OPERATIONAL_RECORD
INV-0125,INV-0125,MED-0125,Amoxicillin + Clavulanic Acid 625mg (Augmentin) (Formula 125),Amoxicillin + Potassium Clavulanate,AMO224,07 Jun 2027,2027-06-07,231,Sterling Drug House,SUPP-020,177.5,221.0,Available,8902493660313,50,100,2026-10-01T08:00:00Z,pharmaflow-main,SYNTHETIC_OPERATIONAL_RECORD
INV-0126,INV-0126,MED-0126,Cetirizine 10mg (Cetzine) (Formula 126),Cetirizine Hydrochloride,CET225,30 Jan 2027,2027-01-30,421,Royal Pharma Syndicate,SUPP-021,50.0,61.2,Available,8907602474923,50,100,2026-10-01T08:00:00Z,pharmaflow-main,SYNTHETIC_OPERATIONAL_RECORD
INV-0127,INV-0127,MED-0127,Levocetirizine 5mg (Levocet) (Formula 127),Levocetirizine Dihydrochloride,LEV226,19 Sep 2027,2027-09-19,105,National Healthcare Logistics,SUPP-022,48.0,58.0,Available,8903271361431,50,100,2026-10-01T08:00:00Z,pharmaflow-main,SYNTHETIC_OPERATIONAL_RECORD
INV-0128,INV-0128,MED-0128,Azithromycin 250mg (Azee 250) (Formula 128),Azithromycin Dihydrate,AZI227,06 Aug 2027,2027-08-06,102,Om Sai Drug Distributors,SUPP-023,122.5,148.2,Available,8906576426590,50,100,2026-10-01T08:00:00Z,pharmaflow-main,SYNTHETIC_OPERATIONAL_RECORD
INV-0129,INV-0129,MED-0129,Azithromycin 500mg (Azithral 500) (Formula 129),Azithromycin Dihydrate,AZI228,09 Dec 2027,2027-12-09,83,Shree Ganesh Pharma Agency,SUPP-024,180.0,221.4,Available,8907633342225,50,100,2026-10-01T08:00:00Z,pharmaflow-main,SYNTHETIC_OPERATIONAL_RECORD
INV-0130,INV-0130,MED-0130,Metformin 500mg (Glycomet 500) (Formula 130),Metformin Hydrochloride,MET229,21 Nov 2027,2027-11-21,219,Tamil Nadu Medical Depot,SUPP-025,52.5,64.6,Available,8907579604766,50,100,2026-10-01T08:00:00Z,pharmaflow-main,SYNTHETIC_OPERATIONAL_RECORD
INV-0131,INV-0131,MED-0131,Metformin 1000mg SR (Glucophage) (Formula 131),Metformin Hydrochloride,MET230,04 Aug 2027,2027-08-04,163,Bangalore Pharma Distribution,SUPP-026,78.0,94.8,Available,8904536306171,50,100,2026-10-01T08:00:00Z,pharmaflow-main,SYNTHETIC_OPERATIONAL_RECORD
INV-0132,INV-0132,MED-0132,Pantoprazole 40mg (Pan 40) (Formula 132),Pantoprazole Sodium,PAN231,27 Jun 2027,2027-06-27,249,Hyderabad Drug Syndicate,SUPP-027,97.5,121.0,Available,8906358023411,50,100,2026-10-01T08:00:00Z,pharmaflow-main,SYNTHETIC_OPERATIONAL_RECORD
INV-0133,INV-0133,MED-0133,Pantoprazole + Domperidone (Pan-D) (Formula 133),Pantoprazole + Domperidone,PAN232,11 Apr 2027,2027-04-11,331,Western Pharma Logistics,SUPP-028,160.0,197.2,Quarantined,8902486744752,50,100,2026-10-01T08:00:00Z,pharmaflow-main,SYNTHETIC_OPERATIONAL_RECORD
INV-0134,INV-0134,MED-0134,Omeprazole 20mg (Omez) (Formula 134),Omeprazole,OME233,03 Feb 2027,2027-02-03,42,Eastern Drug Supply Co.,SUPP-029,62.0,75.0,Low Stock,8902183906581,50,100,2026-10-01T08:00:00Z,pharmaflow-main,SYNTHETIC_OPERATIONAL_RECORD
INV-0135,INV-0135,MED-0135,Telmisartan 40mg (Telma 40) (Formula 135),Telmisartan,TEL234,05 Jan 2028,2028-01-05,115,Northern Health Wholesalers,SUPP-030,100.5,125.2,Available,8901484664056,50,100,2026-10-01T08:00:00Z,pharmaflow-main,SYNTHETIC_OPERATIONAL_RECORD
INV-0136,INV-0136,MED-0136,Telmisartan + Amlodipine (Telma-AM) (Formula 136),Telmisartan + Amlodipine,TEL235,09 Dec 2027,2027-12-09,93,Central Medical Distributors,SUPP-031,145.0,178.4,Available,8901067198189,50,100,2026-10-01T08:00:00Z,pharmaflow-main,SYNTHETIC_OPERATIONAL_RECORD
INV-0137,INV-0137,MED-0137,Atorvastatin 10mg (Atorva 10) (Formula 137),Atorvastatin Calcium,ATO236,08 Mar 2028,2028-03-08,9,Global Pharma Trade House,SUPP-032,117.5,147.6,Low Stock,8901885113834,50,100,2026-10-01T08:00:00Z,pharmaflow-main,SYNTHETIC_OPERATIONAL_RECORD
INV-0138,INV-0138,MED-0138,Rosuvastatin 10mg (Rosuvas 10) (Formula 138),Rosuvastatin Calcium,ROS237,10 Sep 2027,2027-09-10,12,Matrix Healthcare Supply,SUPP-033,145.0,180.8,Low Stock,8905439176290,50,100,2026-10-01T08:00:00Z,pharmaflow-main,SYNTHETIC_OPERATIONAL_RECORD
INV-0139,INV-0139,MED-0139,Ciprofloxacin 500mg (Ciplox 500) (Formula 139),Ciprofloxacin,CIP238,13 Dec 2026,2026-12-13,16,Jupiter Drug Agencies,SUPP-034,84.5,104.0,Low Stock,8901209063208,50,100,2026-10-01T08:00:00Z,pharmaflow-main,SYNTHETIC_OPERATIONAL_RECORD
INV-0140,INV-0140,MED-0140,Ofloxacin + Ornidazole (O2) (Formula 140),Ofloxacin + Ornidazole,OFL239,07 Apr 2027,2027-04-07,251,CarePoint Distribution Ltd.,SUPP-035,130.0,161.2,Available,8904180599722,50,100,2026-10-01T08:00:00Z,pharmaflow-main,SYNTHETIC_OPERATIONAL_RECORD
INV-0141,INV-0141,MED-0141,Montelukast + Levocetirizine (Montair-LC) (Formula 141),Montelukast Sodium + Levocetirizine,MON240,04 May 2027,2027-05-04,81,MediSource Distributors Pvt. Ltd.,SUPP-001,158.0,195.0,Available,8907022683808,50,100,2026-10-01T08:00:00Z,pharmaflow-main,SYNTHETIC_OPERATIONAL_RECORD
INV-0142,INV-0142,MED-0142,Ibuprofen 400mg (Brufen 400) (Formula 142),Ibuprofen,IBU241,17 Mar 2027,2027-03-17,210,ABC Pharma Wholesale Syndicate,SUPP-002,30.5,38.2,Available,8901242425303,50,100,2026-10-01T08:00:00Z,pharmaflow-main,SYNTHETIC_OPERATIONAL_RECORD
INV-0143,INV-0143,MED-0143,Aceclofenac + Paracetamol (Zerodol-P) (Formula 143),Aceclofenac + Paracetamol,ACE242,27 Jan 2028,2028-01-27,159,HealthCare Labs Logistics,SUPP-003,80.0,98.4,Available,8902242377075,50,100,2026-10-01T08:00:00Z,pharmaflow-main,SYNTHETIC_OPERATIONAL_RECORD
INV-0144,INV-0144,MED-0144,Vildagliptin + Metformin (Galvus Met) (Formula 144),Vildagliptin + Metformin,VIL243,08 Apr 2027,2027-04-08,99,Nova Pharma Distribution Network,SUPP-004,247.5,307.6,Quarantined,8902377246195,50,100,2026-10-01T08:00:00Z,pharmaflow-main,SYNTHETIC_OPERATIONAL_RECORD
INV-0145,INV-0145,MED-0145,Rabeprazole 20mg (Razo 20) (Formula 145),Rabeprazole Sodium,RAB244,15 Jan 2027,2027-01-15,88,Southern Apollo Regional Depot,SUPP-005,122.0,150.8,Available,8906244338653,50,100,2026-10-01T08:00:00Z,pharmaflow-main,SYNTHETIC_OPERATIONAL_RECORD
INV-0146,INV-0146,MED-0146,Cough Syrup (Ascoril-D) (Formula 146),Dextromethorphan + Phenylephrine + Chlorpheniramine,COU245,19 Dec 2027,2027-12-19,110,MedPlus Central Warehouse,SUPP-006,100.5,126.0,Available,8906585609060,50,100,2026-10-01T08:00:00Z,pharmaflow-main,SYNTHETIC_OPERATIONAL_RECORD
INV-0147,INV-0147,MED-0147,Oral Rehydration Salts (Electral ORS) (Formula 147),Sodium Chloride + Potassium Chloride + Sodium Citrate + Dextrose,ORA246,23 Apr 2028,2028-04-23,474,Karnataka State Pharma Hub,SUPP-007,33.0,41.7,Available,8909851745648,50,100,2026-10-01T08:00:00Z,pharmaflow-main,SYNTHETIC_OPERATIONAL_RECORD
INV-0148,INV-0148,MED-0148,Multivitamin + Zinc (Becadexamin) (Formula 148),Vitamins B-Complex + C + Minerals + Zinc,MUL247,26 Apr 2028,2028-04-26,27,Apex Medical Agencies,SUPP-008,42.0,52.0,Low Stock,8904915196257,50,100,2026-10-01T08:00:00Z,pharmaflow-main,SYNTHETIC_OPERATIONAL_RECORD
INV-0149,INV-0149,MED-0149,Thyroxine Sodium 50mcg (Thyronorm 50) (Formula 149),Levothyroxine Sodium,THY248,10 Apr 2027,2027-04-10,229,Sri Balaji Pharmaceuticals,SUPP-009,127.5,158.2,Available,8903128675098,50,100,2026-10-01T08:00:00Z,pharmaflow-main,SYNTHETIC_OPERATIONAL_RECORD
INV-0150,INV-0150,MED-0150,Clopidogrel 75mg (Clopilet 75) (Formula 150),Clopidogrel Bisulfate,CLO249,24 Feb 2027,2027-02-24,429,Vardhman Healthcare Wholesale,SUPP-010,135.0,168.4,Available,8909470922075,50,100,2026-10-01T08:00:00Z,pharmaflow-main,SYNTHETIC_OPERATIONAL_RECORD
INV-0151,INV-0151,MED-0151,Paracetamol 500mg (Formula 151),Acetaminophen,PAR250,27 Aug 2027,2027-08-27,75,Zenith Pharma Logistics,SUPP-011,32.5,39.6,Available,8908178361487,50,100,2026-10-01T08:00:00Z,pharmaflow-main,SYNTHETIC_OPERATIONAL_RECORD
INV-0152,INV-0152,MED-0152,Paracetamol 650mg (Dolo 650) (Formula 152),Acetaminophen,PAR251,05 Aug 2027,2027-08-05,132,City Pharma Distributors,SUPP-012,42.0,50.8,Available,8907083067988,50,100,2026-10-01T08:00:00Z,pharmaflow-main,SYNTHETIC_OPERATIONAL_RECORD
INV-0153,INV-0153,MED-0153,Vitamin D3 60K (Calcirol) (Formula 153),Cholecalciferol,VIT252,06 Mar 2028,2028-03-06,60,Pioneer Drug House,SUPP-013,77.5,96.0,Available,8905935852056,50,100,2026-10-01T08:00:00Z,pharmaflow-main,SYNTHETIC_OPERATIONAL_RECORD
INV-0154,INV-0154,MED-0154,Amoxicillin 500mg (Novamox) (Formula 154),Amoxicillin Trihydrate,AMO253,25 Dec 2027,2027-12-25,75,Sai Pharma Agencies,SUPP-014,110.0,134.2,Available,8902616884203,50,100,2026-10-01T08:00:00Z,pharmaflow-main,SYNTHETIC_OPERATIONAL_RECORD
INV-0155,INV-0155,MED-0155,Amoxicillin + Clavulanic Acid 625mg (Augmentin) (Formula 155),Amoxicillin + Potassium Clavulanate,AMO254,17 Dec 2026,2026-12-17,4,Premier Medical Supplies,SUPP-015,165.0,205.0,Quarantined,8903033747850,50,100,2026-10-01T08:00:00Z,pharmaflow-main,SYNTHETIC_OPERATIONAL_RECORD
INV-0156,INV-0156,MED-0156,Cetirizine 10mg (Cetzine) (Formula 156),Cetirizine Hydrochloride,CET255,09 Jul 2027,2027-07-09,137,Universal Drug Distributors,SUPP-016,37.5,45.2,Available,8904647891535,50,100,2026-10-01T08:00:00Z,pharmaflow-main,SYNTHETIC_OPERATIONAL_RECORD
INV-0157,INV-0157,MED-0157,Levocetirizine 5mg (Levocet) (Formula 157),Levocetirizine Dihydrochloride,LEV256,10 Aug 2027,2027-08-10,37,Reliance Pharma Hub,SUPP-017,53.0,64.4,Low Stock,8904039019230,50,100,2026-10-01T08:00:00Z,pharmaflow-main,SYNTHETIC_OPERATIONAL_RECORD
INV-0158,INV-0158,MED-0158,Azithromycin 250mg (Azee 250) (Formula 158),Azithromycin Dihydrate,AZI257,14 Sep 2027,2027-09-14,55,Metro Health Suppliers,SUPP-018,127.5,154.6,Available,8908755749566,50,100,2026-10-01T08:00:00Z,pharmaflow-main,SYNTHETIC_OPERATIONAL_RECORD
INV-0159,INV-0159,MED-0159,Azithromycin 500mg (Azithral 500) (Formula 159),Azithromycin Dihydrate,AZI258,16 Feb 2027,2027-02-16,54,Kaveri Pharma Distributors,SUPP-019,185.0,227.8,Available,8904928783441,50,100,2026-10-01T08:00:00Z,pharmaflow-main,SYNTHETIC_OPERATIONAL_RECORD
INV-0160,INV-0160,MED-0160,Metformin 500mg (Glycomet 500) (Formula 160),Metformin Hydrochloride,MET259,04 Feb 2028,2028-02-04,74,Sterling Drug House,SUPP-020,57.5,71.0,Available,8907710396573,50,100,2026-10-01T08:00:00Z,pharmaflow-main,SYNTHETIC_OPERATIONAL_RECORD
INV-0161,INV-0161,MED-0161,Metformin 1000mg SR (Glucophage) (Formula 161),Metformin Hydrochloride,MET260,07 Feb 2027,2027-02-07,176,Royal Pharma Syndicate,SUPP-021,83.0,101.2,Available,8909451577335,50,100,2026-10-01T08:00:00Z,pharmaflow-main,SYNTHETIC_OPERATIONAL_RECORD
INV-0162,INV-0162,MED-0162,Pantoprazole 40mg (Pan 40) (Formula 162),Pantoprazole Sodium,PAN261,29 Dec 2027,2027-12-29,216,National Healthcare Logistics,SUPP-022,85.0,105.0,Available,8905870891270,50,100,2026-10-01T08:00:00Z,pharmaflow-main,SYNTHETIC_OPERATIONAL_RECORD
INV-0163,INV-0163,MED-0163,Pantoprazole + Domperidone (Pan-D) (Formula 163),Pantoprazole + Domperidone,PAN262,25 Nov 2027,2027-11-25,199,Om Sai Drug Distributors,SUPP-023,147.5,181.2,Available,8906338036681,50,100,2026-10-01T08:00:00Z,pharmaflow-main,SYNTHETIC_OPERATIONAL_RECORD
INV-0164,INV-0164,MED-0164,Omeprazole 20mg (Omez) (Formula 164),Omeprazole,OME263,14 Jan 2027,2027-01-14,121,Shree Ganesh Pharma Agency,SUPP-024,67.0,81.4,Available,8906168291913,50,100,2026-10-01T08:00:00Z,pharmaflow-main,SYNTHETIC_OPERATIONAL_RECORD
INV-0165,INV-0165,MED-0165,Telmisartan 40mg (Telma 40) (Formula 165),Telmisartan,TEL264,26 Dec 2027,2027-12-26,45,Tamil Nadu Medical Depot,SUPP-025,105.5,131.6,Low Stock,8903777580509,50,100,2026-10-01T08:00:00Z,pharmaflow-main,SYNTHETIC_OPERATIONAL_RECORD
INV-0166,INV-0166,MED-0166,Telmisartan + Amlodipine (Telma-AM) (Formula 166),Telmisartan + Amlodipine,TEL265,27 Apr 2028,2028-04-27,58,Bangalore Pharma Distribution,SUPP-026,150.0,184.8,Quarantined,8909255898264,50,100,2026-10-01T08:00:00Z,pharmaflow-main,SYNTHETIC_OPERATIONAL_RECORD
INV-0167,INV-0167,MED-0167,Atorvastatin 10mg (Atorva 10) (Formula 167),Atorvastatin Calcium,ATO266,24 May 2027,2027-05-24,451,Hyderabad Drug Syndicate,SUPP-027,122.5,154.0,Available,8908933377472,50,100,2026-10-01T08:00:00Z,pharmaflow-main,SYNTHETIC_OPERATIONAL_RECORD
INV-0168,INV-0168,MED-0168,Rosuvastatin 10mg (Rosuvas 10) (Formula 168),Rosuvastatin Calcium,ROS267,21 Jul 2027,2027-07-21,218,Western Pharma Logistics,SUPP-028,150.0,187.2,Available,8909987064419,50,100,2026-10-01T08:00:00Z,pharmaflow-main,SYNTHETIC_OPERATIONAL_RECORD
INV-0169,INV-0169,MED-0169,Ciprofloxacin 500mg (Ciplox 500) (Formula 169),Ciprofloxacin,CIP268,12 Nov 2027,2027-11-12,60,Eastern Drug Supply Co.,SUPP-029,72.0,88.0,Available,8901818112342,50,100,2026-10-01T08:00:00Z,pharmaflow-main,SYNTHETIC_OPERATIONAL_RECORD
INV-0170,INV-0170,MED-0170,Ofloxacin + Ornidazole (O2) (Formula 170),Ofloxacin + Ornidazole,OFL269,20 Nov 2027,2027-11-20,77,Northern Health Wholesalers,SUPP-030,117.5,145.2,Available,8906448001026,50,100,2026-10-01T08:00:00Z,pharmaflow-main,SYNTHETIC_OPERATIONAL_RECORD
INV-0171,INV-0171,MED-0171,Montelukast + Levocetirizine (Montair-LC) (Formula 171),Montelukast Sodium + Levocetirizine,MON270,14 Mar 2027,2027-03-14,50,Central Medical Distributors,SUPP-031,163.0,201.4,Available,8903589530484,50,100,2026-10-01T08:00:00Z,pharmaflow-main,SYNTHETIC_OPERATIONAL_RECORD
INV-0172,INV-0172,MED-0172,Ibuprofen 400mg (Brufen 400) (Formula 172),Ibuprofen,IBU271,24 Nov 2027,2027-11-24,52,Global Pharma Trade House,SUPP-032,35.5,44.6,Available,8904752171298,50,100,2026-10-01T08:00:00Z,pharmaflow-main,SYNTHETIC_OPERATIONAL_RECORD
INV-0173,INV-0173,MED-0173,Aceclofenac + Paracetamol (Zerodol-P) (Formula 173),Aceclofenac + Paracetamol,ACE272,08 May 2027,2027-05-08,101,Matrix Healthcare Supply,SUPP-033,85.0,104.8,Available,8903400244542,50,100,2026-10-01T08:00:00Z,pharmaflow-main,SYNTHETIC_OPERATIONAL_RECORD
INV-0174,INV-0174,MED-0174,Vildagliptin + Metformin (Galvus Met) (Formula 174),Vildagliptin + Metformin,VIL273,26 Oct 2027,2027-10-26,23,Jupiter Drug Agencies,SUPP-034,252.5,314.0,Low Stock,8903058982440,50,100,2026-10-01T08:00:00Z,pharmaflow-main,SYNTHETIC_OPERATIONAL_RECORD
INV-0175,INV-0175,MED-0175,Rabeprazole 20mg (Razo 20) (Formula 175),Rabeprazole Sodium,RAB274,30 Jul 2027,2027-07-30,44,CarePoint Distribution Ltd.,SUPP-035,127.0,157.2,Low Stock,8906725038117,50,100,2026-10-01T08:00:00Z,pharmaflow-main,SYNTHETIC_OPERATIONAL_RECORD
INV-0176,INV-0176,MED-0176,Cough Syrup (Ascoril-D) (Formula 176),Dextromethorphan + Phenylephrine + Chlorpheniramine,COU275,06 Dec 2026,2026-12-06,60,MediSource Distributors Pvt. Ltd.,SUPP-001,88.0,110.0,Available,8901065857791,50,100,2026-10-01T08:00:00Z,pharmaflow-main,SYNTHETIC_OPERATIONAL_RECORD
INV-0177,INV-0177,MED-0177,Oral Rehydration Salts (Electral ORS) (Formula 177),Sodium Chloride + Potassium Chloride + Sodium Citrate + Dextrose,ORA276,15 Jun 2027,2027-06-15,265,ABC Pharma Wholesale Syndicate,SUPP-002,20.5,25.7,Quarantined,8905025070544,50,100,2026-10-01T08:00:00Z,pharmaflow-main,SYNTHETIC_OPERATIONAL_RECORD
INV-0178,INV-0178,MED-0178,Multivitamin + Zinc (Becadexamin) (Formula 178),Vitamins B-Complex + C + Minerals + Zinc,MUL277,07 Jun 2027,2027-06-07,171,HealthCare Labs Logistics,SUPP-003,47.0,58.4,Available,8906173344564,50,100,2026-10-01T08:00:00Z,pharmaflow-main,SYNTHETIC_OPERATIONAL_RECORD
INV-0179,INV-0179,MED-0179,Thyroxine Sodium 50mcg (Thyronorm 50) (Formula 179),Levothyroxine Sodium,THY278,16 Apr 2028,2028-04-16,81,Nova Pharma Distribution Network,SUPP-004,132.5,164.6,Available,8904930438209,50,100,2026-10-01T08:00:00Z,pharmaflow-main,SYNTHETIC_OPERATIONAL_RECORD
INV-0180,INV-0180,MED-0180,Clopidogrel 75mg (Clopilet 75) (Formula 180),Clopidogrel Bisulfate,CLO279,17 Nov 2026,2026-11-17,86,Southern Apollo Regional Depot,SUPP-005,140.0,174.8,Available,8907666129822,50,100,2026-10-01T08:00:00Z,pharmaflow-main,SYNTHETIC_OPERATIONAL_RECORD
INV-0181,INV-0181,MED-0181,Paracetamol 500mg (Formula 181),Acetaminophen,PAR280,16 Nov 2026,2026-11-16,25,MedPlus Central Warehouse,SUPP-006,37.5,46.0,Low Stock,8908625774078,50,100,2026-10-01T08:00:00Z,pharmaflow-main,SYNTHETIC_OPERATIONAL_RECORD
INV-0182,INV-0182,MED-0182,Paracetamol 650mg (Dolo 650) (Formula 182),Acetaminophen,PAR281,16 Sep 2027,2027-09-16,51,Karnataka State Pharma Hub,SUPP-007,47.0,57.2,Available,8906929897032,50,100,2026-10-01T08:00:00Z,pharmaflow-main,SYNTHETIC_OPERATIONAL_RECORD
INV-0183,INV-0183,MED-0183,Vitamin D3 60K (Calcirol) (Formula 183),Cholecalciferol,VIT282,16 Aug 2027,2027-08-16,12,Apex Medical Agencies,SUPP-008,65.0,80.0,Low Stock,8906837975356,50,100,2026-10-01T08:00:00Z,pharmaflow-main,SYNTHETIC_OPERATIONAL_RECORD
INV-0184,INV-0184,MED-0184,Amoxicillin 500mg (Novamox) (Formula 184),Amoxicillin Trihydrate,AMO283,31 Oct 2027,2027-10-31,125,Sri Balaji Pharmaceuticals,SUPP-009,97.5,118.2,Available,8906418365941,50,100,2026-10-01T08:00:00Z,pharmaflow-main,SYNTHETIC_OPERATIONAL_RECORD
INV-0185,INV-0185,MED-0185,Amoxicillin + Clavulanic Acid 625mg (Augmentin) (Formula 185),Amoxicillin + Potassium Clavulanate,AMO284,28 Feb 2028,2028-02-28,114,Vardhman Healthcare Wholesale,SUPP-010,170.0,211.4,Available,8907430757004,50,100,2026-10-01T08:00:00Z,pharmaflow-main,SYNTHETIC_OPERATIONAL_RECORD
INV-0186,INV-0186,MED-0186,Cetirizine 10mg (Cetzine) (Formula 186),Cetirizine Hydrochloride,CET285,19 Dec 2027,2027-12-19,80,Zenith Pharma Logistics,SUPP-011,42.5,51.6,Available,8908901585274,50,100,2026-10-01T08:00:00Z,pharmaflow-main,SYNTHETIC_OPERATIONAL_RECORD
INV-0187,INV-0187,MED-0187,Levocetirizine 5mg (Levocet) (Formula 187),Levocetirizine Dihydrochloride,LEV286,14 Apr 2028,2028-04-14,51,City Pharma Distributors,SUPP-012,58.0,70.8,Available,8904927019611,50,100,2026-10-01T08:00:00Z,pharmaflow-main,SYNTHETIC_OPERATIONAL_RECORD
INV-0188,INV-0188,MED-0188,Azithromycin 250mg (Azee 250) (Formula 188),Azithromycin Dihydrate,AZI287,26 Nov 2027,2027-11-26,76,Pioneer Drug House,SUPP-013,132.5,161.0,Quarantined,8906887132821,50,100,2026-10-01T08:00:00Z,pharmaflow-main,SYNTHETIC_OPERATIONAL_RECORD
INV-0189,INV-0189,MED-0189,Azithromycin 500mg (Azithral 500) (Formula 189),Azithromycin Dihydrate,AZI288,24 Aug 2027,2027-08-24,325,Sai Pharma Agencies,SUPP-014,190.0,234.2,Available,8902777816561,50,100,2026-10-01T08:00:00Z,pharmaflow-main,SYNTHETIC_OPERATIONAL_RECORD
INV-0190,INV-0190,MED-0190,Metformin 500mg (Glycomet 500) (Formula 190),Metformin Hydrochloride,MET289,15 Mar 2028,2028-03-15,110,Premier Medical Supplies,SUPP-015,45.0,55.0,Available,8901626733282,50,100,2026-10-01T08:00:00Z,pharmaflow-main,SYNTHETIC_OPERATIONAL_RECORD
INV-0191,INV-0191,MED-0191,Metformin 1000mg SR (Glucophage) (Formula 191),Metformin Hydrochloride,MET290,06 Oct 2027,2027-10-06,13,Universal Drug Distributors,SUPP-016,70.5,85.2,Low Stock,8907088451458,50,100,2026-10-01T08:00:00Z,pharmaflow-main,SYNTHETIC_OPERATIONAL_RECORD
INV-0192,INV-0192,MED-0192,Pantoprazole 40mg (Pan 40) (Formula 192),Pantoprazole Sodium,PAN291,09 Sep 2027,2027-09-09,69,Reliance Pharma Hub,SUPP-017,90.0,111.4,Available,8901654602021,50,100,2026-10-01T08:00:00Z,pharmaflow-main,SYNTHETIC_OPERATIONAL_RECORD
INV-0193,INV-0193,MED-0193,Pantoprazole + Domperidone (Pan-D) (Formula 193),Pantoprazole + Domperidone,PAN292,05 Jan 2027,2027-01-05,61,Metro Health Suppliers,SUPP-018,152.5,187.6,Available,8902416760621,50,100,2026-10-01T08:00:00Z,pharmaflow-main,SYNTHETIC_OPERATIONAL_RECORD
INV-0194,INV-0194,MED-0194,Omeprazole 20mg (Omez) (Formula 194),Omeprazole,OME293,01 Oct 2027,2027-10-01,124,Kaveri Pharma Distributors,SUPP-019,72.0,87.8,Available,8904579265601,50,100,2026-10-01T08:00:00Z,pharmaflow-main,SYNTHETIC_OPERATIONAL_RECORD
INV-0195,INV-0195,MED-0195,Telmisartan 40mg (Telma 40) (Formula 195),Telmisartan,TEL294,31 Mar 2028,2028-03-31,73,Sterling Drug House,SUPP-020,110.5,138.0,Available,8908236361108,50,100,2026-10-01T08:00:00Z,pharmaflow-main,SYNTHETIC_OPERATIONAL_RECORD
INV-0196,INV-0196,MED-0196,Telmisartan + Amlodipine (Telma-AM) (Formula 196),Telmisartan + Amlodipine,TEL295,27 Dec 2027,2027-12-27,362,Royal Pharma Syndicate,SUPP-021,155.0,191.2,Available,8908823677798,50,100,2026-10-01T08:00:00Z,pharmaflow-main,SYNTHETIC_OPERATIONAL_RECORD
INV-0197,INV-0197,MED-0197,Atorvastatin 10mg (Atorva 10) (Formula 197),Atorvastatin Calcium,ATO296,21 May 2027,2027-05-21,15,National Healthcare Logistics,SUPP-022,110.0,138.0,Low Stock,8907402059279,50,100,2026-10-01T08:00:00Z,pharmaflow-main,SYNTHETIC_OPERATIONAL_RECORD
INV-0198,INV-0198,MED-0198,Rosuvastatin 10mg (Rosuvas 10) (Formula 198),Rosuvastatin Calcium,ROS297,23 Jun 2027,2027-06-23,37,Om Sai Drug Distributors,SUPP-023,137.5,171.2,Low Stock,8908709361138,50,100,2026-10-01T08:00:00Z,pharmaflow-main,SYNTHETIC_OPERATIONAL_RECORD
INV-0199,INV-0199,MED-0199,Ciprofloxacin 500mg (Ciplox 500) (Formula 199),Ciprofloxacin,CIP298,10 Nov 2027,2027-11-10,137,Shree Ganesh Pharma Agency,SUPP-024,77.0,94.4,Quarantined,8901726990714,50,100,2026-10-01T08:00:00Z,pharmaflow-main,SYNTHETIC_OPERATIONAL_RECORD
INV-0200,INV-0200,MED-0200,Ofloxacin + Ornidazole (O2) (Formula 200),Ofloxacin + Ornidazole,OFL299,12 May 2027,2027-05-12,20,Tamil Nadu Medical Depot,SUPP-025,122.5,151.6,Low Stock,8903097302637,50,100,2026-10-01T08:00:00Z,pharmaflow-main,SYNTHETIC_OPERATIONAL_RECORD
INV-0201,INV-0201,MED-0201,Montelukast + Levocetirizine (Montair-LC) (Formula 201),Montelukast Sodium + Levocetirizine,MON300,19 Mar 2027,2027-03-19,94,Bangalore Pharma Distribution,SUPP-026,168.0,207.8,Available,8909842186844,50,100,2026-10-01T08:00:00Z,pharmaflow-main,SYNTHETIC_OPERATIONAL_RECORD
INV-0202,INV-0202,MED-0202,Ibuprofen 400mg (Brufen 400) (Formula 202),Ibuprofen,IBU301,14 May 2027,2027-05-14,13,Hyderabad Drug Syndicate,SUPP-027,40.5,51.0,Low Stock,8904636537575,50,100,2026-10-01T08:00:00Z,pharmaflow-main,SYNTHETIC_OPERATIONAL_RECORD
INV-0203,INV-0203,MED-0203,Aceclofenac + Paracetamol (Zerodol-P) (Formula 203),Aceclofenac + Paracetamol,ACE302,07 Feb 2027,2027-02-07,123,Western Pharma Logistics,SUPP-028,90.0,111.2,Available,8903869963931,50,100,2026-10-01T08:00:00Z,pharmaflow-main,SYNTHETIC_OPERATIONAL_RECORD
INV-0204,INV-0204,MED-0204,Vildagliptin + Metformin (Galvus Met) (Formula 204),Vildagliptin + Metformin,VIL303,18 Sep 2027,2027-09-18,26,Eastern Drug Supply Co.,SUPP-029,240.0,298.0,Low Stock,8904282810353,50,100,2026-10-01T08:00:00Z,pharmaflow-main,SYNTHETIC_OPERATIONAL_RECORD
INV-0205,INV-0205,MED-0205,Rabeprazole 20mg (Razo 20) (Formula 205),Rabeprazole Sodium,RAB304,13 Oct 2027,2027-10-13,31,Northern Health Wholesalers,SUPP-030,114.5,141.2,Low Stock,8902771211118,50,100,2026-10-01T08:00:00Z,pharmaflow-main,SYNTHETIC_OPERATIONAL_RECORD
INV-0206,INV-0206,MED-0206,Cough Syrup (Ascoril-D) (Formula 206),Dextromethorphan + Phenylephrine + Chlorpheniramine,COU305,05 Sep 2027,2027-09-05,420,Central Medical Distributors,SUPP-031,93.0,116.4,Available,8901993998848,50,100,2026-10-01T08:00:00Z,pharmaflow-main,SYNTHETIC_OPERATIONAL_RECORD
INV-0207,INV-0207,MED-0207,Oral Rehydration Salts (Electral ORS) (Formula 207),Sodium Chloride + Potassium Chloride + Sodium Citrate + Dextrose,ORA306,03 Mar 2028,2028-03-03,156,Global Pharma Trade House,SUPP-032,25.5,32.1,Available,8904037270171,50,100,2026-10-01T08:00:00Z,pharmaflow-main,SYNTHETIC_OPERATIONAL_RECORD
INV-0208,INV-0208,MED-0208,Multivitamin + Zinc (Becadexamin) (Formula 208),Vitamins B-Complex + C + Minerals + Zinc,MUL307,19 Jan 2027,2027-01-19,2,Matrix Healthcare Supply,SUPP-033,52.0,64.8,Low Stock,8901039262289,50,100,2026-10-01T08:00:00Z,pharmaflow-main,SYNTHETIC_OPERATIONAL_RECORD
INV-0209,INV-0209,MED-0209,Thyroxine Sodium 50mcg (Thyronorm 50) (Formula 209),Levothyroxine Sodium,THY308,10 Mar 2027,2027-03-10,95,Jupiter Drug Agencies,SUPP-034,137.5,171.0,Available,8907467073633,50,100,2026-10-01T08:00:00Z,pharmaflow-main,SYNTHETIC_OPERATIONAL_RECORD
INV-0210,INV-0210,MED-0210,Clopidogrel 75mg (Clopilet 75) (Formula 210),Clopidogrel Bisulfate,CLO309,09 Sep 2027,2027-09-09,61,CarePoint Distribution Ltd.,SUPP-035,145.0,181.2,Quarantined,8902602884797,50,100,2026-10-01T08:00:00Z,pharmaflow-main,SYNTHETIC_OPERATIONAL_RECORD
INV-0211,INV-0211,MED-0211,Paracetamol 500mg (Formula 211),Acetaminophen,PAR310,28 Mar 2027,2027-03-28,76,MediSource Distributors Pvt. Ltd.,SUPP-001,25.0,30.0,Available,8903095318649,50,100,2026-10-01T08:00:00Z,pharmaflow-main,SYNTHETIC_OPERATIONAL_RECORD
INV-0212,INV-0212,MED-0212,Paracetamol 650mg (Dolo 650) (Formula 212),Acetaminophen,PAR311,19 Feb 2028,2028-02-19,134,ABC Pharma Wholesale Syndicate,SUPP-002,34.5,41.2,Available,8909618334441,50,100,2026-10-01T08:00:00Z,pharmaflow-main,SYNTHETIC_OPERATIONAL_RECORD
INV-0213,INV-0213,MED-0213,Vitamin D3 60K (Calcirol) (Formula 213),Cholecalciferol,VIT312,29 Jan 2027,2027-01-29,19,HealthCare Labs Logistics,SUPP-003,70.0,86.4,Low Stock,8907664258343,50,100,2026-10-01T08:00:00Z,pharmaflow-main,SYNTHETIC_OPERATIONAL_RECORD
INV-0214,INV-0214,MED-0214,Amoxicillin 500mg (Novamox) (Formula 214),Amoxicillin Trihydrate,AMO313,08 May 2027,2027-05-08,351,Nova Pharma Distribution Network,SUPP-004,102.5,124.6,Available,8901050899550,50,100,2026-10-01T08:00:00Z,pharmaflow-main,SYNTHETIC_OPERATIONAL_RECORD
INV-0215,INV-0215,MED-0215,Amoxicillin + Clavulanic Acid 625mg (Augmentin) (Formula 215),Amoxicillin + Potassium Clavulanate,AMO314,12 Nov 2026,2026-11-12,127,Southern Apollo Regional Depot,SUPP-005,175.0,217.8,Available,8909493209128,50,100,2026-10-01T08:00:00Z,pharmaflow-main,SYNTHETIC_OPERATIONAL_RECORD
INV-0216,INV-0216,MED-0216,Cetirizine 10mg (Cetzine) (Formula 216),Cetirizine Hydrochloride,CET315,29 Apr 2027,2027-04-29,399,MedPlus Central Warehouse,SUPP-006,47.5,58.0,Available,8909663561486,50,100,2026-10-01T08:00:00Z,pharmaflow-main,SYNTHETIC_OPERATIONAL_RECORD
INV-0217,INV-0217,MED-0217,Levocetirizine 5mg (Levocet) (Formula 217),Levocetirizine Dihydrochloride,LEV316,23 Mar 2028,2028-03-23,19,Karnataka State Pharma Hub,SUPP-007,63.0,77.2,Low Stock,8908189916797,50,100,2026-10-01T08:00:00Z,pharmaflow-main,SYNTHETIC_OPERATIONAL_RECORD
INV-0218,INV-0218,MED-0218,Azithromycin 250mg (Azee 250) (Formula 218),Azithromycin Dihydrate,AZI317,21 Jan 2028,2028-01-21,108,Apex Medical Agencies,SUPP-008,120.0,145.0,Available,8904907446848,50,100,2026-10-01T08:00:00Z,pharmaflow-main,SYNTHETIC_OPERATIONAL_RECORD
INV-0219,INV-0219,MED-0219,Azithromycin 500mg (Azithral 500) (Formula 219),Azithromycin Dihydrate,AZI318,05 Dec 2027,2027-12-05,12,Sri Balaji Pharmaceuticals,SUPP-009,177.5,218.2,Low Stock,8901639509845,50,100,2026-10-01T08:00:00Z,pharmaflow-main,SYNTHETIC_OPERATIONAL_RECORD
INV-0220,INV-0220,MED-0220,Metformin 500mg (Glycomet 500) (Formula 220),Metformin Hydrochloride,MET319,31 May 2027,2027-05-31,39,Vardhman Healthcare Wholesale,SUPP-010,50.0,61.4,Low Stock,8907556078550,50,100,2026-10-01T08:00:00Z,pharmaflow-main,SYNTHETIC_OPERATIONAL_RECORD
INV-0221,INV-0221,MED-0221,Metformin 1000mg SR (Glucophage) (Formula 221),Metformin Hydrochloride,MET320,04 May 2028,2028-05-04,80,Zenith Pharma Logistics,SUPP-011,75.5,91.6,Quarantined,8908796286443,50,100,2026-10-01T08:00:00Z,pharmaflow-main,SYNTHETIC_OPERATIONAL_RECORD
INV-0222,INV-0222,MED-0222,Pantoprazole 40mg (Pan 40) (Formula 222),Pantoprazole Sodium,PAN321,20 Jul 2027,2027-07-20,204,City Pharma Distributors,SUPP-012,95.0,117.8,Available,8902704657157,50,100,2026-10-01T08:00:00Z,pharmaflow-main,SYNTHETIC_OPERATIONAL_RECORD
INV-0223,INV-0223,MED-0223,Pantoprazole + Domperidone (Pan-D) (Formula 223),Pantoprazole + Domperidone,PAN322,23 Sep 2027,2027-09-23,31,Pioneer Drug House,SUPP-013,157.5,194.0,Low Stock,8907038841740,50,100,2026-10-01T08:00:00Z,pharmaflow-main,SYNTHETIC_OPERATIONAL_RECORD
INV-0224,INV-0224,MED-0224,Omeprazole 20mg (Omez) (Formula 224),Omeprazole,OME323,06 Apr 2028,2028-04-06,138,Sai Pharma Agencies,SUPP-014,77.0,94.2,Available,8903426665919,50,100,2026-10-01T08:00:00Z,pharmaflow-main,SYNTHETIC_OPERATIONAL_RECORD
INV-0225,INV-0225,MED-0225,Telmisartan 40mg (Telma 40) (Formula 225),Telmisartan,TEL324,13 Jan 2027,2027-01-13,106,Premier Medical Supplies,SUPP-015,98.0,122.0,Available,8906265016831,50,100,2026-10-01T08:00:00Z,pharmaflow-main,SYNTHETIC_OPERATIONAL_RECORD
INV-0226,INV-0226,MED-0226,Telmisartan + Amlodipine (Telma-AM) (Formula 226),Telmisartan + Amlodipine,TEL325,17 Feb 2028,2028-02-17,12,Universal Drug Distributors,SUPP-016,142.5,175.2,Low Stock,8904641561499,50,100,2026-10-01T08:00:00Z,pharmaflow-main,SYNTHETIC_OPERATIONAL_RECORD
INV-0227,INV-0227,MED-0227,Atorvastatin 10mg (Atorva 10) (Formula 227),Atorvastatin Calcium,ATO326,19 Oct 2027,2027-10-19,312,Reliance Pharma Hub,SUPP-017,115.0,144.4,Available,8904262396395,50,100,2026-10-01T08:00:00Z,pharmaflow-main,SYNTHETIC_OPERATIONAL_RECORD
INV-0228,INV-0228,MED-0228,Rosuvastatin 10mg (Rosuvas 10) (Formula 228),Rosuvastatin Calcium,ROS327,24 Oct 2027,2027-10-24,132,Metro Health Suppliers,SUPP-018,142.5,177.6,Available,8905696548897,50,100,2026-10-01T08:00:00Z,pharmaflow-main,SYNTHETIC_OPERATIONAL_RECORD
INV-0229,INV-0229,MED-0229,Ciprofloxacin 500mg (Ciplox 500) (Formula 229),Ciprofloxacin,CIP328,25 Apr 2027,2027-04-25,51,Kaveri Pharma Distributors,SUPP-019,82.0,100.8,Available,8906923893872,50,100,2026-10-01T08:00:00Z,pharmaflow-main,SYNTHETIC_OPERATIONAL_RECORD
INV-0230,INV-0230,MED-0230,Ofloxacin + Ornidazole (O2) (Formula 230),Ofloxacin + Ornidazole,OFL329,25 Jun 2027,2027-06-25,125,Sterling Drug House,SUPP-020,127.5,158.0,Available,8907668801906,50,100,2026-10-01T08:00:00Z,pharmaflow-main,SYNTHETIC_OPERATIONAL_RECORD
INV-0231,INV-0231,MED-0231,Montelukast + Levocetirizine (Montair-LC) (Formula 231),Montelukast Sodium + Levocetirizine,MON330,07 Apr 2028,2028-04-07,34,Royal Pharma Syndicate,SUPP-021,173.0,214.2,Low Stock,8909830946410,50,100,2026-10-01T08:00:00Z,pharmaflow-main,SYNTHETIC_OPERATIONAL_RECORD
INV-0232,INV-0232,MED-0232,Ibuprofen 400mg (Brufen 400) (Formula 232),Ibuprofen,IBU331,16 Dec 2026,2026-12-16,250,National Healthcare Logistics,SUPP-022,28.0,35.0,Quarantined,8909630522755,50,100,2026-10-01T08:00:00Z,pharmaflow-main,SYNTHETIC_OPERATIONAL_RECORD
INV-0233,INV-0233,MED-0233,Aceclofenac + Paracetamol (Zerodol-P) (Formula 233),Aceclofenac + Paracetamol,ACE332,08 May 2028,2028-05-08,4,Om Sai Drug Distributors,SUPP-023,77.5,95.2,Low Stock,8901736086849,50,100,2026-10-01T08:00:00Z,pharmaflow-main,SYNTHETIC_OPERATIONAL_RECORD
INV-0234,INV-0234,MED-0234,Vildagliptin + Metformin (Galvus Met) (Formula 234),Vildagliptin + Metformin,VIL333,27 Dec 2026,2026-12-27,78,Shree Ganesh Pharma Agency,SUPP-024,245.0,304.4,Available,8908663837890,50,100,2026-10-01T08:00:00Z,pharmaflow-main,SYNTHETIC_OPERATIONAL_RECORD
INV-0235,INV-0235,MED-0235,Rabeprazole 20mg (Razo 20) (Formula 235),Rabeprazole Sodium,RAB334,27 Dec 2026,2026-12-27,27,Tamil Nadu Medical Depot,SUPP-025,119.5,147.6,Low Stock,8901182758417,50,100,2026-10-01T08:00:00Z,pharmaflow-main,SYNTHETIC_OPERATIONAL_RECORD
INV-0236,INV-0236,MED-0236,Cough Syrup (Ascoril-D) (Formula 236),Dextromethorphan + Phenylephrine + Chlorpheniramine,COU335,05 Feb 2028,2028-02-05,10,Bangalore Pharma Distribution,SUPP-026,98.0,122.8,Low Stock,8907337225482,50,100,2026-10-01T08:00:00Z,pharmaflow-main,SYNTHETIC_OPERATIONAL_RECORD
INV-0237,INV-0237,MED-0237,Oral Rehydration Salts (Electral ORS) (Formula 237),Sodium Chloride + Potassium Chloride + Sodium Citrate + Dextrose,ORA336,24 Jul 2027,2027-07-24,302,Hyderabad Drug Syndicate,SUPP-027,30.5,38.5,Available,8909909257076,50,100,2026-10-01T08:00:00Z,pharmaflow-main,SYNTHETIC_OPERATIONAL_RECORD
INV-0238,INV-0238,MED-0238,Multivitamin + Zinc (Becadexamin) (Formula 238),Vitamins B-Complex + C + Minerals + Zinc,MUL337,06 Jun 2027,2027-06-06,58,Western Pharma Logistics,SUPP-028,57.0,71.2,Available,8909270323795,50,100,2026-10-01T08:00:00Z,pharmaflow-main,SYNTHETIC_OPERATIONAL_RECORD
INV-0239,INV-0239,MED-0239,Thyroxine Sodium 50mcg (Thyronorm 50) (Formula 239),Levothyroxine Sodium,THY338,17 Nov 2026,2026-11-17,61,Eastern Drug Supply Co.,SUPP-029,125.0,155.0,Available,8901141312095,50,100,2026-10-01T08:00:00Z,pharmaflow-main,SYNTHETIC_OPERATIONAL_RECORD
INV-0240,INV-0240,MED-0240,Clopidogrel 75mg (Clopilet 75) (Formula 240),Clopidogrel Bisulfate,CLO339,19 Feb 2027,2027-02-19,142,Northern Health Wholesalers,SUPP-030,132.5,165.2,Available,8902350701477,50,100,2026-10-01T08:00:00Z,pharmaflow-main,SYNTHETIC_OPERATIONAL_RECORD
INV-0241,INV-0241,MED-0241,Paracetamol 500mg (Formula 241),Acetaminophen,PAR340,28 Mar 2027,2027-03-28,20,Central Medical Distributors,SUPP-031,30.0,36.4,Low Stock,8905129478722,50,100,2026-10-01T08:00:00Z,pharmaflow-main,SYNTHETIC_OPERATIONAL_RECORD
INV-0242,INV-0242,MED-0242,Paracetamol 650mg (Dolo 650) (Formula 242),Acetaminophen,PAR341,23 Feb 2027,2027-02-23,64,Global Pharma Trade House,SUPP-032,39.5,47.6,Available,8903521300895,50,100,2026-10-01T08:00:00Z,pharmaflow-main,SYNTHETIC_OPERATIONAL_RECORD
INV-0243,INV-0243,MED-0243,Vitamin D3 60K (Calcirol) (Formula 243),Cholecalciferol,VIT342,08 Mar 2027,2027-03-08,67,Matrix Healthcare Supply,SUPP-033,75.0,92.8,Quarantined,8905625411308,50,100,2026-10-01T08:00:00Z,pharmaflow-main,SYNTHETIC_OPERATIONAL_RECORD
INV-0244,INV-0244,MED-0244,Amoxicillin 500mg (Novamox) (Formula 244),Amoxicillin Trihydrate,AMO343,31 Mar 2028,2028-03-31,178,Jupiter Drug Agencies,SUPP-034,107.5,131.0,Available,8906719736115,50,100,2026-10-01T08:00:00Z,pharmaflow-main,SYNTHETIC_OPERATIONAL_RECORD
INV-0245,INV-0245,MED-0245,Amoxicillin + Clavulanic Acid 625mg (Augmentin) (Formula 245),Amoxicillin + Potassium Clavulanate,AMO344,04 Aug 2027,2027-08-04,39,CarePoint Distribution Ltd.,SUPP-035,180.0,224.2,Low Stock,8904110258855,50,100,2026-10-01T08:00:00Z,pharmaflow-main,SYNTHETIC_OPERATIONAL_RECORD
INV-0246,INV-0246,MED-0246,Cetirizine 10mg (Cetzine) (Formula 246),Cetirizine Hydrochloride,CET345,01 Jan 2028,2028-01-01,120,MediSource Distributors Pvt. Ltd.,SUPP-001,35.0,42.0,Available,8909479654136,50,100,2026-10-01T08:00:00Z,pharmaflow-main,SYNTHETIC_OPERATIONAL_RECORD
INV-0247,INV-0247,MED-0247,Levocetirizine 5mg (Levocet) (Formula 247),Levocetirizine Dihydrochloride,LEV346,22 May 2028,2028-05-22,7,ABC Pharma Wholesale Syndicate,SUPP-002,50.5,61.2,Low Stock,8901230624431,50,100,2026-10-01T08:00:00Z,pharmaflow-main,SYNTHETIC_OPERATIONAL_RECORD
INV-0248,INV-0248,MED-0248,Azithromycin 250mg (Azee 250) (Formula 248),Azithromycin Dihydrate,AZI347,12 Oct 2027,2027-10-12,79,HealthCare Labs Logistics,SUPP-003,125.0,151.4,Available,8902877279755,50,100,2026-10-01T08:00:00Z,pharmaflow-main,SYNTHETIC_OPERATIONAL_RECORD
INV-0249,INV-0249,MED-0249,Azithromycin 500mg (Azithral 500) (Formula 249),Azithromycin Dihydrate,AZI348,07 Feb 2027,2027-02-07,187,Nova Pharma Distribution Network,SUPP-004,182.5,224.6,Available,8904602080228,50,100,2026-10-01T08:00:00Z,pharmaflow-main,SYNTHETIC_OPERATIONAL_RECORD
INV-0250,INV-0250,MED-0250,Metformin 500mg (Glycomet 500) (Formula 250),Metformin Hydrochloride,MET349,27 Mar 2028,2028-03-27,15,Southern Apollo Regional Depot,SUPP-005,55.0,67.8,Low Stock,8908617360361,50,100,2026-10-01T08:00:00Z,pharmaflow-main,SYNTHETIC_OPERATIONAL_RECORD
INV-0251,INV-0251,MED-0251,Metformin 1000mg SR (Glucophage) (Formula 251),Metformin Hydrochloride,MET350,23 Jan 2027,2027-01-23,16,MedPlus Central Warehouse,SUPP-006,80.5,98.0,Low Stock,8909717175839,50,100,2026-10-01T08:00:00Z,pharmaflow-main,SYNTHETIC_OPERATIONAL_RECORD
INV-0252,INV-0252,MED-0252,Pantoprazole 40mg (Pan 40) (Formula 252),Pantoprazole Sodium,PAN351,02 Jul 2027,2027-07-02,113,Karnataka State Pharma Hub,SUPP-007,100.0,124.2,Available,8909558091177,50,100,2026-10-01T08:00:00Z,pharmaflow-main,SYNTHETIC_OPERATIONAL_RECORD
INV-0253,INV-0253,MED-0253,Pantoprazole + Domperidone (Pan-D) (Formula 253),Pantoprazole + Domperidone,PAN352,26 Feb 2028,2028-02-26,58,Apex Medical Agencies,SUPP-008,145.0,178.0,Available,8903107125807,50,100,2026-10-01T08:00:00Z,pharmaflow-main,SYNTHETIC_OPERATIONAL_RECORD
INV-0254,INV-0254,MED-0254,Omeprazole 20mg (Omez) (Formula 254),Omeprazole,OME353,18 Dec 2026,2026-12-18,7,Sri Balaji Pharmaceuticals,SUPP-009,64.5,78.2,Quarantined,8909337145038,50,100,2026-10-01T08:00:00Z,pharmaflow-main,SYNTHETIC_OPERATIONAL_RECORD
INV-0255,INV-0255,MED-0255,Telmisartan 40mg (Telma 40) (Formula 255),Telmisartan,TEL354,24 Sep 2027,2027-09-24,321,Vardhman Healthcare Wholesale,SUPP-010,103.0,128.4,Available,8902854772804,50,100,2026-10-01T08:00:00Z,pharmaflow-main,SYNTHETIC_OPERATIONAL_RECORD
INV-0256,INV-0256,MED-0256,Telmisartan + Amlodipine (Telma-AM) (Formula 256),Telmisartan + Amlodipine,TEL355,13 Feb 2027,2027-02-13,63,Zenith Pharma Logistics,SUPP-011,147.5,181.6,Available,8908132531532,50,100,2026-10-01T08:00:00Z,pharmaflow-main,SYNTHETIC_OPERATIONAL_RECORD
INV-0257,INV-0257,MED-0257,Atorvastatin 10mg (Atorva 10) (Formula 257),Atorvastatin Calcium,ATO356,01 May 2027,2027-05-01,68,City Pharma Distributors,SUPP-012,120.0,150.8,Available,8907951902330,50,100,2026-10-01T08:00:00Z,pharmaflow-main,SYNTHETIC_OPERATIONAL_RECORD
INV-0258,INV-0258,MED-0258,Rosuvastatin 10mg (Rosuvas 10) (Formula 258),Rosuvastatin Calcium,ROS357,09 Aug 2027,2027-08-09,93,Pioneer Drug House,SUPP-013,147.5,184.0,Available,8904427620889,50,100,2026-10-01T08:00:00Z,pharmaflow-main,SYNTHETIC_OPERATIONAL_RECORD
INV-0259,INV-0259,MED-0259,Ciprofloxacin 500mg (Ciplox 500) (Formula 259),Ciprofloxacin,CIP358,14 May 2027,2027-05-14,128,Sai Pharma Agencies,SUPP-014,87.0,107.2,Available,8904062777850,50,100,2026-10-01T08:00:00Z,pharmaflow-main,SYNTHETIC_OPERATIONAL_RECORD
INV-0260,INV-0260,MED-0260,Ofloxacin + Ornidazole (O2) (Formula 260),Ofloxacin + Ornidazole,OFL359,18 Feb 2028,2028-02-18,283,Premier Medical Supplies,SUPP-015,115.0,142.0,Available,8905647317872,50,100,2026-10-01T08:00:00Z,pharmaflow-main,SYNTHETIC_OPERATIONAL_RECORD
INV-0261,INV-0261,MED-0261,Montelukast + Levocetirizine (Montair-LC) (Formula 261),Montelukast Sodium + Levocetirizine,MON360,11 Mar 2028,2028-03-11,295,Universal Drug Distributors,SUPP-016,160.5,198.2,Available,8905957341287,50,100,2026-10-01T08:00:00Z,pharmaflow-main,SYNTHETIC_OPERATIONAL_RECORD
INV-0262,INV-0262,MED-0262,Ibuprofen 400mg (Brufen 400) (Formula 262),Ibuprofen,IBU361,03 Mar 2027,2027-03-03,9,Reliance Pharma Hub,SUPP-017,33.0,41.4,Low Stock,8903722583581,50,100,2026-10-01T08:00:00Z,pharmaflow-main,SYNTHETIC_OPERATIONAL_RECORD
INV-0263,INV-0263,MED-0263,Aceclofenac + Paracetamol (Zerodol-P) (Formula 263),Aceclofenac + Paracetamol,ACE362,07 Jan 2027,2027-01-07,27,Metro Health Suppliers,SUPP-018,82.5,101.6,Low Stock,8908471762590,50,100,2026-10-01T08:00:00Z,pharmaflow-main,SYNTHETIC_OPERATIONAL_RECORD
INV-0264,INV-0264,MED-0264,Vildagliptin + Metformin (Galvus Met) (Formula 264),Vildagliptin + Metformin,VIL363,16 Mar 2028,2028-03-16,156,Kaveri Pharma Distributors,SUPP-019,250.0,310.8,Available,8906655089949,50,100,2026-10-01T08:00:00Z,pharmaflow-main,SYNTHETIC_OPERATIONAL_RECORD
INV-0265,INV-0265,MED-0265,Rabeprazole 20mg (Razo 20) (Formula 265),Rabeprazole Sodium,RAB364,12 May 2027,2027-05-12,31,Sterling Drug House,SUPP-020,124.5,154.0,Quarantined,8901457632732,50,100,2026-10-01T08:00:00Z,pharmaflow-main,SYNTHETIC_OPERATIONAL_RECORD
INV-0266,INV-0266,MED-0266,Cough Syrup (Ascoril-D) (Formula 266),Dextromethorphan + Phenylephrine + Chlorpheniramine,COU365,10 Nov 2027,2027-11-10,64,Royal Pharma Syndicate,SUPP-021,103.0,129.2,Available,8906618965944,50,100,2026-10-01T08:00:00Z,pharmaflow-main,SYNTHETIC_OPERATIONAL_RECORD
INV-0267,INV-0267,MED-0267,Oral Rehydration Salts (Electral ORS) (Formula 267),Sodium Chloride + Potassium Chloride + Sodium Citrate + Dextrose,ORA366,16 Mar 2028,2028-03-16,28,National Healthcare Logistics,SUPP-022,18.0,22.5,Low Stock,8902158638062,50,100,2026-10-01T08:00:00Z,pharmaflow-main,SYNTHETIC_OPERATIONAL_RECORD
INV-0268,INV-0268,MED-0268,Multivitamin + Zinc (Becadexamin) (Formula 268),Vitamins B-Complex + C + Minerals + Zinc,MUL367,02 Feb 2028,2028-02-02,47,Om Sai Drug Distributors,SUPP-023,44.5,55.2,Low Stock,8901569113257,50,100,2026-10-01T08:00:00Z,pharmaflow-main,SYNTHETIC_OPERATIONAL_RECORD
INV-0269,INV-0269,MED-0269,Thyroxine Sodium 50mcg (Thyronorm 50) (Formula 269),Levothyroxine Sodium,THY368,25 Sep 2027,2027-09-25,33,Shree Ganesh Pharma Agency,SUPP-024,130.0,161.4,Low Stock,8906099808894,50,100,2026-10-01T08:00:00Z,pharmaflow-main,SYNTHETIC_OPERATIONAL_RECORD
INV-0270,INV-0270,MED-0270,Clopidogrel 75mg (Clopilet 75) (Formula 270),Clopidogrel Bisulfate,CLO369,28 Apr 2028,2028-04-28,91,Tamil Nadu Medical Depot,SUPP-025,137.5,171.6,Available,8902752536389,50,100,2026-10-01T08:00:00Z,pharmaflow-main,SYNTHETIC_OPERATIONAL_RECORD
INV-0271,INV-0271,MED-0271,Paracetamol 500mg (Formula 271),Acetaminophen,PAR370,25 Jun 2027,2027-06-25,307,Bangalore Pharma Distribution,SUPP-026,35.0,42.8,Available,8901112794026,50,100,2026-10-01T08:00:00Z,pharmaflow-main,SYNTHETIC_OPERATIONAL_RECORD
INV-0272,INV-0272,MED-0272,Paracetamol 650mg (Dolo 650) (Formula 272),Acetaminophen,PAR371,22 Apr 2028,2028-04-22,22,Hyderabad Drug Syndicate,SUPP-027,44.5,54.0,Low Stock,8909989642546,50,100,2026-10-01T08:00:00Z,pharmaflow-main,SYNTHETIC_OPERATIONAL_RECORD
INV-0273,INV-0273,MED-0273,Vitamin D3 60K (Calcirol) (Formula 273),Cholecalciferol,VIT372,13 Feb 2027,2027-02-13,8,Western Pharma Logistics,SUPP-028,80.0,99.2,Low Stock,8902654584280,50,100,2026-10-01T08:00:00Z,pharmaflow-main,SYNTHETIC_OPERATIONAL_RECORD
INV-0274,INV-0274,MED-0274,Amoxicillin 500mg (Novamox) (Formula 274),Amoxicillin Trihydrate,AMO373,20 Jul 2027,2027-07-20,11,Eastern Drug Supply Co.,SUPP-029,95.0,115.0,Low Stock,8906548442140,50,100,2026-10-01T08:00:00Z,pharmaflow-main,SYNTHETIC_OPERATIONAL_RECORD
INV-0275,INV-0275,MED-0275,Amoxicillin + Clavulanic Acid 625mg (Augmentin) (Formula 275),Amoxicillin + Potassium Clavulanate,AMO374,07 Dec 2027,2027-12-07,57,Northern Health Wholesalers,SUPP-030,167.5,208.2,Available,8909953716239,50,100,2026-10-01T08:00:00Z,pharmaflow-main,SYNTHETIC_OPERATIONAL_RECORD
INV-0276,INV-0276,MED-0276,Cetirizine 10mg (Cetzine) (Formula 276),Cetirizine Hydrochloride,CET375,02 Jan 2027,2027-01-02,300,Central Medical Distributors,SUPP-031,40.0,48.4,Quarantined,8905201221330,50,100,2026-10-01T08:00:00Z,pharmaflow-main,SYNTHETIC_OPERATIONAL_RECORD
INV-0277,INV-0277,MED-0277,Levocetirizine 5mg (Levocet) (Formula 277),Levocetirizine Dihydrochloride,LEV376,08 Apr 2028,2028-04-08,227,Global Pharma Trade House,SUPP-032,55.5,67.6,Available,8902635231601,50,100,2026-10-01T08:00:00Z,pharmaflow-main,SYNTHETIC_OPERATIONAL_RECORD
INV-0278,INV-0278,MED-0278,Azithromycin 250mg (Azee 250) (Formula 278),Azithromycin Dihydrate,AZI377,26 Apr 2027,2027-04-26,229,Matrix Healthcare Supply,SUPP-033,130.0,157.8,Available,8905891280823,50,100,2026-10-01T08:00:00Z,pharmaflow-main,SYNTHETIC_OPERATIONAL_RECORD
INV-0279,INV-0279,MED-0279,Azithromycin 500mg (Azithral 500) (Formula 279),Azithromycin Dihydrate,AZI378,02 Oct 2027,2027-10-02,109,Jupiter Drug Agencies,SUPP-034,187.5,231.0,Available,8906588316233,50,100,2026-10-01T08:00:00Z,pharmaflow-main,SYNTHETIC_OPERATIONAL_RECORD
INV-0280,INV-0280,MED-0280,Metformin 500mg (Glycomet 500) (Formula 280),Metformin Hydrochloride,MET379,29 Dec 2026,2026-12-29,34,CarePoint Distribution Ltd.,SUPP-035,60.0,74.2,Low Stock,8903117951204,50,100,2026-10-01T08:00:00Z,pharmaflow-main,SYNTHETIC_OPERATIONAL_RECORD
INV-0281,INV-0281,MED-0281,Metformin 1000mg SR (Glucophage) (Formula 281),Metformin Hydrochloride,MET380,25 Dec 2027,2027-12-25,22,MediSource Distributors Pvt. Ltd.,SUPP-001,68.0,82.0,Low Stock,8901271730355,50,100,2026-10-01T08:00:00Z,pharmaflow-main,SYNTHETIC_OPERATIONAL_RECORD
INV-0282,INV-0282,MED-0282,Pantoprazole 40mg (Pan 40) (Formula 282),Pantoprazole Sodium,PAN381,05 Feb 2028,2028-02-05,208,ABC Pharma Wholesale Syndicate,SUPP-002,87.5,108.2,Available,8907161887665,50,100,2026-10-01T08:00:00Z,pharmaflow-main,SYNTHETIC_OPERATIONAL_RECORD
INV-0283,INV-0283,MED-0283,Pantoprazole + Domperidone (Pan-D) (Formula 283),Pantoprazole + Domperidone,PAN382,01 Apr 2028,2028-04-01,150,HealthCare Labs Logistics,SUPP-003,150.0,184.4,Available,8907103588071,50,100,2026-10-01T08:00:00Z,pharmaflow-main,SYNTHETIC_OPERATIONAL_RECORD
INV-0284,INV-0284,MED-0284,Omeprazole 20mg (Omez) (Formula 284),Omeprazole,OME383,31 Mar 2028,2028-03-31,67,Nova Pharma Distribution Network,SUPP-004,69.5,84.6,Available,8905625342041,50,100,2026-10-01T08:00:00Z,pharmaflow-main,SYNTHETIC_OPERATIONAL_RECORD
INV-0285,INV-0285,MED-0285,Telmisartan 40mg (Telma 40) (Formula 285),Telmisartan,TEL384,26 Dec 2027,2027-12-26,9,Southern Apollo Regional Depot,SUPP-005,108.0,134.8,Low Stock,8907979466538,50,100,2026-10-01T08:00:00Z,pharmaflow-main,SYNTHETIC_OPERATIONAL_RECORD
INV-0286,INV-0286,MED-0286,Telmisartan + Amlodipine (Telma-AM) (Formula 286),Telmisartan + Amlodipine,TEL385,23 May 2028,2028-05-23,434,MedPlus Central Warehouse,SUPP-006,152.5,188.0,Available,8906134840512,50,100,2026-10-01T08:00:00Z,pharmaflow-main,SYNTHETIC_OPERATIONAL_RECORD
INV-0287,INV-0287,MED-0287,Atorvastatin 10mg (Atorva 10) (Formula 287),Atorvastatin Calcium,ATO386,15 Sep 2027,2027-09-15,175,Karnataka State Pharma Hub,SUPP-007,125.0,157.2,Quarantined,8901459442845,50,100,2026-10-01T08:00:00Z,pharmaflow-main,SYNTHETIC_OPERATIONAL_RECORD
INV-0288,INV-0288,MED-0288,Rosuvastatin 10mg (Rosuvas 10) (Formula 288),Rosuvastatin Calcium,ROS387,18 Feb 2028,2028-02-18,167,Apex Medical Agencies,SUPP-008,135.0,168.0,Available,8902308496151,50,100,2026-10-01T08:00:00Z,pharmaflow-main,SYNTHETIC_OPERATIONAL_RECORD
INV-0289,INV-0289,MED-0289,Ciprofloxacin 500mg (Ciplox 500) (Formula 289),Ciprofloxacin,CIP388,24 Jun 2027,2027-06-24,37,Sri Balaji Pharmaceuticals,SUPP-009,74.5,91.2,Low Stock,8909370133032,50,100,2026-10-01T08:00:00Z,pharmaflow-main,SYNTHETIC_OPERATIONAL_RECORD
INV-0290,INV-0290,MED-0290,Ofloxacin + Ornidazole (O2) (Formula 290),Ofloxacin + Ornidazole,OFL389,06 Mar 2028,2028-03-06,65,Vardhman Healthcare Wholesale,SUPP-010,120.0,148.4,Available,8907958672456,50,100,2026-10-01T08:00:00Z,pharmaflow-main,SYNTHETIC_OPERATIONAL_RECORD
INV-0291,INV-0291,MED-0291,Montelukast + Levocetirizine (Montair-LC) (Formula 291),Montelukast Sodium + Levocetirizine,MON390,04 Mar 2027,2027-03-04,143,Zenith Pharma Logistics,SUPP-011,165.5,204.6,Available,8906710338189,50,100,2026-10-01T08:00:00Z,pharmaflow-main,SYNTHETIC_OPERATIONAL_RECORD
INV-0292,INV-0292,MED-0292,Ibuprofen 400mg (Brufen 400) (Formula 292),Ibuprofen,IBU391,23 Jun 2027,2027-06-23,90,City Pharma Distributors,SUPP-012,38.0,47.8,Available,8906732648420,50,100,2026-10-01T08:00:00Z,pharmaflow-main,SYNTHETIC_OPERATIONAL_RECORD
INV-0293,INV-0293,MED-0293,Aceclofenac + Paracetamol (Zerodol-P) (Formula 293),Aceclofenac + Paracetamol,ACE392,02 Sep 2027,2027-09-02,89,Pioneer Drug House,SUPP-013,87.5,108.0,Available,8905879617459,50,100,2026-10-01T08:00:00Z,pharmaflow-main,SYNTHETIC_OPERATIONAL_RECORD
INV-0294,INV-0294,MED-0294,Vildagliptin + Metformin (Galvus Met) (Formula 294),Vildagliptin + Metformin,VIL393,24 Feb 2027,2027-02-24,4,Sai Pharma Agencies,SUPP-014,255.0,317.2,Low Stock,8906157617867,50,100,2026-10-01T08:00:00Z,pharmaflow-main,SYNTHETIC_OPERATIONAL_RECORD
INV-0295,INV-0295,MED-0295,Rabeprazole 20mg (Razo 20) (Formula 295),Rabeprazole Sodium,RAB394,31 Mar 2027,2027-03-31,48,Premier Medical Supplies,SUPP-015,112.0,138.0,Low Stock,8902349406919,50,100,2026-10-01T08:00:00Z,pharmaflow-main,SYNTHETIC_OPERATIONAL_RECORD
INV-0296,INV-0296,MED-0296,Cough Syrup (Ascoril-D) (Formula 296),Dextromethorphan + Phenylephrine + Chlorpheniramine,COU395,27 May 2027,2027-05-27,30,Universal Drug Distributors,SUPP-016,90.5,113.2,Low Stock,8909437783771,50,100,2026-10-01T08:00:00Z,pharmaflow-main,SYNTHETIC_OPERATIONAL_RECORD
INV-0297,INV-0297,MED-0297,Oral Rehydration Salts (Electral ORS) (Formula 297),Sodium Chloride + Potassium Chloride + Sodium Citrate + Dextrose,ORA396,16 Jun 2027,2027-06-16,80,Reliance Pharma Hub,SUPP-017,23.0,28.9,Available,8909455610447,50,100,2026-10-01T08:00:00Z,pharmaflow-main,SYNTHETIC_OPERATIONAL_RECORD
INV-0298,INV-0298,MED-0298,Multivitamin + Zinc (Becadexamin) (Formula 298),Vitamins B-Complex + C + Minerals + Zinc,MUL397,22 May 2027,2027-05-22,27,Metro Health Suppliers,SUPP-018,49.5,61.6,Quarantined,8906336171726,50,100,2026-10-01T08:00:00Z,pharmaflow-main,SYNTHETIC_OPERATIONAL_RECORD
INV-0299,INV-0299,MED-0299,Thyroxine Sodium 50mcg (Thyronorm 50) (Formula 299),Levothyroxine Sodium,THY398,25 Dec 2026,2026-12-25,136,Kaveri Pharma Distributors,SUPP-019,135.0,167.8,Available,8906910112521,50,100,2026-10-01T08:00:00Z,pharmaflow-main,SYNTHETIC_OPERATIONAL_RECORD
INV-0300,INV-0300,MED-0300,Clopidogrel 75mg (Clopilet 75) (Formula 300),Clopidogrel Bisulfate,CLO399,14 Mar 2027,2027-03-14,62,Sterling Drug House,SUPP-020,142.5,178.0,Available,8906982610835,50,100,2026-10-01T08:00:00Z,pharmaflow-main,SYNTHETIC_OPERATIONAL_RECORD
INV-0301,INV-0301,MED-0301,Paracetamol 500mg (Formula 301),Acetaminophen,PAR400,07 Apr 2028,2028-04-07,229,Royal Pharma Syndicate,SUPP-021,40.0,49.2,Available,8903421719519,50,100,2026-10-01T08:00:00Z,pharmaflow-main,SYNTHETIC_OPERATIONAL_RECORD
INV-0302,INV-0302,MED-0302,Paracetamol 650mg (Dolo 650) (Formula 302),Acetaminophen,PAR401,04 May 2028,2028-05-04,59,National Healthcare Logistics,SUPP-022,32.0,38.0,Available,8903343459102,50,100,2026-10-01T08:00:00Z,pharmaflow-main,SYNTHETIC_OPERATIONAL_RECORD
INV-0303,INV-0303,MED-0303,Vitamin D3 60K (Calcirol) (Formula 303),Cholecalciferol,VIT402,16 Mar 2028,2028-03-16,9,Om Sai Drug Distributors,SUPP-023,67.5,83.2,Low Stock,8903362657890,50,100,2026-10-01T08:00:00Z,pharmaflow-main,SYNTHETIC_OPERATIONAL_RECORD
INV-0304,INV-0304,MED-0304,Amoxicillin 500mg (Novamox) (Formula 304),Amoxicillin Trihydrate,AMO403,08 May 2027,2027-05-08,192,Shree Ganesh Pharma Agency,SUPP-024,100.0,121.4,Available,8904042413312,50,100,2026-10-01T08:00:00Z,pharmaflow-main,SYNTHETIC_OPERATIONAL_RECORD
INV-0305,INV-0305,MED-0305,Amoxicillin + Clavulanic Acid 625mg (Augmentin) (Formula 305),Amoxicillin + Potassium Clavulanate,AMO404,19 Mar 2027,2027-03-19,62,Tamil Nadu Medical Depot,SUPP-025,172.5,214.6,Available,8903975704877,50,100,2026-10-01T08:00:00Z,pharmaflow-main,SYNTHETIC_OPERATIONAL_RECORD
INV-0306,INV-0306,MED-0306,Cetirizine 10mg (Cetzine) (Formula 306),Cetirizine Hydrochloride,CET405,03 Oct 2027,2027-10-03,123,Bangalore Pharma Distribution,SUPP-026,45.0,54.8,Available,8903144490990,50,100,2026-10-01T08:00:00Z,pharmaflow-main,SYNTHETIC_OPERATIONAL_RECORD
INV-0307,INV-0307,MED-0307,Levocetirizine 5mg (Levocet) (Formula 307),Levocetirizine Dihydrochloride,LEV406,20 Jul 2027,2027-07-20,143,Hyderabad Drug Syndicate,SUPP-027,60.5,74.0,Available,8908015124886,50,100,2026-10-01T08:00:00Z,pharmaflow-main,SYNTHETIC_OPERATIONAL_RECORD
INV-0308,INV-0308,MED-0308,Azithromycin 250mg (Azee 250) (Formula 308),Azithromycin Dihydrate,AZI407,05 Sep 2027,2027-09-05,412,Western Pharma Logistics,SUPP-028,135.0,164.2,Available,8906334440295,50,100,2026-10-01T08:00:00Z,pharmaflow-main,SYNTHETIC_OPERATIONAL_RECORD
INV-0309,INV-0309,MED-0309,Azithromycin 500mg (Azithral 500) (Formula 309),Azithromycin Dihydrate,AZI408,29 Mar 2027,2027-03-29,18,Eastern Drug Supply Co.,SUPP-029,175.0,215.0,Quarantined,8903828935922,50,100,2026-10-01T08:00:00Z,pharmaflow-main,SYNTHETIC_OPERATIONAL_RECORD
INV-0310,INV-0310,MED-0310,Metformin 500mg (Glycomet 500) (Formula 310),Metformin Hydrochloride,MET409,10 Sep 2027,2027-09-10,120,Northern Health Wholesalers,SUPP-030,47.5,58.2,Available,8908366884200,50,100,2026-10-01T08:00:00Z,pharmaflow-main,SYNTHETIC_OPERATIONAL_RECORD
INV-0311,INV-0311,MED-0311,Metformin 1000mg SR (Glucophage) (Formula 311),Metformin Hydrochloride,MET410,27 May 2028,2028-05-27,79,Central Medical Distributors,SUPP-031,73.0,88.4,Available,8908684026200,50,100,2026-10-01T08:00:00Z,pharmaflow-main,SYNTHETIC_OPERATIONAL_RECORD
INV-0312,INV-0312,MED-0312,Pantoprazole 40mg (Pan 40) (Formula 312),Pantoprazole Sodium,PAN411,10 Jun 2027,2027-06-10,232,Global Pharma Trade House,SUPP-032,92.5,114.6,Available,8905612645121,50,100,2026-10-01T08:00:00Z,pharmaflow-main,SYNTHETIC_OPERATIONAL_RECORD
INV-0313,INV-0313,MED-0313,Pantoprazole + Domperidone (Pan-D) (Formula 313),Pantoprazole + Domperidone,PAN412,27 Oct 2027,2027-10-27,85,Matrix Healthcare Supply,SUPP-033,155.0,190.8,Available,8908265834251,50,100,2026-10-01T08:00:00Z,pharmaflow-main,SYNTHETIC_OPERATIONAL_RECORD
INV-0314,INV-0314,MED-0314,Omeprazole 20mg (Omez) (Formula 314),Omeprazole,OME413,06 Apr 2028,2028-04-06,54,Jupiter Drug Agencies,SUPP-034,74.5,91.0,Available,8903334938378,50,100,2026-10-01T08:00:00Z,pharmaflow-main,SYNTHETIC_OPERATIONAL_RECORD
INV-0315,INV-0315,MED-0315,Telmisartan 40mg (Telma 40) (Formula 315),Telmisartan,TEL414,04 Oct 2027,2027-10-04,35,CarePoint Distribution Ltd.,SUPP-035,113.0,141.2,Low Stock,8901364994639,50,100,2026-10-01T08:00:00Z,pharmaflow-main,SYNTHETIC_OPERATIONAL_RECORD
INV-0316,INV-0316,MED-0316,Telmisartan + Amlodipine (Telma-AM) (Formula 316),Telmisartan + Amlodipine,TEL415,13 Mar 2028,2028-03-13,67,MediSource Distributors Pvt. Ltd.,SUPP-001,140.0,172.0,Available,8904302632494,50,100,2026-10-01T08:00:00Z,pharmaflow-main,SYNTHETIC_OPERATIONAL_RECORD
INV-0317,INV-0317,MED-0317,Atorvastatin 10mg (Atorva 10) (Formula 317),Atorvastatin Calcium,ATO416,07 May 2028,2028-05-07,264,ABC Pharma Wholesale Syndicate,SUPP-002,112.5,141.2,Available,8902524751277,50,100,2026-10-01T08:00:00Z,pharmaflow-main,SYNTHETIC_OPERATIONAL_RECORD
INV-0318,INV-0318,MED-0318,Rosuvastatin 10mg (Rosuvas 10) (Formula 318),Rosuvastatin Calcium,ROS417,21 Nov 2026,2026-11-21,77,HealthCare Labs Logistics,SUPP-003,140.0,174.4,Available,8909780187424,50,100,2026-10-01T08:00:00Z,pharmaflow-main,SYNTHETIC_OPERATIONAL_RECORD
INV-0319,INV-0319,MED-0319,Ciprofloxacin 500mg (Ciplox 500) (Formula 319),Ciprofloxacin,CIP418,03 Dec 2027,2027-12-03,73,Nova Pharma Distribution Network,SUPP-004,79.5,97.6,Available,8908527715219,50,100,2026-10-01T08:00:00Z,pharmaflow-main,SYNTHETIC_OPERATIONAL_RECORD
INV-0320,INV-0320,MED-0320,Ofloxacin + Ornidazole (O2) (Formula 320),Ofloxacin + Ornidazole,OFL419,31 May 2027,2027-05-31,78,Southern Apollo Regional Depot,SUPP-005,125.0,154.8,Quarantined,8902848792488,50,100,2026-10-01T08:00:00Z,pharmaflow-main,SYNTHETIC_OPERATIONAL_RECORD
INV-0321,INV-0321,MED-0321,Montelukast + Levocetirizine (Montair-LC) (Formula 321),Montelukast Sodium + Levocetirizine,MON420,21 Apr 2027,2027-04-21,252,MedPlus Central Warehouse,SUPP-006,170.5,211.0,Available,8901045302356,50,100,2026-10-01T08:00:00Z,pharmaflow-main,SYNTHETIC_OPERATIONAL_RECORD
INV-0322,INV-0322,MED-0322,Ibuprofen 400mg (Brufen 400) (Formula 322),Ibuprofen,IBU421,06 Apr 2027,2027-04-06,229,Karnataka State Pharma Hub,SUPP-007,43.0,54.2,Available,8902111272861,50,100,2026-10-01T08:00:00Z,pharmaflow-main,SYNTHETIC_OPERATIONAL_RECORD
INV-0323,INV-0323,MED-0323,Aceclofenac + Paracetamol (Zerodol-P) (Formula 323),Aceclofenac + Paracetamol,ACE422,04 Jun 2027,2027-06-04,35,Apex Medical Agencies,SUPP-008,75.0,92.0,Low Stock,8903470617247,50,100,2026-10-01T08:00:00Z,pharmaflow-main,SYNTHETIC_OPERATIONAL_RECORD
INV-0324,INV-0324,MED-0324,Vildagliptin + Metformin (Galvus Met) (Formula 324),Vildagliptin + Metformin,VIL423,14 Feb 2028,2028-02-14,166,Sri Balaji Pharmaceuticals,SUPP-009,242.5,301.2,Available,8907209571615,50,100,2026-10-01T08:00:00Z,pharmaflow-main,SYNTHETIC_OPERATIONAL_RECORD
INV-0325,INV-0325,MED-0325,Rabeprazole 20mg (Razo 20) (Formula 325),Rabeprazole Sodium,RAB424,11 Dec 2027,2027-12-11,133,Vardhman Healthcare Wholesale,SUPP-010,117.0,144.4,Available,8906974875750,50,100,2026-10-01T08:00:00Z,pharmaflow-main,SYNTHETIC_OPERATIONAL_RECORD
INV-0326,INV-0326,MED-0326,Cough Syrup (Ascoril-D) (Formula 326),Dextromethorphan + Phenylephrine + Chlorpheniramine,COU425,26 Dec 2026,2026-12-26,124,Zenith Pharma Logistics,SUPP-011,95.5,119.6,Available,8903149484176,50,100,2026-10-01T08:00:00Z,pharmaflow-main,SYNTHETIC_OPERATIONAL_RECORD
INV-0327,INV-0327,MED-0327,Oral Rehydration Salts (Electral ORS) (Formula 327),Sodium Chloride + Potassium Chloride + Sodium Citrate + Dextrose,ORA426,24 Sep 2027,2027-09-24,79,City Pharma Distributors,SUPP-012,28.0,35.3,Available,8905400463094,50,100,2026-10-01T08:00:00Z,pharmaflow-main,SYNTHETIC_OPERATIONAL_RECORD
INV-0328,INV-0328,MED-0328,Multivitamin + Zinc (Becadexamin) (Formula 328),Vitamins B-Complex + C + Minerals + Zinc,MUL427,23 Jul 2027,2027-07-23,54,Pioneer Drug House,SUPP-013,54.5,68.0,Available,8905744003377,50,100,2026-10-01T08:00:00Z,pharmaflow-main,SYNTHETIC_OPERATIONAL_RECORD
INV-0329,INV-0329,MED-0329,Thyroxine Sodium 50mcg (Thyronorm 50) (Formula 329),Levothyroxine Sodium,THY828,17 Mar 2027,2027-03-17,233,Sai Pharma Agencies,SUPP-014,140.0,174.2,Available,8905130589741,50,100,2026-10-01T08:00:00Z,pharmaflow-main,SYNTHETIC_OPERATIONAL_RECORD
INV-0330,INV-0330,MED-0330,Clopidogrel 75mg (Clopilet 75) (Formula 330),Clopidogrel Bisulfate,CLO829,13 Dec 2027,2027-12-13,346,Premier Medical Supplies,SUPP-015,130.0,162.0,Available,8905903457537,50,100,2026-10-01T08:00:00Z,pharmaflow-main,SYNTHETIC_OPERATIONAL_RECORD
INV-0331,INV-0331,MED-0331,Paracetamol 500mg (Formula 331),Acetaminophen,PAR830,28 Aug 2027,2027-08-28,145,Universal Drug Distributors,SUPP-016,27.5,33.2,Available,8906634526139,50,100,2026-10-01T08:00:00Z,pharmaflow-main,SYNTHETIC_OPERATIONAL_RECORD
INV-0332,INV-0332,MED-0332,Paracetamol 650mg (Dolo 650) (Formula 332),Acetaminophen,PAR831,24 Dec 2027,2027-12-24,144,Reliance Pharma Hub,SUPP-017,37.0,44.4,Available,8907369118672,50,100,2026-10-01T08:00:00Z,pharmaflow-main,SYNTHETIC_OPERATIONAL_RECORD
INV-0333,INV-0333,MED-0333,Vitamin D3 60K (Calcirol) (Formula 333),Cholecalciferol,VIT832,21 Apr 2027,2027-04-21,274,Metro Health Suppliers,SUPP-018,72.5,89.6,Available,8903045102506,50,100,2026-10-01T08:00:00Z,pharmaflow-main,SYNTHETIC_OPERATIONAL_RECORD
INV-0334,INV-0334,MED-0334,Amoxicillin 500mg (Novamox) (Formula 334),Amoxicillin Trihydrate,AMO833,20 Feb 2027,2027-02-20,83,Kaveri Pharma Distributors,SUPP-019,105.0,127.8,Available,8908287542751,50,100,2026-10-01T08:00:00Z,pharmaflow-main,SYNTHETIC_OPERATIONAL_RECORD
INV-0335,INV-0335,MED-0335,Amoxicillin + Clavulanic Acid 625mg (Augmentin) (Formula 335),Amoxicillin + Potassium Clavulanate,AMO834,25 Feb 2027,2027-02-25,133,Sterling Drug House,SUPP-020,177.5,221.0,Available,8902369705770,50,100,2026-10-01T08:00:00Z,pharmaflow-main,SYNTHETIC_OPERATIONAL_RECORD
INV-0336,INV-0336,MED-0336,Cetirizine 10mg (Cetzine) (Formula 336),Cetirizine Hydrochloride,CET835,03 Dec 2027,2027-12-03,308,Royal Pharma Syndicate,SUPP-021,50.0,61.2,Available,8902289624427,50,100,2026-10-01T08:00:00Z,pharmaflow-main,SYNTHETIC_OPERATIONAL_RECORD
INV-0337,INV-0337,MED-0337,Levocetirizine 5mg (Levocet) (Formula 337),Levocetirizine Dihydrochloride,LEV836,22 Jan 2027,2027-01-22,238,National Healthcare Logistics,SUPP-022,48.0,58.0,Available,8901494287462,50,100,2026-10-01T08:00:00Z,pharmaflow-main,SYNTHETIC_OPERATIONAL_RECORD
INV-0338,INV-0338,MED-0338,Azithromycin 250mg (Azee 250) (Formula 338),Azithromycin Dihydrate,AZI837,12 Dec 2026,2026-12-12,264,Om Sai Drug Distributors,SUPP-023,122.5,148.2,Available,8908942167666,50,100,2026-10-01T08:00:00Z,pharmaflow-main,SYNTHETIC_OPERATIONAL_RECORD
INV-0339,INV-0339,MED-0339,Azithromycin 500mg (Azithral 500) (Formula 339),Azithromycin Dihydrate,AZI838,13 Apr 2027,2027-04-13,329,Shree Ganesh Pharma Agency,SUPP-024,180.0,221.4,Available,8903783009621,50,100,2026-10-01T08:00:00Z,pharmaflow-main,SYNTHETIC_OPERATIONAL_RECORD
INV-0340,INV-0340,MED-0340,Metformin 500mg (Glycomet 500) (Formula 340),Metformin Hydrochloride,MET839,06 Apr 2027,2027-04-06,111,Tamil Nadu Medical Depot,SUPP-025,52.5,64.6,Available,8905982744929,50,100,2026-10-01T08:00:00Z,pharmaflow-main,SYNTHETIC_OPERATIONAL_RECORD
INV-0341,INV-0341,MED-0341,Metformin 1000mg SR (Glucophage) (Formula 341),Metformin Hydrochloride,MET840,12 Feb 2027,2027-02-12,344,Bangalore Pharma Distribution,SUPP-026,78.0,94.8,Available,8907699500243,50,100,2026-10-01T08:00:00Z,pharmaflow-main,SYNTHETIC_OPERATIONAL_RECORD
INV-0342,INV-0342,MED-0342,Pantoprazole 40mg (Pan 40) (Formula 342),Pantoprazole Sodium,PAN841,01 Apr 2027,2027-04-01,47,Hyderabad Drug Syndicate,SUPP-027,97.5,121.0,Low Stock,8909411532909,50,100,2026-10-01T08:00:00Z,pharmaflow-main,SYNTHETIC_OPERATIONAL_RECORD
INV-0343,INV-0343,MED-0343,Pantoprazole + Domperidone (Pan-D) (Formula 343),Pantoprazole + Domperidone,PAN842,10 May 2027,2027-05-10,283,Western Pharma Logistics,SUPP-028,160.0,197.2,Available,8901792214339,50,100,2026-10-01T08:00:00Z,pharmaflow-main,SYNTHETIC_OPERATIONAL_RECORD
INV-0344,INV-0344,MED-0344,Omeprazole 20mg (Omez) (Formula 344),Omeprazole,OME843,20 Nov 2027,2027-11-20,124,Eastern Drug Supply Co.,SUPP-029,62.0,75.0,Available,8907150970643,50,100,2026-10-01T08:00:00Z,pharmaflow-main,SYNTHETIC_OPERATIONAL_RECORD
INV-0345,INV-0345,MED-0345,Telmisartan 40mg (Telma 40) (Formula 345),Telmisartan,TEL844,12 Dec 2026,2026-12-12,123,Northern Health Wholesalers,SUPP-030,100.5,125.2,Available,8909715314442,50,100,2026-10-01T08:00:00Z,pharmaflow-main,SYNTHETIC_OPERATIONAL_RECORD
INV-0346,INV-0346,MED-0346,Telmisartan + Amlodipine (Telma-AM) (Formula 346),Telmisartan + Amlodipine,TEL845,06 May 2027,2027-05-06,350,Central Medical Distributors,SUPP-031,145.0,178.4,Available,8906142469284,50,100,2026-10-01T08:00:00Z,pharmaflow-main,SYNTHETIC_OPERATIONAL_RECORD
INV-0347,INV-0347,MED-0347,Atorvastatin 10mg (Atorva 10) (Formula 347),Atorvastatin Calcium,ATO846,18 Dec 2026,2026-12-18,199,Global Pharma Trade House,SUPP-032,117.5,147.6,Available,8907838460497,50,100,2026-10-01T08:00:00Z,pharmaflow-main,SYNTHETIC_OPERATIONAL_RECORD
INV-0348,INV-0348,MED-0348,Rosuvastatin 10mg (Rosuvas 10) (Formula 348),Rosuvastatin Calcium,ROS847,31 Jul 2027,2027-07-31,338,Matrix Healthcare Supply,SUPP-033,145.0,180.8,Available,8902670036982,50,100,2026-10-01T08:00:00Z,pharmaflow-main,SYNTHETIC_OPERATIONAL_RECORD
INV-0349,INV-0349,MED-0349,Ciprofloxacin 500mg (Ciplox 500) (Formula 349),Ciprofloxacin,CIP848,30 Aug 2027,2027-08-30,228,Jupiter Drug Agencies,SUPP-034,84.5,104.0,Available,8904026816435,50,100,2026-10-01T08:00:00Z,pharmaflow-main,SYNTHETIC_OPERATIONAL_RECORD
INV-0350,INV-0350,MED-0350,Ofloxacin + Ornidazole (O2) (Formula 350),Ofloxacin + Ornidazole,OFL849,29 Dec 2026,2026-12-29,207,CarePoint Distribution Ltd.,SUPP-035,130.0,161.2,Available,8906178804925,50,100,2026-10-01T08:00:00Z,pharmaflow-main,SYNTHETIC_OPERATIONAL_RECORD
INV-0351,INV-0351,MED-0351,Montelukast + Levocetirizine (Montair-LC) (Formula 351),Montelukast Sodium + Levocetirizine,MON850,18 Aug 2027,2027-08-18,157,MediSource Distributors Pvt. Ltd.,SUPP-001,158.0,195.0,Available,8909858643842,50,100,2026-10-01T08:00:00Z,pharmaflow-main,SYNTHETIC_OPERATIONAL_RECORD
INV-0352,INV-0352,MED-0352,Ibuprofen 400mg (Brufen 400) (Formula 352),Ibuprofen,IBU851,24 Feb 2027,2027-02-24,311,ABC Pharma Wholesale Syndicate,SUPP-002,30.5,38.2,Available,8906097953682,50,100,2026-10-01T08:00:00Z,pharmaflow-main,SYNTHETIC_OPERATIONAL_RECORD
INV-0353,INV-0353,MED-0353,Aceclofenac + Paracetamol (Zerodol-P) (Formula 353),Aceclofenac + Paracetamol,ACE852,26 Dec 2026,2026-12-26,303,HealthCare Labs Logistics,SUPP-003,80.0,98.4,Available,8902400094541,50,100,2026-10-01T08:00:00Z,pharmaflow-main,SYNTHETIC_OPERATIONAL_RECORD
INV-0354,INV-0354,MED-0354,Vildagliptin + Metformin (Galvus Met) (Formula 354),Vildagliptin + Metformin,VIL853,11 Feb 2027,2027-02-11,257,Nova Pharma Distribution Network,SUPP-004,247.5,307.6,Available,8902965164102,50,100,2026-10-01T08:00:00Z,pharmaflow-main,SYNTHETIC_OPERATIONAL_RECORD
INV-0355,INV-0355,MED-0355,Rabeprazole 20mg (Razo 20) (Formula 355),Rabeprazole Sodium,RAB854,27 Aug 2027,2027-08-27,319,Southern Apollo Regional Depot,SUPP-005,122.0,150.8,Available,8908999963054,50,100,2026-10-01T08:00:00Z,pharmaflow-main,SYNTHETIC_OPERATIONAL_RECORD
INV-0356,INV-0356,MED-0356,Cough Syrup (Ascoril-D) (Formula 356),Dextromethorphan + Phenylephrine + Chlorpheniramine,COU855,16 Jun 2027,2027-06-16,92,MedPlus Central Warehouse,SUPP-006,100.5,126.0,Available,8908039917766,50,100,2026-10-01T08:00:00Z,pharmaflow-main,SYNTHETIC_OPERATIONAL_RECORD
INV-0357,INV-0357,MED-0357,Oral Rehydration Salts (Electral ORS) (Formula 357),Sodium Chloride + Potassium Chloride + Sodium Citrate + Dextrose,ORA856,19 May 2027,2027-05-19,158,Karnataka State Pharma Hub,SUPP-007,33.0,41.7,Available,8907858937483,50,100,2026-10-01T08:00:00Z,pharmaflow-main,SYNTHETIC_OPERATIONAL_RECORD
INV-0358,INV-0358,MED-0358,Multivitamin + Zinc (Becadexamin) (Formula 358),Vitamins B-Complex + C + Minerals + Zinc,MUL857,11 Mar 2027,2027-03-11,214,Apex Medical Agencies,SUPP-008,42.0,52.0,Available,8907920516981,50,100,2026-10-01T08:00:00Z,pharmaflow-main,SYNTHETIC_OPERATIONAL_RECORD
INV-0359,INV-0359,MED-0359,Thyroxine Sodium 50mcg (Thyronorm 50) (Formula 359),Levothyroxine Sodium,THY858,10 May 2027,2027-05-10,229,Sri Balaji Pharmaceuticals,SUPP-009,127.5,158.2,Available,8903521166052,50,100,2026-10-01T08:00:00Z,pharmaflow-main,SYNTHETIC_OPERATIONAL_RECORD
INV-0360,INV-0360,MED-0360,Clopidogrel 75mg (Clopilet 75) (Formula 360),Clopidogrel Bisulfate,CLO859,21 Apr 2027,2027-04-21,156,Vardhman Healthcare Wholesale,SUPP-010,135.0,168.4,Available,8906789292252,50,100,2026-10-01T08:00:00Z,pharmaflow-main,SYNTHETIC_OPERATIONAL_RECORD
INV-0361,INV-0361,MED-0361,Paracetamol 500mg (Formula 361),Acetaminophen,PAR860,12 Dec 2027,2027-12-12,316,Zenith Pharma Logistics,SUPP-011,32.5,39.6,Available,8908926438617,50,100,2026-10-01T08:00:00Z,pharmaflow-main,SYNTHETIC_OPERATIONAL_RECORD
INV-0362,INV-0362,MED-0362,Paracetamol 650mg (Dolo 650) (Formula 362),Acetaminophen,PAR861,23 Jul 2027,2027-07-23,332,City Pharma Distributors,SUPP-012,42.0,50.8,Available,8903651552513,50,100,2026-10-01T08:00:00Z,pharmaflow-main,SYNTHETIC_OPERATIONAL_RECORD
INV-0363,INV-0363,MED-0363,Vitamin D3 60K (Calcirol) (Formula 363),Cholecalciferol,VIT862,12 Dec 2027,2027-12-12,49,Pioneer Drug House,SUPP-013,77.5,96.0,Low Stock,8909953941533,50,100,2026-10-01T08:00:00Z,pharmaflow-main,SYNTHETIC_OPERATIONAL_RECORD
INV-0364,INV-0364,MED-0364,Amoxicillin 500mg (Novamox) (Formula 364),Amoxicillin Trihydrate,AMO863,19 Jan 2027,2027-01-19,222,Sai Pharma Agencies,SUPP-014,110.0,134.2,Available,8905870268582,50,100,2026-10-01T08:00:00Z,pharmaflow-main,SYNTHETIC_OPERATIONAL_RECORD
INV-0365,INV-0365,MED-0365,Amoxicillin + Clavulanic Acid 625mg (Augmentin) (Formula 365),Amoxicillin + Potassium Clavulanate,AMO864,08 Jul 2027,2027-07-08,168,Premier Medical Supplies,SUPP-015,165.0,205.0,Available,8901506211965,50,100,2026-10-01T08:00:00Z,pharmaflow-main,SYNTHETIC_OPERATIONAL_RECORD
INV-0366,INV-0366,MED-0366,Cetirizine 10mg (Cetzine) (Formula 366),Cetirizine Hydrochloride,CET865,16 Oct 2027,2027-10-16,169,Universal Drug Distributors,SUPP-016,37.5,45.2,Available,8902311597141,50,100,2026-10-01T08:00:00Z,pharmaflow-main,SYNTHETIC_OPERATIONAL_RECORD
INV-0367,INV-0367,MED-0367,Levocetirizine 5mg (Levocet) (Formula 367),Levocetirizine Dihydrochloride,LEV866,12 Dec 2026,2026-12-12,209,Reliance Pharma Hub,SUPP-017,53.0,64.4,Available,8906081137534,50,100,2026-10-01T08:00:00Z,pharmaflow-main,SYNTHETIC_OPERATIONAL_RECORD
INV-0368,INV-0368,MED-0368,Azithromycin 250mg (Azee 250) (Formula 368),Azithromycin Dihydrate,AZI867,05 Jun 2027,2027-06-05,103,Metro Health Suppliers,SUPP-018,127.5,154.6,Available,8903978287288,50,100,2026-10-01T08:00:00Z,pharmaflow-main,SYNTHETIC_OPERATIONAL_RECORD
INV-0369,INV-0369,MED-0369,Azithromycin 500mg (Azithral 500) (Formula 369),Azithromycin Dihydrate,AZI868,07 Jun 2027,2027-06-07,176,Kaveri Pharma Distributors,SUPP-019,185.0,227.8,Available,8907488943393,50,100,2026-10-01T08:00:00Z,pharmaflow-main,SYNTHETIC_OPERATIONAL_RECORD
INV-0370,INV-0370,MED-0370,Metformin 500mg (Glycomet 500) (Formula 370),Metformin Hydrochloride,MET869,25 Aug 2027,2027-08-25,189,Sterling Drug House,SUPP-020,57.5,71.0,Available,8906942989052,50,100,2026-10-01T08:00:00Z,pharmaflow-main,SYNTHETIC_OPERATIONAL_RECORD
INV-0371,INV-0371,MED-0371,Metformin 1000mg SR (Glucophage) (Formula 371),Metformin Hydrochloride,MET870,04 Dec 2026,2026-12-04,309,Royal Pharma Syndicate,SUPP-021,83.0,101.2,Available,8906092773357,50,100,2026-10-01T08:00:00Z,pharmaflow-main,SYNTHETIC_OPERATIONAL_RECORD
INV-0372,INV-0372,MED-0372,Pantoprazole 40mg (Pan 40) (Formula 372),Pantoprazole Sodium,PAN871,21 Dec 2027,2027-12-21,236,National Healthcare Logistics,SUPP-022,85.0,105.0,Available,8905294535887,50,100,2026-10-01T08:00:00Z,pharmaflow-main,SYNTHETIC_OPERATIONAL_RECORD
INV-0373,INV-0373,MED-0373,Pantoprazole + Domperidone (Pan-D) (Formula 373),Pantoprazole + Domperidone,PAN872,12 Aug 2027,2027-08-12,305,Om Sai Drug Distributors,SUPP-023,147.5,181.2,Available,8903383331379,50,100,2026-10-01T08:00:00Z,pharmaflow-main,SYNTHETIC_OPERATIONAL_RECORD
INV-0374,INV-0374,MED-0374,Omeprazole 20mg (Omez) (Formula 374),Omeprazole,OME873,08 Jul 2027,2027-07-08,294,Shree Ganesh Pharma Agency,SUPP-024,67.0,81.4,Available,8907397963801,50,100,2026-10-01T08:00:00Z,pharmaflow-main,SYNTHETIC_OPERATIONAL_RECORD
INV-0375,INV-0375,MED-0375,Telmisartan 40mg (Telma 40) (Formula 375),Telmisartan,TEL874,14 Dec 2026,2026-12-14,196,Tamil Nadu Medical Depot,SUPP-025,105.5,131.6,Available,8901602569046,50,100,2026-10-01T08:00:00Z,pharmaflow-main,SYNTHETIC_OPERATIONAL_RECORD
INV-0376,INV-0376,MED-0376,Telmisartan + Amlodipine (Telma-AM) (Formula 376),Telmisartan + Amlodipine,TEL875,21 Oct 2027,2027-10-21,143,Bangalore Pharma Distribution,SUPP-026,150.0,184.8,Available,8905336127859,50,100,2026-10-01T08:00:00Z,pharmaflow-main,SYNTHETIC_OPERATIONAL_RECORD
INV-0377,INV-0377,MED-0377,Atorvastatin 10mg (Atorva 10) (Formula 377),Atorvastatin Calcium,ATO876,05 May 2027,2027-05-05,308,Hyderabad Drug Syndicate,SUPP-027,122.5,154.0,Available,8901586412136,50,100,2026-10-01T08:00:00Z,pharmaflow-main,SYNTHETIC_OPERATIONAL_RECORD
INV-0378,INV-0378,MED-0378,Rosuvastatin 10mg (Rosuvas 10) (Formula 378),Rosuvastatin Calcium,ROS877,03 Jan 2027,2027-01-03,94,Western Pharma Logistics,SUPP-028,150.0,187.2,Available,8908796293088,50,100,2026-10-01T08:00:00Z,pharmaflow-main,SYNTHETIC_OPERATIONAL_RECORD
INV-0379,INV-0379,MED-0379,Ciprofloxacin 500mg (Ciplox 500) (Formula 379),Ciprofloxacin,CIP878,15 Feb 2027,2027-02-15,320,Eastern Drug Supply Co.,SUPP-029,72.0,88.0,Available,8907420846622,50,100,2026-10-01T08:00:00Z,pharmaflow-main,SYNTHETIC_OPERATIONAL_RECORD
INV-0380,INV-0380,MED-0380,Ofloxacin + Ornidazole (O2) (Formula 380),Ofloxacin + Ornidazole,OFL879,22 Aug 2027,2027-08-22,48,Northern Health Wholesalers,SUPP-030,117.5,145.2,Low Stock,8908235717104,50,100,2026-10-01T08:00:00Z,pharmaflow-main,SYNTHETIC_OPERATIONAL_RECORD
INV-0381,INV-0381,MED-0381,Montelukast + Levocetirizine (Montair-LC) (Formula 381),Montelukast Sodium + Levocetirizine,MON880,08 Oct 2027,2027-10-08,78,Central Medical Distributors,SUPP-031,163.0,201.4,Available,8908902275119,50,100,2026-10-01T08:00:00Z,pharmaflow-main,SYNTHETIC_OPERATIONAL_RECORD
INV-0382,INV-0382,MED-0382,Ibuprofen 400mg (Brufen 400) (Formula 382),Ibuprofen,IBU881,09 Mar 2027,2027-03-09,154,Global Pharma Trade House,SUPP-032,35.5,44.6,Available,8903098948446,50,100,2026-10-01T08:00:00Z,pharmaflow-main,SYNTHETIC_OPERATIONAL_RECORD
INV-0383,INV-0383,MED-0383,Aceclofenac + Paracetamol (Zerodol-P) (Formula 383),Aceclofenac + Paracetamol,ACE882,07 Nov 2027,2027-11-07,262,Matrix Healthcare Supply,SUPP-033,85.0,104.8,Available,8909945002229,50,100,2026-10-01T08:00:00Z,pharmaflow-main,SYNTHETIC_OPERATIONAL_RECORD
INV-0384,INV-0384,MED-0384,Vildagliptin + Metformin (Galvus Met) (Formula 384),Vildagliptin + Metformin,VIL883,14 Jan 2027,2027-01-14,150,Jupiter Drug Agencies,SUPP-034,252.5,314.0,Available,8904268713302,50,100,2026-10-01T08:00:00Z,pharmaflow-main,SYNTHETIC_OPERATIONAL_RECORD
INV-0385,INV-0385,MED-0385,Rabeprazole 20mg (Razo 20) (Formula 385),Rabeprazole Sodium,RAB884,24 Aug 2027,2027-08-24,267,CarePoint Distribution Ltd.,SUPP-035,127.0,157.2,Available,8902254516608,50,100,2026-10-01T08:00:00Z,pharmaflow-main,SYNTHETIC_OPERATIONAL_RECORD
INV-0386,INV-0386,MED-0386,Cough Syrup (Ascoril-D) (Formula 386),Dextromethorphan + Phenylephrine + Chlorpheniramine,COU885,19 Oct 2027,2027-10-19,81,MediSource Distributors Pvt. Ltd.,SUPP-001,88.0,110.0,Available,8902180484299,50,100,2026-10-01T08:00:00Z,pharmaflow-main,SYNTHETIC_OPERATIONAL_RECORD
INV-0387,INV-0387,MED-0387,Oral Rehydration Salts (Electral ORS) (Formula 387),Sodium Chloride + Potassium Chloride + Sodium Citrate + Dextrose,ORA886,09 Dec 2027,2027-12-09,123,ABC Pharma Wholesale Syndicate,SUPP-002,20.5,25.7,Available,8907603978731,50,100,2026-10-01T08:00:00Z,pharmaflow-main,SYNTHETIC_OPERATIONAL_RECORD
INV-0388,INV-0388,MED-0388,Multivitamin + Zinc (Becadexamin) (Formula 388),Vitamins B-Complex + C + Minerals + Zinc,MUL887,04 Dec 2026,2026-12-04,280,HealthCare Labs Logistics,SUPP-003,47.0,58.4,Available,8908584566722,50,100,2026-10-01T08:00:00Z,pharmaflow-main,SYNTHETIC_OPERATIONAL_RECORD
INV-0389,INV-0389,MED-0389,Thyroxine Sodium 50mcg (Thyronorm 50) (Formula 389),Levothyroxine Sodium,THY888,24 Nov 2027,2027-11-24,214,Nova Pharma Distribution Network,SUPP-004,132.5,164.6,Available,8905785481124,50,100,2026-10-01T08:00:00Z,pharmaflow-main,SYNTHETIC_OPERATIONAL_RECORD
INV-0390,INV-0390,MED-0390,Clopidogrel 75mg (Clopilet 75) (Formula 390),Clopidogrel Bisulfate,CLO889,11 Dec 2026,2026-12-11,89,Southern Apollo Regional Depot,SUPP-005,140.0,174.8,Available,8908382963909,50,100,2026-10-01T08:00:00Z,pharmaflow-main,SYNTHETIC_OPERATIONAL_RECORD
INV-0391,INV-0391,MED-0391,Paracetamol 500mg (Formula 391),Acetaminophen,PAR890,29 Dec 2026,2026-12-29,72,MedPlus Central Warehouse,SUPP-006,37.5,46.0,Available,8903346569443,50,100,2026-10-01T08:00:00Z,pharmaflow-main,SYNTHETIC_OPERATIONAL_RECORD
INV-0392,INV-0392,MED-0392,Paracetamol 650mg (Dolo 650) (Formula 392),Acetaminophen,PAR891,21 Feb 2027,2027-02-21,173,Karnataka State Pharma Hub,SUPP-007,47.0,57.2,Available,8909546021691,50,100,2026-10-01T08:00:00Z,pharmaflow-main,SYNTHETIC_OPERATIONAL_RECORD
INV-0393,INV-0393,MED-0393,Vitamin D3 60K (Calcirol) (Formula 393),Cholecalciferol,VIT892,03 Sep 2027,2027-09-03,81,Apex Medical Agencies,SUPP-008,65.0,80.0,Available,8904227004325,50,100,2026-10-01T08:00:00Z,pharmaflow-main,SYNTHETIC_OPERATIONAL_RECORD
INV-0394,INV-0394,MED-0394,Amoxicillin 500mg (Novamox) (Formula 394),Amoxicillin Trihydrate,AMO893,12 Sep 2027,2027-09-12,161,Sri Balaji Pharmaceuticals,SUPP-009,97.5,118.2,Available,8905292015249,50,100,2026-10-01T08:00:00Z,pharmaflow-main,SYNTHETIC_OPERATIONAL_RECORD
INV-0395,INV-0395,MED-0395,Amoxicillin + Clavulanic Acid 625mg (Augmentin) (Formula 395),Amoxicillin + Potassium Clavulanate,AMO894,03 Apr 2027,2027-04-03,253,Vardhman Healthcare Wholesale,SUPP-010,170.0,211.4,Available,8907226553010,50,100,2026-10-01T08:00:00Z,pharmaflow-main,SYNTHETIC_OPERATIONAL_RECORD
INV-0396,INV-0396,MED-0396,Cetirizine 10mg (Cetzine) (Formula 396),Cetirizine Hydrochloride,CET895,08 Jun 2027,2027-06-08,275,Zenith Pharma Logistics,SUPP-011,42.5,51.6,Available,8904507822591,50,100,2026-10-01T08:00:00Z,pharmaflow-main,SYNTHETIC_OPERATIONAL_RECORD
INV-0397,INV-0397,MED-0397,Levocetirizine 5mg (Levocet) (Formula 397),Levocetirizine Dihydrochloride,LEV896,10 Oct 2027,2027-10-10,252,City Pharma Distributors,SUPP-012,58.0,70.8,Available,8905269015757,50,100,2026-10-01T08:00:00Z,pharmaflow-main,SYNTHETIC_OPERATIONAL_RECORD
INV-0398,INV-0398,MED-0398,Azithromycin 250mg (Azee 250) (Formula 398),Azithromycin Dihydrate,AZI897,01 Jul 2027,2027-07-01,206,Pioneer Drug House,SUPP-013,132.5,161.0,Available,8902017675569,50,100,2026-10-01T08:00:00Z,pharmaflow-main,SYNTHETIC_OPERATIONAL_RECORD
INV-0399,INV-0399,MED-0399,Azithromycin 500mg (Azithral 500) (Formula 399),Azithromycin Dihydrate,AZI898,30 Nov 2026,2026-11-30,244,Sai Pharma Agencies,SUPP-014,190.0,234.2,Available,8908012696455,50,100,2026-10-01T08:00:00Z,pharmaflow-main,SYNTHETIC_OPERATIONAL_RECORD
INV-0400,INV-0400,MED-0400,Metformin 500mg (Glycomet 500) (Formula 400),Metformin Hydrochloride,MET899,01 Nov 2027,2027-11-01,105,Premier Medical Supplies,SUPP-015,45.0,55.0,Available,8909844874547,50,100,2026-10-01T08:00:00Z,pharmaflow-main,SYNTHETIC_OPERATIONAL_RECORD
INV-0401,INV-0401,MED-0401,Metformin 1000mg SR (Glucophage) (Formula 401),Metformin Hydrochloride,MET900,22 Aug 2027,2027-08-22,48,Universal Drug Distributors,SUPP-016,70.5,85.2,Low Stock,8903313993297,50,100,2026-10-01T08:00:00Z,pharmaflow-main,SYNTHETIC_OPERATIONAL_RECORD
INV-0402,INV-0402,MED-0402,Pantoprazole 40mg (Pan 40) (Formula 402),Pantoprazole Sodium,PAN901,16 Oct 2027,2027-10-16,77,Reliance Pharma Hub,SUPP-017,90.0,111.4,Available,8908318855178,50,100,2026-10-01T08:00:00Z,pharmaflow-main,SYNTHETIC_OPERATIONAL_RECORD
INV-0403,INV-0403,MED-0403,Pantoprazole + Domperidone (Pan-D) (Formula 403),Pantoprazole + Domperidone,PAN902,14 Dec 2027,2027-12-14,344,Metro Health Suppliers,SUPP-018,152.5,187.6,Available,8901408988968,50,100,2026-10-01T08:00:00Z,pharmaflow-main,SYNTHETIC_OPERATIONAL_RECORD
INV-0404,INV-0404,MED-0404,Omeprazole 20mg (Omez) (Formula 404),Omeprazole,OME903,15 Dec 2026,2026-12-15,82,Kaveri Pharma Distributors,SUPP-019,72.0,87.8,Available,8908669484644,50,100,2026-10-01T08:00:00Z,pharmaflow-main,SYNTHETIC_OPERATIONAL_RECORD
INV-0405,INV-0405,MED-0405,Telmisartan 40mg (Telma 40) (Formula 405),Telmisartan,TEL904,24 May 2027,2027-05-24,302,Sterling Drug House,SUPP-020,110.5,138.0,Available,8904946081594,50,100,2026-10-01T08:00:00Z,pharmaflow-main,SYNTHETIC_OPERATIONAL_RECORD
INV-0406,INV-0406,MED-0406,Telmisartan + Amlodipine (Telma-AM) (Formula 406),Telmisartan + Amlodipine,TEL905,15 Jan 2027,2027-01-15,193,Royal Pharma Syndicate,SUPP-021,155.0,191.2,Available,8909557663181,50,100,2026-10-01T08:00:00Z,pharmaflow-main,SYNTHETIC_OPERATIONAL_RECORD
INV-0407,INV-0407,MED-0407,Atorvastatin 10mg (Atorva 10) (Formula 407),Atorvastatin Calcium,ATO906,29 Dec 2027,2027-12-29,199,National Healthcare Logistics,SUPP-022,110.0,138.0,Available,8904719780110,50,100,2026-10-01T08:00:00Z,pharmaflow-main,SYNTHETIC_OPERATIONAL_RECORD
INV-0408,INV-0408,MED-0408,Rosuvastatin 10mg (Rosuvas 10) (Formula 408),Rosuvastatin Calcium,ROS907,28 Sep 2027,2027-09-28,89,Om Sai Drug Distributors,SUPP-023,137.5,171.2,Available,8902072355594,50,100,2026-10-01T08:00:00Z,pharmaflow-main,SYNTHETIC_OPERATIONAL_RECORD
INV-0409,INV-0409,MED-0409,Ciprofloxacin 500mg (Ciplox 500) (Formula 409),Ciprofloxacin,CIP908,15 Apr 2027,2027-04-15,269,Shree Ganesh Pharma Agency,SUPP-024,77.0,94.4,Available,8908350384902,50,100,2026-10-01T08:00:00Z,pharmaflow-main,SYNTHETIC_OPERATIONAL_RECORD
INV-0410,INV-0410,MED-0410,Ofloxacin + Ornidazole (O2) (Formula 410),Ofloxacin + Ornidazole,OFL909,05 Jun 2027,2027-06-05,247,Tamil Nadu Medical Depot,SUPP-025,122.5,151.6,Available,8904558302256,50,100,2026-10-01T08:00:00Z,pharmaflow-main,SYNTHETIC_OPERATIONAL_RECORD
INV-0411,INV-0411,MED-0411,Montelukast + Levocetirizine (Montair-LC) (Formula 411),Montelukast Sodium + Levocetirizine,MON910,26 Oct 2027,2027-10-26,60,Bangalore Pharma Distribution,SUPP-026,168.0,207.8,Available,8908199372599,50,100,2026-10-01T08:00:00Z,pharmaflow-main,SYNTHETIC_OPERATIONAL_RECORD
INV-0412,INV-0412,MED-0412,Ibuprofen 400mg (Brufen 400) (Formula 412),Ibuprofen,IBU911,22 Jul 2027,2027-07-22,125,Hyderabad Drug Syndicate,SUPP-027,40.5,51.0,Available,8903102209245,50,100,2026-10-01T08:00:00Z,pharmaflow-main,SYNTHETIC_OPERATIONAL_RECORD
INV-0413,INV-0413,MED-0413,Aceclofenac + Paracetamol (Zerodol-P) (Formula 413),Aceclofenac + Paracetamol,ACE912,22 Aug 2027,2027-08-22,157,Western Pharma Logistics,SUPP-028,90.0,111.2,Available,8907074050517,50,100,2026-10-01T08:00:00Z,pharmaflow-main,SYNTHETIC_OPERATIONAL_RECORD
INV-0414,INV-0414,MED-0414,Vildagliptin + Metformin (Galvus Met) (Formula 414),Vildagliptin + Metformin,VIL913,30 Jan 2027,2027-01-30,245,Eastern Drug Supply Co.,SUPP-029,240.0,298.0,Available,8902941289685,50,100,2026-10-01T08:00:00Z,pharmaflow-main,SYNTHETIC_OPERATIONAL_RECORD
INV-0415,INV-0415,MED-0415,Rabeprazole 20mg (Razo 20) (Formula 415),Rabeprazole Sodium,RAB914,28 Aug 2027,2027-08-28,196,Northern Health Wholesalers,SUPP-030,114.5,141.2,Available,8905694806361,50,100,2026-10-01T08:00:00Z,pharmaflow-main,SYNTHETIC_OPERATIONAL_RECORD
INV-0416,INV-0416,MED-0416,Cough Syrup (Ascoril-D) (Formula 416),Dextromethorphan + Phenylephrine + Chlorpheniramine,COU915,12 Oct 2027,2027-10-12,118,Central Medical Distributors,SUPP-031,93.0,116.4,Available,8906880115912,50,100,2026-10-01T08:00:00Z,pharmaflow-main,SYNTHETIC_OPERATIONAL_RECORD
INV-0417,INV-0417,MED-0417,Oral Rehydration Salts (Electral ORS) (Formula 417),Sodium Chloride + Potassium Chloride + Sodium Citrate + Dextrose,ORA916,23 Apr 2027,2027-04-23,236,Global Pharma Trade House,SUPP-032,25.5,32.1,Available,8909376277483,50,100,2026-10-01T08:00:00Z,pharmaflow-main,SYNTHETIC_OPERATIONAL_RECORD
INV-0418,INV-0418,MED-0418,Multivitamin + Zinc (Becadexamin) (Formula 418),Vitamins B-Complex + C + Minerals + Zinc,MUL917,27 Nov 2026,2026-11-27,328,Matrix Healthcare Supply,SUPP-033,52.0,64.8,Available,8904147025728,50,100,2026-10-01T08:00:00Z,pharmaflow-main,SYNTHETIC_OPERATIONAL_RECORD
INV-0419,INV-0419,MED-0419,Thyroxine Sodium 50mcg (Thyronorm 50) (Formula 419),Levothyroxine Sodium,THY918,02 Sep 2027,2027-09-02,117,Jupiter Drug Agencies,SUPP-034,137.5,171.0,Available,8907590302909,50,100,2026-10-01T08:00:00Z,pharmaflow-main,SYNTHETIC_OPERATIONAL_RECORD
INV-0420,INV-0420,MED-0420,Clopidogrel 75mg (Clopilet 75) (Formula 420),Clopidogrel Bisulfate,CLO919,24 Jan 2027,2027-01-24,66,CarePoint Distribution Ltd.,SUPP-035,145.0,181.2,Available,8906204862411,50,100,2026-10-01T08:00:00Z,pharmaflow-main,SYNTHETIC_OPERATIONAL_RECORD
INV-0421,INV-0421,MED-0421,Paracetamol 500mg (Formula 421),Acetaminophen,PAR920,24 Nov 2026,2026-11-24,338,MediSource Distributors Pvt. Ltd.,SUPP-001,25.0,30.0,Available,8906448324230,50,100,2026-10-01T08:00:00Z,pharmaflow-main,SYNTHETIC_OPERATIONAL_RECORD
INV-0422,INV-0422,MED-0422,Paracetamol 650mg (Dolo 650) (Formula 422),Acetaminophen,PAR921,23 Sep 2027,2027-09-23,246,ABC Pharma Wholesale Syndicate,SUPP-002,34.5,41.2,Available,8908852676046,50,100,2026-10-01T08:00:00Z,pharmaflow-main,SYNTHETIC_OPERATIONAL_RECORD
INV-0423,INV-0423,MED-0423,Vitamin D3 60K (Calcirol) (Formula 423),Cholecalciferol,VIT922,24 Aug 2027,2027-08-24,325,HealthCare Labs Logistics,SUPP-003,70.0,86.4,Available,8903482206102,50,100,2026-10-01T08:00:00Z,pharmaflow-main,SYNTHETIC_OPERATIONAL_RECORD
INV-0424,INV-0424,MED-0424,Amoxicillin 500mg (Novamox) (Formula 424),Amoxicillin Trihydrate,AMO923,04 Jan 2027,2027-01-04,201,Nova Pharma Distribution Network,SUPP-004,102.5,124.6,Available,8901207916194,50,100,2026-10-01T08:00:00Z,pharmaflow-main,SYNTHETIC_OPERATIONAL_RECORD
INV-0425,INV-0425,MED-0425,Amoxicillin + Clavulanic Acid 625mg (Augmentin) (Formula 425),Amoxicillin + Potassium Clavulanate,AMO924,09 Mar 2027,2027-03-09,221,Southern Apollo Regional Depot,SUPP-005,175.0,217.8,Available,8902973888646,50,100,2026-10-01T08:00:00Z,pharmaflow-main,SYNTHETIC_OPERATIONAL_RECORD
INV-0426,INV-0426,MED-0426,Cetirizine 10mg (Cetzine) (Formula 426),Cetirizine Hydrochloride,CET925,10 Mar 2027,2027-03-10,256,MedPlus Central Warehouse,SUPP-006,47.5,58.0,Available,8904683585586,50,100,2026-10-01T08:00:00Z,pharmaflow-main,SYNTHETIC_OPERATIONAL_RECORD
INV-0427,INV-0427,MED-0427,Levocetirizine 5mg (Levocet) (Formula 427),Levocetirizine Dihydrochloride,LEV926,18 Oct 2027,2027-10-18,307,Karnataka State Pharma Hub,SUPP-007,63.0,77.2,Available,8907190276026,50,100,2026-10-01T08:00:00Z,pharmaflow-main,SYNTHETIC_OPERATIONAL_RECORD
INV-0428,INV-0428,MED-0428,Azithromycin 250mg (Azee 250) (Formula 428),Azithromycin Dihydrate,AZI927,02 Feb 2027,2027-02-02,127,Apex Medical Agencies,SUPP-008,120.0,145.0,Available,8909409682410,50,100,2026-10-01T08:00:00Z,pharmaflow-main,SYNTHETIC_OPERATIONAL_RECORD
INV-0429,INV-0429,MED-0429,Azithromycin 500mg (Azithral 500) (Formula 429),Azithromycin Dihydrate,AZI928,24 Feb 2027,2027-02-24,158,Sri Balaji Pharmaceuticals,SUPP-009,177.5,218.2,Available,8908086684009,50,100,2026-10-01T08:00:00Z,pharmaflow-main,SYNTHETIC_OPERATIONAL_RECORD
INV-0430,INV-0430,MED-0430,Metformin 500mg (Glycomet 500) (Formula 430),Metformin Hydrochloride,MET929,03 Oct 2027,2027-10-03,174,Vardhman Healthcare Wholesale,SUPP-010,50.0,61.4,Available,8902176904638,50,100,2026-10-01T08:00:00Z,pharmaflow-main,SYNTHETIC_OPERATIONAL_RECORD
INV-0431,INV-0431,MED-0431,Metformin 1000mg SR (Glucophage) (Formula 431),Metformin Hydrochloride,MET930,01 Mar 2027,2027-03-01,103,Zenith Pharma Logistics,SUPP-011,75.5,91.6,Available,8908106401208,50,100,2026-10-01T08:00:00Z,pharmaflow-main,SYNTHETIC_OPERATIONAL_RECORD
INV-0432,INV-0432,MED-0432,Pantoprazole 40mg (Pan 40) (Formula 432),Pantoprazole Sodium,PAN931,22 Feb 2027,2027-02-22,335,City Pharma Distributors,SUPP-012,95.0,117.8,Available,8902075413763,50,100,2026-10-01T08:00:00Z,pharmaflow-main,SYNTHETIC_OPERATIONAL_RECORD
INV-0433,INV-0433,MED-0433,Pantoprazole + Domperidone (Pan-D) (Formula 433),Pantoprazole + Domperidone,PAN932,19 Dec 2026,2026-12-19,326,Pioneer Drug House,SUPP-013,157.5,194.0,Available,8901710924824,50,100,2026-10-01T08:00:00Z,pharmaflow-main,SYNTHETIC_OPERATIONAL_RECORD
INV-0434,INV-0434,MED-0434,Omeprazole 20mg (Omez) (Formula 434),Omeprazole,OME933,16 Jul 2027,2027-07-16,326,Sai Pharma Agencies,SUPP-014,77.0,94.2,Available,8906300607425,50,100,2026-10-01T08:00:00Z,pharmaflow-main,SYNTHETIC_OPERATIONAL_RECORD
INV-0435,INV-0435,MED-0435,Telmisartan 40mg (Telma 40) (Formula 435),Telmisartan,TEL934,29 Dec 2026,2026-12-29,193,Premier Medical Supplies,SUPP-015,98.0,122.0,Available,8903815287619,50,100,2026-10-01T08:00:00Z,pharmaflow-main,SYNTHETIC_OPERATIONAL_RECORD
INV-0436,INV-0436,MED-0436,Telmisartan + Amlodipine (Telma-AM) (Formula 436),Telmisartan + Amlodipine,TEL935,31 Oct 2027,2027-10-31,79,Universal Drug Distributors,SUPP-016,142.5,175.2,Available,8904022360089,50,100,2026-10-01T08:00:00Z,pharmaflow-main,SYNTHETIC_OPERATIONAL_RECORD
INV-0437,INV-0437,MED-0437,Atorvastatin 10mg (Atorva 10) (Formula 437),Atorvastatin Calcium,ATO936,30 Mar 2027,2027-03-30,95,Reliance Pharma Hub,SUPP-017,115.0,144.4,Available,8901004665657,50,100,2026-10-01T08:00:00Z,pharmaflow-main,SYNTHETIC_OPERATIONAL_RECORD
INV-0438,INV-0438,MED-0438,Rosuvastatin 10mg (Rosuvas 10) (Formula 438),Rosuvastatin Calcium,ROS937,03 Mar 2027,2027-03-03,342,Metro Health Suppliers,SUPP-018,142.5,177.6,Available,8903047869247,50,100,2026-10-01T08:00:00Z,pharmaflow-main,SYNTHETIC_OPERATIONAL_RECORD
INV-0439,INV-0439,MED-0439,Ciprofloxacin 500mg (Ciplox 500) (Formula 439),Ciprofloxacin,CIP938,29 Jul 2027,2027-07-29,214,Kaveri Pharma Distributors,SUPP-019,82.0,100.8,Available,8908215470878,50,100,2026-10-01T08:00:00Z,pharmaflow-main,SYNTHETIC_OPERATIONAL_RECORD
INV-0440,INV-0440,MED-0440,Ofloxacin + Ornidazole (O2) (Formula 440),Ofloxacin + Ornidazole,OFL939,23 May 2027,2027-05-23,110,Sterling Drug House,SUPP-020,127.5,158.0,Available,8901039887139,50,100,2026-10-01T08:00:00Z,pharmaflow-main,SYNTHETIC_OPERATIONAL_RECORD
INV-0441,INV-0441,MED-0441,Montelukast + Levocetirizine (Montair-LC) (Formula 441),Montelukast Sodium + Levocetirizine,MON940,31 Oct 2027,2027-10-31,165,Royal Pharma Syndicate,SUPP-021,173.0,214.2,Available,8908282534126,50,100,2026-10-01T08:00:00Z,pharmaflow-main,SYNTHETIC_OPERATIONAL_RECORD
INV-0442,INV-0442,MED-0442,Ibuprofen 400mg (Brufen 400) (Formula 442),Ibuprofen,IBU941,12 Jan 2027,2027-01-12,190,National Healthcare Logistics,SUPP-022,28.0,35.0,Available,8904509456565,50,100,2026-10-01T08:00:00Z,pharmaflow-main,SYNTHETIC_OPERATIONAL_RECORD
INV-0443,INV-0443,MED-0443,Aceclofenac + Paracetamol (Zerodol-P) (Formula 443),Aceclofenac + Paracetamol,ACE942,05 Oct 2027,2027-10-05,80,Om Sai Drug Distributors,SUPP-023,77.5,95.2,Available,8905862655247,50,100,2026-10-01T08:00:00Z,pharmaflow-main,SYNTHETIC_OPERATIONAL_RECORD
INV-0444,INV-0444,MED-0444,Vildagliptin + Metformin (Galvus Met) (Formula 444),Vildagliptin + Metformin,VIL943,01 Mar 2027,2027-03-01,207,Shree Ganesh Pharma Agency,SUPP-024,245.0,304.4,Available,8901304205279,50,100,2026-10-01T08:00:00Z,pharmaflow-main,SYNTHETIC_OPERATIONAL_RECORD
INV-0445,INV-0445,MED-0445,Rabeprazole 20mg (Razo 20) (Formula 445),Rabeprazole Sodium,RAB944,28 Jul 2027,2027-07-28,275,Tamil Nadu Medical Depot,SUPP-025,119.5,147.6,Available,8902645272822,50,100,2026-10-01T08:00:00Z,pharmaflow-main,SYNTHETIC_OPERATIONAL_RECORD
INV-0446,INV-0446,MED-0446,Cough Syrup (Ascoril-D) (Formula 446),Dextromethorphan + Phenylephrine + Chlorpheniramine,COU945,09 May 2027,2027-05-09,201,Bangalore Pharma Distribution,SUPP-026,98.0,122.8,Available,8901439921366,50,100,2026-10-01T08:00:00Z,pharmaflow-main,SYNTHETIC_OPERATIONAL_RECORD
INV-0447,INV-0447,MED-0447,Oral Rehydration Salts (Electral ORS) (Formula 447),Sodium Chloride + Potassium Chloride + Sodium Citrate + Dextrose,ORA946,12 Nov 2027,2027-11-12,344,Hyderabad Drug Syndicate,SUPP-027,30.5,38.5,Available,8906640801643,50,100,2026-10-01T08:00:00Z,pharmaflow-main,SYNTHETIC_OPERATIONAL_RECORD
INV-0448,INV-0448,MED-0448,Multivitamin + Zinc (Becadexamin) (Formula 448),Vitamins B-Complex + C + Minerals + Zinc,MUL947,08 Feb 2027,2027-02-08,334,Western Pharma Logistics,SUPP-028,57.0,71.2,Available,8909078786223,50,100,2026-10-01T08:00:00Z,pharmaflow-main,SYNTHETIC_OPERATIONAL_RECORD
INV-0449,INV-0449,MED-0449,Thyroxine Sodium 50mcg (Thyronorm 50) (Formula 449),Levothyroxine Sodium,THY948,08 Sep 2027,2027-09-08,231,Eastern Drug Supply Co.,SUPP-029,125.0,155.0,Available,8905883933127,50,100,2026-10-01T08:00:00Z,pharmaflow-main,SYNTHETIC_OPERATIONAL_RECORD
INV-0450,INV-0450,MED-0450,Clopidogrel 75mg (Clopilet 75) (Formula 450),Clopidogrel Bisulfate,CLO949,02 May 2027,2027-05-02,264,Northern Health Wholesalers,SUPP-030,132.5,165.2,Available,8901613549255,50,100,2026-10-01T08:00:00Z,pharmaflow-main,SYNTHETIC_OPERATIONAL_RECORD
INV-0451,INV-0451,MED-0451,Paracetamol 500mg (Formula 451),Acetaminophen,PAR950,16 Feb 2027,2027-02-16,47,Central Medical Distributors,SUPP-031,30.0,36.4,Low Stock,8909626333315,50,100,2026-10-01T08:00:00Z,pharmaflow-main,SYNTHETIC_OPERATIONAL_RECORD
INV-0452,INV-0452,MED-0452,Paracetamol 650mg (Dolo 650) (Formula 452),Acetaminophen,PAR951,01 May 2027,2027-05-01,171,Global Pharma Trade House,SUPP-032,39.5,47.6,Available,8903791815554,50,100,2026-10-01T08:00:00Z,pharmaflow-main,SYNTHETIC_OPERATIONAL_RECORD
INV-0453,INV-0453,MED-0453,Vitamin D3 60K (Calcirol) (Formula 453),Cholecalciferol,VIT952,29 Dec 2027,2027-12-29,158,Matrix Healthcare Supply,SUPP-033,75.0,92.8,Available,8907185179917,50,100,2026-10-01T08:00:00Z,pharmaflow-main,SYNTHETIC_OPERATIONAL_RECORD
INV-0454,INV-0454,MED-0454,Amoxicillin 500mg (Novamox) (Formula 454),Amoxicillin Trihydrate,AMO953,21 Nov 2027,2027-11-21,268,Jupiter Drug Agencies,SUPP-034,107.5,131.0,Available,8904102821948,50,100,2026-10-01T08:00:00Z,pharmaflow-main,SYNTHETIC_OPERATIONAL_RECORD
INV-0455,INV-0455,MED-0455,Amoxicillin + Clavulanic Acid 625mg (Augmentin) (Formula 455),Amoxicillin + Potassium Clavulanate,AMO954,12 Apr 2027,2027-04-12,229,CarePoint Distribution Ltd.,SUPP-035,180.0,224.2,Available,8908243746556,50,100,2026-10-01T08:00:00Z,pharmaflow-main,SYNTHETIC_OPERATIONAL_RECORD
INV-0456,INV-0456,MED-0456,Cetirizine 10mg (Cetzine) (Formula 456),Cetirizine Hydrochloride,CET955,29 Jan 2027,2027-01-29,214,MediSource Distributors Pvt. Ltd.,SUPP-001,35.0,42.0,Available,8904693510920,50,100,2026-10-01T08:00:00Z,pharmaflow-main,SYNTHETIC_OPERATIONAL_RECORD
INV-0457,INV-0457,MED-0457,Levocetirizine 5mg (Levocet) (Formula 457),Levocetirizine Dihydrochloride,LEV956,25 Jul 2027,2027-07-25,281,ABC Pharma Wholesale Syndicate,SUPP-002,50.5,61.2,Available,8901431494396,50,100,2026-10-01T08:00:00Z,pharmaflow-main,SYNTHETIC_OPERATIONAL_RECORD
INV-0458,INV-0458,MED-0458,Azithromycin 250mg (Azee 250) (Formula 458),Azithromycin Dihydrate,AZI957,08 Jul 2027,2027-07-08,228,HealthCare Labs Logistics,SUPP-003,125.0,151.4,Available,8904231729466,50,100,2026-10-01T08:00:00Z,pharmaflow-main,SYNTHETIC_OPERATIONAL_RECORD
INV-0459,INV-0459,MED-0459,Azithromycin 500mg (Azithral 500) (Formula 459),Azithromycin Dihydrate,AZI958,23 Dec 2027,2027-12-23,201,Nova Pharma Distribution Network,SUPP-004,182.5,224.6,Available,8906944371787,50,100,2026-10-01T08:00:00Z,pharmaflow-main,SYNTHETIC_OPERATIONAL_RECORD
INV-0460,INV-0460,MED-0460,Metformin 500mg (Glycomet 500) (Formula 460),Metformin Hydrochloride,MET959,29 Jul 2027,2027-07-29,327,Southern Apollo Regional Depot,SUPP-005,55.0,67.8,Available,8909432088993,50,100,2026-10-01T08:00:00Z,pharmaflow-main,SYNTHETIC_OPERATIONAL_RECORD
INV-0461,INV-0461,MED-0461,Metformin 1000mg SR (Glucophage) (Formula 461),Metformin Hydrochloride,MET960,16 Jan 2027,2027-01-16,134,MedPlus Central Warehouse,SUPP-006,80.5,98.0,Available,8901600566083,50,100,2026-10-01T08:00:00Z,pharmaflow-main,SYNTHETIC_OPERATIONAL_RECORD
INV-0462,INV-0462,MED-0462,Pantoprazole 40mg (Pan 40) (Formula 462),Pantoprazole Sodium,PAN961,18 Oct 2027,2027-10-18,86,Karnataka State Pharma Hub,SUPP-007,100.0,124.2,Available,8901361845490,50,100,2026-10-01T08:00:00Z,pharmaflow-main,SYNTHETIC_OPERATIONAL_RECORD
INV-0463,INV-0463,MED-0463,Pantoprazole + Domperidone (Pan-D) (Formula 463),Pantoprazole + Domperidone,PAN962,14 Apr 2027,2027-04-14,116,Apex Medical Agencies,SUPP-008,145.0,178.0,Available,8907904559790,50,100,2026-10-01T08:00:00Z,pharmaflow-main,SYNTHETIC_OPERATIONAL_RECORD
INV-0464,INV-0464,MED-0464,Omeprazole 20mg (Omez) (Formula 464),Omeprazole,OME963,24 Aug 2027,2027-08-24,145,Sri Balaji Pharmaceuticals,SUPP-009,64.5,78.2,Available,8903965572185,50,100,2026-10-01T08:00:00Z,pharmaflow-main,SYNTHETIC_OPERATIONAL_RECORD
INV-0465,INV-0465,MED-0465,Telmisartan 40mg (Telma 40) (Formula 465),Telmisartan,TEL964,05 Apr 2027,2027-04-05,84,Vardhman Healthcare Wholesale,SUPP-010,103.0,128.4,Available,8902295574037,50,100,2026-10-01T08:00:00Z,pharmaflow-main,SYNTHETIC_OPERATIONAL_RECORD
INV-0466,INV-0466,MED-0466,Telmisartan + Amlodipine (Telma-AM) (Formula 466),Telmisartan + Amlodipine,TEL965,29 Nov 2027,2027-11-29,83,Zenith Pharma Logistics,SUPP-011,147.5,181.6,Available,8903188382776,50,100,2026-10-01T08:00:00Z,pharmaflow-main,SYNTHETIC_OPERATIONAL_RECORD
INV-0467,INV-0467,MED-0467,Atorvastatin 10mg (Atorva 10) (Formula 467),Atorvastatin Calcium,ATO966,01 Dec 2026,2026-12-01,304,City Pharma Distributors,SUPP-012,120.0,150.8,Available,8908506931282,50,100,2026-10-01T08:00:00Z,pharmaflow-main,SYNTHETIC_OPERATIONAL_RECORD
INV-0468,INV-0468,MED-0468,Rosuvastatin 10mg (Rosuvas 10) (Formula 468),Rosuvastatin Calcium,ROS967,11 Oct 2027,2027-10-11,60,Pioneer Drug House,SUPP-013,147.5,184.0,Available,8905100282913,50,100,2026-10-01T08:00:00Z,pharmaflow-main,SYNTHETIC_OPERATIONAL_RECORD
INV-0469,INV-0469,MED-0469,Ciprofloxacin 500mg (Ciplox 500) (Formula 469),Ciprofloxacin,CIP968,15 Sep 2027,2027-09-15,341,Sai Pharma Agencies,SUPP-014,87.0,107.2,Available,8907420493866,50,100,2026-10-01T08:00:00Z,pharmaflow-main,SYNTHETIC_OPERATIONAL_RECORD
INV-0470,INV-0470,MED-0470,Ofloxacin + Ornidazole (O2) (Formula 470),Ofloxacin + Ornidazole,OFL969,17 Jun 2027,2027-06-17,347,Premier Medical Supplies,SUPP-015,115.0,142.0,Available,8901484230338,50,100,2026-10-01T08:00:00Z,pharmaflow-main,SYNTHETIC_OPERATIONAL_RECORD
INV-0471,INV-0471,MED-0471,Montelukast + Levocetirizine (Montair-LC) (Formula 471),Montelukast Sodium + Levocetirizine,MON970,10 Mar 2027,2027-03-10,63,Universal Drug Distributors,SUPP-016,160.5,198.2,Available,8903550908958,50,100,2026-10-01T08:00:00Z,pharmaflow-main,SYNTHETIC_OPERATIONAL_RECORD
INV-0472,INV-0472,MED-0472,Ibuprofen 400mg (Brufen 400) (Formula 472),Ibuprofen,IBU971,31 Aug 2027,2027-08-31,178,Reliance Pharma Hub,SUPP-017,33.0,41.4,Available,8905199176431,50,100,2026-10-01T08:00:00Z,pharmaflow-main,SYNTHETIC_OPERATIONAL_RECORD
INV-0473,INV-0473,MED-0473,Aceclofenac + Paracetamol (Zerodol-P) (Formula 473),Aceclofenac + Paracetamol,ACE972,27 Aug 2027,2027-08-27,321,Metro Health Suppliers,SUPP-018,82.5,101.6,Available,8909533595495,50,100,2026-10-01T08:00:00Z,pharmaflow-main,SYNTHETIC_OPERATIONAL_RECORD
INV-0474,INV-0474,MED-0474,Vildagliptin + Metformin (Galvus Met) (Formula 474),Vildagliptin + Metformin,VIL973,21 Jul 2027,2027-07-21,121,Kaveri Pharma Distributors,SUPP-019,250.0,310.8,Available,8909306142066,50,100,2026-10-01T08:00:00Z,pharmaflow-main,SYNTHETIC_OPERATIONAL_RECORD
INV-0475,INV-0475,MED-0475,Rabeprazole 20mg (Razo 20) (Formula 475),Rabeprazole Sodium,RAB974,28 May 2027,2027-05-28,245,Sterling Drug House,SUPP-020,124.5,154.0,Available,8905861829469,50,100,2026-10-01T08:00:00Z,pharmaflow-main,SYNTHETIC_OPERATIONAL_RECORD
INV-0476,INV-0476,MED-0476,Cough Syrup (Ascoril-D) (Formula 476),Dextromethorphan + Phenylephrine + Chlorpheniramine,COU975,16 Mar 2027,2027-03-16,346,Royal Pharma Syndicate,SUPP-021,103.0,129.2,Available,8907736142481,50,100,2026-10-01T08:00:00Z,pharmaflow-main,SYNTHETIC_OPERATIONAL_RECORD
INV-0477,INV-0477,MED-0477,Oral Rehydration Salts (Electral ORS) (Formula 477),Sodium Chloride + Potassium Chloride + Sodium Citrate + Dextrose,ORA976,02 Dec 2027,2027-12-02,193,National Healthcare Logistics,SUPP-022,18.0,22.5,Available,8903933213766,50,100,2026-10-01T08:00:00Z,pharmaflow-main,SYNTHETIC_OPERATIONAL_RECORD
INV-0478,INV-0478,MED-0478,Multivitamin + Zinc (Becadexamin) (Formula 478),Vitamins B-Complex + C + Minerals + Zinc,MUL977,29 Jan 2027,2027-01-29,282,Om Sai Drug Distributors,SUPP-023,44.5,55.2,Available,8908570850267,50,100,2026-10-01T08:00:00Z,pharmaflow-main,SYNTHETIC_OPERATIONAL_RECORD
INV-0479,INV-0479,MED-0479,Thyroxine Sodium 50mcg (Thyronorm 50) (Formula 479),Levothyroxine Sodium,THY978,05 Aug 2027,2027-08-05,306,Shree Ganesh Pharma Agency,SUPP-024,130.0,161.4,Available,8904308701294,50,100,2026-10-01T08:00:00Z,pharmaflow-main,SYNTHETIC_OPERATIONAL_RECORD
INV-0480,INV-0480,MED-0480,Clopidogrel 75mg (Clopilet 75) (Formula 480),Clopidogrel Bisulfate,CLO979,07 Jan 2027,2027-01-07,248,Tamil Nadu Medical Depot,SUPP-025,137.5,171.6,Available,8909661615016,50,100,2026-10-01T08:00:00Z,pharmaflow-main,SYNTHETIC_OPERATIONAL_RECORD
INV-0481,INV-0481,MED-0481,Paracetamol 500mg (Formula 481),Acetaminophen,PAR980,27 May 2027,2027-05-27,302,Bangalore Pharma Distribution,SUPP-026,35.0,42.8,Available,8901290050198,50,100,2026-10-01T08:00:00Z,pharmaflow-main,SYNTHETIC_OPERATIONAL_RECORD
INV-0482,INV-0482,MED-0482,Paracetamol 650mg (Dolo 650) (Formula 482),Acetaminophen,PAR981,27 Nov 2026,2026-11-27,167,Hyderabad Drug Syndicate,SUPP-027,44.5,54.0,Available,8902126077199,50,100,2026-10-01T08:00:00Z,pharmaflow-main,SYNTHETIC_OPERATIONAL_RECORD
INV-0483,INV-0483,MED-0483,Vitamin D3 60K (Calcirol) (Formula 483),Cholecalciferol,VIT982,02 Oct 2027,2027-10-02,129,Western Pharma Logistics,SUPP-028,80.0,99.2,Available,8908684942020,50,100,2026-10-01T08:00:00Z,pharmaflow-main,SYNTHETIC_OPERATIONAL_RECORD
INV-0484,INV-0484,MED-0484,Amoxicillin 500mg (Novamox) (Formula 484),Amoxicillin Trihydrate,AMO983,14 Dec 2027,2027-12-14,308,Eastern Drug Supply Co.,SUPP-029,95.0,115.0,Available,8907470843264,50,100,2026-10-01T08:00:00Z,pharmaflow-main,SYNTHETIC_OPERATIONAL_RECORD
INV-0485,INV-0485,MED-0485,Amoxicillin + Clavulanic Acid 625mg (Augmentin) (Formula 485),Amoxicillin + Potassium Clavulanate,AMO984,01 Feb 2027,2027-02-01,273,Northern Health Wholesalers,SUPP-030,167.5,208.2,Available,8907079234115,50,100,2026-10-01T08:00:00Z,pharmaflow-main,SYNTHETIC_OPERATIONAL_RECORD
INV-0486,INV-0486,MED-0486,Cetirizine 10mg (Cetzine) (Formula 486),Cetirizine Hydrochloride,CET985,11 Feb 2027,2027-02-11,136,Central Medical Distributors,SUPP-031,40.0,48.4,Available,8908309221034,50,100,2026-10-01T08:00:00Z,pharmaflow-main,SYNTHETIC_OPERATIONAL_RECORD
INV-0487,INV-0487,MED-0487,Levocetirizine 5mg (Levocet) (Formula 487),Levocetirizine Dihydrochloride,LEV986,07 Sep 2027,2027-09-07,334,Global Pharma Trade House,SUPP-032,55.5,67.6,Available,8909943959352,50,100,2026-10-01T08:00:00Z,pharmaflow-main,SYNTHETIC_OPERATIONAL_RECORD
INV-0488,INV-0488,MED-0488,Azithromycin 250mg (Azee 250) (Formula 488),Azithromycin Dihydrate,AZI987,25 Oct 2027,2027-10-25,119,Matrix Healthcare Supply,SUPP-033,130.0,157.8,Available,8903645901955,50,100,2026-10-01T08:00:00Z,pharmaflow-main,SYNTHETIC_OPERATIONAL_RECORD
INV-0489,INV-0489,MED-0489,Azithromycin 500mg (Azithral 500) (Formula 489),Azithromycin Dihydrate,AZI988,03 Dec 2027,2027-12-03,292,Jupiter Drug Agencies,SUPP-034,187.5,231.0,Available,8902191714875,50,100,2026-10-01T08:00:00Z,pharmaflow-main,SYNTHETIC_OPERATIONAL_RECORD
INV-0490,INV-0490,MED-0490,Metformin 500mg (Glycomet 500) (Formula 490),Metformin Hydrochloride,MET989,24 May 2027,2027-05-24,65,CarePoint Distribution Ltd.,SUPP-035,60.0,74.2,Available,8902331039957,50,100,2026-10-01T08:00:00Z,pharmaflow-main,SYNTHETIC_OPERATIONAL_RECORD
INV-0491,INV-0491,MED-0491,Metformin 1000mg SR (Glucophage) (Formula 491),Metformin Hydrochloride,MET990,14 Mar 2027,2027-03-14,294,MediSource Distributors Pvt. Ltd.,SUPP-001,68.0,82.0,Available,8904470591645,50,100,2026-10-01T08:00:00Z,pharmaflow-main,SYNTHETIC_OPERATIONAL_RECORD
INV-0492,INV-0492,MED-0492,Pantoprazole 40mg (Pan 40) (Formula 492),Pantoprazole Sodium,PAN991,20 Mar 2027,2027-03-20,77,ABC Pharma Wholesale Syndicate,SUPP-002,87.5,108.2,Available,8907598745558,50,100,2026-10-01T08:00:00Z,pharmaflow-main,SYNTHETIC_OPERATIONAL_RECORD
INV-0493,INV-0493,MED-0493,Pantoprazole + Domperidone (Pan-D) (Formula 493),Pantoprazole + Domperidone,PAN992,06 Apr 2027,2027-04-06,234,HealthCare Labs Logistics,SUPP-003,150.0,184.4,Available,8905578929439,50,100,2026-10-01T08:00:00Z,pharmaflow-main,SYNTHETIC_OPERATIONAL_RECORD
INV-0494,INV-0494,MED-0494,Omeprazole 20mg (Omez) (Formula 494),Omeprazole,OME993,21 Mar 2027,2027-03-21,66,Nova Pharma Distribution Network,SUPP-004,69.5,84.6,Available,8908295757364,50,100,2026-10-01T08:00:00Z,pharmaflow-main,SYNTHETIC_OPERATIONAL_RECORD
INV-0495,INV-0495,MED-0495,Telmisartan 40mg (Telma 40) (Formula 495),Telmisartan,TEL994,30 Oct 2027,2027-10-30,150,Southern Apollo Regional Depot,SUPP-005,108.0,134.8,Available,8904635552887,50,100,2026-10-01T08:00:00Z,pharmaflow-main,SYNTHETIC_OPERATIONAL_RECORD
INV-0496,INV-0496,MED-0496,Telmisartan + Amlodipine (Telma-AM) (Formula 496),Telmisartan + Amlodipine,TEL995,14 Aug 2027,2027-08-14,229,MedPlus Central Warehouse,SUPP-006,152.5,188.0,Available,8901248704157,50,100,2026-10-01T08:00:00Z,pharmaflow-main,SYNTHETIC_OPERATIONAL_RECORD
INV-0497,INV-0497,MED-0497,Atorvastatin 10mg (Atorva 10) (Formula 497),Atorvastatin Calcium,ATO996,08 Jun 2027,2027-06-08,285,Karnataka State Pharma Hub,SUPP-007,125.0,157.2,Available,8902866092821,50,100,2026-10-01T08:00:00Z,pharmaflow-main,SYNTHETIC_OPERATIONAL_RECORD
INV-0498,INV-0498,MED-0498,Rosuvastatin 10mg (Rosuvas 10) (Formula 498),Rosuvastatin Calcium,ROS997,12 Jul 2027,2027-07-12,68,Apex Medical Agencies,SUPP-008,135.0,168.0,Available,8903614915281,50,100,2026-10-01T08:00:00Z,pharmaflow-main,SYNTHETIC_OPERATIONAL_RECORD
INV-0499,INV-0499,MED-0499,Ciprofloxacin 500mg (Ciplox 500) (Formula 499),Ciprofloxacin,CIP998,12 Dec 2026,2026-12-12,210,Sri Balaji Pharmaceuticals,SUPP-009,74.5,91.2,Available,8904181102664,50,100,2026-10-01T08:00:00Z,pharmaflow-main,SYNTHETIC_OPERATIONAL_RECORD
INV-0500,INV-0500,MED-0500,Ofloxacin + Ornidazole (O2) (Formula 500),Ofloxacin + Ornidazole,OFL999,13 Jan 2027,2027-01-13,311,Vardhman Healthcare Wholesale,SUPP-010,120.0,148.4,Available,8901513003815,50,100,2026-10-01T08:00:00Z,pharmaflow-main,SYNTHETIC_OPERATIONAL_RECORD
INV-0501,INV-0501,MED-0501,Montelukast + Levocetirizine (Montair-LC) (Formula 501),Montelukast Sodium + Levocetirizine,MON1000,12 Oct 2027,2027-10-12,185,Zenith Pharma Logistics,SUPP-011,165.5,204.6,Available,8904040409964,50,100,2026-10-01T08:00:00Z,pharmaflow-main,SYNTHETIC_OPERATIONAL_RECORD
INV-0502,INV-0502,MED-0502,Ibuprofen 400mg (Brufen 400) (Formula 502),Ibuprofen,IBU1001,06 Dec 2027,2027-12-06,179,City Pharma Distributors,SUPP-012,38.0,47.8,Available,8904012917912,50,100,2026-10-01T08:00:00Z,pharmaflow-main,SYNTHETIC_OPERATIONAL_RECORD
INV-0503,INV-0503,MED-0503,Aceclofenac + Paracetamol (Zerodol-P) (Formula 503),Aceclofenac + Paracetamol,ACE1002,14 Sep 2027,2027-09-14,323,Pioneer Drug House,SUPP-013,87.5,108.0,Available,8905998623100,50,100,2026-10-01T08:00:00Z,pharmaflow-main,SYNTHETIC_OPERATIONAL_RECORD
INV-0504,INV-0504,MED-0504,Vildagliptin + Metformin (Galvus Met) (Formula 504),Vildagliptin + Metformin,VIL1003,09 Sep 2027,2027-09-09,134,Sai Pharma Agencies,SUPP-014,255.0,317.2,Available,8909388140708,50,100,2026-10-01T08:00:00Z,pharmaflow-main,SYNTHETIC_OPERATIONAL_RECORD
INV-0505,INV-0505,MED-0505,Rabeprazole 20mg (Razo 20) (Formula 505),Rabeprazole Sodium,RAB1004,02 Jun 2027,2027-06-02,238,Premier Medical Supplies,SUPP-015,112.0,138.0,Available,8908390631634,50,100,2026-10-01T08:00:00Z,pharmaflow-main,SYNTHETIC_OPERATIONAL_RECORD
INV-0506,INV-0506,MED-0506,Cough Syrup (Ascoril-D) (Formula 506),Dextromethorphan + Phenylephrine + Chlorpheniramine,COU1005,28 May 2027,2027-05-28,345,Universal Drug Distributors,SUPP-016,90.5,113.2,Available,8906012067717,50,100,2026-10-01T08:00:00Z,pharmaflow-main,SYNTHETIC_OPERATIONAL_RECORD
INV-0507,INV-0507,MED-0507,Oral Rehydration Salts (Electral ORS) (Formula 507),Sodium Chloride + Potassium Chloride + Sodium Citrate + Dextrose,ORA1006,22 Oct 2027,2027-10-22,84,Reliance Pharma Hub,SUPP-017,23.0,28.9,Available,8904807122420,50,100,2026-10-01T08:00:00Z,pharmaflow-main,SYNTHETIC_OPERATIONAL_RECORD
INV-0508,INV-0508,MED-0508,Multivitamin + Zinc (Becadexamin) (Formula 508),Vitamins B-Complex + C + Minerals + Zinc,MUL1007,13 Aug 2027,2027-08-13,173,Metro Health Suppliers,SUPP-018,49.5,61.6,Available,8905421051452,50,100,2026-10-01T08:00:00Z,pharmaflow-main,SYNTHETIC_OPERATIONAL_RECORD
INV-0509,INV-0509,MED-0509,Thyroxine Sodium 50mcg (Thyronorm 50) (Formula 509),Levothyroxine Sodium,THY1008,02 Jun 2027,2027-06-02,159,Kaveri Pharma Distributors,SUPP-019,135.0,167.8,Available,8908761469117,50,100,2026-10-01T08:00:00Z,pharmaflow-main,SYNTHETIC_OPERATIONAL_RECORD
INV-0510,INV-0510,MED-0510,Clopidogrel 75mg (Clopilet 75) (Formula 510),Clopidogrel Bisulfate,CLO1009,13 Aug 2027,2027-08-13,252,Sterling Drug House,SUPP-020,142.5,178.0,Available,8905569295400,50,100,2026-10-01T08:00:00Z,pharmaflow-main,SYNTHETIC_OPERATIONAL_RECORD
INV-0511,INV-0511,MED-0511,Paracetamol 500mg (Formula 511),Acetaminophen,PAR1010,21 May 2027,2027-05-21,221,Royal Pharma Syndicate,SUPP-021,40.0,49.2,Available,8905625980561,50,100,2026-10-01T08:00:00Z,pharmaflow-main,SYNTHETIC_OPERATIONAL_RECORD
INV-0512,INV-0512,MED-0512,Paracetamol 650mg (Dolo 650) (Formula 512),Acetaminophen,PAR1011,29 Jul 2027,2027-07-29,291,National Healthcare Logistics,SUPP-022,32.0,38.0,Available,8902546720356,50,100,2026-10-01T08:00:00Z,pharmaflow-main,SYNTHETIC_OPERATIONAL_RECORD
