medicineId,medicineName,genericName,dosageForm,strength,therapeuticCategory,schedule,manufacturerId,manufacturerName,unitCost,mrp,barcode,sourceId,sourceName,provenance,storageCondition,reorderLevel,maxStockLevel,workspaceId,createdAt
MED-0001,Paracetamol 500mg,Acetaminophen,Tablet,500mg,Analgesic & Antipyretic,SCHEDULE_H,MFG-0001,Sun Pharmaceutical Industries Ltd.,25.0,30.0,8907581349462,SRC-CDSCO-01,Central Drugs Standard Control Organization (CDSCO) Public Drug Gazette,PUBLIC_REAL,Store below 25°C in dry place,50,500,pharmaflow-main,2026-01-20T08:00:00Z
MED-0002,Paracetamol 650mg (Dolo 650),Acetaminophen,Tablet,650mg,Analgesic & Antipyretic,SCHEDULE_H,MFG-0002,Cipla Limited,34.5,41.2,8906582557981,SRC-NPPA-02,National Pharmaceutical Pricing Authority (NPPA / DPCO),PUBLIC_REAL,Store below 25°C in dry place,50,500,pharmaflow-main,2026-01-20T08:00:00Z
MED-0003,Vitamin D3 60K (Calcirol),Cholecalciferol,Capsule,"60,000 IU",Nutritional / Vitamin,OTC,MFG-0003,Dr. Reddy's Laboratories Ltd.,70.0,86.4,8904503614567,SRC-NLEM-03,National List of Essential Medicines (NLEM) 2022-2024,PUBLIC_REAL,Store below 25°C in dry place,50,500,pharmaflow-main,2026-01-20T08:00:00Z
MED-0004,Amoxicillin 500mg (Novamox),Amoxicillin Trihydrate,Capsule,500mg,Antibiotic,SCHEDULE_H1,MFG-0004,Torrent Pharmaceuticals Ltd.,102.5,124.6,8906877052039,SRC-TNMSC-04,Tamil Nadu Medical Services Corporation (TNMSC) Public Drug Formulary,PUBLIC_REAL,Store below 25°C in dry place,50,500,pharmaflow-main,2026-01-20T08:00:00Z
MED-0005,Amoxicillin + Clavulanic Acid 625mg (Augmentin),Amoxicillin + Potassium Clavulanate,Tablet,625mg,Antibacterial,SCHEDULE_H1,MFG-0005,Lupin Limited,175.0,217.8,8903893976444,SRC-APOLLO-05,Apollo Pharmacy Retail & Catalog Directory,PUBLIC_REAL,Store below 25°C in dry place,50,500,pharmaflow-main,2026-01-20T08:00:00Z
MED-0006,Cetirizine 10mg (Cetzine),Cetirizine Hydrochloride,Tablet,10mg,Antihistamine,SCHEDULE_H,MFG-0006,Alkem Laboratories Ltd.,47.5,58.0,8909503597301,SRC-MEDPLUS-06,MedPlus Health Services Store Index,PUBLIC_REAL,Store below 25°C in dry place,50,500,pharmaflow-main,2026-01-20T08:00:00Z
MED-0007,Levocetirizine 5mg (Levocet),Levocetirizine Dihydrochloride,Tablet,5mg,Antiallergic,SCHEDULE_H,MFG-0007,Zydus Lifesciences Ltd.,63.0,77.2,8907801948900,SRC-1MG-07,Tata 1mg Public Medicine Reference Index,PUBLIC_REAL,Store below 25°C in dry place,50,500,pharmaflow-main,2026-01-20T08:00:00Z
MED-0008,Azithromycin 250mg (Azee 250),Azithromycin Dihydrate,Tablet,250mg,Macrolide Antibiotic,SCHEDULE_H1,MFG-0008,Mankind Pharma Ltd.,120.0,145.0,8909704383251,SRC-NETMEDS-08,Netmeds Public Medicine Catalog,PUBLIC_REAL,Store below 25°C in dry place,50,500,pharmaflow-main,2026-01-20T08:00:00Z
MED-0009,Azithromycin 500mg (Azithral 500),Azithromycin Dihydrate,Tablet,500mg,Macrolide Antibiotic,SCHEDULE_H1,MFG-0009,Abbott Healthcare Pvt. Ltd.,177.5,218.2,8907333316743,SRC-RGGGH-09,Rajiv Gandhi Government General Hospital Chennai Pharmacy Formulary,PUBLIC_REAL,Store below 25°C in dry place,50,500,pharmaflow-main,2026-01-20T08:00:00Z
MED-0010,Metformin 500mg (Glycomet 500),Metformin Hydrochloride,Tablet,500mg,Antidiabetic,SCHEDULE_H,MFG-0010,GlaxoSmithKline Pharmaceuticals Ltd.,50.0,61.4,8903480920839,SRC-CMC-10,Christian Medical College (CMC) Vellore Pharmacy Services,PUBLIC_REAL,Store below 25°C in dry place,50,500,pharmaflow-main,2026-01-20T08:00:00Z
MED-0011,Metformin 1000mg SR (Glucophage),Metformin Hydrochloride,Tablet SR,1000mg,Antidiabetic,SCHEDULE_H,MFG-0011,Sanofi India Limited,75.5,91.6,8904098389895,SRC-AIIMS-11,All India Institute of Medical Sciences (AIIMS) New Delhi Drug Formulary,PUBLIC_REAL,Store below 25°C in dry place,50,500,pharmaflow-main,2026-01-20T08:00:00Z
MED-0012,Pantoprazole 40mg (Pan 40),Pantoprazole Sodium,Tablet,40mg,Proton Pump Inhibitor,SCHEDULE_H,MFG-0012,Glenmark Pharmaceuticals Ltd.,95.0,117.8,8907801180691,SRC-IPC-12,Indian Pharmacopoeia Commission (IPC) National Formulary of India,PUBLIC_REAL,Store below 25°C in dry place,50,500,pharmaflow-main,2026-01-20T08:00:00Z
MED-0013,Pantoprazole + Domperidone (Pan-D),Pantoprazole + Domperidone,Capsule SR,40mg + 30mg,Gastrointestinal,SCHEDULE_H,MFG-0013,Aristo Pharmaceuticals Pvt. Ltd.,157.5,194.0,8908907752604,SRC-CDSCO-01,Central Drugs Standard Control Organization (CDSCO) Public Drug Gazette,PUBLIC_REAL,Store below 25°C in dry place,50,500,pharmaflow-main,2026-01-20T08:00:00Z
MED-0014,Omeprazole 20mg (Omez),Omeprazole,Capsule,20mg,Antacid / Anti-Ulcer,SCHEDULE_H,MFG-0014,Intas Pharmaceuticals Ltd.,77.0,94.2,8903923699745,SRC-NPPA-02,National Pharmaceutical Pricing Authority (NPPA / DPCO),PUBLIC_REAL,Store below 25°C in dry place,50,500,pharmaflow-main,2026-01-20T08:00:00Z
MED-0015,Telmisartan 40mg (Telma 40),Telmisartan,Tablet,40mg,Antihypertensive,SCHEDULE_H,MFG-0015,Micro Labs Limited,98.0,122.0,8909725528903,SRC-NLEM-03,National List of Essential Medicines (NLEM) 2022-2024,PUBLIC_REAL,Store below 25°C in dry place,50,500,pharmaflow-main,2026-01-20T08:00:00Z
MED-0016,Telmisartan + Amlodipine (Telma-AM),Telmisartan + Amlodipine,Tablet,40mg + 5mg,Antihypertensive,SCHEDULE_H,MFG-0016,Macleods Pharmaceuticals Ltd.,142.5,175.2,8901471997674,SRC-TNMSC-04,Tamil Nadu Medical Services Corporation (TNMSC) Public Drug Formulary,PUBLIC_REAL,Store below 25°C in dry place,50,500,pharmaflow-main,2026-01-20T08:00:00Z
MED-0017,Atorvastatin 10mg (Atorva 10),Atorvastatin Calcium,Tablet,10mg,Lipid Lowering / Statin,SCHEDULE_H,MFG-0017,IPCA Laboratories Ltd.,115.0,144.4,8905376302686,SRC-APOLLO-05,Apollo Pharmacy Retail & Catalog Directory,PUBLIC_REAL,Store below 25°C in dry place,50,500,pharmaflow-main,2026-01-20T08:00:00Z
MED-0018,Rosuvastatin 10mg (Rosuvas 10),Rosuvastatin Calcium,Tablet,10mg,Cardiovascular,SCHEDULE_H,MFG-0018,FDC Limited,142.5,177.6,8906642266247,SRC-MEDPLUS-06,MedPlus Health Services Store Index,PUBLIC_REAL,Store below 25°C in dry place,50,500,pharmaflow-main,2026-01-20T08:00:00Z
MED-0019,Ciprofloxacin 500mg (Ciplox 500),Ciprofloxacin,Tablet,500mg,Fluoroquinolone Antibiotic,SCHEDULE_H1,MFG-0019,Alembic Pharmaceuticals Ltd.,82.0,100.8,8905945359606,SRC-1MG-07,Tata 1mg Public Medicine Reference Index,PUBLIC_REAL,Store below 25°C in dry place,50,500,pharmaflow-main,2026-01-20T08:00:00Z
MED-0020,Ofloxacin + Ornidazole (O2),Ofloxacin + Ornidazole,Tablet,200mg + 500mg,Antidiarrheal / Antibacterial,SCHEDULE_H1,MFG-0020,USV Private Limited,127.5,158.0,8903965676060,SRC-NETMEDS-08,Netmeds Public Medicine Catalog,PUBLIC_REAL,Store below 25°C in dry place,50,500,pharmaflow-main,2026-01-20T08:00:00Z
MED-0021,Montelukast + Levocetirizine (Montair-LC),Montelukast Sodium + Levocetirizine,Tablet,10mg + 5mg,Respiratory / Antiasthmatic,SCHEDULE_H,MFG-0021,Biocon Limited,173.0,214.2,8909248574674,SRC-RGGGH-09,Rajiv Gandhi Government General Hospital Chennai Pharmacy Formulary,PUBLIC_REAL,Store below 25°C in dry place,50,500,pharmaflow-main,2026-01-20T08:00:00Z
MED-0022,Ibuprofen 400mg (Brufen 400),Ibuprofen,Tablet,400mg,NSAID,SCHEDULE_H,MFG-0022,Hetero Healthcare Ltd.,28.0,35.0,8909857430687,SRC-CMC-10,Christian Medical College (CMC) Vellore Pharmacy Services,PUBLIC_REAL,Store below 25°C in dry place,50,500,pharmaflow-main,2026-01-20T08:00:00Z
MED-0023,Aceclofenac + Paracetamol (Zerodol-P),Aceclofenac + Paracetamol,Tablet,100mg + 325mg,Analgesic / Anti-inflammatory,SCHEDULE_H,MFG-0023,Ajanta Pharma Limited,77.5,95.2,8908139209752,SRC-AIIMS-11,All India Institute of Medical Sciences (AIIMS) New Delhi Drug Formulary,PUBLIC_REAL,Store below 25°C in dry place,50,500,pharmaflow-main,2026-01-20T08:00:00Z
MED-0024,Vildagliptin + Metformin (Galvus Met),Vildagliptin + Metformin,Tablet,50mg + 500mg,Antidiabetic,SCHEDULE_H,MFG-0024,Corona Remedies Pvt. Ltd.,245.0,304.4,8907551874474,SRC-IPC-12,Indian Pharmacopoeia Commission (IPC) National Formulary of India,PUBLIC_REAL,Store below 25°C in dry place,50,500,pharmaflow-main,2026-01-20T08:00:00Z
MED-0025,Rabeprazole 20mg (Razo 20),Rabeprazole Sodium,Tablet,20mg,Gastroprokinetic,SCHEDULE_H,MFG-0025,Eris Lifesciences Ltd.,119.5,147.6,8906038780151,SRC-CDSCO-01,Central Drugs Standard Control Organization (CDSCO) Public Drug Gazette,PUBLIC_REAL,Store below 25°C in dry place,50,500,pharmaflow-main,2026-01-20T08:00:00Z
MED-0026,Cough Syrup (Ascoril-D),Dextromethorphan + Phenylephrine + Chlorpheniramine,Syrup 100ml,100ml,Antitussive,SCHEDULE_H,MFG-0026,Blue Cross Laboratories Pvt. Ltd.,98.0,122.8,8908272725281,SRC-NPPA-02,National Pharmaceutical Pricing Authority (NPPA / DPCO),PUBLIC_REAL,Store below 25°C in dry place,50,500,pharmaflow-main,2026-01-20T08:00:00Z
MED-0027,Oral Rehydration Salts (Electral ORS),Sodium Chloride + Potassium Chloride + Sodium Citrate + Dextrose,Sachet,21.8g,Electrolyte Replenisher,OTC,MFG-0027,Wockhardt Limited,30.5,38.5,8907915226263,SRC-NLEM-03,National List of Essential Medicines (NLEM) 2022-2024,PUBLIC_REAL,Store below 25°C in dry place,50,500,pharmaflow-main,2026-01-20T08:00:00Z
MED-0028,Multivitamin + Zinc (Becadexamin),Vitamins B-Complex + C + Minerals + Zinc,Capsule,Softgel,Multivitamin,OTC,MFG-0028,Pfizer Limited,57.0,71.2,8906353758928,SRC-TNMSC-04,Tamil Nadu Medical Services Corporation (TNMSC) Public Drug Formulary,PUBLIC_REAL,Store below 25°C in dry place,50,500,pharmaflow-main,2026-01-20T08:00:00Z
MED-0029,Thyroxine Sodium 50mcg (Thyronorm 50),Levothyroxine Sodium,Tablet,50mcg,Thyroid Hormone,SCHEDULE_H,MFG-0029,Novartis India Limited,125.0,155.0,8907691931213,SRC-APOLLO-05,Apollo Pharmacy Retail & Catalog Directory,PUBLIC_REAL,Store below 25°C in dry place,50,500,pharmaflow-main,2026-01-20T08:00:00Z
MED-0030,Clopidogrel 75mg (Clopilet 75),Clopidogrel Bisulfate,Tablet,75mg,Antiplatelet,SCHEDULE_H,MFG-0030,AstraZeneca Pharma India Ltd.,132.5,165.2,8908322868827,SRC-MEDPLUS-06,MedPlus Health Services Store Index,PUBLIC_REAL,Store below 25°C in dry place,50,500,pharmaflow-main,2026-01-20T08:00:00Z
MED-0031,Paracetamol 500mg (Formula 31),Acetaminophen,Tablet,500mg,Analgesic & Antipyretic,SCHEDULE_H,MFG-0031,Bayer Pharmaceuticals Pvt. Ltd.,30.0,36.4,8906656646925,SRC-1MG-07,Tata 1mg Public Medicine Reference Index,PUBLIC_REAL,Store below 25°C in dry place,50,500,pharmaflow-main,2026-01-20T08:00:00Z
MED-0032,Paracetamol 650mg (Dolo 650) (Formula 32),Acetaminophen,Tablet,650mg,Analgesic & Antipyretic,SCHEDULE_H,MFG-0032,Boehringer Ingelheim India,39.5,47.6,8906469458472,SRC-NETMEDS-08,Netmeds Public Medicine Catalog,PUBLIC_REAL,Store below 25°C in dry place,50,500,pharmaflow-main,2026-01-20T08:00:00Z
MED-0033,Vitamin D3 60K (Calcirol) (Formula 33),Cholecalciferol,Capsule,"60,000 IU",Nutritional / Vitamin,OTC,MFG-0033,Zuventus Healthcare Ltd.,75.0,92.8,8909504724761,SRC-RGGGH-09,Rajiv Gandhi Government General Hospital Chennai Pharmacy Formulary,PUBLIC_REAL,Store below 25°C in dry place,50,500,pharmaflow-main,2026-01-20T08:00:00Z
MED-0034,Amoxicillin 500mg (Novamox) (Formula 34),Amoxicillin Trihydrate,Capsule,500mg,Antibiotic,SCHEDULE_H1,MFG-0034,Apex Laboratories Pvt. Ltd.,107.5,131.0,8908809871735,SRC-CMC-10,Christian Medical College (CMC) Vellore Pharmacy Services,PUBLIC_REAL,Store below 25°C in dry place,50,500,pharmaflow-main,2026-01-20T08:00:00Z
MED-0035,Amoxicillin + Clavulanic Acid 625mg (Augmentin) (Formula 35),Amoxicillin + Potassium Clavulanate,Tablet,625mg,Antibacterial,SCHEDULE_H1,MFG-0035,Fourrts (India) Laboratories Pvt. Ltd.,180.0,224.2,8904455798713,SRC-AIIMS-11,All India Institute of Medical Sciences (AIIMS) New Delhi Drug Formulary,PUBLIC_REAL,Store below 25°C in dry place,50,500,pharmaflow-main,2026-01-20T08:00:00Z
MED-0036,Cetirizine 10mg (Cetzine) (Formula 36),Cetirizine Hydrochloride,Tablet,10mg,Antihistamine,SCHEDULE_H,MFG-0036,Medley Pharmaceuticals Ltd.,35.0,42.0,8902247484671,SRC-IPC-12,Indian Pharmacopoeia Commission (IPC) National Formulary of India,PUBLIC_REAL,Store below 25°C in dry place,50,500,pharmaflow-main,2026-01-20T08:00:00Z
MED-0037,Levocetirizine 5mg (Levocet) (Formula 37),Levocetirizine Dihydrochloride,Tablet,5mg,Antiallergic,SCHEDULE_H,MFG-0037,Franco-Indian Pharmaceuticals Pvt. Ltd.,50.5,61.2,8904067213499,SRC-CDSCO-01,Central Drugs Standard Control Organization (CDSCO) Public Drug Gazette,PUBLIC_REAL,Store below 25°C in dry place,50,500,pharmaflow-main,2026-01-20T08:00:00Z
MED-0038,Azithromycin 250mg (Azee 250) (Formula 38),Azithromycin Dihydrate,Tablet,250mg,Macrolide Antibiotic,SCHEDULE_H1,MFG-0038,Systopic Laboratories Pvt. Ltd.,125.0,151.4,8903057629778,SRC-NPPA-02,National Pharmaceutical Pricing Authority (NPPA / DPCO),PUBLIC_REAL,Store below 25°C in dry place,50,500,pharmaflow-main,2026-01-20T08:00:00Z
MED-0039,Azithromycin 500mg (Azithral 500) (Formula 39),Azithromycin Dihydrate,Tablet,500mg,Macrolide Antibiotic,SCHEDULE_H1,MFG-0039,Wallace Pharmaceuticals Pvt. Ltd.,182.5,224.6,8907608141858,SRC-NLEM-03,National List of Essential Medicines (NLEM) 2022-2024,PUBLIC_REAL,Store below 25°C in dry place,50,500,pharmaflow-main,2026-01-20T08:00:00Z
MED-0040,Metformin 500mg (Glycomet 500) (Formula 40),Metformin Hydrochloride,Tablet,500mg,Antidiabetic,SCHEDULE_H,MFG-0040,The Himalaya Drug Company,55.0,67.8,8908285000265,SRC-TNMSC-04,Tamil Nadu Medical Services Corporation (TNMSC) Public Drug Formulary,PUBLIC_REAL,Store below 25°C in dry place,50,500,pharmaflow-main,2026-01-20T08:00:00Z
MED-0041,Metformin 1000mg SR (Glucophage) (Formula 41),Metformin Hydrochloride,Tablet SR,1000mg,Antidiabetic,SCHEDULE_H,MFG-0041,Dabur India Limited,80.5,98.0,8901589582865,SRC-APOLLO-05,Apollo Pharmacy Retail & Catalog Directory,PUBLIC_REAL,Store below 25°C in dry place,50,500,pharmaflow-main,2026-01-20T08:00:00Z
MED-0042,Pantoprazole 40mg (Pan 40) (Formula 42),Pantoprazole Sodium,Tablet,40mg,Proton Pump Inhibitor,SCHEDULE_H,MFG-0042,Charak Pharma Pvt. Ltd.,100.0,124.2,8903520417815,SRC-MEDPLUS-06,MedPlus Health Services Store Index,PUBLIC_REAL,Store below 25°C in dry place,50,500,pharmaflow-main,2026-01-20T08:00:00Z
MED-0043,Pantoprazole + Domperidone (Pan-D) (Formula 43),Pantoprazole + Domperidone,Capsule SR,40mg + 30mg,Gastrointestinal,SCHEDULE_H,MFG-0043,Juggat Pharma Ltd.,145.0,178.0,8902041349374,SRC-1MG-07,Tata 1mg Public Medicine Reference Index,PUBLIC_REAL,Store below 25°C in dry place,50,500,pharmaflow-main,2026-01-20T08:00:00Z
MED-0044,Omeprazole 20mg (Omez) (Formula 44),Omeprazole,Capsule,20mg,Antacid / Anti-Ulcer,SCHEDULE_H,MFG-0044,Indoco Remedies Limited,64.5,78.2,8903280805846,SRC-NETMEDS-08,Netmeds Public Medicine Catalog,PUBLIC_REAL,Store below 25°C in dry place,50,500,pharmaflow-main,2026-01-20T08:00:00Z
MED-0045,Telmisartan 40mg (Telma 40) (Formula 45),Telmisartan,Tablet,40mg,Antihypertensive,SCHEDULE_H,MFG-0045,Centaur Pharmaceuticals Pvt. Ltd.,103.0,128.4,8903739951076,SRC-RGGGH-09,Rajiv Gandhi Government General Hospital Chennai Pharmacy Formulary,PUBLIC_REAL,Store below 25°C in dry place,50,500,pharmaflow-main,2026-01-20T08:00:00Z
MED-0046,Telmisartan + Amlodipine (Telma-AM) (Formula 46),Telmisartan + Amlodipine,Tablet,40mg + 5mg,Antihypertensive,SCHEDULE_H,MFG-0046,Bharat Biotech International Ltd.,147.5,181.6,8901225447588,SRC-CMC-10,Christian Medical College (CMC) Vellore Pharmacy Services,PUBLIC_REAL,Store below 25°C in dry place,50,500,pharmaflow-main,2026-01-20T08:00:00Z
MED-0047,Atorvastatin 10mg (Atorva 10) (Formula 47),Atorvastatin Calcium,Tablet,10mg,Lipid Lowering / Statin,SCHEDULE_H,MFG-0047,Serum Institute of India Pvt. Ltd.,120.0,150.8,8907070083150,SRC-AIIMS-11,All India Institute of Medical Sciences (AIIMS) New Delhi Drug Formulary,PUBLIC_REAL,Store below 25°C in dry place,50,500,pharmaflow-main,2026-01-20T08:00:00Z
MED-0048,Rosuvastatin 10mg (Rosuvas 10) (Formula 48),Rosuvastatin Calcium,Tablet,10mg,Cardiovascular,SCHEDULE_H,MFG-0048,Panacea Biotec Ltd.,147.5,184.0,8908375996697,SRC-IPC-12,Indian Pharmacopoeia Commission (IPC) National Formulary of India,PUBLIC_REAL,Store below 25°C in dry place,50,500,pharmaflow-main,2026-01-20T08:00:00Z
MED-0049,Ciprofloxacin 500mg (Ciplox 500) (Formula 49),Ciprofloxacin,Tablet,500mg,Fluoroquinolone Antibiotic,SCHEDULE_H1,MFG-0049,Biological E. Limited,87.0,107.2,8904310415016,SRC-CDSCO-01,Central Drugs Standard Control Organization (CDSCO) Public Drug Gazette,PUBLIC_REAL,Store below 25°C in dry place,50,500,pharmaflow-main,2026-01-20T08:00:00Z
MED-0050,Ofloxacin + Ornidazole (O2) (Formula 50),Ofloxacin + Ornidazole,Tablet,200mg + 500mg,Antidiarrheal / Antibacterial,SCHEDULE_H1,MFG-0050,Shantha Biotechnics Pvt. Ltd.,115.0,142.0,8904990452762,SRC-NPPA-02,National Pharmaceutical Pricing Authority (NPPA / DPCO),PUBLIC_REAL,Store below 25°C in dry place,50,500,pharmaflow-main,2026-01-20T08:00:00Z
MED-0051,Montelukast + Levocetirizine (Montair-LC) (Formula 51),Montelukast Sodium + Levocetirizine,Tablet,10mg + 5mg,Respiratory / Antiasthmatic,SCHEDULE_H,MFG-0051,PharmaCorp India Unit 51 Pvt. Ltd.,160.5,198.2,8909067664957,SRC-NLEM-03,National List of Essential Medicines (NLEM) 2022-2024,PUBLIC_REAL,Store below 25°C in dry place,50,500,pharmaflow-main,2026-01-20T08:00:00Z
MED-0052,Ibuprofen 400mg (Brufen 400) (Formula 52),Ibuprofen,Tablet,400mg,NSAID,SCHEDULE_H,MFG-0052,PharmaCorp India Unit 52 Pvt. Ltd.,33.0,41.4,8909434946584,SRC-TNMSC-04,Tamil Nadu Medical Services Corporation (TNMSC) Public Drug Formulary,PUBLIC_REAL,Store below 25°C in dry place,50,500,pharmaflow-main,2026-01-20T08:00:00Z
MED-0053,Aceclofenac + Paracetamol (Zerodol-P) (Formula 53),Aceclofenac + Paracetamol,Tablet,100mg + 325mg,Analgesic / Anti-inflammatory,SCHEDULE_H,MFG-0053,PharmaCorp India Unit 53 Pvt. Ltd.,82.5,101.6,8906674372082,SRC-APOLLO-05,Apollo Pharmacy Retail & Catalog Directory,PUBLIC_REAL,Store below 25°C in dry place,50,500,pharmaflow-main,2026-01-20T08:00:00Z
MED-0054,Vildagliptin + Metformin (Galvus Met) (Formula 54),Vildagliptin + Metformin,Tablet,50mg + 500mg,Antidiabetic,SCHEDULE_H,MFG-0054,PharmaCorp India Unit 54 Pvt. Ltd.,250.0,310.8,8903774110439,SRC-MEDPLUS-06,MedPlus Health Services Store Index,PUBLIC_REAL,Store below 25°C in dry place,50,500,pharmaflow-main,2026-01-20T08:00:00Z
MED-0055,Rabeprazole 20mg (Razo 20) (Formula 55),Rabeprazole Sodium,Tablet,20mg,Gastroprokinetic,SCHEDULE_H,MFG-0055,PharmaCorp India Unit 55 Pvt. Ltd.,124.5,154.0,8909974165440,SRC-1MG-07,Tata 1mg Public Medicine Reference Index,PUBLIC_REAL,Store below 25°C in dry place,50,500,pharmaflow-main,2026-01-20T08:00:00Z
MED-0056,Cough Syrup (Ascoril-D) (Formula 56),Dextromethorphan + Phenylephrine + Chlorpheniramine,Syrup 100ml,100ml,Antitussive,SCHEDULE_H,MFG-0056,PharmaCorp India Unit 56 Pvt. Ltd.,103.0,129.2,8903465883999,SRC-NETMEDS-08,Netmeds Public Medicine Catalog,PUBLIC_REAL,Store below 25°C in dry place,50,500,pharmaflow-main,2026-01-20T08:00:00Z
MED-0057,Oral Rehydration Salts (Electral ORS) (Formula 57),Sodium Chloride + Potassium Chloride + Sodium Citrate + Dextrose,Sachet,21.8g,Electrolyte Replenisher,OTC,MFG-0057,PharmaCorp India Unit 57 Pvt. Ltd.,18.0,22.5,8905022964382,SRC-RGGGH-09,Rajiv Gandhi Government General Hospital Chennai Pharmacy Formulary,PUBLIC_REAL,Store below 25°C in dry place,50,500,pharmaflow-main,2026-01-20T08:00:00Z
MED-0058,Multivitamin + Zinc (Becadexamin) (Formula 58),Vitamins B-Complex + C + Minerals + Zinc,Capsule,Softgel,Multivitamin,OTC,MFG-0058,PharmaCorp India Unit 58 Pvt. Ltd.,44.5,55.2,8906046864799,SRC-CMC-10,Christian Medical College (CMC) Vellore Pharmacy Services,PUBLIC_REAL,Store below 25°C in dry place,50,500,pharmaflow-main,2026-01-20T08:00:00Z
MED-0059,Thyroxine Sodium 50mcg (Thyronorm 50) (Formula 59),Levothyroxine Sodium,Tablet,50mcg,Thyroid Hormone,SCHEDULE_H,MFG-0059,PharmaCorp India Unit 59 Pvt. Ltd.,130.0,161.4,8904949801453,SRC-AIIMS-11,All India Institute of Medical Sciences (AIIMS) New Delhi Drug Formulary,PUBLIC_REAL,Store below 25°C in dry place,50,500,pharmaflow-main,2026-01-20T08:00:00Z
MED-0060,Clopidogrel 75mg (Clopilet 75) (Formula 60),Clopidogrel Bisulfate,Tablet,75mg,Antiplatelet,SCHEDULE_H,MFG-0060,PharmaCorp India Unit 60 Pvt. Ltd.,137.5,171.6,8903127657643,SRC-IPC-12,Indian Pharmacopoeia Commission (IPC) National Formulary of India,PUBLIC_REAL,Store below 25°C in dry place,50,500,pharmaflow-main,2026-01-20T08:00:00Z
MED-0061,Paracetamol 500mg (Formula 61),Acetaminophen,Tablet,500mg,Analgesic & Antipyretic,SCHEDULE_H,MFG-0061,PharmaCorp India Unit 61 Pvt. Ltd.,35.0,42.8,8909272277508,SRC-CDSCO-01,Central Drugs Standard Control Organization (CDSCO) Public Drug Gazette,PUBLIC_REAL,Store below 25°C in dry place,50,500,pharmaflow-main,2026-01-20T08:00:00Z
MED-0062,Paracetamol 650mg (Dolo 650) (Formula 62),Acetaminophen,Tablet,650mg,Analgesic & Antipyretic,SCHEDULE_H,MFG-0062,PharmaCorp India Unit 62 Pvt. Ltd.,44.5,54.0,8904765583254,SRC-NPPA-02,National Pharmaceutical Pricing Authority (NPPA / DPCO),PUBLIC_REAL,Store below 25°C in dry place,50,500,pharmaflow-main,2026-01-20T08:00:00Z
MED-0063,Vitamin D3 60K (Calcirol) (Formula 63),Cholecalciferol,Capsule,"60,000 IU",Nutritional / Vitamin,OTC,MFG-0063,PharmaCorp India Unit 63 Pvt. Ltd.,80.0,99.2,8905334769475,SRC-NLEM-03,National List of Essential Medicines (NLEM) 2022-2024,PUBLIC_REAL,Store below 25°C in dry place,50,500,pharmaflow-main,2026-01-20T08:00:00Z
MED-0064,Amoxicillin 500mg (Novamox) (Formula 64),Amoxicillin Trihydrate,Capsule,500mg,Antibiotic,SCHEDULE_H1,MFG-0064,PharmaCorp India Unit 64 Pvt. Ltd.,95.0,115.0,8909516893896,SRC-TNMSC-04,Tamil Nadu Medical Services Corporation (TNMSC) Public Drug Formulary,PUBLIC_REAL,Store below 25°C in dry place,50,500,pharmaflow-main,2026-01-20T08:00:00Z
MED-0065,Amoxicillin + Clavulanic Acid 625mg (Augmentin) (Formula 65),Amoxicillin + Potassium Clavulanate,Tablet,625mg,Antibacterial,SCHEDULE_H1,MFG-0065,PharmaCorp India Unit 65 Pvt. Ltd.,167.5,208.2,8906517150278,SRC-APOLLO-05,Apollo Pharmacy Retail & Catalog Directory,PUBLIC_REAL,Store below 25°C in dry place,50,500,pharmaflow-main,2026-01-20T08:00:00Z
MED-0066,Cetirizine 10mg (Cetzine) (Formula 66),Cetirizine Hydrochloride,Tablet,10mg,Antihistamine,SCHEDULE_H,MFG-0066,PharmaCorp India Unit 66 Pvt. Ltd.,40.0,48.4,8905031086659,SRC-MEDPLUS-06,MedPlus Health Services Store Index,PUBLIC_REAL,Store below 25°C in dry place,50,500,pharmaflow-main,2026-01-20T08:00:00Z
MED-0067,Levocetirizine 5mg (Levocet) (Formula 67),Levocetirizine Dihydrochloride,Tablet,5mg,Antiallergic,SCHEDULE_H,MFG-0067,PharmaCorp India Unit 67 Pvt. Ltd.,55.5,67.6,8907305101214,SRC-1MG-07,Tata 1mg Public Medicine Reference Index,PUBLIC_REAL,Store below 25°C in dry place,50,500,pharmaflow-main,2026-01-20T08:00:00Z
MED-0068,Azithromycin 250mg (Azee 250) (Formula 68),Azithromycin Dihydrate,Tablet,250mg,Macrolide Antibiotic,SCHEDULE_H1,MFG-0068,PharmaCorp India Unit 68 Pvt. Ltd.,130.0,157.8,8905778781449,SRC-NETMEDS-08,Netmeds Public Medicine Catalog,PUBLIC_REAL,Store below 25°C in dry place,50,500,pharmaflow-main,2026-01-20T08:00:00Z
MED-0069,Azithromycin 500mg (Azithral 500) (Formula 69),Azithromycin Dihydrate,Tablet,500mg,Macrolide Antibiotic,SCHEDULE_H1,MFG-0069,PharmaCorp India Unit 69 Pvt. Ltd.,187.5,231.0,8901799718923,SRC-RGGGH-09,Rajiv Gandhi Government General Hospital Chennai Pharmacy Formulary,PUBLIC_REAL,Store below 25°C in dry place,50,500,pharmaflow-main,2026-01-20T08:00:00Z
MED-0070,Metformin 500mg (Glycomet 500) (Formula 70),Metformin Hydrochloride,Tablet,500mg,Antidiabetic,SCHEDULE_H,MFG-0070,PharmaCorp India Unit 70 Pvt. Ltd.,60.0,74.2,8908458717057,SRC-CMC-10,Christian Medical College (CMC) Vellore Pharmacy Services,PUBLIC_REAL,Store below 25°C in dry place,50,500,pharmaflow-main,2026-01-20T08:00:00Z
MED-0071,Metformin 1000mg SR (Glucophage) (Formula 71),Metformin Hydrochloride,Tablet SR,1000mg,Antidiabetic,SCHEDULE_H,MFG-0071,PharmaCorp India Unit 71 Pvt. Ltd.,68.0,82.0,8908691288568,SRC-AIIMS-11,All India Institute of Medical Sciences (AIIMS) New Delhi Drug Formulary,PUBLIC_REAL,Store below 25°C in dry place,50,500,pharmaflow-main,2026-01-20T08:00:00Z
MED-0072,Pantoprazole 40mg (Pan 40) (Formula 72),Pantoprazole Sodium,Tablet,40mg,Proton Pump Inhibitor,SCHEDULE_H,MFG-0072,PharmaCorp India Unit 72 Pvt. Ltd.,87.5,108.2,8904252504650,SRC-IPC-12,Indian Pharmacopoeia Commission (IPC) National Formulary of India,PUBLIC_REAL,Store below 25°C in dry place,50,500,pharmaflow-main,2026-01-20T08:00:00Z
MED-0073,Pantoprazole + Domperidone (Pan-D) (Formula 73),Pantoprazole + Domperidone,Capsule SR,40mg + 30mg,Gastrointestinal,SCHEDULE_H,MFG-0073,PharmaCorp India Unit 73 Pvt. Ltd.,150.0,184.4,8909147736635,SRC-CDSCO-01,Central Drugs Standard Control Organization (CDSCO) Public Drug Gazette,PUBLIC_REAL,Store below 25°C in dry place,50,500,pharmaflow-main,2026-01-20T08:00:00Z
MED-0074,Omeprazole 20mg (Omez) (Formula 74),Omeprazole,Capsule,20mg,Antacid / Anti-Ulcer,SCHEDULE_H,MFG-0074,PharmaCorp India Unit 74 Pvt. Ltd.,69.5,84.6,8908846861559,SRC-NPPA-02,National Pharmaceutical Pricing Authority (NPPA / DPCO),PUBLIC_REAL,Store below 25°C in dry place,50,500,pharmaflow-main,2026-01-20T08:00:00Z
MED-0075,Telmisartan 40mg (Telma 40) (Formula 75),Telmisartan,Tablet,40mg,Antihypertensive,SCHEDULE_H,MFG-0075,PharmaCorp India Unit 75 Pvt. Ltd.,108.0,134.8,8907508080884,SRC-NLEM-03,National List of Essential Medicines (NLEM) 2022-2024,PUBLIC_REAL,Store below 25°C in dry place,50,500,pharmaflow-main,2026-01-20T08:00:00Z
MED-0076,Telmisartan + Amlodipine (Telma-AM) (Formula 76),Telmisartan + Amlodipine,Tablet,40mg + 5mg,Antihypertensive,SCHEDULE_H,MFG-0076,PharmaCorp India Unit 76 Pvt. Ltd.,152.5,188.0,8905667503195,SRC-TNMSC-04,Tamil Nadu Medical Services Corporation (TNMSC) Public Drug Formulary,PUBLIC_REAL,Store below 25°C in dry place,50,500,pharmaflow-main,2026-01-20T08:00:00Z
MED-0077,Atorvastatin 10mg (Atorva 10) (Formula 77),Atorvastatin Calcium,Tablet,10mg,Lipid Lowering / Statin,SCHEDULE_H,MFG-0077,PharmaCorp India Unit 77 Pvt. Ltd.,125.0,157.2,8903874432021,SRC-APOLLO-05,Apollo Pharmacy Retail & Catalog Directory,PUBLIC_REAL,Store below 25°C in dry place,50,500,pharmaflow-main,2026-01-20T08:00:00Z
MED-0078,Rosuvastatin 10mg (Rosuvas 10) (Formula 78),Rosuvastatin Calcium,Tablet,10mg,Cardiovascular,SCHEDULE_H,MFG-0078,PharmaCorp India Unit 78 Pvt. Ltd.,135.0,168.0,8905898890707,SRC-MEDPLUS-06,MedPlus Health Services Store Index,PUBLIC_REAL,Store below 25°C in dry place,50,500,pharmaflow-main,2026-01-20T08:00:00Z
MED-0079,Ciprofloxacin 500mg (Ciplox 500) (Formula 79),Ciprofloxacin,Tablet,500mg,Fluoroquinolone Antibiotic,SCHEDULE_H1,MFG-0079,PharmaCorp India Unit 79 Pvt. Ltd.,74.5,91.2,8902065354117,SRC-1MG-07,Tata 1mg Public Medicine Reference Index,PUBLIC_REAL,Store below 25°C in dry place,50,500,pharmaflow-main,2026-01-20T08:00:00Z
MED-0080,Ofloxacin + Ornidazole (O2) (Formula 80),Ofloxacin + Ornidazole,Tablet,200mg + 500mg,Antidiarrheal / Antibacterial,SCHEDULE_H1,MFG-0080,PharmaCorp India Unit 80 Pvt. Ltd.,120.0,148.4,8906415031531,SRC-NETMEDS-08,Netmeds Public Medicine Catalog,PUBLIC_REAL,Store below 25°C in dry place,50,500,pharmaflow-main,2026-01-20T08:00:00Z
MED-0081,Montelukast + Levocetirizine (Montair-LC) (Formula 81),Montelukast Sodium + Levocetirizine,Tablet,10mg + 5mg,Respiratory / Antiasthmatic,SCHEDULE_H,MFG-0081,PharmaCorp India Unit 81 Pvt. Ltd.,165.5,204.6,8906306523372,SRC-RGGGH-09,Rajiv Gandhi Government General Hospital Chennai Pharmacy Formulary,PUBLIC_REAL,Store below 25°C in dry place,50,500,pharmaflow-main,2026-01-20T08:00:00Z
MED-0082,Ibuprofen 400mg (Brufen 400) (Formula 82),Ibuprofen,Tablet,400mg,NSAID,SCHEDULE_H,MFG-0082,PharmaCorp India Unit 82 Pvt. Ltd.,38.0,47.8,8908532327465,SRC-CMC-10,Christian Medical College (CMC) Vellore Pharmacy Services,PUBLIC_REAL,Store below 25°C in dry place,50,500,pharmaflow-main,2026-01-20T08:00:00Z
MED-0083,Aceclofenac + Paracetamol (Zerodol-P) (Formula 83),Aceclofenac + Paracetamol,Tablet,100mg + 325mg,Analgesic / Anti-inflammatory,SCHEDULE_H,MFG-0083,PharmaCorp India Unit 83 Pvt. Ltd.,87.5,108.0,8909392515666,SRC-AIIMS-11,All India Institute of Medical Sciences (AIIMS) New Delhi Drug Formulary,PUBLIC_REAL,Store below 25°C in dry place,50,500,pharmaflow-main,2026-01-20T08:00:00Z
MED-0084,Vildagliptin + Metformin (Galvus Met) (Formula 84),Vildagliptin + Metformin,Tablet,50mg + 500mg,Antidiabetic,SCHEDULE_H,MFG-0084,PharmaCorp India Unit 84 Pvt. Ltd.,255.0,317.2,8905344083406,SRC-IPC-12,Indian Pharmacopoeia Commission (IPC) National Formulary of India,PUBLIC_REAL,Store below 25°C in dry place,50,500,pharmaflow-main,2026-01-20T08:00:00Z
MED-0085,Rabeprazole 20mg (Razo 20) (Formula 85),Rabeprazole Sodium,Tablet,20mg,Gastroprokinetic,SCHEDULE_H,MFG-0085,PharmaCorp India Unit 85 Pvt. Ltd.,112.0,138.0,8908102515984,SRC-CDSCO-01,Central Drugs Standard Control Organization (CDSCO) Public Drug Gazette,PUBLIC_REAL,Store below 25°C in dry place,50,500,pharmaflow-main,2026-01-20T08:00:00Z
MED-0086,Cough Syrup (Ascoril-D) (Formula 86),Dextromethorphan + Phenylephrine + Chlorpheniramine,Syrup 100ml,100ml,Antitussive,SCHEDULE_H,MFG-0086,PharmaCorp India Unit 86 Pvt. Ltd.,90.5,113.2,8903975418439,SRC-NPPA-02,National Pharmaceutical Pricing Authority (NPPA / DPCO),PUBLIC_REAL,Store below 25°C in dry place,50,500,pharmaflow-main,2026-01-20T08:00:00Z
MED-0087,Oral Rehydration Salts (Electral ORS) (Formula 87),Sodium Chloride + Potassium Chloride + Sodium Citrate + Dextrose,Sachet,21.8g,Electrolyte Replenisher,OTC,MFG-0087,PharmaCorp India Unit 87 Pvt. Ltd.,23.0,28.9,8909856756553,SRC-NLEM-03,National List of Essential Medicines (NLEM) 2022-2024,PUBLIC_REAL,Store below 25°C in dry place,50,500,pharmaflow-main,2026-01-20T08:00:00Z
MED-0088,Multivitamin + Zinc (Becadexamin) (Formula 88),Vitamins B-Complex + C + Minerals + Zinc,Capsule,Softgel,Multivitamin,OTC,MFG-0088,PharmaCorp India Unit 88 Pvt. Ltd.,49.5,61.6,8905802739154,SRC-TNMSC-04,Tamil Nadu Medical Services Corporation (TNMSC) Public Drug Formulary,PUBLIC_REAL,Store below 25°C in dry place,50,500,pharmaflow-main,2026-01-20T08:00:00Z
MED-0089,Thyroxine Sodium 50mcg (Thyronorm 50) (Formula 89),Levothyroxine Sodium,Tablet,50mcg,Thyroid Hormone,SCHEDULE_H,MFG-0089,PharmaCorp India Unit 89 Pvt. Ltd.,135.0,167.8,8902317723211,SRC-APOLLO-05,Apollo Pharmacy Retail & Catalog Directory,PUBLIC_REAL,Store below 25°C in dry place,50,500,pharmaflow-main,2026-01-20T08:00:00Z
MED-0090,Clopidogrel 75mg (Clopilet 75) (Formula 90),Clopidogrel Bisulfate,Tablet,75mg,Antiplatelet,SCHEDULE_H,MFG-0090,PharmaCorp India Unit 90 Pvt. Ltd.,142.5,178.0,8906562144159,SRC-MEDPLUS-06,MedPlus Health Services Store Index,PUBLIC_REAL,Store below 25°C in dry place,50,500,pharmaflow-main,2026-01-20T08:00:00Z
MED-0091,Paracetamol 500mg (Formula 91),Acetaminophen,Tablet,500mg,Analgesic & Antipyretic,SCHEDULE_H,MFG-0091,PharmaCorp India Unit 91 Pvt. Ltd.,40.0,49.2,8903639796200,SRC-1MG-07,Tata 1mg Public Medicine Reference Index,PUBLIC_REAL,Store below 25°C in dry place,50,500,pharmaflow-main,2026-01-20T08:00:00Z
MED-0092,Paracetamol 650mg (Dolo 650) (Formula 92),Acetaminophen,Tablet,650mg,Analgesic & Antipyretic,SCHEDULE_H,MFG-0092,PharmaCorp India Unit 92 Pvt. Ltd.,32.0,38.0,8905868640848,SRC-NETMEDS-08,Netmeds Public Medicine Catalog,PUBLIC_REAL,Store below 25°C in dry place,50,500,pharmaflow-main,2026-01-20T08:00:00Z
MED-0093,Vitamin D3 60K (Calcirol) (Formula 93),Cholecalciferol,Capsule,"60,000 IU",Nutritional / Vitamin,OTC,MFG-0093,PharmaCorp India Unit 93 Pvt. Ltd.,67.5,83.2,8905952894290,SRC-RGGGH-09,Rajiv Gandhi Government General Hospital Chennai Pharmacy Formulary,PUBLIC_REAL,Store below 25°C in dry place,50,500,pharmaflow-main,2026-01-20T08:00:00Z
MED-0094,Amoxicillin 500mg (Novamox) (Formula 94),Amoxicillin Trihydrate,Capsule,500mg,Antibiotic,SCHEDULE_H1,MFG-0094,PharmaCorp India Unit 94 Pvt. Ltd.,100.0,121.4,8907896596272,SRC-CMC-10,Christian Medical College (CMC) Vellore Pharmacy Services,PUBLIC_REAL,Store below 25°C in dry place,50,500,pharmaflow-main,2026-01-20T08:00:00Z
MED-0095,Amoxicillin + Clavulanic Acid 625mg (Augmentin) (Formula 95),Amoxicillin + Potassium Clavulanate,Tablet,625mg,Antibacterial,SCHEDULE_H1,MFG-0095,PharmaCorp India Unit 95 Pvt. Ltd.,172.5,214.6,8909941564880,SRC-AIIMS-11,All India Institute of Medical Sciences (AIIMS) New Delhi Drug Formulary,PUBLIC_REAL,Store below 25°C in dry place,50,500,pharmaflow-main,2026-01-20T08:00:00Z
MED-0096,Cetirizine 10mg (Cetzine) (Formula 96),Cetirizine Hydrochloride,Tablet,10mg,Antihistamine,SCHEDULE_H,MFG-0096,PharmaCorp India Unit 96 Pvt. Ltd.,45.0,54.8,8908317619798,SRC-IPC-12,Indian Pharmacopoeia Commission (IPC) National Formulary of India,PUBLIC_REAL,Store below 25°C in dry place,50,500,pharmaflow-main,2026-01-20T08:00:00Z
MED-0097,Levocetirizine 5mg (Levocet) (Formula 97),Levocetirizine Dihydrochloride,Tablet,5mg,Antiallergic,SCHEDULE_H,MFG-0097,PharmaCorp India Unit 97 Pvt. Ltd.,60.5,74.0,8903423086220,SRC-CDSCO-01,Central Drugs Standard Control Organization (CDSCO) Public Drug Gazette,PUBLIC_REAL,Store below 25°C in dry place,50,500,pharmaflow-main,2026-01-20T08:00:00Z
MED-0098,Azithromycin 250mg (Azee 250) (Formula 98),Azithromycin Dihydrate,Tablet,250mg,Macrolide Antibiotic,SCHEDULE_H1,MFG-0098,PharmaCorp India Unit 98 Pvt. Ltd.,135.0,164.2,8903171050399,SRC-NPPA-02,National Pharmaceutical Pricing Authority (NPPA / DPCO),PUBLIC_REAL,Store below 25°C in dry place,50,500,pharmaflow-main,2026-01-20T08:00:00Z
MED-0099,Azithromycin 500mg (Azithral 500) (Formula 99),Azithromycin Dihydrate,Tablet,500mg,Macrolide Antibiotic,SCHEDULE_H1,MFG-0099,PharmaCorp India Unit 99 Pvt. Ltd.,175.0,215.0,8901643611097,SRC-NLEM-03,National List of Essential Medicines (NLEM) 2022-2024,PUBLIC_REAL,Store below 25°C in dry place,50,500,pharmaflow-main,2026-01-20T08:00:00Z
MED-0100,Metformin 500mg (Glycomet 500) (Formula 100),Metformin Hydrochloride,Tablet,500mg,Antidiabetic,SCHEDULE_H,MFG-0100,PharmaCorp India Unit 100 Pvt. Ltd.,47.5,58.2,8907529817193,SRC-TNMSC-04,Tamil Nadu Medical Services Corporation (TNMSC) Public Drug Formulary,PUBLIC_REAL,Store below 25°C in dry place,50,500,pharmaflow-main,2026-01-20T08:00:00Z
MED-0101,Metformin 1000mg SR (Glucophage) (Formula 101),Metformin Hydrochloride,Tablet SR,1000mg,Antidiabetic,SCHEDULE_H,MFG-0101,PharmaCorp India Unit 101 Pvt. Ltd.,73.0,88.4,8907799567490,SRC-APOLLO-05,Apollo Pharmacy Retail & Catalog Directory,PUBLIC_REAL,Store below 25°C in dry place,50,500,pharmaflow-main,2026-01-20T08:00:00Z
MED-0102,Pantoprazole 40mg (Pan 40) (Formula 102),Pantoprazole Sodium,Tablet,40mg,Proton Pump Inhibitor,SCHEDULE_H,MFG-0102,PharmaCorp India Unit 102 Pvt. Ltd.,92.5,114.6,8907487012742,SRC-MEDPLUS-06,MedPlus Health Services Store Index,PUBLIC_REAL,Store below 25°C in dry place,50,500,pharmaflow-main,2026-01-20T08:00:00Z
MED-0103,Pantoprazole + Domperidone (Pan-D) (Formula 103),Pantoprazole + Domperidone,Capsule SR,40mg + 30mg,Gastrointestinal,SCHEDULE_H,MFG-0103,PharmaCorp India Unit 103 Pvt. Ltd.,155.0,190.8,8904473306055,SRC-1MG-07,Tata 1mg Public Medicine Reference Index,PUBLIC_REAL,Store below 25°C in dry place,50,500,pharmaflow-main,2026-01-20T08:00:00Z
MED-0104,Omeprazole 20mg (Omez) (Formula 104),Omeprazole,Capsule,20mg,Antacid / Anti-Ulcer,SCHEDULE_H,MFG-0104,PharmaCorp India Unit 104 Pvt. Ltd.,74.5,91.0,8902947476917,SRC-NETMEDS-08,Netmeds Public Medicine Catalog,PUBLIC_REAL,Store below 25°C in dry place,50,500,pharmaflow-main,2026-01-20T08:00:00Z
MED-0105,Telmisartan 40mg (Telma 40) (Formula 105),Telmisartan,Tablet,40mg,Antihypertensive,SCHEDULE_H,MFG-0105,PharmaCorp India Unit 105 Pvt. Ltd.,113.0,141.2,8907499349987,SRC-RGGGH-09,Rajiv Gandhi Government General Hospital Chennai Pharmacy Formulary,PUBLIC_REAL,Store below 25°C in dry place,50,500,pharmaflow-main,2026-01-20T08:00:00Z
MED-0106,Telmisartan + Amlodipine (Telma-AM) (Formula 106),Telmisartan + Amlodipine,Tablet,40mg + 5mg,Antihypertensive,SCHEDULE_H,MFG-0106,PharmaCorp India Unit 106 Pvt. Ltd.,140.0,172.0,8909837912162,SRC-CMC-10,Christian Medical College (CMC) Vellore Pharmacy Services,PUBLIC_REAL,Store below 25°C in dry place,50,500,pharmaflow-main,2026-01-20T08:00:00Z
MED-0107,Atorvastatin 10mg (Atorva 10) (Formula 107),Atorvastatin Calcium,Tablet,10mg,Lipid Lowering / Statin,SCHEDULE_H,MFG-0107,PharmaCorp India Unit 107 Pvt. Ltd.,112.5,141.2,8908760642358,SRC-AIIMS-11,All India Institute of Medical Sciences (AIIMS) New Delhi Drug Formulary,PUBLIC_REAL,Store below 25°C in dry place,50,500,pharmaflow-main,2026-01-20T08:00:00Z
MED-0108,Rosuvastatin 10mg (Rosuvas 10) (Formula 108),Rosuvastatin Calcium,Tablet,10mg,Cardiovascular,SCHEDULE_H,MFG-0108,PharmaCorp India Unit 108 Pvt. Ltd.,140.0,174.4,8904106464319,SRC-IPC-12,Indian Pharmacopoeia Commission (IPC) National Formulary of India,PUBLIC_REAL,Store below 25°C in dry place,50,500,pharmaflow-main,2026-01-20T08:00:00Z
MED-0109,Ciprofloxacin 500mg (Ciplox 500) (Formula 109),Ciprofloxacin,Tablet,500mg,Fluoroquinolone Antibiotic,SCHEDULE_H1,MFG-0109,PharmaCorp India Unit 109 Pvt. Ltd.,79.5,97.6,8906995554056,SRC-CDSCO-01,Central Drugs Standard Control Organization (CDSCO) Public Drug Gazette,PUBLIC_REAL,Store below 25°C in dry place,50,500,pharmaflow-main,2026-01-20T08:00:00Z
MED-0110,Ofloxacin + Ornidazole (O2) (Formula 110),Ofloxacin + Ornidazole,Tablet,200mg + 500mg,Antidiarrheal / Antibacterial,SCHEDULE_H1,MFG-0110,PharmaCorp India Unit 110 Pvt. Ltd.,125.0,154.8,8904506639908,SRC-NPPA-02,National Pharmaceutical Pricing Authority (NPPA / DPCO),PUBLIC_REAL,Store below 25°C in dry place,50,500,pharmaflow-main,2026-01-20T08:00:00Z
MED-0111,Montelukast + Levocetirizine (Montair-LC) (Formula 111),Montelukast Sodium + Levocetirizine,Tablet,10mg + 5mg,Respiratory / Antiasthmatic,SCHEDULE_H,MFG-0111,PharmaCorp India Unit 111 Pvt. Ltd.,170.5,211.0,8904203205881,SRC-NLEM-03,National List of Essential Medicines (NLEM) 2022-2024,PUBLIC_REAL,Store below 25°C in dry place,50,500,pharmaflow-main,2026-01-20T08:00:00Z
MED-0112,Ibuprofen 400mg (Brufen 400) (Formula 112),Ibuprofen,Tablet,400mg,NSAID,SCHEDULE_H,MFG-0112,PharmaCorp India Unit 112 Pvt. Ltd.,43.0,54.2,8903483827971,SRC-TNMSC-04,Tamil Nadu Medical Services Corporation (TNMSC) Public Drug Formulary,PUBLIC_REAL,Store below 25°C in dry place,50,500,pharmaflow-main,2026-01-20T08:00:00Z
MED-0113,Aceclofenac + Paracetamol (Zerodol-P) (Formula 113),Aceclofenac + Paracetamol,Tablet,100mg + 325mg,Analgesic / Anti-inflammatory,SCHEDULE_H,MFG-0113,PharmaCorp India Unit 113 Pvt. Ltd.,75.0,92.0,8905489485517,SRC-APOLLO-05,Apollo Pharmacy Retail & Catalog Directory,PUBLIC_REAL,Store below 25°C in dry place,50,500,pharmaflow-main,2026-01-20T08:00:00Z
MED-0114,Vildagliptin + Metformin (Galvus Met) (Formula 114),Vildagliptin + Metformin,Tablet,50mg + 500mg,Antidiabetic,SCHEDULE_H,MFG-0114,PharmaCorp India Unit 114 Pvt. Ltd.,242.5,301.2,8909863781331,SRC-MEDPLUS-06,MedPlus Health Services Store Index,PUBLIC_REAL,Store below 25°C in dry place,50,500,pharmaflow-main,2026-01-20T08:00:00Z
MED-0115,Rabeprazole 20mg (Razo 20) (Formula 115),Rabeprazole Sodium,Tablet,20mg,Gastroprokinetic,SCHEDULE_H,MFG-0115,PharmaCorp India Unit 115 Pvt. Ltd.,117.0,144.4,8905269728610,SRC-1MG-07,Tata 1mg Public Medicine Reference Index,PUBLIC_REAL,Store below 25°C in dry place,50,500,pharmaflow-main,2026-01-20T08:00:00Z
MED-0116,Cough Syrup (Ascoril-D) (Formula 116),Dextromethorphan + Phenylephrine + Chlorpheniramine,Syrup 100ml,100ml,Antitussive,SCHEDULE_H,MFG-0116,PharmaCorp India Unit 116 Pvt. Ltd.,95.5,119.6,8909305502799,SRC-NETMEDS-08,Netmeds Public Medicine Catalog,PUBLIC_REAL,Store below 25°C in dry place,50,500,pharmaflow-main,2026-01-20T08:00:00Z
MED-0117,Oral Rehydration Salts (Electral ORS) (Formula 117),Sodium Chloride + Potassium Chloride + Sodium Citrate + Dextrose,Sachet,21.8g,Electrolyte Replenisher,OTC,MFG-0117,PharmaCorp India Unit 117 Pvt. Ltd.,28.0,35.3,8905431267548,SRC-RGGGH-09,Rajiv Gandhi Government General Hospital Chennai Pharmacy Formulary,PUBLIC_REAL,Store below 25°C in dry place,50,500,pharmaflow-main,2026-01-20T08:00:00Z
MED-0118,Multivitamin + Zinc (Becadexamin) (Formula 118),Vitamins B-Complex + C + Minerals + Zinc,Capsule,Softgel,Multivitamin,OTC,MFG-0118,PharmaCorp India Unit 118 Pvt. Ltd.,54.5,68.0,8902756070122,SRC-CMC-10,Christian Medical College (CMC) Vellore Pharmacy Services,PUBLIC_REAL,Store below 25°C in dry place,50,500,pharmaflow-main,2026-01-20T08:00:00Z
MED-0119,Thyroxine Sodium 50mcg (Thyronorm 50) (Formula 119),Levothyroxine Sodium,Tablet,50mcg,Thyroid Hormone,SCHEDULE_H,MFG-0119,PharmaCorp India Unit 119 Pvt. Ltd.,140.0,174.2,8904302709858,SRC-AIIMS-11,All India Institute of Medical Sciences (AIIMS) New Delhi Drug Formulary,PUBLIC_REAL,Store below 25°C in dry place,50,500,pharmaflow-main,2026-01-20T08:00:00Z
MED-0120,Clopidogrel 75mg (Clopilet 75) (Formula 120),Clopidogrel Bisulfate,Tablet,75mg,Antiplatelet,SCHEDULE_H,MFG-0120,PharmaCorp India Unit 120 Pvt. Ltd.,130.0,162.0,8907100408092,SRC-IPC-12,Indian Pharmacopoeia Commission (IPC) National Formulary of India,PUBLIC_REAL,Store below 25°C in dry place,50,500,pharmaflow-main,2026-01-20T08:00:00Z
MED-0121,Paracetamol 500mg (Formula 121),Acetaminophen,Tablet,500mg,Analgesic & Antipyretic,SCHEDULE_H,MFG-0121,PharmaCorp India Unit 121 Pvt. Ltd.,27.5,33.2,8906937704752,SRC-CDSCO-01,Central Drugs Standard Control Organization (CDSCO) Public Drug Gazette,PUBLIC_REAL,Store below 25°C in dry place,50,500,pharmaflow-main,2026-01-20T08:00:00Z
MED-0122,Paracetamol 650mg (Dolo 650) (Formula 122),Acetaminophen,Tablet,650mg,Analgesic & Antipyretic,SCHEDULE_H,MFG-0122,PharmaCorp India Unit 122 Pvt. Ltd.,37.0,44.4,8909189503254,SRC-NPPA-02,National Pharmaceutical Pricing Authority (NPPA / DPCO),PUBLIC_REAL,Store below 25°C in dry place,50,500,pharmaflow-main,2026-01-20T08:00:00Z
MED-0123,Vitamin D3 60K (Calcirol) (Formula 123),Cholecalciferol,Capsule,"60,000 IU",Nutritional / Vitamin,OTC,MFG-0123,PharmaCorp India Unit 123 Pvt. Ltd.,72.5,89.6,8902613385303,SRC-NLEM-03,National List of Essential Medicines (NLEM) 2022-2024,PUBLIC_REAL,Store below 25°C in dry place,50,500,pharmaflow-main,2026-01-20T08:00:00Z
MED-0124,Amoxicillin 500mg (Novamox) (Formula 124),Amoxicillin Trihydrate,Capsule,500mg,Antibiotic,SCHEDULE_H1,MFG-0124,PharmaCorp India Unit 124 Pvt. Ltd.,105.0,127.8,8903316277000,SRC-TNMSC-04,Tamil Nadu Medical Services Corporation (TNMSC) Public Drug Formulary,PUBLIC_REAL,Store below 25°C in dry place,50,500,pharmaflow-main,2026-01-20T08:00:00Z
MED-0125,Amoxicillin + Clavulanic Acid 625mg (Augmentin) (Formula 125),Amoxicillin + Potassium Clavulanate,Tablet,625mg,Antibacterial,SCHEDULE_H1,MFG-0125,PharmaCorp India Unit 125 Pvt. Ltd.,177.5,221.0,8902493660313,SRC-APOLLO-05,Apollo Pharmacy Retail & Catalog Directory,PUBLIC_REAL,Store below 25°C in dry place,50,500,pharmaflow-main,2026-01-20T08:00:00Z
MED-0126,Cetirizine 10mg (Cetzine) (Formula 126),Cetirizine Hydrochloride,Tablet,10mg,Antihistamine,SCHEDULE_H,MFG-0126,PharmaCorp India Unit 126 Pvt. Ltd.,50.0,61.2,8907602474923,SRC-MEDPLUS-06,MedPlus Health Services Store Index,PUBLIC_REAL,Store below 25°C in dry place,50,500,pharmaflow-main,2026-01-20T08:00:00Z
MED-0127,Levocetirizine 5mg (Levocet) (Formula 127),Levocetirizine Dihydrochloride,Tablet,5mg,Antiallergic,SCHEDULE_H,MFG-0127,PharmaCorp India Unit 127 Pvt. Ltd.,48.0,58.0,8903271361431,SRC-1MG-07,Tata 1mg Public Medicine Reference Index,PUBLIC_REAL,Store below 25°C in dry place,50,500,pharmaflow-main,2026-01-20T08:00:00Z
MED-0128,Azithromycin 250mg (Azee 250) (Formula 128),Azithromycin Dihydrate,Tablet,250mg,Macrolide Antibiotic,SCHEDULE_H1,MFG-0128,PharmaCorp India Unit 128 Pvt. Ltd.,122.5,148.2,8906576426590,SRC-NETMEDS-08,Netmeds Public Medicine Catalog,PUBLIC_REAL,Store below 25°C in dry place,50,500,pharmaflow-main,2026-01-20T08:00:00Z
MED-0129,Azithromycin 500mg (Azithral 500) (Formula 129),Azithromycin Dihydrate,Tablet,500mg,Macrolide Antibiotic,SCHEDULE_H1,MFG-0129,PharmaCorp India Unit 129 Pvt. Ltd.,180.0,221.4,8907633342225,SRC-RGGGH-09,Rajiv Gandhi Government General Hospital Chennai Pharmacy Formulary,PUBLIC_REAL,Store below 25°C in dry place,50,500,pharmaflow-main,2026-01-20T08:00:00Z
MED-0130,Metformin 500mg (Glycomet 500) (Formula 130),Metformin Hydrochloride,Tablet,500mg,Antidiabetic,SCHEDULE_H,MFG-0130,PharmaCorp India Unit 130 Pvt. Ltd.,52.5,64.6,8907579604766,SRC-CMC-10,Christian Medical College (CMC) Vellore Pharmacy Services,PUBLIC_REAL,Store below 25°C in dry place,50,500,pharmaflow-main,2026-01-20T08:00:00Z
MED-0131,Metformin 1000mg SR (Glucophage) (Formula 131),Metformin Hydrochloride,Tablet SR,1000mg,Antidiabetic,SCHEDULE_H,MFG-0131,PharmaCorp India Unit 131 Pvt. Ltd.,78.0,94.8,8904536306171,SRC-AIIMS-11,All India Institute of Medical Sciences (AIIMS) New Delhi Drug Formulary,PUBLIC_REAL,Store below 25°C in dry place,50,500,pharmaflow-main,2026-01-20T08:00:00Z
MED-0132,Pantoprazole 40mg (Pan 40) (Formula 132),Pantoprazole Sodium,Tablet,40mg,Proton Pump Inhibitor,SCHEDULE_H,MFG-0132,PharmaCorp India Unit 132 Pvt. Ltd.,97.5,121.0,8906358023411,SRC-IPC-12,Indian Pharmacopoeia Commission (IPC) National Formulary of India,PUBLIC_REAL,Store below 25°C in dry place,50,500,pharmaflow-main,2026-01-20T08:00:00Z
MED-0133,Pantoprazole + Domperidone (Pan-D) (Formula 133),Pantoprazole + Domperidone,Capsule SR,40mg + 30mg,Gastrointestinal,SCHEDULE_H,MFG-0133,PharmaCorp India Unit 133 Pvt. Ltd.,160.0,197.2,8902486744752,SRC-CDSCO-01,Central Drugs Standard Control Organization (CDSCO) Public Drug Gazette,PUBLIC_REAL,Store below 25°C in dry place,50,500,pharmaflow-main,2026-01-20T08:00:00Z
MED-0134,Omeprazole 20mg (Omez) (Formula 134),Omeprazole,Capsule,20mg,Antacid / Anti-Ulcer,SCHEDULE_H,MFG-0134,PharmaCorp India Unit 134 Pvt. Ltd.,62.0,75.0,8902183906581,SRC-NPPA-02,National Pharmaceutical Pricing Authority (NPPA / DPCO),PUBLIC_REAL,Store below 25°C in dry place,50,500,pharmaflow-main,2026-01-20T08:00:00Z
MED-0135,Telmisartan 40mg (Telma 40) (Formula 135),Telmisartan,Tablet,40mg,Antihypertensive,SCHEDULE_H,MFG-0135,PharmaCorp India Unit 135 Pvt. Ltd.,100.5,125.2,8901484664056,SRC-NLEM-03,National List of Essential Medicines (NLEM) 2022-2024,PUBLIC_REAL,Store below 25°C in dry place,50,500,pharmaflow-main,2026-01-20T08:00:00Z
MED-0136,Telmisartan + Amlodipine (Telma-AM) (Formula 136),Telmisartan + Amlodipine,Tablet,40mg + 5mg,Antihypertensive,SCHEDULE_H,MFG-0136,PharmaCorp India Unit 136 Pvt. Ltd.,145.0,178.4,8901067198189,SRC-TNMSC-04,Tamil Nadu Medical Services Corporation (TNMSC) Public Drug Formulary,PUBLIC_REAL,Store below 25°C in dry place,50,500,pharmaflow-main,2026-01-20T08:00:00Z
MED-0137,Atorvastatin 10mg (Atorva 10) (Formula 137),Atorvastatin Calcium,Tablet,10mg,Lipid Lowering / Statin,SCHEDULE_H,MFG-0137,PharmaCorp India Unit 137 Pvt. Ltd.,117.5,147.6,8901885113834,SRC-APOLLO-05,Apollo Pharmacy Retail & Catalog Directory,PUBLIC_REAL,Store below 25°C in dry place,50,500,pharmaflow-main,2026-01-20T08:00:00Z
MED-0138,Rosuvastatin 10mg (Rosuvas 10) (Formula 138),Rosuvastatin Calcium,Tablet,10mg,Cardiovascular,SCHEDULE_H,MFG-0138,PharmaCorp India Unit 138 Pvt. Ltd.,145.0,180.8,8905439176290,SRC-MEDPLUS-06,MedPlus Health Services Store Index,PUBLIC_REAL,Store below 25°C in dry place,50,500,pharmaflow-main,2026-01-20T08:00:00Z
MED-0139,Ciprofloxacin 500mg (Ciplox 500) (Formula 139),Ciprofloxacin,Tablet,500mg,Fluoroquinolone Antibiotic,SCHEDULE_H1,MFG-0139,PharmaCorp India Unit 139 Pvt. Ltd.,84.5,104.0,8901209063208,SRC-1MG-07,Tata 1mg Public Medicine Reference Index,PUBLIC_REAL,Store below 25°C in dry place,50,500,pharmaflow-main,2026-01-20T08:00:00Z
MED-0140,Ofloxacin + Ornidazole (O2) (Formula 140),Ofloxacin + Ornidazole,Tablet,200mg + 500mg,Antidiarrheal / Antibacterial,SCHEDULE_H1,MFG-0140,PharmaCorp India Unit 140 Pvt. Ltd.,130.0,161.2,8904180599722,SRC-NETMEDS-08,Netmeds Public Medicine Catalog,PUBLIC_REAL,Store below 25°C in dry place,50,500,pharmaflow-main,2026-01-20T08:00:00Z
MED-0141,Montelukast + Levocetirizine (Montair-LC) (Formula 141),Montelukast Sodium + Levocetirizine,Tablet,10mg + 5mg,Respiratory / Antiasthmatic,SCHEDULE_H,MFG-0141,PharmaCorp India Unit 141 Pvt. Ltd.,158.0,195.0,8907022683808,SRC-RGGGH-09,Rajiv Gandhi Government General Hospital Chennai Pharmacy Formulary,PUBLIC_REAL,Store below 25°C in dry place,50,500,pharmaflow-main,2026-01-20T08:00:00Z
MED-0142,Ibuprofen 400mg (Brufen 400) (Formula 142),Ibuprofen,Tablet,400mg,NSAID,SCHEDULE_H,MFG-0142,PharmaCorp India Unit 142 Pvt. Ltd.,30.5,38.2,8901242425303,SRC-CMC-10,Christian Medical College (CMC) Vellore Pharmacy Services,PUBLIC_REAL,Store below 25°C in dry place,50,500,pharmaflow-main,2026-01-20T08:00:00Z
MED-0143,Aceclofenac + Paracetamol (Zerodol-P) (Formula 143),Aceclofenac + Paracetamol,Tablet,100mg + 325mg,Analgesic / Anti-inflammatory,SCHEDULE_H,MFG-0143,PharmaCorp India Unit 143 Pvt. Ltd.,80.0,98.4,8902242377075,SRC-AIIMS-11,All India Institute of Medical Sciences (AIIMS) New Delhi Drug Formulary,PUBLIC_REAL,Store below 25°C in dry place,50,500,pharmaflow-main,2026-01-20T08:00:00Z
MED-0144,Vildagliptin + Metformin (Galvus Met) (Formula 144),Vildagliptin + Metformin,Tablet,50mg + 500mg,Antidiabetic,SCHEDULE_H,MFG-0144,PharmaCorp India Unit 144 Pvt. Ltd.,247.5,307.6,8902377246195,SRC-IPC-12,Indian Pharmacopoeia Commission (IPC) National Formulary of India,PUBLIC_REAL,Store below 25°C in dry place,50,500,pharmaflow-main,2026-01-20T08:00:00Z
MED-0145,Rabeprazole 20mg (Razo 20) (Formula 145),Rabeprazole Sodium,Tablet,20mg,Gastroprokinetic,SCHEDULE_H,MFG-0145,PharmaCorp India Unit 145 Pvt. Ltd.,122.0,150.8,8906244338653,SRC-CDSCO-01,Central Drugs Standard Control Organization (CDSCO) Public Drug Gazette,PUBLIC_REAL,Store below 25°C in dry place,50,500,pharmaflow-main,2026-01-20T08:00:00Z
MED-0146,Cough Syrup (Ascoril-D) (Formula 146),Dextromethorphan + Phenylephrine + Chlorpheniramine,Syrup 100ml,100ml,Antitussive,SCHEDULE_H,MFG-0146,PharmaCorp India Unit 146 Pvt. Ltd.,100.5,126.0,8906585609060,SRC-NPPA-02,National Pharmaceutical Pricing Authority (NPPA / DPCO),PUBLIC_REAL,Store below 25°C in dry place,50,500,pharmaflow-main,2026-01-20T08:00:00Z
MED-0147,Oral Rehydration Salts (Electral ORS) (Formula 147),Sodium Chloride + Potassium Chloride + Sodium Citrate + Dextrose,Sachet,21.8g,Electrolyte Replenisher,OTC,MFG-0147,PharmaCorp India Unit 147 Pvt. Ltd.,33.0,41.7,8909851745648,SRC-NLEM-03,National List of Essential Medicines (NLEM) 2022-2024,PUBLIC_REAL,Store below 25°C in dry place,50,500,pharmaflow-main,2026-01-20T08:00:00Z
MED-0148,Multivitamin + Zinc (Becadexamin) (Formula 148),Vitamins B-Complex + C + Minerals + Zinc,Capsule,Softgel,Multivitamin,OTC,MFG-0148,PharmaCorp India Unit 148 Pvt. Ltd.,42.0,52.0,8904915196257,SRC-TNMSC-04,Tamil Nadu Medical Services Corporation (TNMSC) Public Drug Formulary,PUBLIC_REAL,Store below 25°C in dry place,50,500,pharmaflow-main,2026-01-20T08:00:00Z
MED-0149,Thyroxine Sodium 50mcg (Thyronorm 50) (Formula 149),Levothyroxine Sodium,Tablet,50mcg,Thyroid Hormone,SCHEDULE_H,MFG-0149,PharmaCorp India Unit 149 Pvt. Ltd.,127.5,158.2,8903128675098,SRC-APOLLO-05,Apollo Pharmacy Retail & Catalog Directory,PUBLIC_REAL,Store below 25°C in dry place,50,500,pharmaflow-main,2026-01-20T08:00:00Z
MED-0150,Clopidogrel 75mg (Clopilet 75) (Formula 150),Clopidogrel Bisulfate,Tablet,75mg,Antiplatelet,SCHEDULE_H,MFG-0150,PharmaCorp India Unit 150 Pvt. Ltd.,135.0,168.4,8909470922075,SRC-MEDPLUS-06,MedPlus Health Services Store Index,PUBLIC_REAL,Store below 25°C in dry place,50,500,pharmaflow-main,2026-01-20T08:00:00Z
MED-0151,Paracetamol 500mg (Formula 151),Acetaminophen,Tablet,500mg,Analgesic & Antipyretic,SCHEDULE_H,MFG-0151,PharmaCorp India Unit 151 Pvt. Ltd.,32.5,39.6,8908178361487,SRC-1MG-07,Tata 1mg Public Medicine Reference Index,SYNTHETIC_OPERATIONAL_RECORD,Store below 25°C in dry place,50,500,pharmaflow-main,2026-01-20T08:00:00Z
MED-0152,Paracetamol 650mg (Dolo 650) (Formula 152),Acetaminophen,Tablet,650mg,Analgesic & Antipyretic,SCHEDULE_H,MFG-0152,PharmaCorp India Unit 152 Pvt. Ltd.,42.0,50.8,8907083067988,SRC-NETMEDS-08,Netmeds Public Medicine Catalog,SYNTHETIC_OPERATIONAL_RECORD,Store below 25°C in dry place,50,500,pharmaflow-main,2026-01-20T08:00:00Z
MED-0153,Vitamin D3 60K (Calcirol) (Formula 153),Cholecalciferol,Capsule,"60,000 IU",Nutritional / Vitamin,OTC,MFG-0153,PharmaCorp India Unit 153 Pvt. Ltd.,77.5,96.0,8905935852056,SRC-RGGGH-09,Rajiv Gandhi Government General Hospital Chennai Pharmacy Formulary,SYNTHETIC_OPERATIONAL_RECORD,Store below 25°C in dry place,50,500,pharmaflow-main,2026-01-20T08:00:00Z
MED-0154,Amoxicillin 500mg (Novamox) (Formula 154),Amoxicillin Trihydrate,Capsule,500mg,Antibiotic,SCHEDULE_H1,MFG-0154,PharmaCorp India Unit 154 Pvt. Ltd.,110.0,134.2,8902616884203,SRC-CMC-10,Christian Medical College (CMC) Vellore Pharmacy Services,SYNTHETIC_OPERATIONAL_RECORD,Store below 25°C in dry place,50,500,pharmaflow-main,2026-01-20T08:00:00Z
MED-0155,Amoxicillin + Clavulanic Acid 625mg (Augmentin) (Formula 155),Amoxicillin + Potassium Clavulanate,Tablet,625mg,Antibacterial,SCHEDULE_H1,MFG-0155,PharmaCorp India Unit 155 Pvt. Ltd.,165.0,205.0,8903033747850,SRC-AIIMS-11,All India Institute of Medical Sciences (AIIMS) New Delhi Drug Formulary,SYNTHETIC_OPERATIONAL_RECORD,Store below 25°C in dry place,50,500,pharmaflow-main,2026-01-20T08:00:00Z
MED-0156,Cetirizine 10mg (Cetzine) (Formula 156),Cetirizine Hydrochloride,Tablet,10mg,Antihistamine,SCHEDULE_H,MFG-0156,PharmaCorp India Unit 156 Pvt. Ltd.,37.5,45.2,8904647891535,SRC-IPC-12,Indian Pharmacopoeia Commission (IPC) National Formulary of India,SYNTHETIC_OPERATIONAL_RECORD,Store below 25°C in dry place,50,500,pharmaflow-main,2026-01-20T08:00:00Z
MED-0157,Levocetirizine 5mg (Levocet) (Formula 157),Levocetirizine Dihydrochloride,Tablet,5mg,Antiallergic,SCHEDULE_H,MFG-0157,PharmaCorp India Unit 157 Pvt. Ltd.,53.0,64.4,8904039019230,SRC-CDSCO-01,Central Drugs Standard Control Organization (CDSCO) Public Drug Gazette,SYNTHETIC_OPERATIONAL_RECORD,Store below 25°C in dry place,50,500,pharmaflow-main,2026-01-20T08:00:00Z
MED-0158,Azithromycin 250mg (Azee 250) (Formula 158),Azithromycin Dihydrate,Tablet,250mg,Macrolide Antibiotic,SCHEDULE_H1,MFG-0158,PharmaCorp India Unit 158 Pvt. Ltd.,127.5,154.6,8908755749566,SRC-NPPA-02,National Pharmaceutical Pricing Authority (NPPA / DPCO),SYNTHETIC_OPERATIONAL_RECORD,Store below 25°C in dry place,50,500,pharmaflow-main,2026-01-20T08:00:00Z
MED-0159,Azithromycin 500mg (Azithral 500) (Formula 159),Azithromycin Dihydrate,Tablet,500mg,Macrolide Antibiotic,SCHEDULE_H1,MFG-0159,PharmaCorp India Unit 159 Pvt. Ltd.,185.0,227.8,8904928783441,SRC-NLEM-03,National List of Essential Medicines (NLEM) 2022-2024,SYNTHETIC_OPERATIONAL_RECORD,Store below 25°C in dry place,50,500,pharmaflow-main,2026-01-20T08:00:00Z
MED-0160,Metformin 500mg (Glycomet 500) (Formula 160),Metformin Hydrochloride,Tablet,500mg,Antidiabetic,SCHEDULE_H,MFG-0160,PharmaCorp India Unit 160 Pvt. Ltd.,57.5,71.0,8907710396573,SRC-TNMSC-04,Tamil Nadu Medical Services Corporation (TNMSC) Public Drug Formulary,SYNTHETIC_OPERATIONAL_RECORD,Store below 25°C in dry place,50,500,pharmaflow-main,2026-01-20T08:00:00Z
MED-0161,Metformin 1000mg SR (Glucophage) (Formula 161),Metformin Hydrochloride,Tablet SR,1000mg,Antidiabetic,SCHEDULE_H,MFG-0161,PharmaCorp India Unit 161 Pvt. Ltd.,83.0,101.2,8909451577335,SRC-APOLLO-05,Apollo Pharmacy Retail & Catalog Directory,SYNTHETIC_OPERATIONAL_RECORD,Store below 25°C in dry place,50,500,pharmaflow-main,2026-01-20T08:00:00Z
MED-0162,Pantoprazole 40mg (Pan 40) (Formula 162),Pantoprazole Sodium,Tablet,40mg,Proton Pump Inhibitor,SCHEDULE_H,MFG-0162,PharmaCorp India Unit 162 Pvt. Ltd.,85.0,105.0,8905870891270,SRC-MEDPLUS-06,MedPlus Health Services Store Index,SYNTHETIC_OPERATIONAL_RECORD,Store below 25°C in dry place,50,500,pharmaflow-main,2026-01-20T08:00:00Z
MED-0163,Pantoprazole + Domperidone (Pan-D) (Formula 163),Pantoprazole + Domperidone,Capsule SR,40mg + 30mg,Gastrointestinal,SCHEDULE_H,MFG-0163,PharmaCorp India Unit 163 Pvt. Ltd.,147.5,181.2,8906338036681,SRC-1MG-07,Tata 1mg Public Medicine Reference Index,SYNTHETIC_OPERATIONAL_RECORD,Store below 25°C in dry place,50,500,pharmaflow-main,2026-01-20T08:00:00Z
MED-0164,Omeprazole 20mg (Omez) (Formula 164),Omeprazole,Capsule,20mg,Antacid / Anti-Ulcer,SCHEDULE_H,MFG-0164,PharmaCorp India Unit 164 Pvt. Ltd.,67.0,81.4,8906168291913,SRC-NETMEDS-08,Netmeds Public Medicine Catalog,SYNTHETIC_OPERATIONAL_RECORD,Store below 25°C in dry place,50,500,pharmaflow-main,2026-01-20T08:00:00Z
MED-0165,Telmisartan 40mg (Telma 40) (Formula 165),Telmisartan,Tablet,40mg,Antihypertensive,SCHEDULE_H,MFG-0165,PharmaCorp India Unit 165 Pvt. Ltd.,105.5,131.6,8903777580509,SRC-RGGGH-09,Rajiv Gandhi Government General Hospital Chennai Pharmacy Formulary,SYNTHETIC_OPERATIONAL_RECORD,Store below 25°C in dry place,50,500,pharmaflow-main,2026-01-20T08:00:00Z
MED-0166,Telmisartan + Amlodipine (Telma-AM) (Formula 166),Telmisartan + Amlodipine,Tablet,40mg + 5mg,Antihypertensive,SCHEDULE_H,MFG-0166,PharmaCorp India Unit 166 Pvt. Ltd.,150.0,184.8,8909255898264,SRC-CMC-10,Christian Medical College (CMC) Vellore Pharmacy Services,SYNTHETIC_OPERATIONAL_RECORD,Store below 25°C in dry place,50,500,pharmaflow-main,2026-01-20T08:00:00Z
MED-0167,Atorvastatin 10mg (Atorva 10) (Formula 167),Atorvastatin Calcium,Tablet,10mg,Lipid Lowering / Statin,SCHEDULE_H,MFG-0167,PharmaCorp India Unit 167 Pvt. Ltd.,122.5,154.0,8908933377472,SRC-AIIMS-11,All India Institute of Medical Sciences (AIIMS) New Delhi Drug Formulary,SYNTHETIC_OPERATIONAL_RECORD,Store below 25°C in dry place,50,500,pharmaflow-main,2026-01-20T08:00:00Z
MED-0168,Rosuvastatin 10mg (Rosuvas 10) (Formula 168),Rosuvastatin Calcium,Tablet,10mg,Cardiovascular,SCHEDULE_H,MFG-0168,PharmaCorp India Unit 168 Pvt. Ltd.,150.0,187.2,8909987064419,SRC-IPC-12,Indian Pharmacopoeia Commission (IPC) National Formulary of India,SYNTHETIC_OPERATIONAL_RECORD,Store below 25°C in dry place,50,500,pharmaflow-main,2026-01-20T08:00:00Z
MED-0169,Ciprofloxacin 500mg (Ciplox 500) (Formula 169),Ciprofloxacin,Tablet,500mg,Fluoroquinolone Antibiotic,SCHEDULE_H1,MFG-0169,PharmaCorp India Unit 169 Pvt. Ltd.,72.0,88.0,8901818112342,SRC-CDSCO-01,Central Drugs Standard Control Organization (CDSCO) Public Drug Gazette,SYNTHETIC_OPERATIONAL_RECORD,Store below 25°C in dry place,50,500,pharmaflow-main,2026-01-20T08:00:00Z
MED-0170,Ofloxacin + Ornidazole (O2) (Formula 170),Ofloxacin + Ornidazole,Tablet,200mg + 500mg,Antidiarrheal / Antibacterial,SCHEDULE_H1,MFG-0170,PharmaCorp India Unit 170 Pvt. Ltd.,117.5,145.2,8906448001026,SRC-NPPA-02,National Pharmaceutical Pricing Authority (NPPA / DPCO),SYNTHETIC_OPERATIONAL_RECORD,Store below 25°C in dry place,50,500,pharmaflow-main,2026-01-20T08:00:00Z
MED-0171,Montelukast + Levocetirizine (Montair-LC) (Formula 171),Montelukast Sodium + Levocetirizine,Tablet,10mg + 5mg,Respiratory / Antiasthmatic,SCHEDULE_H,MFG-0171,PharmaCorp India Unit 171 Pvt. Ltd.,163.0,201.4,8903589530484,SRC-NLEM-03,National List of Essential Medicines (NLEM) 2022-2024,SYNTHETIC_OPERATIONAL_RECORD,Store below 25°C in dry place,50,500,pharmaflow-main,2026-01-20T08:00:00Z
MED-0172,Ibuprofen 400mg (Brufen 400) (Formula 172),Ibuprofen,Tablet,400mg,NSAID,SCHEDULE_H,MFG-0172,PharmaCorp India Unit 172 Pvt. Ltd.,35.5,44.6,8904752171298,SRC-TNMSC-04,Tamil Nadu Medical Services Corporation (TNMSC) Public Drug Formulary,SYNTHETIC_OPERATIONAL_RECORD,Store below 25°C in dry place,50,500,pharmaflow-main,2026-01-20T08:00:00Z
MED-0173,Aceclofenac + Paracetamol (Zerodol-P) (Formula 173),Aceclofenac + Paracetamol,Tablet,100mg + 325mg,Analgesic / Anti-inflammatory,SCHEDULE_H,MFG-0173,PharmaCorp India Unit 173 Pvt. Ltd.,85.0,104.8,8903400244542,SRC-APOLLO-05,Apollo Pharmacy Retail & Catalog Directory,SYNTHETIC_OPERATIONAL_RECORD,Store below 25°C in dry place,50,500,pharmaflow-main,2026-01-20T08:00:00Z
MED-0174,Vildagliptin + Metformin (Galvus Met) (Formula 174),Vildagliptin + Metformin,Tablet,50mg + 500mg,Antidiabetic,SCHEDULE_H,MFG-0174,PharmaCorp India Unit 174 Pvt. Ltd.,252.5,314.0,8903058982440,SRC-MEDPLUS-06,MedPlus Health Services Store Index,SYNTHETIC_OPERATIONAL_RECORD,Store below 25°C in dry place,50,500,pharmaflow-main,2026-01-20T08:00:00Z
MED-0175,Rabeprazole 20mg (Razo 20) (Formula 175),Rabeprazole Sodium,Tablet,20mg,Gastroprokinetic,SCHEDULE_H,MFG-0175,PharmaCorp India Unit 175 Pvt. Ltd.,127.0,157.2,8906725038117,SRC-1MG-07,Tata 1mg Public Medicine Reference Index,SYNTHETIC_OPERATIONAL_RECORD,Store below 25°C in dry place,50,500,pharmaflow-main,2026-01-20T08:00:00Z
MED-0176,Cough Syrup (Ascoril-D) (Formula 176),Dextromethorphan + Phenylephrine + Chlorpheniramine,Syrup 100ml,100ml,Antitussive,SCHEDULE_H,MFG-0176,PharmaCorp India Unit 176 Pvt. Ltd.,88.0,110.0,8901065857791,SRC-NETMEDS-08,Netmeds Public Medicine Catalog,SYNTHETIC_OPERATIONAL_RECORD,Store below 25°C in dry place,50,500,pharmaflow-main,2026-01-20T08:00:00Z
MED-0177,Oral Rehydration Salts (Electral ORS) (Formula 177),Sodium Chloride + Potassium Chloride + Sodium Citrate + Dextrose,Sachet,21.8g,Electrolyte Replenisher,OTC,MFG-0177,PharmaCorp India Unit 177 Pvt. Ltd.,20.5,25.7,8905025070544,SRC-RGGGH-09,Rajiv Gandhi Government General Hospital Chennai Pharmacy Formulary,SYNTHETIC_OPERATIONAL_RECORD,Store below 25°C in dry place,50,500,pharmaflow-main,2026-01-20T08:00:00Z
MED-0178,Multivitamin + Zinc (Becadexamin) (Formula 178),Vitamins B-Complex + C + Minerals + Zinc,Capsule,Softgel,Multivitamin,OTC,MFG-0178,PharmaCorp India Unit 178 Pvt. Ltd.,47.0,58.4,8906173344564,SRC-CMC-10,Christian Medical College (CMC) Vellore Pharmacy Services,SYNTHETIC_OPERATIONAL_RECORD,Store below 25°C in dry place,50,500,pharmaflow-main,2026-01-20T08:00:00Z
MED-0179,Thyroxine Sodium 50mcg (Thyronorm 50) (Formula 179),Levothyroxine Sodium,Tablet,50mcg,Thyroid Hormone,SCHEDULE_H,MFG-0179,PharmaCorp India Unit 179 Pvt. Ltd.,132.5,164.6,8904930438209,SRC-AIIMS-11,All India Institute of Medical Sciences (AIIMS) New Delhi Drug Formulary,SYNTHETIC_OPERATIONAL_RECORD,Store below 25°C in dry place,50,500,pharmaflow-main,2026-01-20T08:00:00Z
MED-0180,Clopidogrel 75mg (Clopilet 75) (Formula 180),Clopidogrel Bisulfate,Tablet,75mg,Antiplatelet,SCHEDULE_H,MFG-0180,PharmaCorp India Unit 180 Pvt. Ltd.,140.0,174.8,8907666129822,SRC-IPC-12,Indian Pharmacopoeia Commission (IPC) National Formulary of India,SYNTHETIC_OPERATIONAL_RECORD,Store below 25°C in dry place,50,500,pharmaflow-main,2026-01-20T08:00:00Z
MED-0181,Paracetamol 500mg (Formula 181),Acetaminophen,Tablet,500mg,Analgesic & Antipyretic,SCHEDULE_H,MFG-0181,PharmaCorp India Unit 181 Pvt. Ltd.,37.5,46.0,8908625774078,SRC-CDSCO-01,Central Drugs Standard Control Organization (CDSCO) Public Drug Gazette,SYNTHETIC_OPERATIONAL_RECORD,Store below 25°C in dry place,50,500,pharmaflow-main,2026-01-20T08:00:00Z
MED-0182,Paracetamol 650mg (Dolo 650) (Formula 182),Acetaminophen,Tablet,650mg,Analgesic & Antipyretic,SCHEDULE_H,MFG-0182,PharmaCorp India Unit 182 Pvt. Ltd.,47.0,57.2,8906929897032,SRC-NPPA-02,National Pharmaceutical Pricing Authority (NPPA / DPCO),SYNTHETIC_OPERATIONAL_RECORD,Store below 25°C in dry place,50,500,pharmaflow-main,2026-01-20T08:00:00Z
MED-0183,Vitamin D3 60K (Calcirol) (Formula 183),Cholecalciferol,Capsule,"60,000 IU",Nutritional / Vitamin,OTC,MFG-0183,PharmaCorp India Unit 183 Pvt. Ltd.,65.0,80.0,8906837975356,SRC-NLEM-03,National List of Essential Medicines (NLEM) 2022-2024,SYNTHETIC_OPERATIONAL_RECORD,Store below 25°C in dry place,50,500,pharmaflow-main,2026-01-20T08:00:00Z
MED-0184,Amoxicillin 500mg (Novamox) (Formula 184),Amoxicillin Trihydrate,Capsule,500mg,Antibiotic,SCHEDULE_H1,MFG-0184,PharmaCorp India Unit 184 Pvt. Ltd.,97.5,118.2,8906418365941,SRC-TNMSC-04,Tamil Nadu Medical Services Corporation (TNMSC) Public Drug Formulary,SYNTHETIC_OPERATIONAL_RECORD,Store below 25°C in dry place,50,500,pharmaflow-main,2026-01-20T08:00:00Z
MED-0185,Amoxicillin + Clavulanic Acid 625mg (Augmentin) (Formula 185),Amoxicillin + Potassium Clavulanate,Tablet,625mg,Antibacterial,SCHEDULE_H1,MFG-0185,PharmaCorp India Unit 185 Pvt. Ltd.,170.0,211.4,8907430757004,SRC-APOLLO-05,Apollo Pharmacy Retail & Catalog Directory,SYNTHETIC_OPERATIONAL_RECORD,Store below 25°C in dry place,50,500,pharmaflow-main,2026-01-20T08:00:00Z
MED-0186,Cetirizine 10mg (Cetzine) (Formula 186),Cetirizine Hydrochloride,Tablet,10mg,Antihistamine,SCHEDULE_H,MFG-0186,PharmaCorp India Unit 186 Pvt. Ltd.,42.5,51.6,8908901585274,SRC-MEDPLUS-06,MedPlus Health Services Store Index,SYNTHETIC_OPERATIONAL_RECORD,Store below 25°C in dry place,50,500,pharmaflow-main,2026-01-20T08:00:00Z
MED-0187,Levocetirizine 5mg (Levocet) (Formula 187),Levocetirizine Dihydrochloride,Tablet,5mg,Antiallergic,SCHEDULE_H,MFG-0187,PharmaCorp India Unit 187 Pvt. Ltd.,58.0,70.8,8904927019611,SRC-1MG-07,Tata 1mg Public Medicine Reference Index,SYNTHETIC_OPERATIONAL_RECORD,Store below 25°C in dry place,50,500,pharmaflow-main,2026-01-20T08:00:00Z
MED-0188,Azithromycin 250mg (Azee 250) (Formula 188),Azithromycin Dihydrate,Tablet,250mg,Macrolide Antibiotic,SCHEDULE_H1,MFG-0188,PharmaCorp India Unit 188 Pvt. Ltd.,132.5,161.0,8906887132821,SRC-NETMEDS-08,Netmeds Public Medicine Catalog,SYNTHETIC_OPERATIONAL_RECORD,Store below 25°C in dry place,50,500,pharmaflow-main,2026-01-20T08:00:00Z
MED-0189,Azithromycin 500mg (Azithral 500) (Formula 189),Azithromycin Dihydrate,Tablet,500mg,Macrolide Antibiotic,SCHEDULE_H1,MFG-0189,PharmaCorp India Unit 189 Pvt. Ltd.,190.0,234.2,8902777816561,SRC-RGGGH-09,Rajiv Gandhi Government General Hospital Chennai Pharmacy Formulary,SYNTHETIC_OPERATIONAL_RECORD,Store below 25°C in dry place,50,500,pharmaflow-main,2026-01-20T08:00:00Z
MED-0190,Metformin 500mg (Glycomet 500) (Formula 190),Metformin Hydrochloride,Tablet,500mg,Antidiabetic,SCHEDULE_H,MFG-0190,PharmaCorp India Unit 190 Pvt. Ltd.,45.0,55.0,8901626733282,SRC-CMC-10,Christian Medical College (CMC) Vellore Pharmacy Services,SYNTHETIC_OPERATIONAL_RECORD,Store below 25°C in dry place,50,500,pharmaflow-main,2026-01-20T08:00:00Z
MED-0191,Metformin 1000mg SR (Glucophage) (Formula 191),Metformin Hydrochloride,Tablet SR,1000mg,Antidiabetic,SCHEDULE_H,MFG-0191,PharmaCorp India Unit 191 Pvt. Ltd.,70.5,85.2,8907088451458,SRC-AIIMS-11,All India Institute of Medical Sciences (AIIMS) New Delhi Drug Formulary,SYNTHETIC_OPERATIONAL_RECORD,Store below 25°C in dry place,50,500,pharmaflow-main,2026-01-20T08:00:00Z
MED-0192,Pantoprazole 40mg (Pan 40) (Formula 192),Pantoprazole Sodium,Tablet,40mg,Proton Pump Inhibitor,SCHEDULE_H,MFG-0192,PharmaCorp India Unit 192 Pvt. Ltd.,90.0,111.4,8901654602021,SRC-IPC-12,Indian Pharmacopoeia Commission (IPC) National Formulary of India,SYNTHETIC_OPERATIONAL_RECORD,Store below 25°C in dry place,50,500,pharmaflow-main,2026-01-20T08:00:00Z
MED-0193,Pantoprazole + Domperidone (Pan-D) (Formula 193),Pantoprazole + Domperidone,Capsule SR,40mg + 30mg,Gastrointestinal,SCHEDULE_H,MFG-0193,PharmaCorp India Unit 193 Pvt. Ltd.,152.5,187.6,8902416760621,SRC-CDSCO-01,Central Drugs Standard Control Organization (CDSCO) Public Drug Gazette,SYNTHETIC_OPERATIONAL_RECORD,Store below 25°C in dry place,50,500,pharmaflow-main,2026-01-20T08:00:00Z
MED-0194,Omeprazole 20mg (Omez) (Formula 194),Omeprazole,Capsule,20mg,Antacid / Anti-Ulcer,SCHEDULE_H,MFG-0194,PharmaCorp India Unit 194 Pvt. Ltd.,72.0,87.8,8904579265601,SRC-NPPA-02,National Pharmaceutical Pricing Authority (NPPA / DPCO),SYNTHETIC_OPERATIONAL_RECORD,Store below 25°C in dry place,50,500,pharmaflow-main,2026-01-20T08:00:00Z
MED-0195,Telmisartan 40mg (Telma 40) (Formula 195),Telmisartan,Tablet,40mg,Antihypertensive,SCHEDULE_H,MFG-0195,PharmaCorp India Unit 195 Pvt. Ltd.,110.5,138.0,8908236361108,SRC-NLEM-03,National List of Essential Medicines (NLEM) 2022-2024,SYNTHETIC_OPERATIONAL_RECORD,Store below 25°C in dry place,50,500,pharmaflow-main,2026-01-20T08:00:00Z
MED-0196,Telmisartan + Amlodipine (Telma-AM) (Formula 196),Telmisartan + Amlodipine,Tablet,40mg + 5mg,Antihypertensive,SCHEDULE_H,MFG-0196,PharmaCorp India Unit 196 Pvt. Ltd.,155.0,191.2,8908823677798,SRC-TNMSC-04,Tamil Nadu Medical Services Corporation (TNMSC) Public Drug Formulary,SYNTHETIC_OPERATIONAL_RECORD,Store below 25°C in dry place,50,500,pharmaflow-main,2026-01-20T08:00:00Z
MED-0197,Atorvastatin 10mg (Atorva 10) (Formula 197),Atorvastatin Calcium,Tablet,10mg,Lipid Lowering / Statin,SCHEDULE_H,MFG-0197,PharmaCorp India Unit 197 Pvt. Ltd.,110.0,138.0,8907402059279,SRC-APOLLO-05,Apollo Pharmacy Retail & Catalog Directory,SYNTHETIC_OPERATIONAL_RECORD,Store below 25°C in dry place,50,500,pharmaflow-main,2026-01-20T08:00:00Z
MED-0198,Rosuvastatin 10mg (Rosuvas 10) (Formula 198),Rosuvastatin Calcium,Tablet,10mg,Cardiovascular,SCHEDULE_H,MFG-0198,PharmaCorp India Unit 198 Pvt. Ltd.,137.5,171.2,8908709361138,SRC-MEDPLUS-06,MedPlus Health Services Store Index,SYNTHETIC_OPERATIONAL_RECORD,Store below 25°C in dry place,50,500,pharmaflow-main,2026-01-20T08:00:00Z
MED-0199,Ciprofloxacin 500mg (Ciplox 500) (Formula 199),Ciprofloxacin,Tablet,500mg,Fluoroquinolone Antibiotic,SCHEDULE_H1,MFG-0199,PharmaCorp India Unit 199 Pvt. Ltd.,77.0,94.4,8901726990714,SRC-1MG-07,Tata 1mg Public Medicine Reference Index,SYNTHETIC_OPERATIONAL_RECORD,Store below 25°C in dry place,50,500,pharmaflow-main,2026-01-20T08:00:00Z
MED-0200,Ofloxacin + Ornidazole (O2) (Formula 200),Ofloxacin + Ornidazole,Tablet,200mg + 500mg,Antidiarrheal / Antibacterial,SCHEDULE_H1,MFG-0200,PharmaCorp India Unit 200 Pvt. Ltd.,122.5,151.6,8903097302637,SRC-NETMEDS-08,Netmeds Public Medicine Catalog,SYNTHETIC_OPERATIONAL_RECORD,Store below 25°C in dry place,50,500,pharmaflow-main,2026-01-20T08:00:00Z
MED-0201,Montelukast + Levocetirizine (Montair-LC) (Formula 201),Montelukast Sodium + Levocetirizine,Tablet,10mg + 5mg,Respiratory / Antiasthmatic,SCHEDULE_H,MFG-0201,PharmaCorp India Unit 201 Pvt. Ltd.,168.0,207.8,8909842186844,SRC-RGGGH-09,Rajiv Gandhi Government General Hospital Chennai Pharmacy Formulary,SYNTHETIC_OPERATIONAL_RECORD,Store below 25°C in dry place,50,500,pharmaflow-main,2026-01-20T08:00:00Z
MED-0202,Ibuprofen 400mg (Brufen 400) (Formula 202),Ibuprofen,Tablet,400mg,NSAID,SCHEDULE_H,MFG-0202,PharmaCorp India Unit 202 Pvt. Ltd.,40.5,51.0,8904636537575,SRC-CMC-10,Christian Medical College (CMC) Vellore Pharmacy Services,SYNTHETIC_OPERATIONAL_RECORD,Store below 25°C in dry place,50,500,pharmaflow-main,2026-01-20T08:00:00Z
MED-0203,Aceclofenac + Paracetamol (Zerodol-P) (Formula 203),Aceclofenac + Paracetamol,Tablet,100mg + 325mg,Analgesic / Anti-inflammatory,SCHEDULE_H,MFG-0203,PharmaCorp India Unit 203 Pvt. Ltd.,90.0,111.2,8903869963931,SRC-AIIMS-11,All India Institute of Medical Sciences (AIIMS) New Delhi Drug Formulary,SYNTHETIC_OPERATIONAL_RECORD,Store below 25°C in dry place,50,500,pharmaflow-main,2026-01-20T08:00:00Z
MED-0204,Vildagliptin + Metformin (Galvus Met) (Formula 204),Vildagliptin + Metformin,Tablet,50mg + 500mg,Antidiabetic,SCHEDULE_H,MFG-0204,PharmaCorp India Unit 204 Pvt. Ltd.,240.0,298.0,8904282810353,SRC-IPC-12,Indian Pharmacopoeia Commission (IPC) National Formulary of India,SYNTHETIC_OPERATIONAL_RECORD,Store below 25°C in dry place,50,500,pharmaflow-main,2026-01-20T08:00:00Z
MED-0205,Rabeprazole 20mg (Razo 20) (Formula 205),Rabeprazole Sodium,Tablet,20mg,Gastroprokinetic,SCHEDULE_H,MFG-0205,PharmaCorp India Unit 205 Pvt. Ltd.,114.5,141.2,8902771211118,SRC-CDSCO-01,Central Drugs Standard Control Organization (CDSCO) Public Drug Gazette,SYNTHETIC_OPERATIONAL_RECORD,Store below 25°C in dry place,50,500,pharmaflow-main,2026-01-20T08:00:00Z
MED-0206,Cough Syrup (Ascoril-D) (Formula 206),Dextromethorphan + Phenylephrine + Chlorpheniramine,Syrup 100ml,100ml,Antitussive,SCHEDULE_H,MFG-0206,PharmaCorp India Unit 206 Pvt. Ltd.,93.0,116.4,8901993998848,SRC-NPPA-02,National Pharmaceutical Pricing Authority (NPPA / DPCO),SYNTHETIC_OPERATIONAL_RECORD,Store below 25°C in dry place,50,500,pharmaflow-main,2026-01-20T08:00:00Z
MED-0207,Oral Rehydration Salts (Electral ORS) (Formula 207),Sodium Chloride + Potassium Chloride + Sodium Citrate + Dextrose,Sachet,21.8g,Electrolyte Replenisher,OTC,MFG-0207,PharmaCorp India Unit 207 Pvt. Ltd.,25.5,32.1,8904037270171,SRC-NLEM-03,National List of Essential Medicines (NLEM) 2022-2024,SYNTHETIC_OPERATIONAL_RECORD,Store below 25°C in dry place,50,500,pharmaflow-main,2026-01-20T08:00:00Z
MED-0208,Multivitamin + Zinc (Becadexamin) (Formula 208),Vitamins B-Complex + C + Minerals + Zinc,Capsule,Softgel,Multivitamin,OTC,MFG-0208,PharmaCorp India Unit 208 Pvt. Ltd.,52.0,64.8,8901039262289,SRC-TNMSC-04,Tamil Nadu Medical Services Corporation (TNMSC) Public Drug Formulary,SYNTHETIC_OPERATIONAL_RECORD,Store below 25°C in dry place,50,500,pharmaflow-main,2026-01-20T08:00:00Z
MED-0209,Thyroxine Sodium 50mcg (Thyronorm 50) (Formula 209),Levothyroxine Sodium,Tablet,50mcg,Thyroid Hormone,SCHEDULE_H,MFG-0209,PharmaCorp India Unit 209 Pvt. Ltd.,137.5,171.0,8907467073633,SRC-APOLLO-05,Apollo Pharmacy Retail & Catalog Directory,SYNTHETIC_OPERATIONAL_RECORD,Store below 25°C in dry place,50,500,pharmaflow-main,2026-01-20T08:00:00Z
MED-0210,Clopidogrel 75mg (Clopilet 75) (Formula 210),Clopidogrel Bisulfate,Tablet,75mg,Antiplatelet,SCHEDULE_H,MFG-0210,PharmaCorp India Unit 210 Pvt. Ltd.,145.0,181.2,8902602884797,SRC-MEDPLUS-06,MedPlus Health Services Store Index,SYNTHETIC_OPERATIONAL_RECORD,Store below 25°C in dry place,50,500,pharmaflow-main,2026-01-20T08:00:00Z
MED-0211,Paracetamol 500mg (Formula 211),Acetaminophen,Tablet,500mg,Analgesic & Antipyretic,SCHEDULE_H,MFG-0211,PharmaCorp India Unit 211 Pvt. Ltd.,25.0,30.0,8903095318649,SRC-1MG-07,Tata 1mg Public Medicine Reference Index,SYNTHETIC_OPERATIONAL_RECORD,Store below 25°C in dry place,50,500,pharmaflow-main,2026-01-20T08:00:00Z
MED-0212,Paracetamol 650mg (Dolo 650) (Formula 212),Acetaminophen,Tablet,650mg,Analgesic & Antipyretic,SCHEDULE_H,MFG-0212,PharmaCorp India Unit 212 Pvt. Ltd.,34.5,41.2,8909618334441,SRC-NETMEDS-08,Netmeds Public Medicine Catalog,SYNTHETIC_OPERATIONAL_RECORD,Store below 25°C in dry place,50,500,pharmaflow-main,2026-01-20T08:00:00Z
MED-0213,Vitamin D3 60K (Calcirol) (Formula 213),Cholecalciferol,Capsule,"60,000 IU",Nutritional / Vitamin,OTC,MFG-0213,PharmaCorp India Unit 213 Pvt. Ltd.,70.0,86.4,8907664258343,SRC-RGGGH-09,Rajiv Gandhi Government General Hospital Chennai Pharmacy Formulary,SYNTHETIC_OPERATIONAL_RECORD,Store below 25°C in dry place,50,500,pharmaflow-main,2026-01-20T08:00:00Z
MED-0214,Amoxicillin 500mg (Novamox) (Formula 214),Amoxicillin Trihydrate,Capsule,500mg,Antibiotic,SCHEDULE_H1,MFG-0214,PharmaCorp India Unit 214 Pvt. Ltd.,102.5,124.6,8901050899550,SRC-CMC-10,Christian Medical College (CMC) Vellore Pharmacy Services,SYNTHETIC_OPERATIONAL_RECORD,Store below 25°C in dry place,50,500,pharmaflow-main,2026-01-20T08:00:00Z
MED-0215,Amoxicillin + Clavulanic Acid 625mg (Augmentin) (Formula 215),Amoxicillin + Potassium Clavulanate,Tablet,625mg,Antibacterial,SCHEDULE_H1,MFG-0001,Sun Pharmaceutical Industries Ltd.,175.0,217.8,8909493209128,SRC-AIIMS-11,All India Institute of Medical Sciences (AIIMS) New Delhi Drug Formulary,SYNTHETIC_OPERATIONAL_RECORD,Store below 25°C in dry place,50,500,pharmaflow-main,2026-01-20T08:00:00Z
MED-0216,Cetirizine 10mg (Cetzine) (Formula 216),Cetirizine Hydrochloride,Tablet,10mg,Antihistamine,SCHEDULE_H,MFG-0002,Cipla Limited,47.5,58.0,8909663561486,SRC-IPC-12,Indian Pharmacopoeia Commission (IPC) National Formulary of India,SYNTHETIC_OPERATIONAL_RECORD,Store below 25°C in dry place,50,500,pharmaflow-main,2026-01-20T08:00:00Z
MED-0217,Levocetirizine 5mg (Levocet) (Formula 217),Levocetirizine Dihydrochloride,Tablet,5mg,Antiallergic,SCHEDULE_H,MFG-0003,Dr. Reddy's Laboratories Ltd.,63.0,77.2,8908189916797,SRC-CDSCO-01,Central Drugs Standard Control Organization (CDSCO) Public Drug Gazette,SYNTHETIC_OPERATIONAL_RECORD,Store below 25°C in dry place,50,500,pharmaflow-main,2026-01-20T08:00:00Z
MED-0218,Azithromycin 250mg (Azee 250) (Formula 218),Azithromycin Dihydrate,Tablet,250mg,Macrolide Antibiotic,SCHEDULE_H1,MFG-0004,Torrent Pharmaceuticals Ltd.,120.0,145.0,8904907446848,SRC-NPPA-02,National Pharmaceutical Pricing Authority (NPPA / DPCO),SYNTHETIC_OPERATIONAL_RECORD,Store below 25°C in dry place,50,500,pharmaflow-main,2026-01-20T08:00:00Z
MED-0219,Azithromycin 500mg (Azithral 500) (Formula 219),Azithromycin Dihydrate,Tablet,500mg,Macrolide Antibiotic,SCHEDULE_H1,MFG-0005,Lupin Limited,177.5,218.2,8901639509845,SRC-NLEM-03,National List of Essential Medicines (NLEM) 2022-2024,SYNTHETIC_OPERATIONAL_RECORD,Store below 25°C in dry place,50,500,pharmaflow-main,2026-01-20T08:00:00Z
MED-0220,Metformin 500mg (Glycomet 500) (Formula 220),Metformin Hydrochloride,Tablet,500mg,Antidiabetic,SCHEDULE_H,MFG-0006,Alkem Laboratories Ltd.,50.0,61.4,8907556078550,SRC-TNMSC-04,Tamil Nadu Medical Services Corporation (TNMSC) Public Drug Formulary,SYNTHETIC_OPERATIONAL_RECORD,Store below 25°C in dry place,50,500,pharmaflow-main,2026-01-20T08:00:00Z
MED-0221,Metformin 1000mg SR (Glucophage) (Formula 221),Metformin Hydrochloride,Tablet SR,1000mg,Antidiabetic,SCHEDULE_H,MFG-0007,Zydus Lifesciences Ltd.,75.5,91.6,8908796286443,SRC-APOLLO-05,Apollo Pharmacy Retail & Catalog Directory,SYNTHETIC_OPERATIONAL_RECORD,Store below 25°C in dry place,50,500,pharmaflow-main,2026-01-20T08:00:00Z
MED-0222,Pantoprazole 40mg (Pan 40) (Formula 222),Pantoprazole Sodium,Tablet,40mg,Proton Pump Inhibitor,SCHEDULE_H,MFG-0008,Mankind Pharma Ltd.,95.0,117.8,8902704657157,SRC-MEDPLUS-06,MedPlus Health Services Store Index,SYNTHETIC_OPERATIONAL_RECORD,Store below 25°C in dry place,50,500,pharmaflow-main,2026-01-20T08:00:00Z
MED-0223,Pantoprazole + Domperidone (Pan-D) (Formula 223),Pantoprazole + Domperidone,Capsule SR,40mg + 30mg,Gastrointestinal,SCHEDULE_H,MFG-0009,Abbott Healthcare Pvt. Ltd.,157.5,194.0,8907038841740,SRC-1MG-07,Tata 1mg Public Medicine Reference Index,SYNTHETIC_OPERATIONAL_RECORD,Store below 25°C in dry place,50,500,pharmaflow-main,2026-01-20T08:00:00Z
MED-0224,Omeprazole 20mg (Omez) (Formula 224),Omeprazole,Capsule,20mg,Antacid / Anti-Ulcer,SCHEDULE_H,MFG-0010,GlaxoSmithKline Pharmaceuticals Ltd.,77.0,94.2,8903426665919,SRC-NETMEDS-08,Netmeds Public Medicine Catalog,SYNTHETIC_OPERATIONAL_RECORD,Store below 25°C in dry place,50,500,pharmaflow-main,2026-01-20T08:00:00Z
MED-0225,Telmisartan 40mg (Telma 40) (Formula 225),Telmisartan,Tablet,40mg,Antihypertensive,SCHEDULE_H,MFG-0011,Sanofi India Limited,98.0,122.0,8906265016831,SRC-RGGGH-09,Rajiv Gandhi Government General Hospital Chennai Pharmacy Formulary,SYNTHETIC_OPERATIONAL_RECORD,Store below 25°C in dry place,50,500,pharmaflow-main,2026-01-20T08:00:00Z
MED-0226,Telmisartan + Amlodipine (Telma-AM) (Formula 226),Telmisartan + Amlodipine,Tablet,40mg + 5mg,Antihypertensive,SCHEDULE_H,MFG-0012,Glenmark Pharmaceuticals Ltd.,142.5,175.2,8904641561499,SRC-CMC-10,Christian Medical College (CMC) Vellore Pharmacy Services,SYNTHETIC_OPERATIONAL_RECORD,Store below 25°C in dry place,50,500,pharmaflow-main,2026-01-20T08:00:00Z
MED-0227,Atorvastatin 10mg (Atorva 10) (Formula 227),Atorvastatin Calcium,Tablet,10mg,Lipid Lowering / Statin,SCHEDULE_H,MFG-0013,Aristo Pharmaceuticals Pvt. Ltd.,115.0,144.4,8904262396395,SRC-AIIMS-11,All India Institute of Medical Sciences (AIIMS) New Delhi Drug Formulary,SYNTHETIC_OPERATIONAL_RECORD,Store below 25°C in dry place,50,500,pharmaflow-main,2026-01-20T08:00:00Z
MED-0228,Rosuvastatin 10mg (Rosuvas 10) (Formula 228),Rosuvastatin Calcium,Tablet,10mg,Cardiovascular,SCHEDULE_H,MFG-0014,Intas Pharmaceuticals Ltd.,142.5,177.6,8905696548897,SRC-IPC-12,Indian Pharmacopoeia Commission (IPC) National Formulary of India,SYNTHETIC_OPERATIONAL_RECORD,Store below 25°C in dry place,50,500,pharmaflow-main,2026-01-20T08:00:00Z
MED-0229,Ciprofloxacin 500mg (Ciplox 500) (Formula 229),Ciprofloxacin,Tablet,500mg,Fluoroquinolone Antibiotic,SCHEDULE_H1,MFG-0015,Micro Labs Limited,82.0,100.8,8906923893872,SRC-CDSCO-01,Central Drugs Standard Control Organization (CDSCO) Public Drug Gazette,SYNTHETIC_OPERATIONAL_RECORD,Store below 25°C in dry place,50,500,pharmaflow-main,2026-01-20T08:00:00Z
MED-0230,Ofloxacin + Ornidazole (O2) (Formula 230),Ofloxacin + Ornidazole,Tablet,200mg + 500mg,Antidiarrheal / Antibacterial,SCHEDULE_H1,MFG-0016,Macleods Pharmaceuticals Ltd.,127.5,158.0,8907668801906,SRC-NPPA-02,National Pharmaceutical Pricing Authority (NPPA / DPCO),SYNTHETIC_OPERATIONAL_RECORD,Store below 25°C in dry place,50,500,pharmaflow-main,2026-01-20T08:00:00Z
MED-0231,Montelukast + Levocetirizine (Montair-LC) (Formula 231),Montelukast Sodium + Levocetirizine,Tablet,10mg + 5mg,Respiratory / Antiasthmatic,SCHEDULE_H,MFG-0017,IPCA Laboratories Ltd.,173.0,214.2,8909830946410,SRC-NLEM-03,National List of Essential Medicines (NLEM) 2022-2024,SYNTHETIC_OPERATIONAL_RECORD,Store below 25°C in dry place,50,500,pharmaflow-main,2026-01-20T08:00:00Z
MED-0232,Ibuprofen 400mg (Brufen 400) (Formula 232),Ibuprofen,Tablet,400mg,NSAID,SCHEDULE_H,MFG-0018,FDC Limited,28.0,35.0,8909630522755,SRC-TNMSC-04,Tamil Nadu Medical Services Corporation (TNMSC) Public Drug Formulary,SYNTHETIC_OPERATIONAL_RECORD,Store below 25°C in dry place,50,500,pharmaflow-main,2026-01-20T08:00:00Z
MED-0233,Aceclofenac + Paracetamol (Zerodol-P) (Formula 233),Aceclofenac + Paracetamol,Tablet,100mg + 325mg,Analgesic / Anti-inflammatory,SCHEDULE_H,MFG-0019,Alembic Pharmaceuticals Ltd.,77.5,95.2,8901736086849,SRC-APOLLO-05,Apollo Pharmacy Retail & Catalog Directory,SYNTHETIC_OPERATIONAL_RECORD,Store below 25°C in dry place,50,500,pharmaflow-main,2026-01-20T08:00:00Z
MED-0234,Vildagliptin + Metformin (Galvus Met) (Formula 234),Vildagliptin + Metformin,Tablet,50mg + 500mg,Antidiabetic,SCHEDULE_H,MFG-0020,USV Private Limited,245.0,304.4,8908663837890,SRC-MEDPLUS-06,MedPlus Health Services Store Index,SYNTHETIC_OPERATIONAL_RECORD,Store below 25°C in dry place,50,500,pharmaflow-main,2026-01-20T08:00:00Z
MED-0235,Rabeprazole 20mg (Razo 20) (Formula 235),Rabeprazole Sodium,Tablet,20mg,Gastroprokinetic,SCHEDULE_H,MFG-0021,Biocon Limited,119.5,147.6,8901182758417,SRC-1MG-07,Tata 1mg Public Medicine Reference Index,SYNTHETIC_OPERATIONAL_RECORD,Store below 25°C in dry place,50,500,pharmaflow-main,2026-01-20T08:00:00Z
MED-0236,Cough Syrup (Ascoril-D) (Formula 236),Dextromethorphan + Phenylephrine + Chlorpheniramine,Syrup 100ml,100ml,Antitussive,SCHEDULE_H,MFG-0022,Hetero Healthcare Ltd.,98.0,122.8,8907337225482,SRC-NETMEDS-08,Netmeds Public Medicine Catalog,SYNTHETIC_OPERATIONAL_RECORD,Store below 25°C in dry place,50,500,pharmaflow-main,2026-01-20T08:00:00Z
MED-0237,Oral Rehydration Salts (Electral ORS) (Formula 237),Sodium Chloride + Potassium Chloride + Sodium Citrate + Dextrose,Sachet,21.8g,Electrolyte Replenisher,OTC,MFG-0023,Ajanta Pharma Limited,30.5,38.5,8909909257076,SRC-RGGGH-09,Rajiv Gandhi Government General Hospital Chennai Pharmacy Formulary,SYNTHETIC_OPERATIONAL_RECORD,Store below 25°C in dry place,50,500,pharmaflow-main,2026-01-20T08:00:00Z
MED-0238,Multivitamin + Zinc (Becadexamin) (Formula 238),Vitamins B-Complex + C + Minerals + Zinc,Capsule,Softgel,Multivitamin,OTC,MFG-0024,Corona Remedies Pvt. Ltd.,57.0,71.2,8909270323795,SRC-CMC-10,Christian Medical College (CMC) Vellore Pharmacy Services,SYNTHETIC_OPERATIONAL_RECORD,Store below 25°C in dry place,50,500,pharmaflow-main,2026-01-20T08:00:00Z
MED-0239,Thyroxine Sodium 50mcg (Thyronorm 50) (Formula 239),Levothyroxine Sodium,Tablet,50mcg,Thyroid Hormone,SCHEDULE_H,MFG-0025,Eris Lifesciences Ltd.,125.0,155.0,8901141312095,SRC-AIIMS-11,All India Institute of Medical Sciences (AIIMS) New Delhi Drug Formulary,SYNTHETIC_OPERATIONAL_RECORD,Store below 25°C in dry place,50,500,pharmaflow-main,2026-01-20T08:00:00Z
MED-0240,Clopidogrel 75mg (Clopilet 75) (Formula 240),Clopidogrel Bisulfate,Tablet,75mg,Antiplatelet,SCHEDULE_H,MFG-0026,Blue Cross Laboratories Pvt. Ltd.,132.5,165.2,8902350701477,SRC-IPC-12,Indian Pharmacopoeia Commission (IPC) National Formulary of India,SYNTHETIC_OPERATIONAL_RECORD,Store below 25°C in dry place,50,500,pharmaflow-main,2026-01-20T08:00:00Z
MED-0241,Paracetamol 500mg (Formula 241),Acetaminophen,Tablet,500mg,Analgesic & Antipyretic,SCHEDULE_H,MFG-0027,Wockhardt Limited,30.0,36.4,8905129478722,SRC-CDSCO-01,Central Drugs Standard Control Organization (CDSCO) Public Drug Gazette,SYNTHETIC_OPERATIONAL_RECORD,Store below 25°C in dry place,50,500,pharmaflow-main,2026-01-20T08:00:00Z
MED-0242,Paracetamol 650mg (Dolo 650) (Formula 242),Acetaminophen,Tablet,650mg,Analgesic & Antipyretic,SCHEDULE_H,MFG-0028,Pfizer Limited,39.5,47.6,8903521300895,SRC-NPPA-02,National Pharmaceutical Pricing Authority (NPPA / DPCO),SYNTHETIC_OPERATIONAL_RECORD,Store below 25°C in dry place,50,500,pharmaflow-main,2026-01-20T08:00:00Z
MED-0243,Vitamin D3 60K (Calcirol) (Formula 243),Cholecalciferol,Capsule,"60,000 IU",Nutritional / Vitamin,OTC,MFG-0029,Novartis India Limited,75.0,92.8,8905625411308,SRC-NLEM-03,National List of Essential Medicines (NLEM) 2022-2024,SYNTHETIC_OPERATIONAL_RECORD,Store below 25°C in dry place,50,500,pharmaflow-main,2026-01-20T08:00:00Z
MED-0244,Amoxicillin 500mg (Novamox) (Formula 244),Amoxicillin Trihydrate,Capsule,500mg,Antibiotic,SCHEDULE_H1,MFG-0030,AstraZeneca Pharma India Ltd.,107.5,131.0,8906719736115,SRC-TNMSC-04,Tamil Nadu Medical Services Corporation (TNMSC) Public Drug Formulary,SYNTHETIC_OPERATIONAL_RECORD,Store below 25°C in dry place,50,500,pharmaflow-main,2026-01-20T08:00:00Z
MED-0245,Amoxicillin + Clavulanic Acid 625mg (Augmentin) (Formula 245),Amoxicillin + Potassium Clavulanate,Tablet,625mg,Antibacterial,SCHEDULE_H1,MFG-0031,Bayer Pharmaceuticals Pvt. Ltd.,180.0,224.2,8904110258855,SRC-APOLLO-05,Apollo Pharmacy Retail & Catalog Directory,SYNTHETIC_OPERATIONAL_RECORD,Store below 25°C in dry place,50,500,pharmaflow-main,2026-01-20T08:00:00Z
MED-0246,Cetirizine 10mg (Cetzine) (Formula 246),Cetirizine Hydrochloride,Tablet,10mg,Antihistamine,SCHEDULE_H,MFG-0032,Boehringer Ingelheim India,35.0,42.0,8909479654136,SRC-MEDPLUS-06,MedPlus Health Services Store Index,SYNTHETIC_OPERATIONAL_RECORD,Store below 25°C in dry place,50,500,pharmaflow-main,2026-01-20T08:00:00Z
MED-0247,Levocetirizine 5mg (Levocet) (Formula 247),Levocetirizine Dihydrochloride,Tablet,5mg,Antiallergic,SCHEDULE_H,MFG-0033,Zuventus Healthcare Ltd.,50.5,61.2,8901230624431,SRC-1MG-07,Tata 1mg Public Medicine Reference Index,SYNTHETIC_OPERATIONAL_RECORD,Store below 25°C in dry place,50,500,pharmaflow-main,2026-01-20T08:00:00Z
MED-0248,Azithromycin 250mg (Azee 250) (Formula 248),Azithromycin Dihydrate,Tablet,250mg,Macrolide Antibiotic,SCHEDULE_H1,MFG-0034,Apex Laboratories Pvt. Ltd.,125.0,151.4,8902877279755,SRC-NETMEDS-08,Netmeds Public Medicine Catalog,SYNTHETIC_OPERATIONAL_RECORD,Store below 25°C in dry place,50,500,pharmaflow-main,2026-01-20T08:00:00Z
MED-0249,Azithromycin 500mg (Azithral 500) (Formula 249),Azithromycin Dihydrate,Tablet,500mg,Macrolide Antibiotic,SCHEDULE_H1,MFG-0035,Fourrts (India) Laboratories Pvt. Ltd.,182.5,224.6,8904602080228,SRC-RGGGH-09,Rajiv Gandhi Government General Hospital Chennai Pharmacy Formulary,SYNTHETIC_OPERATIONAL_RECORD,Store below 25°C in dry place,50,500,pharmaflow-main,2026-01-20T08:00:00Z
MED-0250,Metformin 500mg (Glycomet 500) (Formula 250),Metformin Hydrochloride,Tablet,500mg,Antidiabetic,SCHEDULE_H,MFG-0036,Medley Pharmaceuticals Ltd.,55.0,67.8,8908617360361,SRC-CMC-10,Christian Medical College (CMC) Vellore Pharmacy Services,SYNTHETIC_OPERATIONAL_RECORD,Store below 25°C in dry place,50,500,pharmaflow-main,2026-01-20T08:00:00Z
MED-0251,Metformin 1000mg SR (Glucophage) (Formula 251),Metformin Hydrochloride,Tablet SR,1000mg,Antidiabetic,SCHEDULE_H,MFG-0037,Franco-Indian Pharmaceuticals Pvt. Ltd.,80.5,98.0,8909717175839,SRC-AIIMS-11,All India Institute of Medical Sciences (AIIMS) New Delhi Drug Formulary,SYNTHETIC_OPERATIONAL_RECORD,Store below 25°C in dry place,50,500,pharmaflow-main,2026-01-20T08:00:00Z
MED-0252,Pantoprazole 40mg (Pan 40) (Formula 252),Pantoprazole Sodium,Tablet,40mg,Proton Pump Inhibitor,SCHEDULE_H,MFG-0038,Systopic Laboratories Pvt. Ltd.,100.0,124.2,8909558091177,SRC-IPC-12,Indian Pharmacopoeia Commission (IPC) National Formulary of India,SYNTHETIC_OPERATIONAL_RECORD,Store below 25°C in dry place,50,500,pharmaflow-main,2026-01-20T08:00:00Z
MED-0253,Pantoprazole + Domperidone (Pan-D) (Formula 253),Pantoprazole + Domperidone,Capsule SR,40mg + 30mg,Gastrointestinal,SCHEDULE_H,MFG-0039,Wallace Pharmaceuticals Pvt. Ltd.,145.0,178.0,8903107125807,SRC-CDSCO-01,Central Drugs Standard Control Organization (CDSCO) Public Drug Gazette,SYNTHETIC_OPERATIONAL_RECORD,Store below 25°C in dry place,50,500,pharmaflow-main,2026-01-20T08:00:00Z
MED-0254,Omeprazole 20mg (Omez) (Formula 254),Omeprazole,Capsule,20mg,Antacid / Anti-Ulcer,SCHEDULE_H,MFG-0040,The Himalaya Drug Company,64.5,78.2,8909337145038,SRC-NPPA-02,National Pharmaceutical Pricing Authority (NPPA / DPCO),SYNTHETIC_OPERATIONAL_RECORD,Store below 25°C in dry place,50,500,pharmaflow-main,2026-01-20T08:00:00Z
MED-0255,Telmisartan 40mg (Telma 40) (Formula 255),Telmisartan,Tablet,40mg,Antihypertensive,SCHEDULE_H,MFG-0041,Dabur India Limited,103.0,128.4,8902854772804,SRC-NLEM-03,National List of Essential Medicines (NLEM) 2022-2024,SYNTHETIC_OPERATIONAL_RECORD,Store below 25°C in dry place,50,500,pharmaflow-main,2026-01-20T08:00:00Z
MED-0256,Telmisartan + Amlodipine (Telma-AM) (Formula 256),Telmisartan + Amlodipine,Tablet,40mg + 5mg,Antihypertensive,SCHEDULE_H,MFG-0042,Charak Pharma Pvt. Ltd.,147.5,181.6,8908132531532,SRC-TNMSC-04,Tamil Nadu Medical Services Corporation (TNMSC) Public Drug Formulary,SYNTHETIC_OPERATIONAL_RECORD,Store below 25°C in dry place,50,500,pharmaflow-main,2026-01-20T08:00:00Z
MED-0257,Atorvastatin 10mg (Atorva 10) (Formula 257),Atorvastatin Calcium,Tablet,10mg,Lipid Lowering / Statin,SCHEDULE_H,MFG-0043,Juggat Pharma Ltd.,120.0,150.8,8907951902330,SRC-APOLLO-05,Apollo Pharmacy Retail & Catalog Directory,SYNTHETIC_OPERATIONAL_RECORD,Store below 25°C in dry place,50,500,pharmaflow-main,2026-01-20T08:00:00Z
MED-0258,Rosuvastatin 10mg (Rosuvas 10) (Formula 258),Rosuvastatin Calcium,Tablet,10mg,Cardiovascular,SCHEDULE_H,MFG-0044,Indoco Remedies Limited,147.5,184.0,8904427620889,SRC-MEDPLUS-06,MedPlus Health Services Store Index,SYNTHETIC_OPERATIONAL_RECORD,Store below 25°C in dry place,50,500,pharmaflow-main,2026-01-20T08:00:00Z
MED-0259,Ciprofloxacin 500mg (Ciplox 500) (Formula 259),Ciprofloxacin,Tablet,500mg,Fluoroquinolone Antibiotic,SCHEDULE_H1,MFG-0045,Centaur Pharmaceuticals Pvt. Ltd.,87.0,107.2,8904062777850,SRC-1MG-07,Tata 1mg Public Medicine Reference Index,SYNTHETIC_OPERATIONAL_RECORD,Store below 25°C in dry place,50,500,pharmaflow-main,2026-01-20T08:00:00Z
MED-0260,Ofloxacin + Ornidazole (O2) (Formula 260),Ofloxacin + Ornidazole,Tablet,200mg + 500mg,Antidiarrheal / Antibacterial,SCHEDULE_H1,MFG-0046,Bharat Biotech International Ltd.,115.0,142.0,8905647317872,SRC-NETMEDS-08,Netmeds Public Medicine Catalog,SYNTHETIC_OPERATIONAL_RECORD,Store below 25°C in dry place,50,500,pharmaflow-main,2026-01-20T08:00:00Z
MED-0261,Montelukast + Levocetirizine (Montair-LC) (Formula 261),Montelukast Sodium + Levocetirizine,Tablet,10mg + 5mg,Respiratory / Antiasthmatic,SCHEDULE_H,MFG-0047,Serum Institute of India Pvt. Ltd.,160.5,198.2,8905957341287,SRC-RGGGH-09,Rajiv Gandhi Government General Hospital Chennai Pharmacy Formulary,SYNTHETIC_OPERATIONAL_RECORD,Store below 25°C in dry place,50,500,pharmaflow-main,2026-01-20T08:00:00Z
MED-0262,Ibuprofen 400mg (Brufen 400) (Formula 262),Ibuprofen,Tablet,400mg,NSAID,SCHEDULE_H,MFG-0048,Panacea Biotec Ltd.,33.0,41.4,8903722583581,SRC-CMC-10,Christian Medical College (CMC) Vellore Pharmacy Services,SYNTHETIC_OPERATIONAL_RECORD,Store below 25°C in dry place,50,500,pharmaflow-main,2026-01-20T08:00:00Z
MED-0263,Aceclofenac + Paracetamol (Zerodol-P) (Formula 263),Aceclofenac + Paracetamol,Tablet,100mg + 325mg,Analgesic / Anti-inflammatory,SCHEDULE_H,MFG-0049,Biological E. Limited,82.5,101.6,8908471762590,SRC-AIIMS-11,All India Institute of Medical Sciences (AIIMS) New Delhi Drug Formulary,SYNTHETIC_OPERATIONAL_RECORD,Store below 25°C in dry place,50,500,pharmaflow-main,2026-01-20T08:00:00Z
MED-0264,Vildagliptin + Metformin (Galvus Met) (Formula 264),Vildagliptin + Metformin,Tablet,50mg + 500mg,Antidiabetic,SCHEDULE_H,MFG-0050,Shantha Biotechnics Pvt. Ltd.,250.0,310.8,8906655089949,SRC-IPC-12,Indian Pharmacopoeia Commission (IPC) National Formulary of India,SYNTHETIC_OPERATIONAL_RECORD,Store below 25°C in dry place,50,500,pharmaflow-main,2026-01-20T08:00:00Z
MED-0265,Rabeprazole 20mg (Razo 20) (Formula 265),Rabeprazole Sodium,Tablet,20mg,Gastroprokinetic,SCHEDULE_H,MFG-0051,PharmaCorp India Unit 51 Pvt. Ltd.,124.5,154.0,8901457632732,SRC-CDSCO-01,Central Drugs Standard Control Organization (CDSCO) Public Drug Gazette,SYNTHETIC_OPERATIONAL_RECORD,Store below 25°C in dry place,50,500,pharmaflow-main,2026-01-20T08:00:00Z
MED-0266,Cough Syrup (Ascoril-D) (Formula 266),Dextromethorphan + Phenylephrine + Chlorpheniramine,Syrup 100ml,100ml,Antitussive,SCHEDULE_H,MFG-0052,PharmaCorp India Unit 52 Pvt. Ltd.,103.0,129.2,8906618965944,SRC-NPPA-02,National Pharmaceutical Pricing Authority (NPPA / DPCO),SYNTHETIC_OPERATIONAL_RECORD,Store below 25°C in dry place,50,500,pharmaflow-main,2026-01-20T08:00:00Z
MED-0267,Oral Rehydration Salts (Electral ORS) (Formula 267),Sodium Chloride + Potassium Chloride + Sodium Citrate + Dextrose,Sachet,21.8g,Electrolyte Replenisher,OTC,MFG-0053,PharmaCorp India Unit 53 Pvt. Ltd.,18.0,22.5,8902158638062,SRC-NLEM-03,National List of Essential Medicines (NLEM) 2022-2024,SYNTHETIC_OPERATIONAL_RECORD,Store below 25°C in dry place,50,500,pharmaflow-main,2026-01-20T08:00:00Z
MED-0268,Multivitamin + Zinc (Becadexamin) (Formula 268),Vitamins B-Complex + C + Minerals + Zinc,Capsule,Softgel,Multivitamin,OTC,MFG-0054,PharmaCorp India Unit 54 Pvt. Ltd.,44.5,55.2,8901569113257,SRC-TNMSC-04,Tamil Nadu Medical Services Corporation (TNMSC) Public Drug Formulary,SYNTHETIC_OPERATIONAL_RECORD,Store below 25°C in dry place,50,500,pharmaflow-main,2026-01-20T08:00:00Z
MED-0269,Thyroxine Sodium 50mcg (Thyronorm 50) (Formula 269),Levothyroxine Sodium,Tablet,50mcg,Thyroid Hormone,SCHEDULE_H,MFG-0055,PharmaCorp India Unit 55 Pvt. Ltd.,130.0,161.4,8906099808894,SRC-APOLLO-05,Apollo Pharmacy Retail & Catalog Directory,SYNTHETIC_OPERATIONAL_RECORD,Store below 25°C in dry place,50,500,pharmaflow-main,2026-01-20T08:00:00Z
MED-0270,Clopidogrel 75mg (Clopilet 75) (Formula 270),Clopidogrel Bisulfate,Tablet,75mg,Antiplatelet,SCHEDULE_H,MFG-0056,PharmaCorp India Unit 56 Pvt. Ltd.,137.5,171.6,8902752536389,SRC-MEDPLUS-06,MedPlus Health Services Store Index,SYNTHETIC_OPERATIONAL_RECORD,Store below 25°C in dry place,50,500,pharmaflow-main,2026-01-20T08:00:00Z
MED-0271,Paracetamol 500mg (Formula 271),Acetaminophen,Tablet,500mg,Analgesic & Antipyretic,SCHEDULE_H,MFG-0057,PharmaCorp India Unit 57 Pvt. Ltd.,35.0,42.8,8901112794026,SRC-1MG-07,Tata 1mg Public Medicine Reference Index,SYNTHETIC_OPERATIONAL_RECORD,Store below 25°C in dry place,50,500,pharmaflow-main,2026-01-20T08:00:00Z
MED-0272,Paracetamol 650mg (Dolo 650) (Formula 272),Acetaminophen,Tablet,650mg,Analgesic & Antipyretic,SCHEDULE_H,MFG-0058,PharmaCorp India Unit 58 Pvt. Ltd.,44.5,54.0,8909989642546,SRC-NETMEDS-08,Netmeds Public Medicine Catalog,SYNTHETIC_OPERATIONAL_RECORD,Store below 25°C in dry place,50,500,pharmaflow-main,2026-01-20T08:00:00Z
MED-0273,Vitamin D3 60K (Calcirol) (Formula 273),Cholecalciferol,Capsule,"60,000 IU",Nutritional / Vitamin,OTC,MFG-0059,PharmaCorp India Unit 59 Pvt. Ltd.,80.0,99.2,8902654584280,SRC-RGGGH-09,Rajiv Gandhi Government General Hospital Chennai Pharmacy Formulary,SYNTHETIC_OPERATIONAL_RECORD,Store below 25°C in dry place,50,500,pharmaflow-main,2026-01-20T08:00:00Z
MED-0274,Amoxicillin 500mg (Novamox) (Formula 274),Amoxicillin Trihydrate,Capsule,500mg,Antibiotic,SCHEDULE_H1,MFG-0060,PharmaCorp India Unit 60 Pvt. Ltd.,95.0,115.0,8906548442140,SRC-CMC-10,Christian Medical College (CMC) Vellore Pharmacy Services,SYNTHETIC_OPERATIONAL_RECORD,Store below 25°C in dry place,50,500,pharmaflow-main,2026-01-20T08:00:00Z
MED-0275,Amoxicillin + Clavulanic Acid 625mg (Augmentin) (Formula 275),Amoxicillin + Potassium Clavulanate,Tablet,625mg,Antibacterial,SCHEDULE_H1,MFG-0061,PharmaCorp India Unit 61 Pvt. Ltd.,167.5,208.2,8909953716239,SRC-AIIMS-11,All India Institute of Medical Sciences (AIIMS) New Delhi Drug Formulary,SYNTHETIC_OPERATIONAL_RECORD,Store below 25°C in dry place,50,500,pharmaflow-main,2026-01-20T08:00:00Z
MED-0276,Cetirizine 10mg (Cetzine) (Formula 276),Cetirizine Hydrochloride,Tablet,10mg,Antihistamine,SCHEDULE_H,MFG-0062,PharmaCorp India Unit 62 Pvt. Ltd.,40.0,48.4,8905201221330,SRC-IPC-12,Indian Pharmacopoeia Commission (IPC) National Formulary of India,SYNTHETIC_OPERATIONAL_RECORD,Store below 25°C in dry place,50,500,pharmaflow-main,2026-01-20T08:00:00Z
MED-0277,Levocetirizine 5mg (Levocet) (Formula 277),Levocetirizine Dihydrochloride,Tablet,5mg,Antiallergic,SCHEDULE_H,MFG-0063,PharmaCorp India Unit 63 Pvt. Ltd.,55.5,67.6,8902635231601,SRC-CDSCO-01,Central Drugs Standard Control Organization (CDSCO) Public Drug Gazette,SYNTHETIC_OPERATIONAL_RECORD,Store below 25°C in dry place,50,500,pharmaflow-main,2026-01-20T08:00:00Z
MED-0278,Azithromycin 250mg (Azee 250) (Formula 278),Azithromycin Dihydrate,Tablet,250mg,Macrolide Antibiotic,SCHEDULE_H1,MFG-0064,PharmaCorp India Unit 64 Pvt. Ltd.,130.0,157.8,8905891280823,SRC-NPPA-02,National Pharmaceutical Pricing Authority (NPPA / DPCO),SYNTHETIC_OPERATIONAL_RECORD,Store below 25°C in dry place,50,500,pharmaflow-main,2026-01-20T08:00:00Z
MED-0279,Azithromycin 500mg (Azithral 500) (Formula 279),Azithromycin Dihydrate,Tablet,500mg,Macrolide Antibiotic,SCHEDULE_H1,MFG-0065,PharmaCorp India Unit 65 Pvt. Ltd.,187.5,231.0,8906588316233,SRC-NLEM-03,National List of Essential Medicines (NLEM) 2022-2024,SYNTHETIC_OPERATIONAL_RECORD,Store below 25°C in dry place,50,500,pharmaflow-main,2026-01-20T08:00:00Z
MED-0280,Metformin 500mg (Glycomet 500) (Formula 280),Metformin Hydrochloride,Tablet,500mg,Antidiabetic,SCHEDULE_H,MFG-0066,PharmaCorp India Unit 66 Pvt. Ltd.,60.0,74.2,8903117951204,SRC-TNMSC-04,Tamil Nadu Medical Services Corporation (TNMSC) Public Drug Formulary,SYNTHETIC_OPERATIONAL_RECORD,Store below 25°C in dry place,50,500,pharmaflow-main,2026-01-20T08:00:00Z
MED-0281,Metformin 1000mg SR (Glucophage) (Formula 281),Metformin Hydrochloride,Tablet SR,1000mg,Antidiabetic,SCHEDULE_H,MFG-0067,PharmaCorp India Unit 67 Pvt. Ltd.,68.0,82.0,8901271730355,SRC-APOLLO-05,Apollo Pharmacy Retail & Catalog Directory,SYNTHETIC_OPERATIONAL_RECORD,Store below 25°C in dry place,50,500,pharmaflow-main,2026-01-20T08:00:00Z
MED-0282,Pantoprazole 40mg (Pan 40) (Formula 282),Pantoprazole Sodium,Tablet,40mg,Proton Pump Inhibitor,SCHEDULE_H,MFG-0068,PharmaCorp India Unit 68 Pvt. Ltd.,87.5,108.2,8907161887665,SRC-MEDPLUS-06,MedPlus Health Services Store Index,SYNTHETIC_OPERATIONAL_RECORD,Store below 25°C in dry place,50,500,pharmaflow-main,2026-01-20T08:00:00Z
MED-0283,Pantoprazole + Domperidone (Pan-D) (Formula 283),Pantoprazole + Domperidone,Capsule SR,40mg + 30mg,Gastrointestinal,SCHEDULE_H,MFG-0069,PharmaCorp India Unit 69 Pvt. Ltd.,150.0,184.4,8907103588071,SRC-1MG-07,Tata 1mg Public Medicine Reference Index,SYNTHETIC_OPERATIONAL_RECORD,Store below 25°C in dry place,50,500,pharmaflow-main,2026-01-20T08:00:00Z
MED-0284,Omeprazole 20mg (Omez) (Formula 284),Omeprazole,Capsule,20mg,Antacid / Anti-Ulcer,SCHEDULE_H,MFG-0070,PharmaCorp India Unit 70 Pvt. Ltd.,69.5,84.6,8905625342041,SRC-NETMEDS-08,Netmeds Public Medicine Catalog,SYNTHETIC_OPERATIONAL_RECORD,Store below 25°C in dry place,50,500,pharmaflow-main,2026-01-20T08:00:00Z
MED-0285,Telmisartan 40mg (Telma 40) (Formula 285),Telmisartan,Tablet,40mg,Antihypertensive,SCHEDULE_H,MFG-0071,PharmaCorp India Unit 71 Pvt. Ltd.,108.0,134.8,8907979466538,SRC-RGGGH-09,Rajiv Gandhi Government General Hospital Chennai Pharmacy Formulary,SYNTHETIC_OPERATIONAL_RECORD,Store below 25°C in dry place,50,500,pharmaflow-main,2026-01-20T08:00:00Z
MED-0286,Telmisartan + Amlodipine (Telma-AM) (Formula 286),Telmisartan + Amlodipine,Tablet,40mg + 5mg,Antihypertensive,SCHEDULE_H,MFG-0072,PharmaCorp India Unit 72 Pvt. Ltd.,152.5,188.0,8906134840512,SRC-CMC-10,Christian Medical College (CMC) Vellore Pharmacy Services,SYNTHETIC_OPERATIONAL_RECORD,Store below 25°C in dry place,50,500,pharmaflow-main,2026-01-20T08:00:00Z
MED-0287,Atorvastatin 10mg (Atorva 10) (Formula 287),Atorvastatin Calcium,Tablet,10mg,Lipid Lowering / Statin,SCHEDULE_H,MFG-0073,PharmaCorp India Unit 73 Pvt. Ltd.,125.0,157.2,8901459442845,SRC-AIIMS-11,All India Institute of Medical Sciences (AIIMS) New Delhi Drug Formulary,SYNTHETIC_OPERATIONAL_RECORD,Store below 25°C in dry place,50,500,pharmaflow-main,2026-01-20T08:00:00Z
MED-0288,Rosuvastatin 10mg (Rosuvas 10) (Formula 288),Rosuvastatin Calcium,Tablet,10mg,Cardiovascular,SCHEDULE_H,MFG-0074,PharmaCorp India Unit 74 Pvt. Ltd.,135.0,168.0,8902308496151,SRC-IPC-12,Indian Pharmacopoeia Commission (IPC) National Formulary of India,SYNTHETIC_OPERATIONAL_RECORD,Store below 25°C in dry place,50,500,pharmaflow-main,2026-01-20T08:00:00Z
MED-0289,Ciprofloxacin 500mg (Ciplox 500) (Formula 289),Ciprofloxacin,Tablet,500mg,Fluoroquinolone Antibiotic,SCHEDULE_H1,MFG-0075,PharmaCorp India Unit 75 Pvt. Ltd.,74.5,91.2,8909370133032,SRC-CDSCO-01,Central Drugs Standard Control Organization (CDSCO) Public Drug Gazette,SYNTHETIC_OPERATIONAL_RECORD,Store below 25°C in dry place,50,500,pharmaflow-main,2026-01-20T08:00:00Z
MED-0290,Ofloxacin + Ornidazole (O2) (Formula 290),Ofloxacin + Ornidazole,Tablet,200mg + 500mg,Antidiarrheal / Antibacterial,SCHEDULE_H1,MFG-0076,PharmaCorp India Unit 76 Pvt. Ltd.,120.0,148.4,8907958672456,SRC-NPPA-02,National Pharmaceutical Pricing Authority (NPPA / DPCO),SYNTHETIC_OPERATIONAL_RECORD,Store below 25°C in dry place,50,500,pharmaflow-main,2026-01-20T08:00:00Z
MED-0291,Montelukast + Levocetirizine (Montair-LC) (Formula 291),Montelukast Sodium + Levocetirizine,Tablet,10mg + 5mg,Respiratory / Antiasthmatic,SCHEDULE_H,MFG-0077,PharmaCorp India Unit 77 Pvt. Ltd.,165.5,204.6,8906710338189,SRC-NLEM-03,National List of Essential Medicines (NLEM) 2022-2024,SYNTHETIC_OPERATIONAL_RECORD,Store below 25°C in dry place,50,500,pharmaflow-main,2026-01-20T08:00:00Z
MED-0292,Ibuprofen 400mg (Brufen 400) (Formula 292),Ibuprofen,Tablet,400mg,NSAID,SCHEDULE_H,MFG-0078,PharmaCorp India Unit 78 Pvt. Ltd.,38.0,47.8,8906732648420,SRC-TNMSC-04,Tamil Nadu Medical Services Corporation (TNMSC) Public Drug Formulary,SYNTHETIC_OPERATIONAL_RECORD,Store below 25°C in dry place,50,500,pharmaflow-main,2026-01-20T08:00:00Z
MED-0293,Aceclofenac + Paracetamol (Zerodol-P) (Formula 293),Aceclofenac + Paracetamol,Tablet,100mg + 325mg,Analgesic / Anti-inflammatory,SCHEDULE_H,MFG-0079,PharmaCorp India Unit 79 Pvt. Ltd.,87.5,108.0,8905879617459,SRC-APOLLO-05,Apollo Pharmacy Retail & Catalog Directory,SYNTHETIC_OPERATIONAL_RECORD,Store below 25°C in dry place,50,500,pharmaflow-main,2026-01-20T08:00:00Z
MED-0294,Vildagliptin + Metformin (Galvus Met) (Formula 294),Vildagliptin + Metformin,Tablet,50mg + 500mg,Antidiabetic,SCHEDULE_H,MFG-0080,PharmaCorp India Unit 80 Pvt. Ltd.,255.0,317.2,8906157617867,SRC-MEDPLUS-06,MedPlus Health Services Store Index,SYNTHETIC_OPERATIONAL_RECORD,Store below 25°C in dry place,50,500,pharmaflow-main,2026-01-20T08:00:00Z
MED-0295,Rabeprazole 20mg (Razo 20) (Formula 295),Rabeprazole Sodium,Tablet,20mg,Gastroprokinetic,SCHEDULE_H,MFG-0081,PharmaCorp India Unit 81 Pvt. Ltd.,112.0,138.0,8902349406919,SRC-1MG-07,Tata 1mg Public Medicine Reference Index,SYNTHETIC_OPERATIONAL_RECORD,Store below 25°C in dry place,50,500,pharmaflow-main,2026-01-20T08:00:00Z
MED-0296,Cough Syrup (Ascoril-D) (Formula 296),Dextromethorphan + Phenylephrine + Chlorpheniramine,Syrup 100ml,100ml,Antitussive,SCHEDULE_H,MFG-0082,PharmaCorp India Unit 82 Pvt. Ltd.,90.5,113.2,8909437783771,SRC-NETMEDS-08,Netmeds Public Medicine Catalog,SYNTHETIC_OPERATIONAL_RECORD,Store below 25°C in dry place,50,500,pharmaflow-main,2026-01-20T08:00:00Z
MED-0297,Oral Rehydration Salts (Electral ORS) (Formula 297),Sodium Chloride + Potassium Chloride + Sodium Citrate + Dextrose,Sachet,21.8g,Electrolyte Replenisher,OTC,MFG-0083,PharmaCorp India Unit 83 Pvt. Ltd.,23.0,28.9,8909455610447,SRC-RGGGH-09,Rajiv Gandhi Government General Hospital Chennai Pharmacy Formulary,SYNTHETIC_OPERATIONAL_RECORD,Store below 25°C in dry place,50,500,pharmaflow-main,2026-01-20T08:00:00Z
MED-0298,Multivitamin + Zinc (Becadexamin) (Formula 298),Vitamins B-Complex + C + Minerals + Zinc,Capsule,Softgel,Multivitamin,OTC,MFG-0084,PharmaCorp India Unit 84 Pvt. Ltd.,49.5,61.6,8906336171726,SRC-CMC-10,Christian Medical College (CMC) Vellore Pharmacy Services,SYNTHETIC_OPERATIONAL_RECORD,Store below 25°C in dry place,50,500,pharmaflow-main,2026-01-20T08:00:00Z
MED-0299,Thyroxine Sodium 50mcg (Thyronorm 50) (Formula 299),Levothyroxine Sodium,Tablet,50mcg,Thyroid Hormone,SCHEDULE_H,MFG-0085,PharmaCorp India Unit 85 Pvt. Ltd.,135.0,167.8,8906910112521,SRC-AIIMS-11,All India Institute of Medical Sciences (AIIMS) New Delhi Drug Formulary,SYNTHETIC_OPERATIONAL_RECORD,Store below 25°C in dry place,50,500,pharmaflow-main,2026-01-20T08:00:00Z
MED-0300,Clopidogrel 75mg (Clopilet 75) (Formula 300),Clopidogrel Bisulfate,Tablet,75mg,Antiplatelet,SCHEDULE_H,MFG-0086,PharmaCorp India Unit 86 Pvt. Ltd.,142.5,178.0,8906982610835,SRC-IPC-12,Indian Pharmacopoeia Commission (IPC) National Formulary of India,SYNTHETIC_OPERATIONAL_RECORD,Store below 25°C in dry place,50,500,pharmaflow-main,2026-01-20T08:00:00Z
MED-0301,Paracetamol 500mg (Formula 301),Acetaminophen,Tablet,500mg,Analgesic & Antipyretic,SCHEDULE_H,MFG-0087,PharmaCorp India Unit 87 Pvt. Ltd.,40.0,49.2,8903421719519,SRC-CDSCO-01,Central Drugs Standard Control Organization (CDSCO) Public Drug Gazette,SYNTHETIC_OPERATIONAL_RECORD,Store below 25°C in dry place,50,500,pharmaflow-main,2026-01-20T08:00:00Z
MED-0302,Paracetamol 650mg (Dolo 650) (Formula 302),Acetaminophen,Tablet,650mg,Analgesic & Antipyretic,SCHEDULE_H,MFG-0088,PharmaCorp India Unit 88 Pvt. Ltd.,32.0,38.0,8903343459102,SRC-NPPA-02,National Pharmaceutical Pricing Authority (NPPA / DPCO),SYNTHETIC_OPERATIONAL_RECORD,Store below 25°C in dry place,50,500,pharmaflow-main,2026-01-20T08:00:00Z
MED-0303,Vitamin D3 60K (Calcirol) (Formula 303),Cholecalciferol,Capsule,"60,000 IU",Nutritional / Vitamin,OTC,MFG-0089,PharmaCorp India Unit 89 Pvt. Ltd.,67.5,83.2,8903362657890,SRC-NLEM-03,National List of Essential Medicines (NLEM) 2022-2024,SYNTHETIC_OPERATIONAL_RECORD,Store below 25°C in dry place,50,500,pharmaflow-main,2026-01-20T08:00:00Z
MED-0304,Amoxicillin 500mg (Novamox) (Formula 304),Amoxicillin Trihydrate,Capsule,500mg,Antibiotic,SCHEDULE_H1,MFG-0090,PharmaCorp India Unit 90 Pvt. Ltd.,100.0,121.4,8904042413312,SRC-TNMSC-04,Tamil Nadu Medical Services Corporation (TNMSC) Public Drug Formulary,SYNTHETIC_OPERATIONAL_RECORD,Store below 25°C in dry place,50,500,pharmaflow-main,2026-01-20T08:00:00Z
MED-0305,Amoxicillin + Clavulanic Acid 625mg (Augmentin) (Formula 305),Amoxicillin + Potassium Clavulanate,Tablet,625mg,Antibacterial,SCHEDULE_H1,MFG-0091,PharmaCorp India Unit 91 Pvt. Ltd.,172.5,214.6,8903975704877,SRC-APOLLO-05,Apollo Pharmacy Retail & Catalog Directory,SYNTHETIC_OPERATIONAL_RECORD,Store below 25°C in dry place,50,500,pharmaflow-main,2026-01-20T08:00:00Z
MED-0306,Cetirizine 10mg (Cetzine) (Formula 306),Cetirizine Hydrochloride,Tablet,10mg,Antihistamine,SCHEDULE_H,MFG-0092,PharmaCorp India Unit 92 Pvt. Ltd.,45.0,54.8,8903144490990,SRC-MEDPLUS-06,MedPlus Health Services Store Index,SYNTHETIC_OPERATIONAL_RECORD,Store below 25°C in dry place,50,500,pharmaflow-main,2026-01-20T08:00:00Z
MED-0307,Levocetirizine 5mg (Levocet) (Formula 307),Levocetirizine Dihydrochloride,Tablet,5mg,Antiallergic,SCHEDULE_H,MFG-0093,PharmaCorp India Unit 93 Pvt. Ltd.,60.5,74.0,8908015124886,SRC-1MG-07,Tata 1mg Public Medicine Reference Index,SYNTHETIC_OPERATIONAL_RECORD,Store below 25°C in dry place,50,500,pharmaflow-main,2026-01-20T08:00:00Z
MED-0308,Azithromycin 250mg (Azee 250) (Formula 308),Azithromycin Dihydrate,Tablet,250mg,Macrolide Antibiotic,SCHEDULE_H1,MFG-0094,PharmaCorp India Unit 94 Pvt. Ltd.,135.0,164.2,8906334440295,SRC-NETMEDS-08,Netmeds Public Medicine Catalog,SYNTHETIC_OPERATIONAL_RECORD,Store below 25°C in dry place,50,500,pharmaflow-main,2026-01-20T08:00:00Z
MED-0309,Azithromycin 500mg (Azithral 500) (Formula 309),Azithromycin Dihydrate,Tablet,500mg,Macrolide Antibiotic,SCHEDULE_H1,MFG-0095,PharmaCorp India Unit 95 Pvt. Ltd.,175.0,215.0,8903828935922,SRC-RGGGH-09,Rajiv Gandhi Government General Hospital Chennai Pharmacy Formulary,SYNTHETIC_OPERATIONAL_RECORD,Store below 25°C in dry place,50,500,pharmaflow-main,2026-01-20T08:00:00Z
MED-0310,Metformin 500mg (Glycomet 500) (Formula 310),Metformin Hydrochloride,Tablet,500mg,Antidiabetic,SCHEDULE_H,MFG-0096,PharmaCorp India Unit 96 Pvt. Ltd.,47.5,58.2,8908366884200,SRC-CMC-10,Christian Medical College (CMC) Vellore Pharmacy Services,SYNTHETIC_OPERATIONAL_RECORD,Store below 25°C in dry place,50,500,pharmaflow-main,2026-01-20T08:00:00Z
MED-0311,Metformin 1000mg SR (Glucophage) (Formula 311),Metformin Hydrochloride,Tablet SR,1000mg,Antidiabetic,SCHEDULE_H,MFG-0097,PharmaCorp India Unit 97 Pvt. Ltd.,73.0,88.4,8908684026200,SRC-AIIMS-11,All India Institute of Medical Sciences (AIIMS) New Delhi Drug Formulary,SYNTHETIC_OPERATIONAL_RECORD,Store below 25°C in dry place,50,500,pharmaflow-main,2026-01-20T08:00:00Z
MED-0312,Pantoprazole 40mg (Pan 40) (Formula 312),Pantoprazole Sodium,Tablet,40mg,Proton Pump Inhibitor,SCHEDULE_H,MFG-0098,PharmaCorp India Unit 98 Pvt. Ltd.,92.5,114.6,8905612645121,SRC-IPC-12,Indian Pharmacopoeia Commission (IPC) National Formulary of India,SYNTHETIC_OPERATIONAL_RECORD,Store below 25°C in dry place,50,500,pharmaflow-main,2026-01-20T08:00:00Z
MED-0313,Pantoprazole + Domperidone (Pan-D) (Formula 313),Pantoprazole + Domperidone,Capsule SR,40mg + 30mg,Gastrointestinal,SCHEDULE_H,MFG-0099,PharmaCorp India Unit 99 Pvt. Ltd.,155.0,190.8,8908265834251,SRC-CDSCO-01,Central Drugs Standard Control Organization (CDSCO) Public Drug Gazette,SYNTHETIC_OPERATIONAL_RECORD,Store below 25°C in dry place,50,500,pharmaflow-main,2026-01-20T08:00:00Z
MED-0314,Omeprazole 20mg (Omez) (Formula 314),Omeprazole,Capsule,20mg,Antacid / Anti-Ulcer,SCHEDULE_H,MFG-0100,PharmaCorp India Unit 100 Pvt. Ltd.,74.5,91.0,8903334938378,SRC-NPPA-02,National Pharmaceutical Pricing Authority (NPPA / DPCO),SYNTHETIC_OPERATIONAL_RECORD,Store below 25°C in dry place,50,500,pharmaflow-main,2026-01-20T08:00:00Z
MED-0315,Telmisartan 40mg (Telma 40) (Formula 315),Telmisartan,Tablet,40mg,Antihypertensive,SCHEDULE_H,MFG-0101,PharmaCorp India Unit 101 Pvt. Ltd.,113.0,141.2,8901364994639,SRC-NLEM-03,National List of Essential Medicines (NLEM) 2022-2024,SYNTHETIC_OPERATIONAL_RECORD,Store below 25°C in dry place,50,500,pharmaflow-main,2026-01-20T08:00:00Z
MED-0316,Telmisartan + Amlodipine (Telma-AM) (Formula 316),Telmisartan + Amlodipine,Tablet,40mg + 5mg,Antihypertensive,SCHEDULE_H,MFG-0102,PharmaCorp India Unit 102 Pvt. Ltd.,140.0,172.0,8904302632494,SRC-TNMSC-04,Tamil Nadu Medical Services Corporation (TNMSC) Public Drug Formulary,SYNTHETIC_OPERATIONAL_RECORD,Store below 25°C in dry place,50,500,pharmaflow-main,2026-01-20T08:00:00Z
MED-0317,Atorvastatin 10mg (Atorva 10) (Formula 317),Atorvastatin Calcium,Tablet,10mg,Lipid Lowering / Statin,SCHEDULE_H,MFG-0103,PharmaCorp India Unit 103 Pvt. Ltd.,112.5,141.2,8902524751277,SRC-APOLLO-05,Apollo Pharmacy Retail & Catalog Directory,SYNTHETIC_OPERATIONAL_RECORD,Store below 25°C in dry place,50,500,pharmaflow-main,2026-01-20T08:00:00Z
MED-0318,Rosuvastatin 10mg (Rosuvas 10) (Formula 318),Rosuvastatin Calcium,Tablet,10mg,Cardiovascular,SCHEDULE_H,MFG-0104,PharmaCorp India Unit 104 Pvt. Ltd.,140.0,174.4,8909780187424,SRC-MEDPLUS-06,MedPlus Health Services Store Index,SYNTHETIC_OPERATIONAL_RECORD,Store below 25°C in dry place,50,500,pharmaflow-main,2026-01-20T08:00:00Z
MED-0319,Ciprofloxacin 500mg (Ciplox 500) (Formula 319),Ciprofloxacin,Tablet,500mg,Fluoroquinolone Antibiotic,SCHEDULE_H1,MFG-0105,PharmaCorp India Unit 105 Pvt. Ltd.,79.5,97.6,8908527715219,SRC-1MG-07,Tata 1mg Public Medicine Reference Index,SYNTHETIC_OPERATIONAL_RECORD,Store below 25°C in dry place,50,500,pharmaflow-main,2026-01-20T08:00:00Z
MED-0320,Ofloxacin + Ornidazole (O2) (Formula 320),Ofloxacin + Ornidazole,Tablet,200mg + 500mg,Antidiarrheal / Antibacterial,SCHEDULE_H1,MFG-0106,PharmaCorp India Unit 106 Pvt. Ltd.,125.0,154.8,8902848792488,SRC-NETMEDS-08,Netmeds Public Medicine Catalog,SYNTHETIC_OPERATIONAL_RECORD,Store below 25°C in dry place,50,500,pharmaflow-main,2026-01-20T08:00:00Z
MED-0321,Montelukast + Levocetirizine (Montair-LC) (Formula 321),Montelukast Sodium + Levocetirizine,Tablet,10mg + 5mg,Respiratory / Antiasthmatic,SCHEDULE_H,MFG-0107,PharmaCorp India Unit 107 Pvt. Ltd.,170.5,211.0,8901045302356,SRC-RGGGH-09,Rajiv Gandhi Government General Hospital Chennai Pharmacy Formulary,SYNTHETIC_OPERATIONAL_RECORD,Store below 25°C in dry place,50,500,pharmaflow-main,2026-01-20T08:00:00Z
MED-0322,Ibuprofen 400mg (Brufen 400) (Formula 322),Ibuprofen,Tablet,400mg,NSAID,SCHEDULE_H,MFG-0108,PharmaCorp India Unit 108 Pvt. Ltd.,43.0,54.2,8902111272861,SRC-CMC-10,Christian Medical College (CMC) Vellore Pharmacy Services,SYNTHETIC_OPERATIONAL_RECORD,Store below 25°C in dry place,50,500,pharmaflow-main,2026-01-20T08:00:00Z
MED-0323,Aceclofenac + Paracetamol (Zerodol-P) (Formula 323),Aceclofenac + Paracetamol,Tablet,100mg + 325mg,Analgesic / Anti-inflammatory,SCHEDULE_H,MFG-0109,PharmaCorp India Unit 109 Pvt. Ltd.,75.0,92.0,8903470617247,SRC-AIIMS-11,All India Institute of Medical Sciences (AIIMS) New Delhi Drug Formulary,SYNTHETIC_OPERATIONAL_RECORD,Store below 25°C in dry place,50,500,pharmaflow-main,2026-01-20T08:00:00Z
MED-0324,Vildagliptin + Metformin (Galvus Met) (Formula 324),Vildagliptin + Metformin,Tablet,50mg + 500mg,Antidiabetic,SCHEDULE_H,MFG-0110,PharmaCorp India Unit 110 Pvt. Ltd.,242.5,301.2,8907209571615,SRC-IPC-12,Indian Pharmacopoeia Commission (IPC) National Formulary of India,SYNTHETIC_OPERATIONAL_RECORD,Store below 25°C in dry place,50,500,pharmaflow-main,2026-01-20T08:00:00Z
MED-0325,Rabeprazole 20mg (Razo 20) (Formula 325),Rabeprazole Sodium,Tablet,20mg,Gastroprokinetic,SCHEDULE_H,MFG-0111,PharmaCorp India Unit 111 Pvt. Ltd.,117.0,144.4,8906974875750,SRC-CDSCO-01,Central Drugs Standard Control Organization (CDSCO) Public Drug Gazette,SYNTHETIC_OPERATIONAL_RECORD,Store below 25°C in dry place,50,500,pharmaflow-main,2026-01-20T08:00:00Z
MED-0326,Cough Syrup (Ascoril-D) (Formula 326),Dextromethorphan + Phenylephrine + Chlorpheniramine,Syrup 100ml,100ml,Antitussive,SCHEDULE_H,MFG-0112,PharmaCorp India Unit 112 Pvt. Ltd.,95.5,119.6,8903149484176,SRC-NPPA-02,National Pharmaceutical Pricing Authority (NPPA / DPCO),SYNTHETIC_OPERATIONAL_RECORD,Store below 25°C in dry place,50,500,pharmaflow-main,2026-01-20T08:00:00Z
MED-0327,Oral Rehydration Salts (Electral ORS) (Formula 327),Sodium Chloride + Potassium Chloride + Sodium Citrate + Dextrose,Sachet,21.8g,Electrolyte Replenisher,OTC,MFG-0113,PharmaCorp India Unit 113 Pvt. Ltd.,28.0,35.3,8905400463094,SRC-NLEM-03,National List of Essential Medicines (NLEM) 2022-2024,SYNTHETIC_OPERATIONAL_RECORD,Store below 25°C in dry place,50,500,pharmaflow-main,2026-01-20T08:00:00Z
MED-0328,Multivitamin + Zinc (Becadexamin) (Formula 328),Vitamins B-Complex + C + Minerals + Zinc,Capsule,Softgel,Multivitamin,OTC,MFG-0114,PharmaCorp India Unit 114 Pvt. Ltd.,54.5,68.0,8905744003377,SRC-TNMSC-04,Tamil Nadu Medical Services Corporation (TNMSC) Public Drug Formulary,SYNTHETIC_OPERATIONAL_RECORD,Store below 25°C in dry place,50,500,pharmaflow-main,2026-01-20T08:00:00Z
MED-0329,Thyroxine Sodium 50mcg (Thyronorm 50) (Formula 329),Levothyroxine Sodium,Tablet,50mcg,Thyroid Hormone,SCHEDULE_H,MFG-0115,PharmaCorp India Unit 115 Pvt. Ltd.,140.0,174.2,8905130589741,SRC-APOLLO-05,Apollo Pharmacy Retail & Catalog Directory,SYNTHETIC_OPERATIONAL_RECORD,Store below 25°C in dry place,50,500,pharmaflow-main,2026-01-20T08:00:00Z
MED-0330,Clopidogrel 75mg (Clopilet 75) (Formula 330),Clopidogrel Bisulfate,Tablet,75mg,Antiplatelet,SCHEDULE_H,MFG-0116,PharmaCorp India Unit 116 Pvt. Ltd.,130.0,162.0,8905903457537,SRC-MEDPLUS-06,MedPlus Health Services Store Index,SYNTHETIC_OPERATIONAL_RECORD,Store below 25°C in dry place,50,500,pharmaflow-main,2026-01-20T08:00:00Z
MED-0331,Paracetamol 500mg (Formula 331),Acetaminophen,Tablet,500mg,Analgesic & Antipyretic,SCHEDULE_H,MFG-0117,PharmaCorp India Unit 117 Pvt. Ltd.,27.5,33.2,8906634526139,SRC-1MG-07,Tata 1mg Public Medicine Reference Index,SYNTHETIC_OPERATIONAL_RECORD,Store below 25°C in dry place,50,500,pharmaflow-main,2026-01-20T08:00:00Z
MED-0332,Paracetamol 650mg (Dolo 650) (Formula 332),Acetaminophen,Tablet,650mg,Analgesic & Antipyretic,SCHEDULE_H,MFG-0118,PharmaCorp India Unit 118 Pvt. Ltd.,37.0,44.4,8907369118672,SRC-NETMEDS-08,Netmeds Public Medicine Catalog,SYNTHETIC_OPERATIONAL_RECORD,Store below 25°C in dry place,50,500,pharmaflow-main,2026-01-20T08:00:00Z
MED-0333,Vitamin D3 60K (Calcirol) (Formula 333),Cholecalciferol,Capsule,"60,000 IU",Nutritional / Vitamin,OTC,MFG-0119,PharmaCorp India Unit 119 Pvt. Ltd.,72.5,89.6,8903045102506,SRC-RGGGH-09,Rajiv Gandhi Government General Hospital Chennai Pharmacy Formulary,SYNTHETIC_OPERATIONAL_RECORD,Store below 25°C in dry place,50,500,pharmaflow-main,2026-01-20T08:00:00Z
MED-0334,Amoxicillin 500mg (Novamox) (Formula 334),Amoxicillin Trihydrate,Capsule,500mg,Antibiotic,SCHEDULE_H1,MFG-0120,PharmaCorp India Unit 120 Pvt. Ltd.,105.0,127.8,8908287542751,SRC-CMC-10,Christian Medical College (CMC) Vellore Pharmacy Services,SYNTHETIC_OPERATIONAL_RECORD,Store below 25°C in dry place,50,500,pharmaflow-main,2026-01-20T08:00:00Z
MED-0335,Amoxicillin + Clavulanic Acid 625mg (Augmentin) (Formula 335),Amoxicillin + Potassium Clavulanate,Tablet,625mg,Antibacterial,SCHEDULE_H1,MFG-0121,PharmaCorp India Unit 121 Pvt. Ltd.,177.5,221.0,8902369705770,SRC-AIIMS-11,All India Institute of Medical Sciences (AIIMS) New Delhi Drug Formulary,SYNTHETIC_OPERATIONAL_RECORD,Store below 25°C in dry place,50,500,pharmaflow-main,2026-01-20T08:00:00Z
MED-0336,Cetirizine 10mg (Cetzine) (Formula 336),Cetirizine Hydrochloride,Tablet,10mg,Antihistamine,SCHEDULE_H,MFG-0122,PharmaCorp India Unit 122 Pvt. Ltd.,50.0,61.2,8902289624427,SRC-IPC-12,Indian Pharmacopoeia Commission (IPC) National Formulary of India,SYNTHETIC_OPERATIONAL_RECORD,Store below 25°C in dry place,50,500,pharmaflow-main,2026-01-20T08:00:00Z
MED-0337,Levocetirizine 5mg (Levocet) (Formula 337),Levocetirizine Dihydrochloride,Tablet,5mg,Antiallergic,SCHEDULE_H,MFG-0123,PharmaCorp India Unit 123 Pvt. Ltd.,48.0,58.0,8901494287462,SRC-CDSCO-01,Central Drugs Standard Control Organization (CDSCO) Public Drug Gazette,SYNTHETIC_OPERATIONAL_RECORD,Store below 25°C in dry place,50,500,pharmaflow-main,2026-01-20T08:00:00Z
MED-0338,Azithromycin 250mg (Azee 250) (Formula 338),Azithromycin Dihydrate,Tablet,250mg,Macrolide Antibiotic,SCHEDULE_H1,MFG-0124,PharmaCorp India Unit 124 Pvt. Ltd.,122.5,148.2,8908942167666,SRC-NPPA-02,National Pharmaceutical Pricing Authority (NPPA / DPCO),SYNTHETIC_OPERATIONAL_RECORD,Store below 25°C in dry place,50,500,pharmaflow-main,2026-01-20T08:00:00Z
MED-0339,Azithromycin 500mg (Azithral 500) (Formula 339),Azithromycin Dihydrate,Tablet,500mg,Macrolide Antibiotic,SCHEDULE_H1,MFG-0125,PharmaCorp India Unit 125 Pvt. Ltd.,180.0,221.4,8903783009621,SRC-NLEM-03,National List of Essential Medicines (NLEM) 2022-2024,SYNTHETIC_OPERATIONAL_RECORD,Store below 25°C in dry place,50,500,pharmaflow-main,2026-01-20T08:00:00Z
MED-0340,Metformin 500mg (Glycomet 500) (Formula 340),Metformin Hydrochloride,Tablet,500mg,Antidiabetic,SCHEDULE_H,MFG-0126,PharmaCorp India Unit 126 Pvt. Ltd.,52.5,64.6,8905982744929,SRC-TNMSC-04,Tamil Nadu Medical Services Corporation (TNMSC) Public Drug Formulary,SYNTHETIC_OPERATIONAL_RECORD,Store below 25°C in dry place,50,500,pharmaflow-main,2026-01-20T08:00:00Z
MED-0341,Metformin 1000mg SR (Glucophage) (Formula 341),Metformin Hydrochloride,Tablet SR,1000mg,Antidiabetic,SCHEDULE_H,MFG-0127,PharmaCorp India Unit 127 Pvt. Ltd.,78.0,94.8,8907699500243,SRC-APOLLO-05,Apollo Pharmacy Retail & Catalog Directory,SYNTHETIC_OPERATIONAL_RECORD,Store below 25°C in dry place,50,500,pharmaflow-main,2026-01-20T08:00:00Z
MED-0342,Pantoprazole 40mg (Pan 40) (Formula 342),Pantoprazole Sodium,Tablet,40mg,Proton Pump Inhibitor,SCHEDULE_H,MFG-0128,PharmaCorp India Unit 128 Pvt. Ltd.,97.5,121.0,8909411532909,SRC-MEDPLUS-06,MedPlus Health Services Store Index,SYNTHETIC_OPERATIONAL_RECORD,Store below 25°C in dry place,50,500,pharmaflow-main,2026-01-20T08:00:00Z
MED-0343,Pantoprazole + Domperidone (Pan-D) (Formula 343),Pantoprazole + Domperidone,Capsule SR,40mg + 30mg,Gastrointestinal,SCHEDULE_H,MFG-0129,PharmaCorp India Unit 129 Pvt. Ltd.,160.0,197.2,8901792214339,SRC-1MG-07,Tata 1mg Public Medicine Reference Index,SYNTHETIC_OPERATIONAL_RECORD,Store below 25°C in dry place,50,500,pharmaflow-main,2026-01-20T08:00:00Z
MED-0344,Omeprazole 20mg (Omez) (Formula 344),Omeprazole,Capsule,20mg,Antacid / Anti-Ulcer,SCHEDULE_H,MFG-0130,PharmaCorp India Unit 130 Pvt. Ltd.,62.0,75.0,8907150970643,SRC-NETMEDS-08,Netmeds Public Medicine Catalog,SYNTHETIC_OPERATIONAL_RECORD,Store below 25°C in dry place,50,500,pharmaflow-main,2026-01-20T08:00:00Z
MED-0345,Telmisartan 40mg (Telma 40) (Formula 345),Telmisartan,Tablet,40mg,Antihypertensive,SCHEDULE_H,MFG-0131,PharmaCorp India Unit 131 Pvt. Ltd.,100.5,125.2,8909715314442,SRC-RGGGH-09,Rajiv Gandhi Government General Hospital Chennai Pharmacy Formulary,SYNTHETIC_OPERATIONAL_RECORD,Store below 25°C in dry place,50,500,pharmaflow-main,2026-01-20T08:00:00Z
MED-0346,Telmisartan + Amlodipine (Telma-AM) (Formula 346),Telmisartan + Amlodipine,Tablet,40mg + 5mg,Antihypertensive,SCHEDULE_H,MFG-0132,PharmaCorp India Unit 132 Pvt. Ltd.,145.0,178.4,8906142469284,SRC-CMC-10,Christian Medical College (CMC) Vellore Pharmacy Services,SYNTHETIC_OPERATIONAL_RECORD,Store below 25°C in dry place,50,500,pharmaflow-main,2026-01-20T08:00:00Z
MED-0347,Atorvastatin 10mg (Atorva 10) (Formula 347),Atorvastatin Calcium,Tablet,10mg,Lipid Lowering / Statin,SCHEDULE_H,MFG-0133,PharmaCorp India Unit 133 Pvt. Ltd.,117.5,147.6,8907838460497,SRC-AIIMS-11,All India Institute of Medical Sciences (AIIMS) New Delhi Drug Formulary,SYNTHETIC_OPERATIONAL_RECORD,Store below 25°C in dry place,50,500,pharmaflow-main,2026-01-20T08:00:00Z
MED-0348,Rosuvastatin 10mg (Rosuvas 10) (Formula 348),Rosuvastatin Calcium,Tablet,10mg,Cardiovascular,SCHEDULE_H,MFG-0134,PharmaCorp India Unit 134 Pvt. Ltd.,145.0,180.8,8902670036982,SRC-IPC-12,Indian Pharmacopoeia Commission (IPC) National Formulary of India,SYNTHETIC_OPERATIONAL_RECORD,Store below 25°C in dry place,50,500,pharmaflow-main,2026-01-20T08:00:00Z
MED-0349,Ciprofloxacin 500mg (Ciplox 500) (Formula 349),Ciprofloxacin,Tablet,500mg,Fluoroquinolone Antibiotic,SCHEDULE_H1,MFG-0135,PharmaCorp India Unit 135 Pvt. Ltd.,84.5,104.0,8904026816435,SRC-CDSCO-01,Central Drugs Standard Control Organization (CDSCO) Public Drug Gazette,SYNTHETIC_OPERATIONAL_RECORD,Store below 25°C in dry place,50,500,pharmaflow-main,2026-01-20T08:00:00Z
MED-0350,Ofloxacin + Ornidazole (O2) (Formula 350),Ofloxacin + Ornidazole,Tablet,200mg + 500mg,Antidiarrheal / Antibacterial,SCHEDULE_H1,MFG-0136,PharmaCorp India Unit 136 Pvt. Ltd.,130.0,161.2,8906178804925,SRC-NPPA-02,National Pharmaceutical Pricing Authority (NPPA / DPCO),SYNTHETIC_OPERATIONAL_RECORD,Store below 25°C in dry place,50,500,pharmaflow-main,2026-01-20T08:00:00Z
MED-0351,Montelukast + Levocetirizine (Montair-LC) (Formula 351),Montelukast Sodium + Levocetirizine,Tablet,10mg + 5mg,Respiratory / Antiasthmatic,SCHEDULE_H,MFG-0137,PharmaCorp India Unit 137 Pvt. Ltd.,158.0,195.0,8909858643842,SRC-NLEM-03,National List of Essential Medicines (NLEM) 2022-2024,SYNTHETIC_OPERATIONAL_RECORD,Store below 25°C in dry place,50,500,pharmaflow-main,2026-01-20T08:00:00Z
MED-0352,Ibuprofen 400mg (Brufen 400) (Formula 352),Ibuprofen,Tablet,400mg,NSAID,SCHEDULE_H,MFG-0138,PharmaCorp India Unit 138 Pvt. Ltd.,30.5,38.2,8906097953682,SRC-TNMSC-04,Tamil Nadu Medical Services Corporation (TNMSC) Public Drug Formulary,SYNTHETIC_OPERATIONAL_RECORD,Store below 25°C in dry place,50,500,pharmaflow-main,2026-01-20T08:00:00Z
MED-0353,Aceclofenac + Paracetamol (Zerodol-P) (Formula 353),Aceclofenac + Paracetamol,Tablet,100mg + 325mg,Analgesic / Anti-inflammatory,SCHEDULE_H,MFG-0139,PharmaCorp India Unit 139 Pvt. Ltd.,80.0,98.4,8902400094541,SRC-APOLLO-05,Apollo Pharmacy Retail & Catalog Directory,SYNTHETIC_OPERATIONAL_RECORD,Store below 25°C in dry place,50,500,pharmaflow-main,2026-01-20T08:00:00Z
MED-0354,Vildagliptin + Metformin (Galvus Met) (Formula 354),Vildagliptin + Metformin,Tablet,50mg + 500mg,Antidiabetic,SCHEDULE_H,MFG-0140,PharmaCorp India Unit 140 Pvt. Ltd.,247.5,307.6,8902965164102,SRC-MEDPLUS-06,MedPlus Health Services Store Index,SYNTHETIC_OPERATIONAL_RECORD,Store below 25°C in dry place,50,500,pharmaflow-main,2026-01-20T08:00:00Z
MED-0355,Rabeprazole 20mg (Razo 20) (Formula 355),Rabeprazole Sodium,Tablet,20mg,Gastroprokinetic,SCHEDULE_H,MFG-0141,PharmaCorp India Unit 141 Pvt. Ltd.,122.0,150.8,8908999963054,SRC-1MG-07,Tata 1mg Public Medicine Reference Index,SYNTHETIC_OPERATIONAL_RECORD,Store below 25°C in dry place,50,500,pharmaflow-main,2026-01-20T08:00:00Z
MED-0356,Cough Syrup (Ascoril-D) (Formula 356),Dextromethorphan + Phenylephrine + Chlorpheniramine,Syrup 100ml,100ml,Antitussive,SCHEDULE_H,MFG-0142,PharmaCorp India Unit 142 Pvt. Ltd.,100.5,126.0,8908039917766,SRC-NETMEDS-08,Netmeds Public Medicine Catalog,SYNTHETIC_OPERATIONAL_RECORD,Store below 25°C in dry place,50,500,pharmaflow-main,2026-01-20T08:00:00Z
MED-0357,Oral Rehydration Salts (Electral ORS) (Formula 357),Sodium Chloride + Potassium Chloride + Sodium Citrate + Dextrose,Sachet,21.8g,Electrolyte Replenisher,OTC,MFG-0143,PharmaCorp India Unit 143 Pvt. Ltd.,33.0,41.7,8907858937483,SRC-RGGGH-09,Rajiv Gandhi Government General Hospital Chennai Pharmacy Formulary,SYNTHETIC_OPERATIONAL_RECORD,Store below 25°C in dry place,50,500,pharmaflow-main,2026-01-20T08:00:00Z
MED-0358,Multivitamin + Zinc (Becadexamin) (Formula 358),Vitamins B-Complex + C + Minerals + Zinc,Capsule,Softgel,Multivitamin,OTC,MFG-0144,PharmaCorp India Unit 144 Pvt. Ltd.,42.0,52.0,8907920516981,SRC-CMC-10,Christian Medical College (CMC) Vellore Pharmacy Services,SYNTHETIC_OPERATIONAL_RECORD,Store below 25°C in dry place,50,500,pharmaflow-main,2026-01-20T08:00:00Z
MED-0359,Thyroxine Sodium 50mcg (Thyronorm 50) (Formula 359),Levothyroxine Sodium,Tablet,50mcg,Thyroid Hormone,SCHEDULE_H,MFG-0145,PharmaCorp India Unit 145 Pvt. Ltd.,127.5,158.2,8903521166052,SRC-AIIMS-11,All India Institute of Medical Sciences (AIIMS) New Delhi Drug Formulary,SYNTHETIC_OPERATIONAL_RECORD,Store below 25°C in dry place,50,500,pharmaflow-main,2026-01-20T08:00:00Z
MED-0360,Clopidogrel 75mg (Clopilet 75) (Formula 360),Clopidogrel Bisulfate,Tablet,75mg,Antiplatelet,SCHEDULE_H,MFG-0146,PharmaCorp India Unit 146 Pvt. Ltd.,135.0,168.4,8906789292252,SRC-IPC-12,Indian Pharmacopoeia Commission (IPC) National Formulary of India,SYNTHETIC_OPERATIONAL_RECORD,Store below 25°C in dry place,50,500,pharmaflow-main,2026-01-20T08:00:00Z
MED-0361,Paracetamol 500mg (Formula 361),Acetaminophen,Tablet,500mg,Analgesic & Antipyretic,SCHEDULE_H,MFG-0147,PharmaCorp India Unit 147 Pvt. Ltd.,32.5,39.6,8908926438617,SRC-CDSCO-01,Central Drugs Standard Control Organization (CDSCO) Public Drug Gazette,SYNTHETIC_OPERATIONAL_RECORD,Store below 25°C in dry place,50,500,pharmaflow-main,2026-01-20T08:00:00Z
MED-0362,Paracetamol 650mg (Dolo 650) (Formula 362),Acetaminophen,Tablet,650mg,Analgesic & Antipyretic,SCHEDULE_H,MFG-0148,PharmaCorp India Unit 148 Pvt. Ltd.,42.0,50.8,8903651552513,SRC-NPPA-02,National Pharmaceutical Pricing Authority (NPPA / DPCO),SYNTHETIC_OPERATIONAL_RECORD,Store below 25°C in dry place,50,500,pharmaflow-main,2026-01-20T08:00:00Z
MED-0363,Vitamin D3 60K (Calcirol) (Formula 363),Cholecalciferol,Capsule,"60,000 IU",Nutritional / Vitamin,OTC,MFG-0149,PharmaCorp India Unit 149 Pvt. Ltd.,77.5,96.0,8909953941533,SRC-NLEM-03,National List of Essential Medicines (NLEM) 2022-2024,SYNTHETIC_OPERATIONAL_RECORD,Store below 25°C in dry place,50,500,pharmaflow-main,2026-01-20T08:00:00Z
MED-0364,Amoxicillin 500mg (Novamox) (Formula 364),Amoxicillin Trihydrate,Capsule,500mg,Antibiotic,SCHEDULE_H1,MFG-0150,PharmaCorp India Unit 150 Pvt. Ltd.,110.0,134.2,8905870268582,SRC-TNMSC-04,Tamil Nadu Medical Services Corporation (TNMSC) Public Drug Formulary,SYNTHETIC_OPERATIONAL_RECORD,Store below 25°C in dry place,50,500,pharmaflow-main,2026-01-20T08:00:00Z
MED-0365,Amoxicillin + Clavulanic Acid 625mg (Augmentin) (Formula 365),Amoxicillin + Potassium Clavulanate,Tablet,625mg,Antibacterial,SCHEDULE_H1,MFG-0151,PharmaCorp India Unit 151 Pvt. Ltd.,165.0,205.0,8901506211965,SRC-APOLLO-05,Apollo Pharmacy Retail & Catalog Directory,SYNTHETIC_OPERATIONAL_RECORD,Store below 25°C in dry place,50,500,pharmaflow-main,2026-01-20T08:00:00Z
MED-0366,Cetirizine 10mg (Cetzine) (Formula 366),Cetirizine Hydrochloride,Tablet,10mg,Antihistamine,SCHEDULE_H,MFG-0152,PharmaCorp India Unit 152 Pvt. Ltd.,37.5,45.2,8902311597141,SRC-MEDPLUS-06,MedPlus Health Services Store Index,SYNTHETIC_OPERATIONAL_RECORD,Store below 25°C in dry place,50,500,pharmaflow-main,2026-01-20T08:00:00Z
MED-0367,Levocetirizine 5mg (Levocet) (Formula 367),Levocetirizine Dihydrochloride,Tablet,5mg,Antiallergic,SCHEDULE_H,MFG-0153,PharmaCorp India Unit 153 Pvt. Ltd.,53.0,64.4,8906081137534,SRC-1MG-07,Tata 1mg Public Medicine Reference Index,SYNTHETIC_OPERATIONAL_RECORD,Store below 25°C in dry place,50,500,pharmaflow-main,2026-01-20T08:00:00Z
MED-0368,Azithromycin 250mg (Azee 250) (Formula 368),Azithromycin Dihydrate,Tablet,250mg,Macrolide Antibiotic,SCHEDULE_H1,MFG-0154,PharmaCorp India Unit 154 Pvt. Ltd.,127.5,154.6,8903978287288,SRC-NETMEDS-08,Netmeds Public Medicine Catalog,SYNTHETIC_OPERATIONAL_RECORD,Store below 25°C in dry place,50,500,pharmaflow-main,2026-01-20T08:00:00Z
MED-0369,Azithromycin 500mg (Azithral 500) (Formula 369),Azithromycin Dihydrate,Tablet,500mg,Macrolide Antibiotic,SCHEDULE_H1,MFG-0155,PharmaCorp India Unit 155 Pvt. Ltd.,185.0,227.8,8907488943393,SRC-RGGGH-09,Rajiv Gandhi Government General Hospital Chennai Pharmacy Formulary,SYNTHETIC_OPERATIONAL_RECORD,Store below 25°C in dry place,50,500,pharmaflow-main,2026-01-20T08:00:00Z
MED-0370,Metformin 500mg (Glycomet 500) (Formula 370),Metformin Hydrochloride,Tablet,500mg,Antidiabetic,SCHEDULE_H,MFG-0156,PharmaCorp India Unit 156 Pvt. Ltd.,57.5,71.0,8906942989052,SRC-CMC-10,Christian Medical College (CMC) Vellore Pharmacy Services,SYNTHETIC_OPERATIONAL_RECORD,Store below 25°C in dry place,50,500,pharmaflow-main,2026-01-20T08:00:00Z
MED-0371,Metformin 1000mg SR (Glucophage) (Formula 371),Metformin Hydrochloride,Tablet SR,1000mg,Antidiabetic,SCHEDULE_H,MFG-0157,PharmaCorp India Unit 157 Pvt. Ltd.,83.0,101.2,8906092773357,SRC-AIIMS-11,All India Institute of Medical Sciences (AIIMS) New Delhi Drug Formulary,SYNTHETIC_OPERATIONAL_RECORD,Store below 25°C in dry place,50,500,pharmaflow-main,2026-01-20T08:00:00Z
MED-0372,Pantoprazole 40mg (Pan 40) (Formula 372),Pantoprazole Sodium,Tablet,40mg,Proton Pump Inhibitor,SCHEDULE_H,MFG-0158,PharmaCorp India Unit 158 Pvt. Ltd.,85.0,105.0,8905294535887,SRC-IPC-12,Indian Pharmacopoeia Commission (IPC) National Formulary of India,SYNTHETIC_OPERATIONAL_RECORD,Store below 25°C in dry place,50,500,pharmaflow-main,2026-01-20T08:00:00Z
MED-0373,Pantoprazole + Domperidone (Pan-D) (Formula 373),Pantoprazole + Domperidone,Capsule SR,40mg + 30mg,Gastrointestinal,SCHEDULE_H,MFG-0159,PharmaCorp India Unit 159 Pvt. Ltd.,147.5,181.2,8903383331379,SRC-CDSCO-01,Central Drugs Standard Control Organization (CDSCO) Public Drug Gazette,SYNTHETIC_OPERATIONAL_RECORD,Store below 25°C in dry place,50,500,pharmaflow-main,2026-01-20T08:00:00Z
MED-0374,Omeprazole 20mg (Omez) (Formula 374),Omeprazole,Capsule,20mg,Antacid / Anti-Ulcer,SCHEDULE_H,MFG-0160,PharmaCorp India Unit 160 Pvt. Ltd.,67.0,81.4,8907397963801,SRC-NPPA-02,National Pharmaceutical Pricing Authority (NPPA / DPCO),SYNTHETIC_OPERATIONAL_RECORD,Store below 25°C in dry place,50,500,pharmaflow-main,2026-01-20T08:00:00Z
MED-0375,Telmisartan 40mg (Telma 40) (Formula 375),Telmisartan,Tablet,40mg,Antihypertensive,SCHEDULE_H,MFG-0161,PharmaCorp India Unit 161 Pvt. Ltd.,105.5,131.6,8901602569046,SRC-NLEM-03,National List of Essential Medicines (NLEM) 2022-2024,SYNTHETIC_OPERATIONAL_RECORD,Store below 25°C in dry place,50,500,pharmaflow-main,2026-01-20T08:00:00Z
MED-0376,Telmisartan + Amlodipine (Telma-AM) (Formula 376),Telmisartan + Amlodipine,Tablet,40mg + 5mg,Antihypertensive,SCHEDULE_H,MFG-0162,PharmaCorp India Unit 162 Pvt. Ltd.,150.0,184.8,8905336127859,SRC-TNMSC-04,Tamil Nadu Medical Services Corporation (TNMSC) Public Drug Formulary,SYNTHETIC_OPERATIONAL_RECORD,Store below 25°C in dry place,50,500,pharmaflow-main,2026-01-20T08:00:00Z
MED-0377,Atorvastatin 10mg (Atorva 10) (Formula 377),Atorvastatin Calcium,Tablet,10mg,Lipid Lowering / Statin,SCHEDULE_H,MFG-0163,PharmaCorp India Unit 163 Pvt. Ltd.,122.5,154.0,8901586412136,SRC-APOLLO-05,Apollo Pharmacy Retail & Catalog Directory,SYNTHETIC_OPERATIONAL_RECORD,Store below 25°C in dry place,50,500,pharmaflow-main,2026-01-20T08:00:00Z
MED-0378,Rosuvastatin 10mg (Rosuvas 10) (Formula 378),Rosuvastatin Calcium,Tablet,10mg,Cardiovascular,SCHEDULE_H,MFG-0164,PharmaCorp India Unit 164 Pvt. Ltd.,150.0,187.2,8908796293088,SRC-MEDPLUS-06,MedPlus Health Services Store Index,SYNTHETIC_OPERATIONAL_RECORD,Store below 25°C in dry place,50,500,pharmaflow-main,2026-01-20T08:00:00Z
MED-0379,Ciprofloxacin 500mg (Ciplox 500) (Formula 379),Ciprofloxacin,Tablet,500mg,Fluoroquinolone Antibiotic,SCHEDULE_H1,MFG-0165,PharmaCorp India Unit 165 Pvt. Ltd.,72.0,88.0,8907420846622,SRC-1MG-07,Tata 1mg Public Medicine Reference Index,SYNTHETIC_OPERATIONAL_RECORD,Store below 25°C in dry place,50,500,pharmaflow-main,2026-01-20T08:00:00Z
MED-0380,Ofloxacin + Ornidazole (O2) (Formula 380),Ofloxacin + Ornidazole,Tablet,200mg + 500mg,Antidiarrheal / Antibacterial,SCHEDULE_H1,MFG-0166,PharmaCorp India Unit 166 Pvt. Ltd.,117.5,145.2,8908235717104,SRC-NETMEDS-08,Netmeds Public Medicine Catalog,SYNTHETIC_OPERATIONAL_RECORD,Store below 25°C in dry place,50,500,pharmaflow-main,2026-01-20T08:00:00Z
MED-0381,Montelukast + Levocetirizine (Montair-LC) (Formula 381),Montelukast Sodium + Levocetirizine,Tablet,10mg + 5mg,Respiratory / Antiasthmatic,SCHEDULE_H,MFG-0167,PharmaCorp India Unit 167 Pvt. Ltd.,163.0,201.4,8908902275119,SRC-RGGGH-09,Rajiv Gandhi Government General Hospital Chennai Pharmacy Formulary,SYNTHETIC_OPERATIONAL_RECORD,Store below 25°C in dry place,50,500,pharmaflow-main,2026-01-20T08:00:00Z
MED-0382,Ibuprofen 400mg (Brufen 400) (Formula 382),Ibuprofen,Tablet,400mg,NSAID,SCHEDULE_H,MFG-0168,PharmaCorp India Unit 168 Pvt. Ltd.,35.5,44.6,8903098948446,SRC-CMC-10,Christian Medical College (CMC) Vellore Pharmacy Services,SYNTHETIC_OPERATIONAL_RECORD,Store below 25°C in dry place,50,500,pharmaflow-main,2026-01-20T08:00:00Z
MED-0383,Aceclofenac + Paracetamol (Zerodol-P) (Formula 383),Aceclofenac + Paracetamol,Tablet,100mg + 325mg,Analgesic / Anti-inflammatory,SCHEDULE_H,MFG-0169,PharmaCorp India Unit 169 Pvt. Ltd.,85.0,104.8,8909945002229,SRC-AIIMS-11,All India Institute of Medical Sciences (AIIMS) New Delhi Drug Formulary,SYNTHETIC_OPERATIONAL_RECORD,Store below 25°C in dry place,50,500,pharmaflow-main,2026-01-20T08:00:00Z
MED-0384,Vildagliptin + Metformin (Galvus Met) (Formula 384),Vildagliptin + Metformin,Tablet,50mg + 500mg,Antidiabetic,SCHEDULE_H,MFG-0170,PharmaCorp India Unit 170 Pvt. Ltd.,252.5,314.0,8904268713302,SRC-IPC-12,Indian Pharmacopoeia Commission (IPC) National Formulary of India,SYNTHETIC_OPERATIONAL_RECORD,Store below 25°C in dry place,50,500,pharmaflow-main,2026-01-20T08:00:00Z
MED-0385,Rabeprazole 20mg (Razo 20) (Formula 385),Rabeprazole Sodium,Tablet,20mg,Gastroprokinetic,SCHEDULE_H,MFG-0171,PharmaCorp India Unit 171 Pvt. Ltd.,127.0,157.2,8902254516608,SRC-CDSCO-01,Central Drugs Standard Control Organization (CDSCO) Public Drug Gazette,SYNTHETIC_OPERATIONAL_RECORD,Store below 25°C in dry place,50,500,pharmaflow-main,2026-01-20T08:00:00Z
MED-0386,Cough Syrup (Ascoril-D) (Formula 386),Dextromethorphan + Phenylephrine + Chlorpheniramine,Syrup 100ml,100ml,Antitussive,SCHEDULE_H,MFG-0172,PharmaCorp India Unit 172 Pvt. Ltd.,88.0,110.0,8902180484299,SRC-NPPA-02,National Pharmaceutical Pricing Authority (NPPA / DPCO),SYNTHETIC_OPERATIONAL_RECORD,Store below 25°C in dry place,50,500,pharmaflow-main,2026-01-20T08:00:00Z
MED-0387,Oral Rehydration Salts (Electral ORS) (Formula 387),Sodium Chloride + Potassium Chloride + Sodium Citrate + Dextrose,Sachet,21.8g,Electrolyte Replenisher,OTC,MFG-0173,PharmaCorp India Unit 173 Pvt. Ltd.,20.5,25.7,8907603978731,SRC-NLEM-03,National List of Essential Medicines (NLEM) 2022-2024,SYNTHETIC_OPERATIONAL_RECORD,Store below 25°C in dry place,50,500,pharmaflow-main,2026-01-20T08:00:00Z
MED-0388,Multivitamin + Zinc (Becadexamin) (Formula 388),Vitamins B-Complex + C + Minerals + Zinc,Capsule,Softgel,Multivitamin,OTC,MFG-0174,PharmaCorp India Unit 174 Pvt. Ltd.,47.0,58.4,8908584566722,SRC-TNMSC-04,Tamil Nadu Medical Services Corporation (TNMSC) Public Drug Formulary,SYNTHETIC_OPERATIONAL_RECORD,Store below 25°C in dry place,50,500,pharmaflow-main,2026-01-20T08:00:00Z
MED-0389,Thyroxine Sodium 50mcg (Thyronorm 50) (Formula 389),Levothyroxine Sodium,Tablet,50mcg,Thyroid Hormone,SCHEDULE_H,MFG-0175,PharmaCorp India Unit 175 Pvt. Ltd.,132.5,164.6,8905785481124,SRC-APOLLO-05,Apollo Pharmacy Retail & Catalog Directory,SYNTHETIC_OPERATIONAL_RECORD,Store below 25°C in dry place,50,500,pharmaflow-main,2026-01-20T08:00:00Z
MED-0390,Clopidogrel 75mg (Clopilet 75) (Formula 390),Clopidogrel Bisulfate,Tablet,75mg,Antiplatelet,SCHEDULE_H,MFG-0176,PharmaCorp India Unit 176 Pvt. Ltd.,140.0,174.8,8908382963909,SRC-MEDPLUS-06,MedPlus Health Services Store Index,SYNTHETIC_OPERATIONAL_RECORD,Store below 25°C in dry place,50,500,pharmaflow-main,2026-01-20T08:00:00Z
MED-0391,Paracetamol 500mg (Formula 391),Acetaminophen,Tablet,500mg,Analgesic & Antipyretic,SCHEDULE_H,MFG-0177,PharmaCorp India Unit 177 Pvt. Ltd.,37.5,46.0,8903346569443,SRC-1MG-07,Tata 1mg Public Medicine Reference Index,SYNTHETIC_OPERATIONAL_RECORD,Store below 25°C in dry place,50,500,pharmaflow-main,2026-01-20T08:00:00Z
MED-0392,Paracetamol 650mg (Dolo 650) (Formula 392),Acetaminophen,Tablet,650mg,Analgesic & Antipyretic,SCHEDULE_H,MFG-0178,PharmaCorp India Unit 178 Pvt. Ltd.,47.0,57.2,8909546021691,SRC-NETMEDS-08,Netmeds Public Medicine Catalog,SYNTHETIC_OPERATIONAL_RECORD,Store below 25°C in dry place,50,500,pharmaflow-main,2026-01-20T08:00:00Z
MED-0393,Vitamin D3 60K (Calcirol) (Formula 393),Cholecalciferol,Capsule,"60,000 IU",Nutritional / Vitamin,OTC,MFG-0179,PharmaCorp India Unit 179 Pvt. Ltd.,65.0,80.0,8904227004325,SRC-RGGGH-09,Rajiv Gandhi Government General Hospital Chennai Pharmacy Formulary,SYNTHETIC_OPERATIONAL_RECORD,Store below 25°C in dry place,50,500,pharmaflow-main,2026-01-20T08:00:00Z
MED-0394,Amoxicillin 500mg (Novamox) (Formula 394),Amoxicillin Trihydrate,Capsule,500mg,Antibiotic,SCHEDULE_H1,MFG-0180,PharmaCorp India Unit 180 Pvt. Ltd.,97.5,118.2,8905292015249,SRC-CMC-10,Christian Medical College (CMC) Vellore Pharmacy Services,SYNTHETIC_OPERATIONAL_RECORD,Store below 25°C in dry place,50,500,pharmaflow-main,2026-01-20T08:00:00Z
MED-0395,Amoxicillin + Clavulanic Acid 625mg (Augmentin) (Formula 395),Amoxicillin + Potassium Clavulanate,Tablet,625mg,Antibacterial,SCHEDULE_H1,MFG-0181,PharmaCorp India Unit 181 Pvt. Ltd.,170.0,211.4,8907226553010,SRC-AIIMS-11,All India Institute of Medical Sciences (AIIMS) New Delhi Drug Formulary,SYNTHETIC_OPERATIONAL_RECORD,Store below 25°C in dry place,50,500,pharmaflow-main,2026-01-20T08:00:00Z
MED-0396,Cetirizine 10mg (Cetzine) (Formula 396),Cetirizine Hydrochloride,Tablet,10mg,Antihistamine,SCHEDULE_H,MFG-0182,PharmaCorp India Unit 182 Pvt. Ltd.,42.5,51.6,8904507822591,SRC-IPC-12,Indian Pharmacopoeia Commission (IPC) National Formulary of India,SYNTHETIC_OPERATIONAL_RECORD,Store below 25°C in dry place,50,500,pharmaflow-main,2026-01-20T08:00:00Z
MED-0397,Levocetirizine 5mg (Levocet) (Formula 397),Levocetirizine Dihydrochloride,Tablet,5mg,Antiallergic,SCHEDULE_H,MFG-0183,PharmaCorp India Unit 183 Pvt. Ltd.,58.0,70.8,8905269015757,SRC-CDSCO-01,Central Drugs Standard Control Organization (CDSCO) Public Drug Gazette,SYNTHETIC_OPERATIONAL_RECORD,Store below 25°C in dry place,50,500,pharmaflow-main,2026-01-20T08:00:00Z
MED-0398,Azithromycin 250mg (Azee 250) (Formula 398),Azithromycin Dihydrate,Tablet,250mg,Macrolide Antibiotic,SCHEDULE_H1,MFG-0184,PharmaCorp India Unit 184 Pvt. Ltd.,132.5,161.0,8902017675569,SRC-NPPA-02,National Pharmaceutical Pricing Authority (NPPA / DPCO),SYNTHETIC_OPERATIONAL_RECORD,Store below 25°C in dry place,50,500,pharmaflow-main,2026-01-20T08:00:00Z
MED-0399,Azithromycin 500mg (Azithral 500) (Formula 399),Azithromycin Dihydrate,Tablet,500mg,Macrolide Antibiotic,SCHEDULE_H1,MFG-0185,PharmaCorp India Unit 185 Pvt. Ltd.,190.0,234.2,8908012696455,SRC-NLEM-03,National List of Essential Medicines (NLEM) 2022-2024,SYNTHETIC_OPERATIONAL_RECORD,Store below 25°C in dry place,50,500,pharmaflow-main,2026-01-20T08:00:00Z
MED-0400,Metformin 500mg (Glycomet 500) (Formula 400),Metformin Hydrochloride,Tablet,500mg,Antidiabetic,SCHEDULE_H,MFG-0186,PharmaCorp India Unit 186 Pvt. Ltd.,45.0,55.0,8909844874547,SRC-TNMSC-04,Tamil Nadu Medical Services Corporation (TNMSC) Public Drug Formulary,SYNTHETIC_OPERATIONAL_RECORD,Store below 25°C in dry place,50,500,pharmaflow-main,2026-01-20T08:00:00Z
MED-0401,Metformin 1000mg SR (Glucophage) (Formula 401),Metformin Hydrochloride,Tablet SR,1000mg,Antidiabetic,SCHEDULE_H,MFG-0187,PharmaCorp India Unit 187 Pvt. Ltd.,70.5,85.2,8903313993297,SRC-APOLLO-05,Apollo Pharmacy Retail & Catalog Directory,SYNTHETIC_OPERATIONAL_RECORD,Store below 25°C in dry place,50,500,pharmaflow-main,2026-01-20T08:00:00Z
MED-0402,Pantoprazole 40mg (Pan 40) (Formula 402),Pantoprazole Sodium,Tablet,40mg,Proton Pump Inhibitor,SCHEDULE_H,MFG-0188,PharmaCorp India Unit 188 Pvt. Ltd.,90.0,111.4,8908318855178,SRC-MEDPLUS-06,MedPlus Health Services Store Index,SYNTHETIC_OPERATIONAL_RECORD,Store below 25°C in dry place,50,500,pharmaflow-main,2026-01-20T08:00:00Z
MED-0403,Pantoprazole + Domperidone (Pan-D) (Formula 403),Pantoprazole + Domperidone,Capsule SR,40mg + 30mg,Gastrointestinal,SCHEDULE_H,MFG-0189,PharmaCorp India Unit 189 Pvt. Ltd.,152.5,187.6,8901408988968,SRC-1MG-07,Tata 1mg Public Medicine Reference Index,SYNTHETIC_OPERATIONAL_RECORD,Store below 25°C in dry place,50,500,pharmaflow-main,2026-01-20T08:00:00Z
MED-0404,Omeprazole 20mg (Omez) (Formula 404),Omeprazole,Capsule,20mg,Antacid / Anti-Ulcer,SCHEDULE_H,MFG-0190,PharmaCorp India Unit 190 Pvt. Ltd.,72.0,87.8,8908669484644,SRC-NETMEDS-08,Netmeds Public Medicine Catalog,SYNTHETIC_OPERATIONAL_RECORD,Store below 25°C in dry place,50,500,pharmaflow-main,2026-01-20T08:00:00Z
MED-0405,Telmisartan 40mg (Telma 40) (Formula 405),Telmisartan,Tablet,40mg,Antihypertensive,SCHEDULE_H,MFG-0191,PharmaCorp India Unit 191 Pvt. Ltd.,110.5,138.0,8904946081594,SRC-RGGGH-09,Rajiv Gandhi Government General Hospital Chennai Pharmacy Formulary,SYNTHETIC_OPERATIONAL_RECORD,Store below 25°C in dry place,50,500,pharmaflow-main,2026-01-20T08:00:00Z
MED-0406,Telmisartan + Amlodipine (Telma-AM) (Formula 406),Telmisartan + Amlodipine,Tablet,40mg + 5mg,Antihypertensive,SCHEDULE_H,MFG-0192,PharmaCorp India Unit 192 Pvt. Ltd.,155.0,191.2,8909557663181,SRC-CMC-10,Christian Medical College (CMC) Vellore Pharmacy Services,SYNTHETIC_OPERATIONAL_RECORD,Store below 25°C in dry place,50,500,pharmaflow-main,2026-01-20T08:00:00Z
MED-0407,Atorvastatin 10mg (Atorva 10) (Formula 407),Atorvastatin Calcium,Tablet,10mg,Lipid Lowering / Statin,SCHEDULE_H,MFG-0193,PharmaCorp India Unit 193 Pvt. Ltd.,110.0,138.0,8904719780110,SRC-AIIMS-11,All India Institute of Medical Sciences (AIIMS) New Delhi Drug Formulary,SYNTHETIC_OPERATIONAL_RECORD,Store below 25°C in dry place,50,500,pharmaflow-main,2026-01-20T08:00:00Z
MED-0408,Rosuvastatin 10mg (Rosuvas 10) (Formula 408),Rosuvastatin Calcium,Tablet,10mg,Cardiovascular,SCHEDULE_H,MFG-0194,PharmaCorp India Unit 194 Pvt. Ltd.,137.5,171.2,8902072355594,SRC-IPC-12,Indian Pharmacopoeia Commission (IPC) National Formulary of India,SYNTHETIC_OPERATIONAL_RECORD,Store below 25°C in dry place,50,500,pharmaflow-main,2026-01-20T08:00:00Z
MED-0409,Ciprofloxacin 500mg (Ciplox 500) (Formula 409),Ciprofloxacin,Tablet,500mg,Fluoroquinolone Antibiotic,SCHEDULE_H1,MFG-0195,PharmaCorp India Unit 195 Pvt. Ltd.,77.0,94.4,8908350384902,SRC-CDSCO-01,Central Drugs Standard Control Organization (CDSCO) Public Drug Gazette,SYNTHETIC_OPERATIONAL_RECORD,Store below 25°C in dry place,50,500,pharmaflow-main,2026-01-20T08:00:00Z
MED-0410,Ofloxacin + Ornidazole (O2) (Formula 410),Ofloxacin + Ornidazole,Tablet,200mg + 500mg,Antidiarrheal / Antibacterial,SCHEDULE_H1,MFG-0196,PharmaCorp India Unit 196 Pvt. Ltd.,122.5,151.6,8904558302256,SRC-NPPA-02,National Pharmaceutical Pricing Authority (NPPA / DPCO),SYNTHETIC_OPERATIONAL_RECORD,Store below 25°C in dry place,50,500,pharmaflow-main,2026-01-20T08:00:00Z
MED-0411,Montelukast + Levocetirizine (Montair-LC) (Formula 411),Montelukast Sodium + Levocetirizine,Tablet,10mg + 5mg,Respiratory / Antiasthmatic,SCHEDULE_H,MFG-0197,PharmaCorp India Unit 197 Pvt. Ltd.,168.0,207.8,8908199372599,SRC-NLEM-03,National List of Essential Medicines (NLEM) 2022-2024,SYNTHETIC_OPERATIONAL_RECORD,Store below 25°C in dry place,50,500,pharmaflow-main,2026-01-20T08:00:00Z
MED-0412,Ibuprofen 400mg (Brufen 400) (Formula 412),Ibuprofen,Tablet,400mg,NSAID,SCHEDULE_H,MFG-0198,PharmaCorp India Unit 198 Pvt. Ltd.,40.5,51.0,8903102209245,SRC-TNMSC-04,Tamil Nadu Medical Services Corporation (TNMSC) Public Drug Formulary,SYNTHETIC_OPERATIONAL_RECORD,Store below 25°C in dry place,50,500,pharmaflow-main,2026-01-20T08:00:00Z
MED-0413,Aceclofenac + Paracetamol (Zerodol-P) (Formula 413),Aceclofenac + Paracetamol,Tablet,100mg + 325mg,Analgesic / Anti-inflammatory,SCHEDULE_H,MFG-0199,PharmaCorp India Unit 199 Pvt. Ltd.,90.0,111.2,8907074050517,SRC-APOLLO-05,Apollo Pharmacy Retail & Catalog Directory,SYNTHETIC_OPERATIONAL_RECORD,Store below 25°C in dry place,50,500,pharmaflow-main,2026-01-20T08:00:00Z
MED-0414,Vildagliptin + Metformin (Galvus Met) (Formula 414),Vildagliptin + Metformin,Tablet,50mg + 500mg,Antidiabetic,SCHEDULE_H,MFG-0200,PharmaCorp India Unit 200 Pvt. Ltd.,240.0,298.0,8902941289685,SRC-MEDPLUS-06,MedPlus Health Services Store Index,SYNTHETIC_OPERATIONAL_RECORD,Store below 25°C in dry place,50,500,pharmaflow-main,2026-01-20T08:00:00Z
MED-0415,Rabeprazole 20mg (Razo 20) (Formula 415),Rabeprazole Sodium,Tablet,20mg,Gastroprokinetic,SCHEDULE_H,MFG-0201,PharmaCorp India Unit 201 Pvt. Ltd.,114.5,141.2,8905694806361,SRC-1MG-07,Tata 1mg Public Medicine Reference Index,SYNTHETIC_OPERATIONAL_RECORD,Store below 25°C in dry place,50,500,pharmaflow-main,2026-01-20T08:00:00Z
MED-0416,Cough Syrup (Ascoril-D) (Formula 416),Dextromethorphan + Phenylephrine + Chlorpheniramine,Syrup 100ml,100ml,Antitussive,SCHEDULE_H,MFG-0202,PharmaCorp India Unit 202 Pvt. Ltd.,93.0,116.4,8906880115912,SRC-NETMEDS-08,Netmeds Public Medicine Catalog,SYNTHETIC_OPERATIONAL_RECORD,Store below 25°C in dry place,50,500,pharmaflow-main,2026-01-20T08:00:00Z
MED-0417,Oral Rehydration Salts (Electral ORS) (Formula 417),Sodium Chloride + Potassium Chloride + Sodium Citrate + Dextrose,Sachet,21.8g,Electrolyte Replenisher,OTC,MFG-0203,PharmaCorp India Unit 203 Pvt. Ltd.,25.5,32.1,8909376277483,SRC-RGGGH-09,Rajiv Gandhi Government General Hospital Chennai Pharmacy Formulary,SYNTHETIC_OPERATIONAL_RECORD,Store below 25°C in dry place,50,500,pharmaflow-main,2026-01-20T08:00:00Z
MED-0418,Multivitamin + Zinc (Becadexamin) (Formula 418),Vitamins B-Complex + C + Minerals + Zinc,Capsule,Softgel,Multivitamin,OTC,MFG-0204,PharmaCorp India Unit 204 Pvt. Ltd.,52.0,64.8,8904147025728,SRC-CMC-10,Christian Medical College (CMC) Vellore Pharmacy Services,SYNTHETIC_OPERATIONAL_RECORD,Store below 25°C in dry place,50,500,pharmaflow-main,2026-01-20T08:00:00Z
MED-0419,Thyroxine Sodium 50mcg (Thyronorm 50) (Formula 419),Levothyroxine Sodium,Tablet,50mcg,Thyroid Hormone,SCHEDULE_H,MFG-0205,PharmaCorp India Unit 205 Pvt. Ltd.,137.5,171.0,8907590302909,SRC-AIIMS-11,All India Institute of Medical Sciences (AIIMS) New Delhi Drug Formulary,SYNTHETIC_OPERATIONAL_RECORD,Store below 25°C in dry place,50,500,pharmaflow-main,2026-01-20T08:00:00Z
MED-0420,Clopidogrel 75mg (Clopilet 75) (Formula 420),Clopidogrel Bisulfate,Tablet,75mg,Antiplatelet,SCHEDULE_H,MFG-0206,PharmaCorp India Unit 206 Pvt. Ltd.,145.0,181.2,8906204862411,SRC-IPC-12,Indian Pharmacopoeia Commission (IPC) National Formulary of India,SYNTHETIC_OPERATIONAL_RECORD,Store below 25°C in dry place,50,500,pharmaflow-main,2026-01-20T08:00:00Z
MED-0421,Paracetamol 500mg (Formula 421),Acetaminophen,Tablet,500mg,Analgesic & Antipyretic,SCHEDULE_H,MFG-0207,PharmaCorp India Unit 207 Pvt. Ltd.,25.0,30.0,8906448324230,SRC-CDSCO-01,Central Drugs Standard Control Organization (CDSCO) Public Drug Gazette,SYNTHETIC_OPERATIONAL_RECORD,Store below 25°C in dry place,50,500,pharmaflow-main,2026-01-20T08:00:00Z
MED-0422,Paracetamol 650mg (Dolo 650) (Formula 422),Acetaminophen,Tablet,650mg,Analgesic & Antipyretic,SCHEDULE_H,MFG-0208,PharmaCorp India Unit 208 Pvt. Ltd.,34.5,41.2,8908852676046,SRC-NPPA-02,National Pharmaceutical Pricing Authority (NPPA / DPCO),SYNTHETIC_OPERATIONAL_RECORD,Store below 25°C in dry place,50,500,pharmaflow-main,2026-01-20T08:00:00Z
MED-0423,Vitamin D3 60K (Calcirol) (Formula 423),Cholecalciferol,Capsule,"60,000 IU",Nutritional / Vitamin,OTC,MFG-0209,PharmaCorp India Unit 209 Pvt. Ltd.,70.0,86.4,8903482206102,SRC-NLEM-03,National List of Essential Medicines (NLEM) 2022-2024,SYNTHETIC_OPERATIONAL_RECORD,Store below 25°C in dry place,50,500,pharmaflow-main,2026-01-20T08:00:00Z
MED-0424,Amoxicillin 500mg (Novamox) (Formula 424),Amoxicillin Trihydrate,Capsule,500mg,Antibiotic,SCHEDULE_H1,MFG-0210,PharmaCorp India Unit 210 Pvt. Ltd.,102.5,124.6,8901207916194,SRC-TNMSC-04,Tamil Nadu Medical Services Corporation (TNMSC) Public Drug Formulary,SYNTHETIC_OPERATIONAL_RECORD,Store below 25°C in dry place,50,500,pharmaflow-main,2026-01-20T08:00:00Z
MED-0425,Amoxicillin + Clavulanic Acid 625mg (Augmentin) (Formula 425),Amoxicillin + Potassium Clavulanate,Tablet,625mg,Antibacterial,SCHEDULE_H1,MFG-0211,PharmaCorp India Unit 211 Pvt. Ltd.,175.0,217.8,8902973888646,SRC-APOLLO-05,Apollo Pharmacy Retail & Catalog Directory,SYNTHETIC_OPERATIONAL_RECORD,Store below 25°C in dry place,50,500,pharmaflow-main,2026-01-20T08:00:00Z
MED-0426,Cetirizine 10mg (Cetzine) (Formula 426),Cetirizine Hydrochloride,Tablet,10mg,Antihistamine,SCHEDULE_H,MFG-0212,PharmaCorp India Unit 212 Pvt. Ltd.,47.5,58.0,8904683585586,SRC-MEDPLUS-06,MedPlus Health Services Store Index,SYNTHETIC_OPERATIONAL_RECORD,Store below 25°C in dry place,50,500,pharmaflow-main,2026-01-20T08:00:00Z
MED-0427,Levocetirizine 5mg (Levocet) (Formula 427),Levocetirizine Dihydrochloride,Tablet,5mg,Antiallergic,SCHEDULE_H,MFG-0213,PharmaCorp India Unit 213 Pvt. Ltd.,63.0,77.2,8907190276026,SRC-1MG-07,Tata 1mg Public Medicine Reference Index,SYNTHETIC_OPERATIONAL_RECORD,Store below 25°C in dry place,50,500,pharmaflow-main,2026-01-20T08:00:00Z
MED-0428,Azithromycin 250mg (Azee 250) (Formula 428),Azithromycin Dihydrate,Tablet,250mg,Macrolide Antibiotic,SCHEDULE_H1,MFG-0214,PharmaCorp India Unit 214 Pvt. Ltd.,120.0,145.0,8909409682410,SRC-NETMEDS-08,Netmeds Public Medicine Catalog,SYNTHETIC_OPERATIONAL_RECORD,Store below 25°C in dry place,50,500,pharmaflow-main,2026-01-20T08:00:00Z
MED-0429,Azithromycin 500mg (Azithral 500) (Formula 429),Azithromycin Dihydrate,Tablet,500mg,Macrolide Antibiotic,SCHEDULE_H1,MFG-0001,Sun Pharmaceutical Industries Ltd.,177.5,218.2,8908086684009,SRC-RGGGH-09,Rajiv Gandhi Government General Hospital Chennai Pharmacy Formulary,SYNTHETIC_OPERATIONAL_RECORD,Store below 25°C in dry place,50,500,pharmaflow-main,2026-01-20T08:00:00Z
MED-0430,Metformin 500mg (Glycomet 500) (Formula 430),Metformin Hydrochloride,Tablet,500mg,Antidiabetic,SCHEDULE_H,MFG-0002,Cipla Limited,50.0,61.4,8902176904638,SRC-CMC-10,Christian Medical College (CMC) Vellore Pharmacy Services,SYNTHETIC_OPERATIONAL_RECORD,Store below 25°C in dry place,50,500,pharmaflow-main,2026-01-20T08:00:00Z
MED-0431,Metformin 1000mg SR (Glucophage) (Formula 431),Metformin Hydrochloride,Tablet SR,1000mg,Antidiabetic,SCHEDULE_H,MFG-0003,Dr. Reddy's Laboratories Ltd.,75.5,91.6,8908106401208,SRC-AIIMS-11,All India Institute of Medical Sciences (AIIMS) New Delhi Drug Formulary,SYNTHETIC_OPERATIONAL_RECORD,Store below 25°C in dry place,50,500,pharmaflow-main,2026-01-20T08:00:00Z
MED-0432,Pantoprazole 40mg (Pan 40) (Formula 432),Pantoprazole Sodium,Tablet,40mg,Proton Pump Inhibitor,SCHEDULE_H,MFG-0004,Torrent Pharmaceuticals Ltd.,95.0,117.8,8902075413763,SRC-IPC-12,Indian Pharmacopoeia Commission (IPC) National Formulary of India,SYNTHETIC_OPERATIONAL_RECORD,Store below 25°C in dry place,50,500,pharmaflow-main,2026-01-20T08:00:00Z
MED-0433,Pantoprazole + Domperidone (Pan-D) (Formula 433),Pantoprazole + Domperidone,Capsule SR,40mg + 30mg,Gastrointestinal,SCHEDULE_H,MFG-0005,Lupin Limited,157.5,194.0,8901710924824,SRC-CDSCO-01,Central Drugs Standard Control Organization (CDSCO) Public Drug Gazette,SYNTHETIC_OPERATIONAL_RECORD,Store below 25°C in dry place,50,500,pharmaflow-main,2026-01-20T08:00:00Z
MED-0434,Omeprazole 20mg (Omez) (Formula 434),Omeprazole,Capsule,20mg,Antacid / Anti-Ulcer,SCHEDULE_H,MFG-0006,Alkem Laboratories Ltd.,77.0,94.2,8906300607425,SRC-NPPA-02,National Pharmaceutical Pricing Authority (NPPA / DPCO),SYNTHETIC_OPERATIONAL_RECORD,Store below 25°C in dry place,50,500,pharmaflow-main,2026-01-20T08:00:00Z
MED-0435,Telmisartan 40mg (Telma 40) (Formula 435),Telmisartan,Tablet,40mg,Antihypertensive,SCHEDULE_H,MFG-0007,Zydus Lifesciences Ltd.,98.0,122.0,8903815287619,SRC-NLEM-03,National List of Essential Medicines (NLEM) 2022-2024,SYNTHETIC_OPERATIONAL_RECORD,Store below 25°C in dry place,50,500,pharmaflow-main,2026-01-20T08:00:00Z
MED-0436,Telmisartan + Amlodipine (Telma-AM) (Formula 436),Telmisartan + Amlodipine,Tablet,40mg + 5mg,Antihypertensive,SCHEDULE_H,MFG-0008,Mankind Pharma Ltd.,142.5,175.2,8904022360089,SRC-TNMSC-04,Tamil Nadu Medical Services Corporation (TNMSC) Public Drug Formulary,SYNTHETIC_OPERATIONAL_RECORD,Store below 25°C in dry place,50,500,pharmaflow-main,2026-01-20T08:00:00Z
MED-0437,Atorvastatin 10mg (Atorva 10) (Formula 437),Atorvastatin Calcium,Tablet,10mg,Lipid Lowering / Statin,SCHEDULE_H,MFG-0009,Abbott Healthcare Pvt. Ltd.,115.0,144.4,8901004665657,SRC-APOLLO-05,Apollo Pharmacy Retail & Catalog Directory,SYNTHETIC_OPERATIONAL_RECORD,Store below 25°C in dry place,50,500,pharmaflow-main,2026-01-20T08:00:00Z
MED-0438,Rosuvastatin 10mg (Rosuvas 10) (Formula 438),Rosuvastatin Calcium,Tablet,10mg,Cardiovascular,SCHEDULE_H,MFG-0010,GlaxoSmithKline Pharmaceuticals Ltd.,142.5,177.6,8903047869247,SRC-MEDPLUS-06,MedPlus Health Services Store Index,SYNTHETIC_OPERATIONAL_RECORD,Store below 25°C in dry place,50,500,pharmaflow-main,2026-01-20T08:00:00Z
MED-0439,Ciprofloxacin 500mg (Ciplox 500) (Formula 439),Ciprofloxacin,Tablet,500mg,Fluoroquinolone Antibiotic,SCHEDULE_H1,MFG-0011,Sanofi India Limited,82.0,100.8,8908215470878,SRC-1MG-07,Tata 1mg Public Medicine Reference Index,SYNTHETIC_OPERATIONAL_RECORD,Store below 25°C in dry place,50,500,pharmaflow-main,2026-01-20T08:00:00Z
MED-0440,Ofloxacin + Ornidazole (O2) (Formula 440),Ofloxacin + Ornidazole,Tablet,200mg + 500mg,Antidiarrheal / Antibacterial,SCHEDULE_H1,MFG-0012,Glenmark Pharmaceuticals Ltd.,127.5,158.0,8901039887139,SRC-NETMEDS-08,Netmeds Public Medicine Catalog,SYNTHETIC_OPERATIONAL_RECORD,Store below 25°C in dry place,50,500,pharmaflow-main,2026-01-20T08:00:00Z
MED-0441,Montelukast + Levocetirizine (Montair-LC) (Formula 441),Montelukast Sodium + Levocetirizine,Tablet,10mg + 5mg,Respiratory / Antiasthmatic,SCHEDULE_H,MFG-0013,Aristo Pharmaceuticals Pvt. Ltd.,173.0,214.2,8908282534126,SRC-RGGGH-09,Rajiv Gandhi Government General Hospital Chennai Pharmacy Formulary,SYNTHETIC_OPERATIONAL_RECORD,Store below 25°C in dry place,50,500,pharmaflow-main,2026-01-20T08:00:00Z
MED-0442,Ibuprofen 400mg (Brufen 400) (Formula 442),Ibuprofen,Tablet,400mg,NSAID,SCHEDULE_H,MFG-0014,Intas Pharmaceuticals Ltd.,28.0,35.0,8904509456565,SRC-CMC-10,Christian Medical College (CMC) Vellore Pharmacy Services,SYNTHETIC_OPERATIONAL_RECORD,Store below 25°C in dry place,50,500,pharmaflow-main,2026-01-20T08:00:00Z
MED-0443,Aceclofenac + Paracetamol (Zerodol-P) (Formula 443),Aceclofenac + Paracetamol,Tablet,100mg + 325mg,Analgesic / Anti-inflammatory,SCHEDULE_H,MFG-0015,Micro Labs Limited,77.5,95.2,8905862655247,SRC-AIIMS-11,All India Institute of Medical Sciences (AIIMS) New Delhi Drug Formulary,SYNTHETIC_OPERATIONAL_RECORD,Store below 25°C in dry place,50,500,pharmaflow-main,2026-01-20T08:00:00Z
MED-0444,Vildagliptin + Metformin (Galvus Met) (Formula 444),Vildagliptin + Metformin,Tablet,50mg + 500mg,Antidiabetic,SCHEDULE_H,MFG-0016,Macleods Pharmaceuticals Ltd.,245.0,304.4,8901304205279,SRC-IPC-12,Indian Pharmacopoeia Commission (IPC) National Formulary of India,SYNTHETIC_OPERATIONAL_RECORD,Store below 25°C in dry place,50,500,pharmaflow-main,2026-01-20T08:00:00Z
MED-0445,Rabeprazole 20mg (Razo 20) (Formula 445),Rabeprazole Sodium,Tablet,20mg,Gastroprokinetic,SCHEDULE_H,MFG-0017,IPCA Laboratories Ltd.,119.5,147.6,8902645272822,SRC-CDSCO-01,Central Drugs Standard Control Organization (CDSCO) Public Drug Gazette,SYNTHETIC_OPERATIONAL_RECORD,Store below 25°C in dry place,50,500,pharmaflow-main,2026-01-20T08:00:00Z
MED-0446,Cough Syrup (Ascoril-D) (Formula 446),Dextromethorphan + Phenylephrine + Chlorpheniramine,Syrup 100ml,100ml,Antitussive,SCHEDULE_H,MFG-0018,FDC Limited,98.0,122.8,8901439921366,SRC-NPPA-02,National Pharmaceutical Pricing Authority (NPPA / DPCO),SYNTHETIC_OPERATIONAL_RECORD,Store below 25°C in dry place,50,500,pharmaflow-main,2026-01-20T08:00:00Z
MED-0447,Oral Rehydration Salts (Electral ORS) (Formula 447),Sodium Chloride + Potassium Chloride + Sodium Citrate + Dextrose,Sachet,21.8g,Electrolyte Replenisher,OTC,MFG-0019,Alembic Pharmaceuticals Ltd.,30.5,38.5,8906640801643,SRC-NLEM-03,National List of Essential Medicines (NLEM) 2022-2024,SYNTHETIC_OPERATIONAL_RECORD,Store below 25°C in dry place,50,500,pharmaflow-main,2026-01-20T08:00:00Z
MED-0448,Multivitamin + Zinc (Becadexamin) (Formula 448),Vitamins B-Complex + C + Minerals + Zinc,Capsule,Softgel,Multivitamin,OTC,MFG-0020,USV Private Limited,57.0,71.2,8909078786223,SRC-TNMSC-04,Tamil Nadu Medical Services Corporation (TNMSC) Public Drug Formulary,SYNTHETIC_OPERATIONAL_RECORD,Store below 25°C in dry place,50,500,pharmaflow-main,2026-01-20T08:00:00Z
MED-0449,Thyroxine Sodium 50mcg (Thyronorm 50) (Formula 449),Levothyroxine Sodium,Tablet,50mcg,Thyroid Hormone,SCHEDULE_H,MFG-0021,Biocon Limited,125.0,155.0,8905883933127,SRC-APOLLO-05,Apollo Pharmacy Retail & Catalog Directory,SYNTHETIC_OPERATIONAL_RECORD,Store below 25°C in dry place,50,500,pharmaflow-main,2026-01-20T08:00:00Z
MED-0450,Clopidogrel 75mg (Clopilet 75) (Formula 450),Clopidogrel Bisulfate,Tablet,75mg,Antiplatelet,SCHEDULE_H,MFG-0022,Hetero Healthcare Ltd.,132.5,165.2,8901613549255,SRC-MEDPLUS-06,MedPlus Health Services Store Index,SYNTHETIC_OPERATIONAL_RECORD,Store below 25°C in dry place,50,500,pharmaflow-main,2026-01-20T08:00:00Z
MED-0451,Paracetamol 500mg (Formula 451),Acetaminophen,Tablet,500mg,Analgesic & Antipyretic,SCHEDULE_H,MFG-0023,Ajanta Pharma Limited,30.0,36.4,8909626333315,SRC-1MG-07,Tata 1mg Public Medicine Reference Index,SYNTHETIC_OPERATIONAL_RECORD,Store below 25°C in dry place,50,500,pharmaflow-main,2026-01-20T08:00:00Z
MED-0452,Paracetamol 650mg (Dolo 650) (Formula 452),Acetaminophen,Tablet,650mg,Analgesic & Antipyretic,SCHEDULE_H,MFG-0024,Corona Remedies Pvt. Ltd.,39.5,47.6,8903791815554,SRC-NETMEDS-08,Netmeds Public Medicine Catalog,SYNTHETIC_OPERATIONAL_RECORD,Store below 25°C in dry place,50,500,pharmaflow-main,2026-01-20T08:00:00Z
MED-0453,Vitamin D3 60K (Calcirol) (Formula 453),Cholecalciferol,Capsule,"60,000 IU",Nutritional / Vitamin,OTC,MFG-0025,Eris Lifesciences Ltd.,75.0,92.8,8907185179917,SRC-RGGGH-09,Rajiv Gandhi Government General Hospital Chennai Pharmacy Formulary,SYNTHETIC_OPERATIONAL_RECORD,Store below 25°C in dry place,50,500,pharmaflow-main,2026-01-20T08:00:00Z
MED-0454,Amoxicillin 500mg (Novamox) (Formula 454),Amoxicillin Trihydrate,Capsule,500mg,Antibiotic,SCHEDULE_H1,MFG-0026,Blue Cross Laboratories Pvt. Ltd.,107.5,131.0,8904102821948,SRC-CMC-10,Christian Medical College (CMC) Vellore Pharmacy Services,SYNTHETIC_OPERATIONAL_RECORD,Store below 25°C in dry place,50,500,pharmaflow-main,2026-01-20T08:00:00Z
MED-0455,Amoxicillin + Clavulanic Acid 625mg (Augmentin) (Formula 455),Amoxicillin + Potassium Clavulanate,Tablet,625mg,Antibacterial,SCHEDULE_H1,MFG-0027,Wockhardt Limited,180.0,224.2,8908243746556,SRC-AIIMS-11,All India Institute of Medical Sciences (AIIMS) New Delhi Drug Formulary,SYNTHETIC_OPERATIONAL_RECORD,Store below 25°C in dry place,50,500,pharmaflow-main,2026-01-20T08:00:00Z
MED-0456,Cetirizine 10mg (Cetzine) (Formula 456),Cetirizine Hydrochloride,Tablet,10mg,Antihistamine,SCHEDULE_H,MFG-0028,Pfizer Limited,35.0,42.0,8904693510920,SRC-IPC-12,Indian Pharmacopoeia Commission (IPC) National Formulary of India,SYNTHETIC_OPERATIONAL_RECORD,Store below 25°C in dry place,50,500,pharmaflow-main,2026-01-20T08:00:00Z
MED-0457,Levocetirizine 5mg (Levocet) (Formula 457),Levocetirizine Dihydrochloride,Tablet,5mg,Antiallergic,SCHEDULE_H,MFG-0029,Novartis India Limited,50.5,61.2,8901431494396,SRC-CDSCO-01,Central Drugs Standard Control Organization (CDSCO) Public Drug Gazette,SYNTHETIC_OPERATIONAL_RECORD,Store below 25°C in dry place,50,500,pharmaflow-main,2026-01-20T08:00:00Z
MED-0458,Azithromycin 250mg (Azee 250) (Formula 458),Azithromycin Dihydrate,Tablet,250mg,Macrolide Antibiotic,SCHEDULE_H1,MFG-0030,AstraZeneca Pharma India Ltd.,125.0,151.4,8904231729466,SRC-NPPA-02,National Pharmaceutical Pricing Authority (NPPA / DPCO),SYNTHETIC_OPERATIONAL_RECORD,Store below 25°C in dry place,50,500,pharmaflow-main,2026-01-20T08:00:00Z
MED-0459,Azithromycin 500mg (Azithral 500) (Formula 459),Azithromycin Dihydrate,Tablet,500mg,Macrolide Antibiotic,SCHEDULE_H1,MFG-0031,Bayer Pharmaceuticals Pvt. Ltd.,182.5,224.6,8906944371787,SRC-NLEM-03,National List of Essential Medicines (NLEM) 2022-2024,SYNTHETIC_OPERATIONAL_RECORD,Store below 25°C in dry place,50,500,pharmaflow-main,2026-01-20T08:00:00Z
MED-0460,Metformin 500mg (Glycomet 500) (Formula 460),Metformin Hydrochloride,Tablet,500mg,Antidiabetic,SCHEDULE_H,MFG-0032,Boehringer Ingelheim India,55.0,67.8,8909432088993,SRC-TNMSC-04,Tamil Nadu Medical Services Corporation (TNMSC) Public Drug Formulary,SYNTHETIC_OPERATIONAL_RECORD,Store below 25°C in dry place,50,500,pharmaflow-main,2026-01-20T08:00:00Z
MED-0461,Metformin 1000mg SR (Glucophage) (Formula 461),Metformin Hydrochloride,Tablet SR,1000mg,Antidiabetic,SCHEDULE_H,MFG-0033,Zuventus Healthcare Ltd.,80.5,98.0,8901600566083,SRC-APOLLO-05,Apollo Pharmacy Retail & Catalog Directory,SYNTHETIC_OPERATIONAL_RECORD,Store below 25°C in dry place,50,500,pharmaflow-main,2026-01-20T08:00:00Z
MED-0462,Pantoprazole 40mg (Pan 40) (Formula 462),Pantoprazole Sodium,Tablet,40mg,Proton Pump Inhibitor,SCHEDULE_H,MFG-0034,Apex Laboratories Pvt. Ltd.,100.0,124.2,8901361845490,SRC-MEDPLUS-06,MedPlus Health Services Store Index,SYNTHETIC_OPERATIONAL_RECORD,Store below 25°C in dry place,50,500,pharmaflow-main,2026-01-20T08:00:00Z
MED-0463,Pantoprazole + Domperidone (Pan-D) (Formula 463),Pantoprazole + Domperidone,Capsule SR,40mg + 30mg,Gastrointestinal,SCHEDULE_H,MFG-0035,Fourrts (India) Laboratories Pvt. Ltd.,145.0,178.0,8907904559790,SRC-1MG-07,Tata 1mg Public Medicine Reference Index,SYNTHETIC_OPERATIONAL_RECORD,Store below 25°C in dry place,50,500,pharmaflow-main,2026-01-20T08:00:00Z
MED-0464,Omeprazole 20mg (Omez) (Formula 464),Omeprazole,Capsule,20mg,Antacid / Anti-Ulcer,SCHEDULE_H,MFG-0036,Medley Pharmaceuticals Ltd.,64.5,78.2,8903965572185,SRC-NETMEDS-08,Netmeds Public Medicine Catalog,SYNTHETIC_OPERATIONAL_RECORD,Store below 25°C in dry place,50,500,pharmaflow-main,2026-01-20T08:00:00Z
MED-0465,Telmisartan 40mg (Telma 40) (Formula 465),Telmisartan,Tablet,40mg,Antihypertensive,SCHEDULE_H,MFG-0037,Franco-Indian Pharmaceuticals Pvt. Ltd.,103.0,128.4,8902295574037,SRC-RGGGH-09,Rajiv Gandhi Government General Hospital Chennai Pharmacy Formulary,SYNTHETIC_OPERATIONAL_RECORD,Store below 25°C in dry place,50,500,pharmaflow-main,2026-01-20T08:00:00Z
MED-0466,Telmisartan + Amlodipine (Telma-AM) (Formula 466),Telmisartan + Amlodipine,Tablet,40mg + 5mg,Antihypertensive,SCHEDULE_H,MFG-0038,Systopic Laboratories Pvt. Ltd.,147.5,181.6,8903188382776,SRC-CMC-10,Christian Medical College (CMC) Vellore Pharmacy Services,SYNTHETIC_OPERATIONAL_RECORD,Store below 25°C in dry place,50,500,pharmaflow-main,2026-01-20T08:00:00Z
MED-0467,Atorvastatin 10mg (Atorva 10) (Formula 467),Atorvastatin Calcium,Tablet,10mg,Lipid Lowering / Statin,SCHEDULE_H,MFG-0039,Wallace Pharmaceuticals Pvt. Ltd.,120.0,150.8,8908506931282,SRC-AIIMS-11,All India Institute of Medical Sciences (AIIMS) New Delhi Drug Formulary,SYNTHETIC_OPERATIONAL_RECORD,Store below 25°C in dry place,50,500,pharmaflow-main,2026-01-20T08:00:00Z
MED-0468,Rosuvastatin 10mg (Rosuvas 10) (Formula 468),Rosuvastatin Calcium,Tablet,10mg,Cardiovascular,SCHEDULE_H,MFG-0040,The Himalaya Drug Company,147.5,184.0,8905100282913,SRC-IPC-12,Indian Pharmacopoeia Commission (IPC) National Formulary of India,SYNTHETIC_OPERATIONAL_RECORD,Store below 25°C in dry place,50,500,pharmaflow-main,2026-01-20T08:00:00Z
MED-0469,Ciprofloxacin 500mg (Ciplox 500) (Formula 469),Ciprofloxacin,Tablet,500mg,Fluoroquinolone Antibiotic,SCHEDULE_H1,MFG-0041,Dabur India Limited,87.0,107.2,8907420493866,SRC-CDSCO-01,Central Drugs Standard Control Organization (CDSCO) Public Drug Gazette,SYNTHETIC_OPERATIONAL_RECORD,Store below 25°C in dry place,50,500,pharmaflow-main,2026-01-20T08:00:00Z
MED-0470,Ofloxacin + Ornidazole (O2) (Formula 470),Ofloxacin + Ornidazole,Tablet,200mg + 500mg,Antidiarrheal / Antibacterial,SCHEDULE_H1,MFG-0042,Charak Pharma Pvt. Ltd.,115.0,142.0,8901484230338,SRC-NPPA-02,National Pharmaceutical Pricing Authority (NPPA / DPCO),SYNTHETIC_OPERATIONAL_RECORD,Store below 25°C in dry place,50,500,pharmaflow-main,2026-01-20T08:00:00Z
MED-0471,Montelukast + Levocetirizine (Montair-LC) (Formula 471),Montelukast Sodium + Levocetirizine,Tablet,10mg + 5mg,Respiratory / Antiasthmatic,SCHEDULE_H,MFG-0043,Juggat Pharma Ltd.,160.5,198.2,8903550908958,SRC-NLEM-03,National List of Essential Medicines (NLEM) 2022-2024,SYNTHETIC_OPERATIONAL_RECORD,Store below 25°C in dry place,50,500,pharmaflow-main,2026-01-20T08:00:00Z
MED-0472,Ibuprofen 400mg (Brufen 400) (Formula 472),Ibuprofen,Tablet,400mg,NSAID,SCHEDULE_H,MFG-0044,Indoco Remedies Limited,33.0,41.4,8905199176431,SRC-TNMSC-04,Tamil Nadu Medical Services Corporation (TNMSC) Public Drug Formulary,SYNTHETIC_OPERATIONAL_RECORD,Store below 25°C in dry place,50,500,pharmaflow-main,2026-01-20T08:00:00Z
MED-0473,Aceclofenac + Paracetamol (Zerodol-P) (Formula 473),Aceclofenac + Paracetamol,Tablet,100mg + 325mg,Analgesic / Anti-inflammatory,SCHEDULE_H,MFG-0045,Centaur Pharmaceuticals Pvt. Ltd.,82.5,101.6,8909533595495,SRC-APOLLO-05,Apollo Pharmacy Retail & Catalog Directory,SYNTHETIC_OPERATIONAL_RECORD,Store below 25°C in dry place,50,500,pharmaflow-main,2026-01-20T08:00:00Z
MED-0474,Vildagliptin + Metformin (Galvus Met) (Formula 474),Vildagliptin + Metformin,Tablet,50mg + 500mg,Antidiabetic,SCHEDULE_H,MFG-0046,Bharat Biotech International Ltd.,250.0,310.8,8909306142066,SRC-MEDPLUS-06,MedPlus Health Services Store Index,SYNTHETIC_OPERATIONAL_RECORD,Store below 25°C in dry place,50,500,pharmaflow-main,2026-01-20T08:00:00Z
MED-0475,Rabeprazole 20mg (Razo 20) (Formula 475),Rabeprazole Sodium,Tablet,20mg,Gastroprokinetic,SCHEDULE_H,MFG-0047,Serum Institute of India Pvt. Ltd.,124.5,154.0,8905861829469,SRC-1MG-07,Tata 1mg Public Medicine Reference Index,SYNTHETIC_OPERATIONAL_RECORD,Store below 25°C in dry place,50,500,pharmaflow-main,2026-01-20T08:00:00Z
MED-0476,Cough Syrup (Ascoril-D) (Formula 476),Dextromethorphan + Phenylephrine + Chlorpheniramine,Syrup 100ml,100ml,Antitussive,SCHEDULE_H,MFG-0048,Panacea Biotec Ltd.,103.0,129.2,8907736142481,SRC-NETMEDS-08,Netmeds Public Medicine Catalog,SYNTHETIC_OPERATIONAL_RECORD,Store below 25°C in dry place,50,500,pharmaflow-main,2026-01-20T08:00:00Z
MED-0477,Oral Rehydration Salts (Electral ORS) (Formula 477),Sodium Chloride + Potassium Chloride + Sodium Citrate + Dextrose,Sachet,21.8g,Electrolyte Replenisher,OTC,MFG-0049,Biological E. Limited,18.0,22.5,8903933213766,SRC-RGGGH-09,Rajiv Gandhi Government General Hospital Chennai Pharmacy Formulary,SYNTHETIC_OPERATIONAL_RECORD,Store below 25°C in dry place,50,500,pharmaflow-main,2026-01-20T08:00:00Z
MED-0478,Multivitamin + Zinc (Becadexamin) (Formula 478),Vitamins B-Complex + C + Minerals + Zinc,Capsule,Softgel,Multivitamin,OTC,MFG-0050,Shantha Biotechnics Pvt. Ltd.,44.5,55.2,8908570850267,SRC-CMC-10,Christian Medical College (CMC) Vellore Pharmacy Services,SYNTHETIC_OPERATIONAL_RECORD,Store below 25°C in dry place,50,500,pharmaflow-main,2026-01-20T08:00:00Z
MED-0479,Thyroxine Sodium 50mcg (Thyronorm 50) (Formula 479),Levothyroxine Sodium,Tablet,50mcg,Thyroid Hormone,SCHEDULE_H,MFG-0051,PharmaCorp India Unit 51 Pvt. Ltd.,130.0,161.4,8904308701294,SRC-AIIMS-11,All India Institute of Medical Sciences (AIIMS) New Delhi Drug Formulary,SYNTHETIC_OPERATIONAL_RECORD,Store below 25°C in dry place,50,500,pharmaflow-main,2026-01-20T08:00:00Z
MED-0480,Clopidogrel 75mg (Clopilet 75) (Formula 480),Clopidogrel Bisulfate,Tablet,75mg,Antiplatelet,SCHEDULE_H,MFG-0052,PharmaCorp India Unit 52 Pvt. Ltd.,137.5,171.6,8909661615016,SRC-IPC-12,Indian Pharmacopoeia Commission (IPC) National Formulary of India,SYNTHETIC_OPERATIONAL_RECORD,Store below 25°C in dry place,50,500,pharmaflow-main,2026-01-20T08:00:00Z
MED-0481,Paracetamol 500mg (Formula 481),Acetaminophen,Tablet,500mg,Analgesic & Antipyretic,SCHEDULE_H,MFG-0053,PharmaCorp India Unit 53 Pvt. Ltd.,35.0,42.8,8901290050198,SRC-CDSCO-01,Central Drugs Standard Control Organization (CDSCO) Public Drug Gazette,SYNTHETIC_OPERATIONAL_RECORD,Store below 25°C in dry place,50,500,pharmaflow-main,2026-01-20T08:00:00Z
MED-0482,Paracetamol 650mg (Dolo 650) (Formula 482),Acetaminophen,Tablet,650mg,Analgesic & Antipyretic,SCHEDULE_H,MFG-0054,PharmaCorp India Unit 54 Pvt. Ltd.,44.5,54.0,8902126077199,SRC-NPPA-02,National Pharmaceutical Pricing Authority (NPPA / DPCO),SYNTHETIC_OPERATIONAL_RECORD,Store below 25°C in dry place,50,500,pharmaflow-main,2026-01-20T08:00:00Z
MED-0483,Vitamin D3 60K (Calcirol) (Formula 483),Cholecalciferol,Capsule,"60,000 IU",Nutritional / Vitamin,OTC,MFG-0055,PharmaCorp India Unit 55 Pvt. Ltd.,80.0,99.2,8908684942020,SRC-NLEM-03,National List of Essential Medicines (NLEM) 2022-2024,SYNTHETIC_OPERATIONAL_RECORD,Store below 25°C in dry place,50,500,pharmaflow-main,2026-01-20T08:00:00Z
MED-0484,Amoxicillin 500mg (Novamox) (Formula 484),Amoxicillin Trihydrate,Capsule,500mg,Antibiotic,SCHEDULE_H1,MFG-0056,PharmaCorp India Unit 56 Pvt. Ltd.,95.0,115.0,8907470843264,SRC-TNMSC-04,Tamil Nadu Medical Services Corporation (TNMSC) Public Drug Formulary,SYNTHETIC_OPERATIONAL_RECORD,Store below 25°C in dry place,50,500,pharmaflow-main,2026-01-20T08:00:00Z
MED-0485,Amoxicillin + Clavulanic Acid 625mg (Augmentin) (Formula 485),Amoxicillin + Potassium Clavulanate,Tablet,625mg,Antibacterial,SCHEDULE_H1,MFG-0057,PharmaCorp India Unit 57 Pvt. Ltd.,167.5,208.2,8907079234115,SRC-APOLLO-05,Apollo Pharmacy Retail & Catalog Directory,SYNTHETIC_OPERATIONAL_RECORD,Store below 25°C in dry place,50,500,pharmaflow-main,2026-01-20T08:00:00Z
MED-0486,Cetirizine 10mg (Cetzine) (Formula 486),Cetirizine Hydrochloride,Tablet,10mg,Antihistamine,SCHEDULE_H,MFG-0058,PharmaCorp India Unit 58 Pvt. Ltd.,40.0,48.4,8908309221034,SRC-MEDPLUS-06,MedPlus Health Services Store Index,SYNTHETIC_OPERATIONAL_RECORD,Store below 25°C in dry place,50,500,pharmaflow-main,2026-01-20T08:00:00Z
MED-0487,Levocetirizine 5mg (Levocet) (Formula 487),Levocetirizine Dihydrochloride,Tablet,5mg,Antiallergic,SCHEDULE_H,MFG-0059,PharmaCorp India Unit 59 Pvt. Ltd.,55.5,67.6,8909943959352,SRC-1MG-07,Tata 1mg Public Medicine Reference Index,SYNTHETIC_OPERATIONAL_RECORD,Store below 25°C in dry place,50,500,pharmaflow-main,2026-01-20T08:00:00Z
MED-0488,Azithromycin 250mg (Azee 250) (Formula 488),Azithromycin Dihydrate,Tablet,250mg,Macrolide Antibiotic,SCHEDULE_H1,MFG-0060,PharmaCorp India Unit 60 Pvt. Ltd.,130.0,157.8,8903645901955,SRC-NETMEDS-08,Netmeds Public Medicine Catalog,SYNTHETIC_OPERATIONAL_RECORD,Store below 25°C in dry place,50,500,pharmaflow-main,2026-01-20T08:00:00Z
MED-0489,Azithromycin 500mg (Azithral 500) (Formula 489),Azithromycin Dihydrate,Tablet,500mg,Macrolide Antibiotic,SCHEDULE_H1,MFG-0061,PharmaCorp India Unit 61 Pvt. Ltd.,187.5,231.0,8902191714875,SRC-RGGGH-09,Rajiv Gandhi Government General Hospital Chennai Pharmacy Formulary,SYNTHETIC_OPERATIONAL_RECORD,Store below 25°C in dry place,50,500,pharmaflow-main,2026-01-20T08:00:00Z
MED-0490,Metformin 500mg (Glycomet 500) (Formula 490),Metformin Hydrochloride,Tablet,500mg,Antidiabetic,SCHEDULE_H,MFG-0062,PharmaCorp India Unit 62 Pvt. Ltd.,60.0,74.2,8902331039957,SRC-CMC-10,Christian Medical College (CMC) Vellore Pharmacy Services,SYNTHETIC_OPERATIONAL_RECORD,Store below 25°C in dry place,50,500,pharmaflow-main,2026-01-20T08:00:00Z
MED-0491,Metformin 1000mg SR (Glucophage) (Formula 491),Metformin Hydrochloride,Tablet SR,1000mg,Antidiabetic,SCHEDULE_H,MFG-0063,PharmaCorp India Unit 63 Pvt. Ltd.,68.0,82.0,8904470591645,SRC-AIIMS-11,All India Institute of Medical Sciences (AIIMS) New Delhi Drug Formulary,SYNTHETIC_OPERATIONAL_RECORD,Store below 25°C in dry place,50,500,pharmaflow-main,2026-01-20T08:00:00Z
MED-0492,Pantoprazole 40mg (Pan 40) (Formula 492),Pantoprazole Sodium,Tablet,40mg,Proton Pump Inhibitor,SCHEDULE_H,MFG-0064,PharmaCorp India Unit 64 Pvt. Ltd.,87.5,108.2,8907598745558,SRC-IPC-12,Indian Pharmacopoeia Commission (IPC) National Formulary of India,SYNTHETIC_OPERATIONAL_RECORD,Store below 25°C in dry place,50,500,pharmaflow-main,2026-01-20T08:00:00Z
MED-0493,Pantoprazole + Domperidone (Pan-D) (Formula 493),Pantoprazole + Domperidone,Capsule SR,40mg + 30mg,Gastrointestinal,SCHEDULE_H,MFG-0065,PharmaCorp India Unit 65 Pvt. Ltd.,150.0,184.4,8905578929439,SRC-CDSCO-01,Central Drugs Standard Control Organization (CDSCO) Public Drug Gazette,SYNTHETIC_OPERATIONAL_RECORD,Store below 25°C in dry place,50,500,pharmaflow-main,2026-01-20T08:00:00Z
MED-0494,Omeprazole 20mg (Omez) (Formula 494),Omeprazole,Capsule,20mg,Antacid / Anti-Ulcer,SCHEDULE_H,MFG-0066,PharmaCorp India Unit 66 Pvt. Ltd.,69.5,84.6,8908295757364,SRC-NPPA-02,National Pharmaceutical Pricing Authority (NPPA / DPCO),SYNTHETIC_OPERATIONAL_RECORD,Store below 25°C in dry place,50,500,pharmaflow-main,2026-01-20T08:00:00Z
MED-0495,Telmisartan 40mg (Telma 40) (Formula 495),Telmisartan,Tablet,40mg,Antihypertensive,SCHEDULE_H,MFG-0067,PharmaCorp India Unit 67 Pvt. Ltd.,108.0,134.8,8904635552887,SRC-NLEM-03,National List of Essential Medicines (NLEM) 2022-2024,SYNTHETIC_OPERATIONAL_RECORD,Store below 25°C in dry place,50,500,pharmaflow-main,2026-01-20T08:00:00Z
MED-0496,Telmisartan + Amlodipine (Telma-AM) (Formula 496),Telmisartan + Amlodipine,Tablet,40mg + 5mg,Antihypertensive,SCHEDULE_H,MFG-0068,PharmaCorp India Unit 68 Pvt. Ltd.,152.5,188.0,8901248704157,SRC-TNMSC-04,Tamil Nadu Medical Services Corporation (TNMSC) Public Drug Formulary,SYNTHETIC_OPERATIONAL_RECORD,Store below 25°C in dry place,50,500,pharmaflow-main,2026-01-20T08:00:00Z
MED-0497,Atorvastatin 10mg (Atorva 10) (Formula 497),Atorvastatin Calcium,Tablet,10mg,Lipid Lowering / Statin,SCHEDULE_H,MFG-0069,PharmaCorp India Unit 69 Pvt. Ltd.,125.0,157.2,8902866092821,SRC-APOLLO-05,Apollo Pharmacy Retail & Catalog Directory,SYNTHETIC_OPERATIONAL_RECORD,Store below 25°C in dry place,50,500,pharmaflow-main,2026-01-20T08:00:00Z
MED-0498,Rosuvastatin 10mg (Rosuvas 10) (Formula 498),Rosuvastatin Calcium,Tablet,10mg,Cardiovascular,SCHEDULE_H,MFG-0070,PharmaCorp India Unit 70 Pvt. Ltd.,135.0,168.0,8903614915281,SRC-MEDPLUS-06,MedPlus Health Services Store Index,SYNTHETIC_OPERATIONAL_RECORD,Store below 25°C in dry place,50,500,pharmaflow-main,2026-01-20T08:00:00Z
MED-0499,Ciprofloxacin 500mg (Ciplox 500) (Formula 499),Ciprofloxacin,Tablet,500mg,Fluoroquinolone Antibiotic,SCHEDULE_H1,MFG-0071,PharmaCorp India Unit 71 Pvt. Ltd.,74.5,91.2,8904181102664,SRC-1MG-07,Tata 1mg Public Medicine Reference Index,SYNTHETIC_OPERATIONAL_RECORD,Store below 25°C in dry place,50,500,pharmaflow-main,2026-01-20T08:00:00Z
MED-0500,Ofloxacin + Ornidazole (O2) (Formula 500),Ofloxacin + Ornidazole,Tablet,200mg + 500mg,Antidiarrheal / Antibacterial,SCHEDULE_H1,MFG-0072,PharmaCorp India Unit 72 Pvt. Ltd.,120.0,148.4,8901513003815,SRC-NETMEDS-08,Netmeds Public Medicine Catalog,SYNTHETIC_OPERATIONAL_RECORD,Store below 25°C in dry place,50,500,pharmaflow-main,2026-01-20T08:00:00Z
MED-0501,Montelukast + Levocetirizine (Montair-LC) (Formula 501),Montelukast Sodium + Levocetirizine,Tablet,10mg + 5mg,Respiratory / Antiasthmatic,SCHEDULE_H,MFG-0073,PharmaCorp India Unit 73 Pvt. Ltd.,165.5,204.6,8904040409964,SRC-RGGGH-09,Rajiv Gandhi Government General Hospital Chennai Pharmacy Formulary,SYNTHETIC_OPERATIONAL_RECORD,Store below 25°C in dry place,50,500,pharmaflow-main,2026-01-20T08:00:00Z
MED-0502,Ibuprofen 400mg (Brufen 400) (Formula 502),Ibuprofen,Tablet,400mg,NSAID,SCHEDULE_H,MFG-0074,PharmaCorp India Unit 74 Pvt. Ltd.,38.0,47.8,8904012917912,SRC-CMC-10,Christian Medical College (CMC) Vellore Pharmacy Services,SYNTHETIC_OPERATIONAL_RECORD,Store below 25°C in dry place,50,500,pharmaflow-main,2026-01-20T08:00:00Z
MED-0503,Aceclofenac + Paracetamol (Zerodol-P) (Formula 503),Aceclofenac + Paracetamol,Tablet,100mg + 325mg,Analgesic / Anti-inflammatory,SCHEDULE_H,MFG-0075,PharmaCorp India Unit 75 Pvt. Ltd.,87.5,108.0,8905998623100,SRC-AIIMS-11,All India Institute of Medical Sciences (AIIMS) New Delhi Drug Formulary,SYNTHETIC_OPERATIONAL_RECORD,Store below 25°C in dry place,50,500,pharmaflow-main,2026-01-20T08:00:00Z
MED-0504,Vildagliptin + Metformin (Galvus Met) (Formula 504),Vildagliptin + Metformin,Tablet,50mg + 500mg,Antidiabetic,SCHEDULE_H,MFG-0076,PharmaCorp India Unit 76 Pvt. Ltd.,255.0,317.2,8909388140708,SRC-IPC-12,Indian Pharmacopoeia Commission (IPC) National Formulary of India,SYNTHETIC_OPERATIONAL_RECORD,Store below 25°C in dry place,50,500,pharmaflow-main,2026-01-20T08:00:00Z
MED-0505,Rabeprazole 20mg (Razo 20) (Formula 505),Rabeprazole Sodium,Tablet,20mg,Gastroprokinetic,SCHEDULE_H,MFG-0077,PharmaCorp India Unit 77 Pvt. Ltd.,112.0,138.0,8908390631634,SRC-CDSCO-01,Central Drugs Standard Control Organization (CDSCO) Public Drug Gazette,SYNTHETIC_OPERATIONAL_RECORD,Store below 25°C in dry place,50,500,pharmaflow-main,2026-01-20T08:00:00Z
MED-0506,Cough Syrup (Ascoril-D) (Formula 506),Dextromethorphan + Phenylephrine + Chlorpheniramine,Syrup 100ml,100ml,Antitussive,SCHEDULE_H,MFG-0078,PharmaCorp India Unit 78 Pvt. Ltd.,90.5,113.2,8906012067717,SRC-NPPA-02,National Pharmaceutical Pricing Authority (NPPA / DPCO),SYNTHETIC_OPERATIONAL_RECORD,Store below 25°C in dry place,50,500,pharmaflow-main,2026-01-20T08:00:00Z
MED-0507,Oral Rehydration Salts (Electral ORS) (Formula 507),Sodium Chloride + Potassium Chloride + Sodium Citrate + Dextrose,Sachet,21.8g,Electrolyte Replenisher,OTC,MFG-0079,PharmaCorp India Unit 79 Pvt. Ltd.,23.0,28.9,8904807122420,SRC-NLEM-03,National List of Essential Medicines (NLEM) 2022-2024,SYNTHETIC_OPERATIONAL_RECORD,Store below 25°C in dry place,50,500,pharmaflow-main,2026-01-20T08:00:00Z
MED-0508,Multivitamin + Zinc (Becadexamin) (Formula 508),Vitamins B-Complex + C + Minerals + Zinc,Capsule,Softgel,Multivitamin,OTC,MFG-0080,PharmaCorp India Unit 80 Pvt. Ltd.,49.5,61.6,8905421051452,SRC-TNMSC-04,Tamil Nadu Medical Services Corporation (TNMSC) Public Drug Formulary,SYNTHETIC_OPERATIONAL_RECORD,Store below 25°C in dry place,50,500,pharmaflow-main,2026-01-20T08:00:00Z
MED-0509,Thyroxine Sodium 50mcg (Thyronorm 50) (Formula 509),Levothyroxine Sodium,Tablet,50mcg,Thyroid Hormone,SCHEDULE_H,MFG-0081,PharmaCorp India Unit 81 Pvt. Ltd.,135.0,167.8,8908761469117,SRC-APOLLO-05,Apollo Pharmacy Retail & Catalog Directory,SYNTHETIC_OPERATIONAL_RECORD,Store below 25°C in dry place,50,500,pharmaflow-main,2026-01-20T08:00:00Z
MED-0510,Clopidogrel 75mg (Clopilet 75) (Formula 510),Clopidogrel Bisulfate,Tablet,75mg,Antiplatelet,SCHEDULE_H,MFG-0082,PharmaCorp India Unit 82 Pvt. Ltd.,142.5,178.0,8905569295400,SRC-MEDPLUS-06,MedPlus Health Services Store Index,SYNTHETIC_OPERATIONAL_RECORD,Store below 25°C in dry place,50,500,pharmaflow-main,2026-01-20T08:00:00Z
MED-0511,Paracetamol 500mg (Formula 511),Acetaminophen,Tablet,500mg,Analgesic & Antipyretic,SCHEDULE_H,MFG-0083,PharmaCorp India Unit 83 Pvt. Ltd.,40.0,49.2,8905625980561,SRC-1MG-07,Tata 1mg Public Medicine Reference Index,SYNTHETIC_OPERATIONAL_RECORD,Store below 25°C in dry place,50,500,pharmaflow-main,2026-01-20T08:00:00Z
MED-0512,Paracetamol 650mg (Dolo 650) (Formula 512),Acetaminophen,Tablet,650mg,Analgesic & Antipyretic,SCHEDULE_H,MFG-0084,PharmaCorp India Unit 84 Pvt. Ltd.,32.0,38.0,8902546720356,SRC-NETMEDS-08,Netmeds Public Medicine Catalog,SYNTHETIC_OPERATIONAL_RECORD,Store below 25°C in dry place,50,500,pharmaflow-main,2026-01-20T08:00:00Z
