communicationId,customerId,customerName,customerPhone,communicationType,medicineName,batchNumber,expiryDate,messageContent,channel,status,pharmacistId,pharmacistName,scheduledDate,deliveryStatusDescription,workspaceId,provenance
PSC-0001,CUST-0001,Rahul Kumar,+91 98450 48123,RECALL_SAFETY_ALERT,Paracetamol 500mg,PCT101,30 Nov 2027,This is a pharmacy safety notification regarding a medicine you previously received. Please contact your pharmacist regarding this batch. Do not use the medicine until you receive appropriate guidance.,SMS,COMMUNICATION_INITIATED,PHARM-KA-2022-7212,Deepak R,2026-10-08,Initiated via pharmacist-controlled dispatch. External SMS/WhatsApp opened.,pharmaflow-main,SYNTHETIC_OPERATIONAL_RECORD
PSC-0002,CUST-0002,Priya Sharma,+91 97312 90342,EXPIRY_SAFETY_ADVISORY,Paracetamol 650mg (Dolo 650),VD102,25 Sep 2026,"PharmaFlow Safety Advisory: Dear Priya Sharma, your Paracetamol 650mg (Dolo 650) is nearing expiry. Dispensed: 08 Oct 2026. Expiry: 25 Sep 2026. Please check before use and contact your pharmacist if needed. Thank you for reading. Take care! – PharmaFlow Apex",WHATSAPP,COMMUNICATION_INITIATED,PHARM-KA-2022-7212,Deepak R,2026-10-08,Initiated via pharmacist-controlled dispatch. External SMS/WhatsApp opened.,pharmaflow-main,SYNTHETIC_OPERATIONAL_RECORD
PSC-0003,CUST-0003,Arun Kumar,+91 94480 77109,EXPIRY_SAFETY_ADVISORY,Vitamin D3 60K (Calcirol),AMX204,15 Oct 2026,"PharmaFlow Safety Advisory: Dear Arun Kumar, your Vitamin D3 60K (Calcirol) is nearing expiry. Dispensed: 08 Oct 2026. Expiry: 15 Oct 2026. Please check before use and contact your pharmacist if needed. Thank you for reading. Take care! – PharmaFlow Apex",SMS,SMS_COMPOSER_OPENED,PHARM-KA-2022-7212,Deepak R,2026-10-08,Initiated via pharmacist-controlled dispatch. External SMS/WhatsApp opened.,pharmaflow-main,SYNTHETIC_OPERATIONAL_RECORD
PSC-0004,CUST-0004,Kavya S,+91 99001 22584,EXPIRY_SAFETY_ADVISORY,Amoxicillin 500mg (Novamox),CTZ302,15 Jan 2027,"PharmaFlow Safety Advisory: Dear Kavya S, your Amoxicillin 500mg (Novamox) is nearing expiry. Dispensed: 08 Oct 2026. Expiry: 15 Jan 2027. Please check before use and contact your pharmacist if needed. Thank you for reading. Take care! – PharmaFlow Apex",SMS,COMMUNICATION_INITIATED,PHARM-KA-2022-7212,Deepak R,2026-10-08,Initiated via pharmacist-controlled dispatch. External SMS/WhatsApp opened.,pharmaflow-main,SYNTHETIC_OPERATIONAL_RECORD
PSC-0005,CUST-0005,Meena Devi,+91 96114 64190,RECALL_SAFETY_ALERT,Amoxicillin + Clavulanic Acid 625mg (Augmentin),DEMO-EXP-001,23 Oct 2026,This is a pharmacy safety notification regarding a medicine you previously received. Please contact your pharmacist regarding this batch. Do not use the medicine until you receive appropriate guidance.,SMS,SMS_COMPOSER_OPENED,PHARM-KA-2022-7212,Deepak R,2026-10-08,Initiated via pharmacist-controlled dispatch. External SMS/WhatsApp opened.,pharmaflow-main,SYNTHETIC_OPERATIONAL_RECORD
PSC-0006,CUST-0006,Deepak,+91 93845 99028,EXPIRY_SAFETY_ADVISORY,Cetirizine 10mg (Cetzine),DEMO-EXP-002,08 Oct 2026,"PharmaFlow Safety Advisory: Dear Deepak, your Cetirizine 10mg (Cetzine) is nearing expiry. Dispensed: 08 Oct 2026. Expiry: 08 Oct 2026. Please check before use and contact your pharmacist if needed. Thank you for reading. Take care! – PharmaFlow Apex",WHATSAPP,RESOLVED,PHARM-KA-2022-7212,Deepak R,2026-10-08,Initiated via pharmacist-controlled dispatch. External SMS/WhatsApp opened.,pharmaflow-main,SYNTHETIC_OPERATIONAL_RECORD
PSC-0007,CUST-0007,Manish,+91 90802 04902,EXPIRY_SAFETY_ADVISORY,Levocetirizine 5mg (Levocet),LEV106,13 Sep 2026,"PharmaFlow Safety Advisory: Dear Manish, your Levocetirizine 5mg (Levocet) is nearing expiry. Dispensed: 08 Oct 2026. Expiry: 13 Sep 2026. Please check before use and contact your pharmacist if needed. Thank you for reading. Take care! – PharmaFlow Apex",SMS,READY,PHARM-KA-2022-7212,Deepak R,2026-10-08,Initiated via pharmacist-controlled dispatch. External SMS/WhatsApp opened.,pharmaflow-main,SYNTHETIC_OPERATIONAL_RECORD
PSC-0008,CUST-0008,Deeps,+91 80988 51999,EXPIRY_SAFETY_ADVISORY,Azithromycin 250mg (Azee 250),AZI107,22 Sep 2026,"PharmaFlow Safety Advisory: Dear Deeps, your Azithromycin 250mg (Azee 250) is nearing expiry. Dispensed: 08 Oct 2026. Expiry: 22 Sep 2026. Please check before use and contact your pharmacist if needed. Thank you for reading. Take care! – PharmaFlow Apex",SMS,WHATSAPP_OPENED,PHARM-KA-2022-7212,Deepak R,2026-10-08,Initiated via pharmacist-controlled dispatch. External SMS/WhatsApp opened.,pharmaflow-main,SYNTHETIC_OPERATIONAL_RECORD
PSC-0009,CUST-0009,Suresh Pillai,+91 9445652586,RECALL_SAFETY_ALERT,Azithromycin 500mg (Azithral 500),AZI108,03 Oct 2026,This is a pharmacy safety notification regarding a medicine you previously received. Please contact your pharmacist regarding this batch. Do not use the medicine until you receive appropriate guidance.,SMS,READY,PHARM-KA-2022-7212,Deepak R,2026-10-08,Initiated via pharmacist-controlled dispatch. External SMS/WhatsApp opened.,pharmaflow-main,SYNTHETIC_OPERATIONAL_RECORD
PSC-0010,CUST-0010,Lakshmi Bhat,+91 9668942178,EXPIRY_SAFETY_ADVISORY,Metformin 500mg (Glycomet 500),MET109,24 Sep 2026,"PharmaFlow Safety Advisory: Dear Lakshmi Bhat, your Metformin 500mg (Glycomet 500) is nearing expiry. Dispensed: 08 Oct 2026. Expiry: 24 Sep 2026. Please check before use and contact your pharmacist if needed. Thank you for reading. Take care! – PharmaFlow Apex",SMS,RESOLVED,PHARM-KA-2022-7212,Deepak R,2026-10-08,Initiated via pharmacist-controlled dispatch. External SMS/WhatsApp opened.,pharmaflow-main,SYNTHETIC_OPERATIONAL_RECORD
PSC-0011,CUST-0011,Vignesh Murthy,+91 7068755000,EXPIRY_SAFETY_ADVISORY,Metformin 1000mg SR (Glucophage),MET110,24 Sep 2026,"PharmaFlow Safety Advisory: Dear Vignesh Murthy, your Metformin 1000mg SR (Glucophage) is nearing expiry. Dispensed: 08 Oct 2026. Expiry: 24 Sep 2026. Please check before use and contact your pharmacist if needed. Thank you for reading. Take care! – PharmaFlow Apex",WHATSAPP,WHATSAPP_OPENED,PHARM-KA-2022-7212,Deepak R,2026-10-08,Initiated via pharmacist-controlled dispatch. External SMS/WhatsApp opened.,pharmaflow-main,SYNTHETIC_OPERATIONAL_RECORD
PSC-0012,CUST-0012,Anitha Kumar,+91 9822257687,EXPIRY_SAFETY_ADVISORY,Pantoprazole 40mg (Pan 40),PAN111,04 Oct 2026,"PharmaFlow Safety Advisory: Dear Anitha Kumar, your Pantoprazole 40mg (Pan 40) is nearing expiry. Dispensed: 08 Oct 2026. Expiry: 04 Oct 2026. Please check before use and contact your pharmacist if needed. Thank you for reading. Take care! – PharmaFlow Apex",SMS,READY,PHARM-KA-2022-7212,Deepak R,2026-10-08,Initiated via pharmacist-controlled dispatch. External SMS/WhatsApp opened.,pharmaflow-main,SYNTHETIC_OPERATIONAL_RECORD
PSC-0013,CUST-0013,Ramesh Iyer,+91 9473149551,RECALL_SAFETY_ALERT,Pantoprazole + Domperidone (Pan-D),PAN112,01 Sep 2026,This is a pharmacy safety notification regarding a medicine you previously received. Please contact your pharmacist regarding this batch. Do not use the medicine until you receive appropriate guidance.,WHATSAPP,RESOLVED,PHARM-KA-2022-7212,Deepak R,2026-10-08,Initiated via pharmacist-controlled dispatch. External SMS/WhatsApp opened.,pharmaflow-main,SYNTHETIC_OPERATIONAL_RECORD
PSC-0014,CUST-0014,Sangeetha Reddy,+91 7022246348,EXPIRY_SAFETY_ADVISORY,Omeprazole 20mg (Omez),OME113,23 Sep 2026,"PharmaFlow Safety Advisory: Dear Sangeetha Reddy, your Omeprazole 20mg (Omez) is nearing expiry. Dispensed: 08 Oct 2026. Expiry: 23 Sep 2026. Please check before use and contact your pharmacist if needed. Thank you for reading. Take care! – PharmaFlow Apex",SMS,WHATSAPP_OPENED,PHARM-KA-2022-7212,Deepak R,2026-10-08,Initiated via pharmacist-controlled dispatch. External SMS/WhatsApp opened.,pharmaflow-main,SYNTHETIC_OPERATIONAL_RECORD
PSC-0015,CUST-0015,Vijay Gowda,+91 9065250068,EXPIRY_SAFETY_ADVISORY,Telmisartan 40mg (Telma 40),TEL114,16 Sep 2026,"PharmaFlow Safety Advisory: Dear Vijay Gowda, your Telmisartan 40mg (Telma 40) is nearing expiry. Dispensed: 08 Oct 2026. Expiry: 16 Sep 2026. Please check before use and contact your pharmacist if needed. Thank you for reading. Take care! – PharmaFlow Apex",SMS,WHATSAPP_OPENED,PHARM-KA-2022-7212,Deepak R,2026-10-08,Initiated via pharmacist-controlled dispatch. External SMS/WhatsApp opened.,pharmaflow-main,SYNTHETIC_OPERATIONAL_RECORD
PSC-0016,CUST-0016,Sandhya Desai,+91 7021819185,EXPIRY_SAFETY_ADVISORY,Telmisartan + Amlodipine (Telma-AM),TEL115,03 Oct 2026,"PharmaFlow Safety Advisory: Dear Sandhya Desai, your Telmisartan + Amlodipine (Telma-AM) is nearing expiry. Dispensed: 08 Oct 2026. Expiry: 03 Oct 2026. Please check before use and contact your pharmacist if needed. Thank you for reading. Take care! – PharmaFlow Apex",SMS,RESOLVED,PHARM-KA-2022-7212,Deepak R,2026-10-08,Initiated via pharmacist-controlled dispatch. External SMS/WhatsApp opened.,pharmaflow-main,SYNTHETIC_OPERATIONAL_RECORD
PSC-0017,CUST-0017,Prashanth Shenoy,+91 7065465150,RECALL_SAFETY_ALERT,Atorvastatin 10mg (Atorva 10),ATO116,10 Sep 2026,This is a pharmacy safety notification regarding a medicine you previously received. Please contact your pharmacist regarding this batch. Do not use the medicine until you receive appropriate guidance.,SMS,COMMUNICATION_INITIATED,PHARM-KA-2022-7212,Deepak R,2026-10-08,Initiated via pharmacist-controlled dispatch. External SMS/WhatsApp opened.,pharmaflow-main,SYNTHETIC_OPERATIONAL_RECORD
PSC-0018,CUST-0018,Swetha Krishnan,+91 9945843681,EXPIRY_SAFETY_ADVISORY,Rosuvastatin 10mg (Rosuvas 10),ROS117,07 Oct 2026,"PharmaFlow Safety Advisory: Dear Swetha Krishnan, your Rosuvastatin 10mg (Rosuvas 10) is nearing expiry. Dispensed: 08 Oct 2026. Expiry: 07 Oct 2026. Please check before use and contact your pharmacist if needed. Thank you for reading. Take care! – PharmaFlow Apex",SMS,READY,PHARM-KA-2022-7212,Deepak R,2026-10-08,Initiated via pharmacist-controlled dispatch. External SMS/WhatsApp opened.,pharmaflow-main,SYNTHETIC_OPERATIONAL_RECORD
PSC-0019,CUST-0019,Rajesh Sharma,+91 9931257157,EXPIRY_SAFETY_ADVISORY,Ciprofloxacin 500mg (Ciplox 500),CIP118,05 Oct 2026,"PharmaFlow Safety Advisory: Dear Rajesh Sharma, your Ciprofloxacin 500mg (Ciplox 500) is nearing expiry. Dispensed: 08 Oct 2026. Expiry: 05 Oct 2026. Please check before use and contact your pharmacist if needed. Thank you for reading. Take care! – PharmaFlow Apex",SMS,WHATSAPP_OPENED,PHARM-KA-2022-7212,Deepak R,2026-10-08,Initiated via pharmacist-controlled dispatch. External SMS/WhatsApp opened.,pharmaflow-main,SYNTHETIC_OPERATIONAL_RECORD
PSC-0020,CUST-0020,Nandini Rao,+91 9771934487,EXPIRY_SAFETY_ADVISORY,Ofloxacin + Ornidazole (O2),OFL119,10 Sep 2026,"PharmaFlow Safety Advisory: Dear Nandini Rao, your Ofloxacin + Ornidazole (O2) is nearing expiry. Dispensed: 08 Oct 2026. Expiry: 10 Sep 2026. Please check before use and contact your pharmacist if needed. Thank you for reading. Take care! – PharmaFlow Apex",SMS,RESOLVED,PHARM-KA-2022-7212,Deepak R,2026-10-08,Initiated via pharmacist-controlled dispatch. External SMS/WhatsApp opened.,pharmaflow-main,SYNTHETIC_OPERATIONAL_RECORD
PSC-0021,CUST-0021,Rahul Menon,+91 9665766169,RECALL_SAFETY_ALERT,Montelukast + Levocetirizine (Montair-LC),MON120,13 Sep 2026,This is a pharmacy safety notification regarding a medicine you previously received. Please contact your pharmacist regarding this batch. Do not use the medicine until you receive appropriate guidance.,SMS,SMS_COMPOSER_OPENED,PHARM-KA-2022-7212,Deepak R,2026-10-08,Initiated via pharmacist-controlled dispatch. External SMS/WhatsApp opened.,pharmaflow-main,SYNTHETIC_OPERATIONAL_RECORD
PSC-0022,CUST-0022,Priya Verma,+91 8035583290,EXPIRY_SAFETY_ADVISORY,Ibuprofen 400mg (Brufen 400),IBU121,30 Aug 2026,"PharmaFlow Safety Advisory: Dear Priya Verma, your Ibuprofen 400mg (Brufen 400) is nearing expiry. Dispensed: 08 Oct 2026. Expiry: 30 Aug 2026. Please check before use and contact your pharmacist if needed. Thank you for reading. Take care! – PharmaFlow Apex",WHATSAPP,SMS_COMPOSER_OPENED,PHARM-KA-2022-7212,Deepak R,2026-10-08,Initiated via pharmacist-controlled dispatch. External SMS/WhatsApp opened.,pharmaflow-main,SYNTHETIC_OPERATIONAL_RECORD
PSC-0023,CUST-0023,Arun Hegde,+91 9610344303,EXPIRY_SAFETY_ADVISORY,Aceclofenac + Paracetamol (Zerodol-P),ACE122,29 Aug 2026,"PharmaFlow Safety Advisory: Dear Arun Hegde, your Aceclofenac + Paracetamol (Zerodol-P) is nearing expiry. Dispensed: 08 Oct 2026. Expiry: 29 Aug 2026. Please check before use and contact your pharmacist if needed. Thank you for reading. Take care! – PharmaFlow Apex",WHATSAPP,READY,PHARM-KA-2022-7212,Deepak R,2026-10-08,Initiated via pharmacist-controlled dispatch. External SMS/WhatsApp opened.,pharmaflow-main,SYNTHETIC_OPERATIONAL_RECORD
PSC-0024,CUST-0024,Kavya Gupta,+91 7056321751,EXPIRY_SAFETY_ADVISORY,Vildagliptin + Metformin (Galvus Met),VIL123,17 Sep 2026,"PharmaFlow Safety Advisory: Dear Kavya Gupta, your Vildagliptin + Metformin (Galvus Met) is nearing expiry. Dispensed: 08 Oct 2026. Expiry: 17 Sep 2026. Please check before use and contact your pharmacist if needed. Thank you for reading. Take care! – PharmaFlow Apex",SMS,READY,PHARM-KA-2022-7212,Deepak R,2026-10-08,Initiated via pharmacist-controlled dispatch. External SMS/WhatsApp opened.,pharmaflow-main,SYNTHETIC_OPERATIONAL_RECORD
PSC-0025,CUST-0025,Meena Joshi,+91 9986745380,RECALL_SAFETY_ALERT,Rabeprazole 20mg (Razo 20),RAB124,24 Sep 2026,This is a pharmacy safety notification regarding a medicine you previously received. Please contact your pharmacist regarding this batch. Do not use the medicine until you receive appropriate guidance.,SMS,RESOLVED,PHARM-KA-2022-7212,Deepak R,2026-10-08,Initiated via pharmacist-controlled dispatch. External SMS/WhatsApp opened.,pharmaflow-main,SYNTHETIC_OPERATIONAL_RECORD
PSC-0026,CUST-0026,Deepak Nair,+91 8061818612,EXPIRY_SAFETY_ADVISORY,Cough Syrup (Ascoril-D),COU125,15 Sep 2026,"PharmaFlow Safety Advisory: Dear Deepak Nair, your Cough Syrup (Ascoril-D) is nearing expiry. Dispensed: 08 Oct 2026. Expiry: 15 Sep 2026. Please check before use and contact your pharmacist if needed. Thank you for reading. Take care! – PharmaFlow Apex",SMS,SMS_COMPOSER_OPENED,PHARM-KA-2022-7212,Deepak R,2026-10-08,Initiated via pharmacist-controlled dispatch. External SMS/WhatsApp opened.,pharmaflow-main,SYNTHETIC_OPERATIONAL_RECORD
PSC-0027,CUST-0027,Manish Patel,+91 9023470708,EXPIRY_SAFETY_ADVISORY,Oral Rehydration Salts (Electral ORS),ORA126,01 Oct 2026,"PharmaFlow Safety Advisory: Dear Manish Patel, your Oral Rehydration Salts (Electral ORS) is nearing expiry. Dispensed: 08 Oct 2026. Expiry: 01 Oct 2026. Please check before use and contact your pharmacist if needed. Thank you for reading. Take care! – PharmaFlow Apex",SMS,WHATSAPP_OPENED,PHARM-KA-2022-7212,Deepak R,2026-10-08,Initiated via pharmacist-controlled dispatch. External SMS/WhatsApp opened.,pharmaflow-main,SYNTHETIC_OPERATIONAL_RECORD
PSC-0028,CUST-0028,Deeps Sundaram,+91 9465026398,EXPIRY_SAFETY_ADVISORY,Multivitamin + Zinc (Becadexamin),MUL127,27 Sep 2026,"PharmaFlow Safety Advisory: Dear Deeps Sundaram, your Multivitamin + Zinc (Becadexamin) is nearing expiry. Dispensed: 08 Oct 2026. Expiry: 27 Sep 2026. Please check before use and contact your pharmacist if needed. Thank you for reading. Take care! – PharmaFlow Apex",WHATSAPP,RESOLVED,PHARM-KA-2022-7212,Deepak R,2026-10-08,Initiated via pharmacist-controlled dispatch. External SMS/WhatsApp opened.,pharmaflow-main,SYNTHETIC_OPERATIONAL_RECORD
PSC-0029,CUST-0029,Suresh Pillai,+91 8097219599,RECALL_SAFETY_ALERT,Thyroxine Sodium 50mcg (Thyronorm 50),THY128,30 Sep 2026,This is a pharmacy safety notification regarding a medicine you previously received. Please contact your pharmacist regarding this batch. Do not use the medicine until you receive appropriate guidance.,SMS,SMS_COMPOSER_OPENED,PHARM-KA-2022-7212,Deepak R,2026-10-08,Initiated via pharmacist-controlled dispatch. External SMS/WhatsApp opened.,pharmaflow-main,SYNTHETIC_OPERATIONAL_RECORD
PSC-0030,CUST-0030,Lakshmi Bhat,+91 9741510328,EXPIRY_SAFETY_ADVISORY,Clopidogrel 75mg (Clopilet 75),CLO129,02 Sep 2026,"PharmaFlow Safety Advisory: Dear Lakshmi Bhat, your Clopidogrel 75mg (Clopilet 75) is nearing expiry. Dispensed: 08 Oct 2026. Expiry: 02 Sep 2026. Please check before use and contact your pharmacist if needed. Thank you for reading. Take care! – PharmaFlow Apex",SMS,SMS_COMPOSER_OPENED,PHARM-KA-2022-7212,Deepak R,2026-10-08,Initiated via pharmacist-controlled dispatch. External SMS/WhatsApp opened.,pharmaflow-main,SYNTHETIC_OPERATIONAL_RECORD
PSC-0031,CUST-0031,Vignesh Murthy,+91 9769549527,EXPIRY_SAFETY_ADVISORY,Paracetamol 500mg (Formula 31),PAR130,15 Oct 2026,"PharmaFlow Safety Advisory: Dear Vignesh Murthy, your Paracetamol 500mg (Formula 31) is nearing expiry. Dispensed: 08 Oct 2026. Expiry: 15 Oct 2026. Please check before use and contact your pharmacist if needed. Thank you for reading. Take care! – PharmaFlow Apex",SMS,RESOLVED,PHARM-KA-2022-7212,Deepak R,2026-10-08,Initiated via pharmacist-controlled dispatch. External SMS/WhatsApp opened.,pharmaflow-main,SYNTHETIC_OPERATIONAL_RECORD
PSC-0032,CUST-0032,Anitha Kumar,+91 9658112135,EXPIRY_SAFETY_ADVISORY,Paracetamol 650mg (Dolo 650) (Formula 32),PAR131,13 Oct 2026,"PharmaFlow Safety Advisory: Dear Anitha Kumar, your Paracetamol 650mg (Dolo 650) (Formula 32) is nearing expiry. Dispensed: 08 Oct 2026. Expiry: 13 Oct 2026. Please check before use and contact your pharmacist if needed. Thank you for reading. Take care! – PharmaFlow Apex",SMS,RESOLVED,PHARM-KA-2022-7212,Deepak R,2026-10-08,Initiated via pharmacist-controlled dispatch. External SMS/WhatsApp opened.,pharmaflow-main,SYNTHETIC_OPERATIONAL_RECORD
PSC-0033,CUST-0033,Ramesh Iyer,+91 9432814819,RECALL_SAFETY_ALERT,Vitamin D3 60K (Calcirol) (Formula 33),VIT132,15 Oct 2026,This is a pharmacy safety notification regarding a medicine you previously received. Please contact your pharmacist regarding this batch. Do not use the medicine until you receive appropriate guidance.,SMS,RESOLVED,PHARM-KA-2022-7212,Deepak R,2026-10-08,Initiated via pharmacist-controlled dispatch. External SMS/WhatsApp opened.,pharmaflow-main,SYNTHETIC_OPERATIONAL_RECORD
PSC-0034,CUST-0034,Sangeetha Reddy,+91 9441163805,EXPIRY_SAFETY_ADVISORY,Amoxicillin 500mg (Novamox) (Formula 34),AMO133,14 Oct 2026,"PharmaFlow Safety Advisory: Dear Sangeetha Reddy, your Amoxicillin 500mg (Novamox) (Formula 34) is nearing expiry. Dispensed: 08 Oct 2026. Expiry: 14 Oct 2026. Please check before use and contact your pharmacist if needed. Thank you for reading. Take care! – PharmaFlow Apex",WHATSAPP,WHATSAPP_OPENED,PHARM-KA-2022-7212,Deepak R,2026-10-08,Initiated via pharmacist-controlled dispatch. External SMS/WhatsApp opened.,pharmaflow-main,SYNTHETIC_OPERATIONAL_RECORD
PSC-0035,CUST-0035,Vijay Gowda,+91 9683363160,EXPIRY_SAFETY_ADVISORY,Amoxicillin + Clavulanic Acid 625mg (Augmentin) (Formula 35),AMO134,12 Oct 2026,"PharmaFlow Safety Advisory: Dear Vijay Gowda, your Amoxicillin + Clavulanic Acid 625mg (Augmentin) (Formula 35) is nearing expiry. Dispensed: 08 Oct 2026. Expiry: 12 Oct 2026. Please check before use and contact your pharmacist if needed. Thank you for reading. Take care! – PharmaFlow Apex",SMS,COMMUNICATION_INITIATED,PHARM-KA-2022-7212,Deepak R,2026-10-08,Initiated via pharmacist-controlled dispatch. External SMS/WhatsApp opened.,pharmaflow-main,SYNTHETIC_OPERATIONAL_RECORD
PSC-0036,CUST-0036,Sandhya Desai,+91 9671315464,EXPIRY_SAFETY_ADVISORY,Cetirizine 10mg (Cetzine) (Formula 36),CET135,18 Oct 2026,"PharmaFlow Safety Advisory: Dear Sandhya Desai, your Cetirizine 10mg (Cetzine) (Formula 36) is nearing expiry. Dispensed: 08 Oct 2026. Expiry: 18 Oct 2026. Please check before use and contact your pharmacist if needed. Thank you for reading. Take care! – PharmaFlow Apex",SMS,SMS_COMPOSER_OPENED,PHARM-KA-2022-7212,Deepak R,2026-10-08,Initiated via pharmacist-controlled dispatch. External SMS/WhatsApp opened.,pharmaflow-main,SYNTHETIC_OPERATIONAL_RECORD
PSC-0037,CUST-0037,Prashanth Shenoy,+91 8086762164,RECALL_SAFETY_ALERT,Levocetirizine 5mg (Levocet) (Formula 37),LEV136,11 Oct 2026,This is a pharmacy safety notification regarding a medicine you previously received. Please contact your pharmacist regarding this batch. Do not use the medicine until you receive appropriate guidance.,SMS,SMS_COMPOSER_OPENED,PHARM-KA-2022-7212,Deepak R,2026-10-08,Initiated via pharmacist-controlled dispatch. External SMS/WhatsApp opened.,pharmaflow-main,SYNTHETIC_OPERATIONAL_RECORD
PSC-0038,CUST-0038,Swetha Krishnan,+91 8046840133,EXPIRY_SAFETY_ADVISORY,Azithromycin 250mg (Azee 250) (Formula 38),AZI137,15 Oct 2026,"PharmaFlow Safety Advisory: Dear Swetha Krishnan, your Azithromycin 250mg (Azee 250) (Formula 38) is nearing expiry. Dispensed: 08 Oct 2026. Expiry: 15 Oct 2026. Please check before use and contact your pharmacist if needed. Thank you for reading. Take care! – PharmaFlow Apex",SMS,COMMUNICATION_INITIATED,PHARM-KA-2022-7212,Deepak R,2026-10-08,Initiated via pharmacist-controlled dispatch. External SMS/WhatsApp opened.,pharmaflow-main,SYNTHETIC_OPERATIONAL_RECORD
PSC-0039,CUST-0039,Rajesh Sharma,+91 9039394291,EXPIRY_SAFETY_ADVISORY,Azithromycin 500mg (Azithral 500) (Formula 39),AZI138,12 Oct 2026,"PharmaFlow Safety Advisory: Dear Rajesh Sharma, your Azithromycin 500mg (Azithral 500) (Formula 39) is nearing expiry. Dispensed: 08 Oct 2026. Expiry: 12 Oct 2026. Please check before use and contact your pharmacist if needed. Thank you for reading. Take care! – PharmaFlow Apex",SMS,COMMUNICATION_INITIATED,PHARM-KA-2022-7212,Deepak R,2026-10-08,Initiated via pharmacist-controlled dispatch. External SMS/WhatsApp opened.,pharmaflow-main,SYNTHETIC_OPERATIONAL_RECORD
PSC-0040,CUST-0040,Nandini Rao,+91 9851464269,EXPIRY_SAFETY_ADVISORY,Metformin 500mg (Glycomet 500) (Formula 40),MET139,13 Oct 2026,"PharmaFlow Safety Advisory: Dear Nandini Rao, your Metformin 500mg (Glycomet 500) (Formula 40) is nearing expiry. Dispensed: 08 Oct 2026. Expiry: 13 Oct 2026. Please check before use and contact your pharmacist if needed. Thank you for reading. Take care! – PharmaFlow Apex",SMS,READY,PHARM-KA-2022-7212,Deepak R,2026-10-08,Initiated via pharmacist-controlled dispatch. External SMS/WhatsApp opened.,pharmaflow-main,SYNTHETIC_OPERATIONAL_RECORD
PSC-0041,CUST-0041,Rahul Menon,+91 9653851498,RECALL_SAFETY_ALERT,Metformin 1000mg SR (Glucophage) (Formula 41),MET140,13 Oct 2026,This is a pharmacy safety notification regarding a medicine you previously received. Please contact your pharmacist regarding this batch. Do not use the medicine until you receive appropriate guidance.,WHATSAPP,WHATSAPP_OPENED,PHARM-KA-2022-7212,Deepak R,2026-10-08,Initiated via pharmacist-controlled dispatch. External SMS/WhatsApp opened.,pharmaflow-main,SYNTHETIC_OPERATIONAL_RECORD
PSC-0042,CUST-0042,Priya Verma,+91 9632084778,EXPIRY_SAFETY_ADVISORY,Pantoprazole 40mg (Pan 40) (Formula 42),PAN141,09 Oct 2026,"PharmaFlow Safety Advisory: Dear Priya Verma, your Pantoprazole 40mg (Pan 40) (Formula 42) is nearing expiry. Dispensed: 08 Oct 2026. Expiry: 09 Oct 2026. Please check before use and contact your pharmacist if needed. Thank you for reading. Take care! – PharmaFlow Apex",SMS,WHATSAPP_OPENED,PHARM-KA-2022-7212,Deepak R,2026-10-08,Initiated via pharmacist-controlled dispatch. External SMS/WhatsApp opened.,pharmaflow-main,SYNTHETIC_OPERATIONAL_RECORD
PSC-0043,CUST-0043,Arun Hegde,+91 9440281491,EXPIRY_SAFETY_ADVISORY,Pantoprazole + Domperidone (Pan-D) (Formula 43),PAN142,14 Oct 2026,"PharmaFlow Safety Advisory: Dear Arun Hegde, your Pantoprazole + Domperidone (Pan-D) (Formula 43) is nearing expiry. Dispensed: 08 Oct 2026. Expiry: 14 Oct 2026. Please check before use and contact your pharmacist if needed. Thank you for reading. Take care! – PharmaFlow Apex",WHATSAPP,READY,PHARM-KA-2022-7212,Deepak R,2026-10-08,Initiated via pharmacist-controlled dispatch. External SMS/WhatsApp opened.,pharmaflow-main,SYNTHETIC_OPERATIONAL_RECORD
PSC-0044,CUST-0044,Kavya Gupta,+91 9845495029,EXPIRY_SAFETY_ADVISORY,Omeprazole 20mg (Omez) (Formula 44),OME143,14 Oct 2026,"PharmaFlow Safety Advisory: Dear Kavya Gupta, your Omeprazole 20mg (Omez) (Formula 44) is nearing expiry. Dispensed: 08 Oct 2026. Expiry: 14 Oct 2026. Please check before use and contact your pharmacist if needed. Thank you for reading. Take care! – PharmaFlow Apex",WHATSAPP,COMMUNICATION_INITIATED,PHARM-KA-2022-7212,Deepak R,2026-10-08,Initiated via pharmacist-controlled dispatch. External SMS/WhatsApp opened.,pharmaflow-main,SYNTHETIC_OPERATIONAL_RECORD
PSC-0045,CUST-0045,Meena Joshi,+91 9024541967,RECALL_SAFETY_ALERT,Telmisartan 40mg (Telma 40) (Formula 45),TEL144,13 Oct 2026,This is a pharmacy safety notification regarding a medicine you previously received. Please contact your pharmacist regarding this batch. Do not use the medicine until you receive appropriate guidance.,SMS,RESOLVED,PHARM-KA-2022-7212,Deepak R,2026-10-08,Initiated via pharmacist-controlled dispatch. External SMS/WhatsApp opened.,pharmaflow-main,SYNTHETIC_OPERATIONAL_RECORD
PSC-0046,CUST-0046,Deepak Nair,+91 9795282470,EXPIRY_SAFETY_ADVISORY,Telmisartan + Amlodipine (Telma-AM) (Formula 46),TEL145,09 Oct 2026,"PharmaFlow Safety Advisory: Dear Deepak Nair, your Telmisartan + Amlodipine (Telma-AM) (Formula 46) is nearing expiry. Dispensed: 08 Oct 2026. Expiry: 09 Oct 2026. Please check before use and contact your pharmacist if needed. Thank you for reading. Take care! – PharmaFlow Apex",SMS,WHATSAPP_OPENED,PHARM-KA-2022-7212,Deepak R,2026-10-08,Initiated via pharmacist-controlled dispatch. External SMS/WhatsApp opened.,pharmaflow-main,SYNTHETIC_OPERATIONAL_RECORD
PSC-0047,CUST-0047,Manish Patel,+91 9814994527,EXPIRY_SAFETY_ADVISORY,Atorvastatin 10mg (Atorva 10) (Formula 47),ATO146,17 Oct 2026,"PharmaFlow Safety Advisory: Dear Manish Patel, your Atorvastatin 10mg (Atorva 10) (Formula 47) is nearing expiry. Dispensed: 08 Oct 2026. Expiry: 17 Oct 2026. Please check before use and contact your pharmacist if needed. Thank you for reading. Take care! – PharmaFlow Apex",SMS,WHATSAPP_OPENED,PHARM-KA-2022-7212,Deepak R,2026-10-08,Initiated via pharmacist-controlled dispatch. External SMS/WhatsApp opened.,pharmaflow-main,SYNTHETIC_OPERATIONAL_RECORD
PSC-0048,CUST-0048,Deeps Sundaram,+91 8070887034,EXPIRY_SAFETY_ADVISORY,Rosuvastatin 10mg (Rosuvas 10) (Formula 48),ROS147,16 Oct 2026,"PharmaFlow Safety Advisory: Dear Deeps Sundaram, your Rosuvastatin 10mg (Rosuvas 10) (Formula 48) is nearing expiry. Dispensed: 08 Oct 2026. Expiry: 16 Oct 2026. Please check before use and contact your pharmacist if needed. Thank you for reading. Take care! – PharmaFlow Apex",SMS,RESOLVED,PHARM-KA-2022-7212,Deepak R,2026-10-08,Initiated via pharmacist-controlled dispatch. External SMS/WhatsApp opened.,pharmaflow-main,SYNTHETIC_OPERATIONAL_RECORD
PSC-0049,CUST-0049,Suresh Pillai,+91 9775679047,RECALL_SAFETY_ALERT,Ciprofloxacin 500mg (Ciplox 500) (Formula 49),CIP148,11 Oct 2026,This is a pharmacy safety notification regarding a medicine you previously received. Please contact your pharmacist regarding this batch. Do not use the medicine until you receive appropriate guidance.,WHATSAPP,SMS_COMPOSER_OPENED,PHARM-KA-2022-7212,Deepak R,2026-10-08,Initiated via pharmacist-controlled dispatch. External SMS/WhatsApp opened.,pharmaflow-main,SYNTHETIC_OPERATIONAL_RECORD
PSC-0050,CUST-0050,Lakshmi Bhat,+91 7041690501,EXPIRY_SAFETY_ADVISORY,Ofloxacin + Ornidazole (O2) (Formula 50),OFL149,12 Oct 2026,"PharmaFlow Safety Advisory: Dear Lakshmi Bhat, your Ofloxacin + Ornidazole (O2) (Formula 50) is nearing expiry. Dispensed: 08 Oct 2026. Expiry: 12 Oct 2026. Please check before use and contact your pharmacist if needed. Thank you for reading. Take care! – PharmaFlow Apex",SMS,READY,PHARM-KA-2022-7212,Deepak R,2026-10-08,Initiated via pharmacist-controlled dispatch. External SMS/WhatsApp opened.,pharmaflow-main,SYNTHETIC_OPERATIONAL_RECORD
PSC-0051,CUST-0051,Vignesh Murthy,+91 9018126895,EXPIRY_SAFETY_ADVISORY,Montelukast + Levocetirizine (Montair-LC) (Formula 51),MON150,14 Oct 2026,"PharmaFlow Safety Advisory: Dear Vignesh Murthy, your Montelukast + Levocetirizine (Montair-LC) (Formula 51) is nearing expiry. Dispensed: 08 Oct 2026. Expiry: 14 Oct 2026. Please check before use and contact your pharmacist if needed. Thank you for reading. Take care! – PharmaFlow Apex",SMS,RESOLVED,PHARM-KA-2022-7212,Deepak R,2026-10-08,Initiated via pharmacist-controlled dispatch. External SMS/WhatsApp opened.,pharmaflow-main,SYNTHETIC_OPERATIONAL_RECORD
PSC-0052,CUST-0052,Anitha Kumar,+91 9996128115,EXPIRY_SAFETY_ADVISORY,Ibuprofen 400mg (Brufen 400) (Formula 52),IBU151,10 Oct 2026,"PharmaFlow Safety Advisory: Dear Anitha Kumar, your Ibuprofen 400mg (Brufen 400) (Formula 52) is nearing expiry. Dispensed: 08 Oct 2026. Expiry: 10 Oct 2026. Please check before use and contact your pharmacist if needed. Thank you for reading. Take care! – PharmaFlow Apex",SMS,WHATSAPP_OPENED,PHARM-KA-2022-7212,Deepak R,2026-10-08,Initiated via pharmacist-controlled dispatch. External SMS/WhatsApp opened.,pharmaflow-main,SYNTHETIC_OPERATIONAL_RECORD
PSC-0053,CUST-0053,Ramesh Iyer,+91 9919208698,RECALL_SAFETY_ALERT,Aceclofenac + Paracetamol (Zerodol-P) (Formula 53),ACE152,10 Oct 2026,This is a pharmacy safety notification regarding a medicine you previously received. Please contact your pharmacist regarding this batch. Do not use the medicine until you receive appropriate guidance.,WHATSAPP,WHATSAPP_OPENED,PHARM-KA-2022-7212,Deepak R,2026-10-08,Initiated via pharmacist-controlled dispatch. External SMS/WhatsApp opened.,pharmaflow-main,SYNTHETIC_OPERATIONAL_RECORD
PSC-0054,CUST-0054,Sangeetha Reddy,+91 9489991301,EXPIRY_SAFETY_ADVISORY,Vildagliptin + Metformin (Galvus Met) (Formula 54),VIL153,16 Oct 2026,"PharmaFlow Safety Advisory: Dear Sangeetha Reddy, your Vildagliptin + Metformin (Galvus Met) (Formula 54) is nearing expiry. Dispensed: 08 Oct 2026. Expiry: 16 Oct 2026. Please check before use and contact your pharmacist if needed. Thank you for reading. Take care! – PharmaFlow Apex",SMS,WHATSAPP_OPENED,PHARM-KA-2022-7212,Deepak R,2026-10-08,Initiated via pharmacist-controlled dispatch. External SMS/WhatsApp opened.,pharmaflow-main,SYNTHETIC_OPERATIONAL_RECORD
PSC-0055,CUST-0055,Vijay Gowda,+91 9827690330,EXPIRY_SAFETY_ADVISORY,Rabeprazole 20mg (Razo 20) (Formula 55),RAB154,10 Oct 2026,"PharmaFlow Safety Advisory: Dear Vijay Gowda, your Rabeprazole 20mg (Razo 20) (Formula 55) is nearing expiry. Dispensed: 08 Oct 2026. Expiry: 10 Oct 2026. Please check before use and contact your pharmacist if needed. Thank you for reading. Take care! – PharmaFlow Apex",SMS,WHATSAPP_OPENED,PHARM-KA-2022-7212,Deepak R,2026-10-08,Initiated via pharmacist-controlled dispatch. External SMS/WhatsApp opened.,pharmaflow-main,SYNTHETIC_OPERATIONAL_RECORD
PSC-0056,CUST-0056,Sandhya Desai,+91 9617032877,EXPIRY_SAFETY_ADVISORY,Cough Syrup (Ascoril-D) (Formula 56),COU155,11 Oct 2026,"PharmaFlow Safety Advisory: Dear Sandhya Desai, your Cough Syrup (Ascoril-D) (Formula 56) is nearing expiry. Dispensed: 08 Oct 2026. Expiry: 11 Oct 2026. Please check before use and contact your pharmacist if needed. Thank you for reading. Take care! – PharmaFlow Apex",WHATSAPP,RESOLVED,PHARM-KA-2022-7212,Deepak R,2026-10-08,Initiated via pharmacist-controlled dispatch. External SMS/WhatsApp opened.,pharmaflow-main,SYNTHETIC_OPERATIONAL_RECORD
PSC-0057,CUST-0057,Prashanth Shenoy,+91 7058592048,RECALL_SAFETY_ALERT,Oral Rehydration Salts (Electral ORS) (Formula 57),ORA156,15 Oct 2026,This is a pharmacy safety notification regarding a medicine you previously received. Please contact your pharmacist regarding this batch. Do not use the medicine until you receive appropriate guidance.,SMS,READY,PHARM-KA-2022-7212,Deepak R,2026-10-08,Initiated via pharmacist-controlled dispatch. External SMS/WhatsApp opened.,pharmaflow-main,SYNTHETIC_OPERATIONAL_RECORD
PSC-0058,CUST-0058,Swetha Krishnan,+91 9671477426,EXPIRY_SAFETY_ADVISORY,Multivitamin + Zinc (Becadexamin) (Formula 58),MUL157,15 Oct 2026,"PharmaFlow Safety Advisory: Dear Swetha Krishnan, your Multivitamin + Zinc (Becadexamin) (Formula 58) is nearing expiry. Dispensed: 08 Oct 2026. Expiry: 15 Oct 2026. Please check before use and contact your pharmacist if needed. Thank you for reading. Take care! – PharmaFlow Apex",SMS,READY,PHARM-KA-2022-7212,Deepak R,2026-10-08,Initiated via pharmacist-controlled dispatch. External SMS/WhatsApp opened.,pharmaflow-main,SYNTHETIC_OPERATIONAL_RECORD
PSC-0059,CUST-0059,Rajesh Sharma,+91 9775802771,EXPIRY_SAFETY_ADVISORY,Thyroxine Sodium 50mcg (Thyronorm 50) (Formula 59),THY158,11 Oct 2026,"PharmaFlow Safety Advisory: Dear Rajesh Sharma, your Thyroxine Sodium 50mcg (Thyronorm 50) (Formula 59) is nearing expiry. Dispensed: 08 Oct 2026. Expiry: 11 Oct 2026. Please check before use and contact your pharmacist if needed. Thank you for reading. Take care! – PharmaFlow Apex",SMS,WHATSAPP_OPENED,PHARM-KA-2022-7212,Deepak R,2026-10-08,Initiated via pharmacist-controlled dispatch. External SMS/WhatsApp opened.,pharmaflow-main,SYNTHETIC_OPERATIONAL_RECORD
PSC-0060,CUST-0060,Nandini Rao,+91 9726937148,EXPIRY_SAFETY_ADVISORY,Clopidogrel 75mg (Clopilet 75) (Formula 60),CLO159,11 Oct 2026,"PharmaFlow Safety Advisory: Dear Nandini Rao, your Clopidogrel 75mg (Clopilet 75) (Formula 60) is nearing expiry. Dispensed: 08 Oct 2026. Expiry: 11 Oct 2026. Please check before use and contact your pharmacist if needed. Thank you for reading. Take care! – PharmaFlow Apex",SMS,RESOLVED,PHARM-KA-2022-7212,Deepak R,2026-10-08,Initiated via pharmacist-controlled dispatch. External SMS/WhatsApp opened.,pharmaflow-main,SYNTHETIC_OPERATIONAL_RECORD
PSC-0061,CUST-0061,Rahul Menon,+91 8023311507,RECALL_SAFETY_ALERT,Paracetamol 500mg (Formula 61),PAR160,13 Oct 2026,This is a pharmacy safety notification regarding a medicine you previously received. Please contact your pharmacist regarding this batch. Do not use the medicine until you receive appropriate guidance.,WHATSAPP,WHATSAPP_OPENED,PHARM-KA-2022-7212,Deepak R,2026-10-08,Initiated via pharmacist-controlled dispatch. External SMS/WhatsApp opened.,pharmaflow-main,SYNTHETIC_OPERATIONAL_RECORD
PSC-0062,CUST-0062,Priya Verma,+91 9965541117,EXPIRY_SAFETY_ADVISORY,Paracetamol 650mg (Dolo 650) (Formula 62),PAR161,17 Oct 2026,"PharmaFlow Safety Advisory: Dear Priya Verma, your Paracetamol 650mg (Dolo 650) (Formula 62) is nearing expiry. Dispensed: 08 Oct 2026. Expiry: 17 Oct 2026. Please check before use and contact your pharmacist if needed. Thank you for reading. Take care! – PharmaFlow Apex",WHATSAPP,WHATSAPP_OPENED,PHARM-KA-2022-7212,Deepak R,2026-10-08,Initiated via pharmacist-controlled dispatch. External SMS/WhatsApp opened.,pharmaflow-main,SYNTHETIC_OPERATIONAL_RECORD
PSC-0063,CUST-0063,Arun Hegde,+91 9099269266,EXPIRY_SAFETY_ADVISORY,Vitamin D3 60K (Calcirol) (Formula 63),VIT162,13 Oct 2026,"PharmaFlow Safety Advisory: Dear Arun Hegde, your Vitamin D3 60K (Calcirol) (Formula 63) is nearing expiry. Dispensed: 08 Oct 2026. Expiry: 13 Oct 2026. Please check before use and contact your pharmacist if needed. Thank you for reading. Take care! – PharmaFlow Apex",SMS,COMMUNICATION_INITIATED,PHARM-KA-2022-7212,Deepak R,2026-10-08,Initiated via pharmacist-controlled dispatch. External SMS/WhatsApp opened.,pharmaflow-main,SYNTHETIC_OPERATIONAL_RECORD
PSC-0064,CUST-0064,Kavya Gupta,+91 9722513132,EXPIRY_SAFETY_ADVISORY,Amoxicillin 500mg (Novamox) (Formula 64),AMO163,12 Oct 2026,"PharmaFlow Safety Advisory: Dear Kavya Gupta, your Amoxicillin 500mg (Novamox) (Formula 64) is nearing expiry. Dispensed: 08 Oct 2026. Expiry: 12 Oct 2026. Please check before use and contact your pharmacist if needed. Thank you for reading. Take care! – PharmaFlow Apex",SMS,SMS_COMPOSER_OPENED,PHARM-KA-2022-7212,Deepak R,2026-10-08,Initiated via pharmacist-controlled dispatch. External SMS/WhatsApp opened.,pharmaflow-main,SYNTHETIC_OPERATIONAL_RECORD
PSC-0065,CUST-0065,Meena Joshi,+91 9099927658,RECALL_SAFETY_ALERT,Amoxicillin + Clavulanic Acid 625mg (Augmentin) (Formula 65),AMO164,12 Oct 2026,This is a pharmacy safety notification regarding a medicine you previously received. Please contact your pharmacist regarding this batch. Do not use the medicine until you receive appropriate guidance.,WHATSAPP,SMS_COMPOSER_OPENED,PHARM-KA-2022-7212,Deepak R,2026-10-08,Initiated via pharmacist-controlled dispatch. External SMS/WhatsApp opened.,pharmaflow-main,SYNTHETIC_OPERATIONAL_RECORD
PSC-0066,CUST-0066,Deepak Nair,+91 9657197152,EXPIRY_SAFETY_ADVISORY,Cetirizine 10mg (Cetzine) (Formula 66),CET165,19 Oct 2026,"PharmaFlow Safety Advisory: Dear Deepak Nair, your Cetirizine 10mg (Cetzine) (Formula 66) is nearing expiry. Dispensed: 08 Oct 2026. Expiry: 19 Oct 2026. Please check before use and contact your pharmacist if needed. Thank you for reading. Take care! – PharmaFlow Apex",SMS,READY,PHARM-KA-2022-7212,Deepak R,2026-10-08,Initiated via pharmacist-controlled dispatch. External SMS/WhatsApp opened.,pharmaflow-main,SYNTHETIC_OPERATIONAL_RECORD
PSC-0067,CUST-0067,Manish Patel,+91 9084660688,EXPIRY_SAFETY_ADVISORY,Levocetirizine 5mg (Levocet) (Formula 67),LEV166,30 Oct 2026,"PharmaFlow Safety Advisory: Dear Manish Patel, your Levocetirizine 5mg (Levocet) (Formula 67) is nearing expiry. Dispensed: 08 Oct 2026. Expiry: 30 Oct 2026. Please check before use and contact your pharmacist if needed. Thank you for reading. Take care! – PharmaFlow Apex",SMS,SMS_COMPOSER_OPENED,PHARM-KA-2022-7212,Deepak R,2026-10-08,Initiated via pharmacist-controlled dispatch. External SMS/WhatsApp opened.,pharmaflow-main,SYNTHETIC_OPERATIONAL_RECORD
PSC-0068,CUST-0068,Deeps Sundaram,+91 9891737913,EXPIRY_SAFETY_ADVISORY,Azithromycin 250mg (Azee 250) (Formula 68),AZI167,30 Oct 2026,"PharmaFlow Safety Advisory: Dear Deeps Sundaram, your Azithromycin 250mg (Azee 250) (Formula 68) is nearing expiry. Dispensed: 08 Oct 2026. Expiry: 30 Oct 2026. Please check before use and contact your pharmacist if needed. Thank you for reading. Take care! – PharmaFlow Apex",SMS,READY,PHARM-KA-2022-7212,Deepak R,2026-10-08,Initiated via pharmacist-controlled dispatch. External SMS/WhatsApp opened.,pharmaflow-main,SYNTHETIC_OPERATIONAL_RECORD
PSC-0069,CUST-0069,Suresh Pillai,+91 9655610493,RECALL_SAFETY_ALERT,Azithromycin 500mg (Azithral 500) (Formula 69),AZI168,31 Oct 2026,This is a pharmacy safety notification regarding a medicine you previously received. Please contact your pharmacist regarding this batch. Do not use the medicine until you receive appropriate guidance.,SMS,SMS_COMPOSER_OPENED,PHARM-KA-2022-7212,Deepak R,2026-10-08,Initiated via pharmacist-controlled dispatch. External SMS/WhatsApp opened.,pharmaflow-main,SYNTHETIC_OPERATIONAL_RECORD
PSC-0070,CUST-0070,Lakshmi Bhat,+91 9822315507,EXPIRY_SAFETY_ADVISORY,Metformin 500mg (Glycomet 500) (Formula 70),MET169,29 Oct 2026,"PharmaFlow Safety Advisory: Dear Lakshmi Bhat, your Metformin 500mg (Glycomet 500) (Formula 70) is nearing expiry. Dispensed: 08 Oct 2026. Expiry: 29 Oct 2026. Please check before use and contact your pharmacist if needed. Thank you for reading. Take care! – PharmaFlow Apex",WHATSAPP,READY,PHARM-KA-2022-7212,Deepak R,2026-10-08,Initiated via pharmacist-controlled dispatch. External SMS/WhatsApp opened.,pharmaflow-main,SYNTHETIC_OPERATIONAL_RECORD
PSC-0071,CUST-0071,Vignesh Murthy,+91 9459667685,EXPIRY_SAFETY_ADVISORY,Metformin 1000mg SR (Glucophage) (Formula 71),MET170,27 Oct 2026,"PharmaFlow Safety Advisory: Dear Vignesh Murthy, your Metformin 1000mg SR (Glucophage) (Formula 71) is nearing expiry. Dispensed: 08 Oct 2026. Expiry: 27 Oct 2026. Please check before use and contact your pharmacist if needed. Thank you for reading. Take care! – PharmaFlow Apex",SMS,WHATSAPP_OPENED,PHARM-KA-2022-7212,Deepak R,2026-10-08,Initiated via pharmacist-controlled dispatch. External SMS/WhatsApp opened.,pharmaflow-main,SYNTHETIC_OPERATIONAL_RECORD
PSC-0072,CUST-0072,Anitha Kumar,+91 9492924837,EXPIRY_SAFETY_ADVISORY,Pantoprazole 40mg (Pan 40) (Formula 72),PAN171,04 Nov 2026,"PharmaFlow Safety Advisory: Dear Anitha Kumar, your Pantoprazole 40mg (Pan 40) (Formula 72) is nearing expiry. Dispensed: 08 Oct 2026. Expiry: 04 Nov 2026. Please check before use and contact your pharmacist if needed. Thank you for reading. Take care! – PharmaFlow Apex",WHATSAPP,SMS_COMPOSER_OPENED,PHARM-KA-2022-7212,Deepak R,2026-10-08,Initiated via pharmacist-controlled dispatch. External SMS/WhatsApp opened.,pharmaflow-main,SYNTHETIC_OPERATIONAL_RECORD
PSC-0073,CUST-0073,Ramesh Iyer,+91 7065590800,RECALL_SAFETY_ALERT,Pantoprazole + Domperidone (Pan-D) (Formula 73),PAN172,26 Oct 2026,This is a pharmacy safety notification regarding a medicine you previously received. Please contact your pharmacist regarding this batch. Do not use the medicine until you receive appropriate guidance.,WHATSAPP,RESOLVED,PHARM-KA-2022-7212,Deepak R,2026-10-08,Initiated via pharmacist-controlled dispatch. External SMS/WhatsApp opened.,pharmaflow-main,SYNTHETIC_OPERATIONAL_RECORD
PSC-0074,CUST-0074,Sangeetha Reddy,+91 7080723898,EXPIRY_SAFETY_ADVISORY,Omeprazole 20mg (Omez) (Formula 74),OME173,26 Oct 2026,"PharmaFlow Safety Advisory: Dear Sangeetha Reddy, your Omeprazole 20mg (Omez) (Formula 74) is nearing expiry. Dispensed: 08 Oct 2026. Expiry: 26 Oct 2026. Please check before use and contact your pharmacist if needed. Thank you for reading. Take care! – PharmaFlow Apex",SMS,COMMUNICATION_INITIATED,PHARM-KA-2022-7212,Deepak R,2026-10-08,Initiated via pharmacist-controlled dispatch. External SMS/WhatsApp opened.,pharmaflow-main,SYNTHETIC_OPERATIONAL_RECORD
PSC-0075,CUST-0075,Vijay Gowda,+91 9837437207,EXPIRY_SAFETY_ADVISORY,Telmisartan 40mg (Telma 40) (Formula 75),TEL174,26 Oct 2026,"PharmaFlow Safety Advisory: Dear Vijay Gowda, your Telmisartan 40mg (Telma 40) (Formula 75) is nearing expiry. Dispensed: 08 Oct 2026. Expiry: 26 Oct 2026. Please check before use and contact your pharmacist if needed. Thank you for reading. Take care! – PharmaFlow Apex",SMS,SMS_COMPOSER_OPENED,PHARM-KA-2022-7212,Deepak R,2026-10-08,Initiated via pharmacist-controlled dispatch. External SMS/WhatsApp opened.,pharmaflow-main,SYNTHETIC_OPERATIONAL_RECORD
PSC-0076,CUST-0076,Sandhya Desai,+91 9876757928,EXPIRY_SAFETY_ADVISORY,Telmisartan + Amlodipine (Telma-AM) (Formula 76),TEL175,31 Oct 2026,"PharmaFlow Safety Advisory: Dear Sandhya Desai, your Telmisartan + Amlodipine (Telma-AM) (Formula 76) is nearing expiry. Dispensed: 08 Oct 2026. Expiry: 31 Oct 2026. Please check before use and contact your pharmacist if needed. Thank you for reading. Take care! – PharmaFlow Apex",SMS,READY,PHARM-KA-2022-7212,Deepak R,2026-10-08,Initiated via pharmacist-controlled dispatch. External SMS/WhatsApp opened.,pharmaflow-main,SYNTHETIC_OPERATIONAL_RECORD
PSC-0077,CUST-0077,Prashanth Shenoy,+91 9977144075,RECALL_SAFETY_ALERT,Atorvastatin 10mg (Atorva 10) (Formula 77),ATO176,24 Oct 2026,This is a pharmacy safety notification regarding a medicine you previously received. Please contact your pharmacist regarding this batch. Do not use the medicine until you receive appropriate guidance.,WHATSAPP,RESOLVED,PHARM-KA-2022-7212,Deepak R,2026-10-08,Initiated via pharmacist-controlled dispatch. External SMS/WhatsApp opened.,pharmaflow-main,SYNTHETIC_OPERATIONAL_RECORD
PSC-0078,CUST-0078,Swetha Krishnan,+91 9871707170,EXPIRY_SAFETY_ADVISORY,Rosuvastatin 10mg (Rosuvas 10) (Formula 78),ROS177,30 Oct 2026,"PharmaFlow Safety Advisory: Dear Swetha Krishnan, your Rosuvastatin 10mg (Rosuvas 10) (Formula 78) is nearing expiry. Dispensed: 08 Oct 2026. Expiry: 30 Oct 2026. Please check before use and contact your pharmacist if needed. Thank you for reading. Take care! – PharmaFlow Apex",WHATSAPP,READY,PHARM-KA-2022-7212,Deepak R,2026-10-08,Initiated via pharmacist-controlled dispatch. External SMS/WhatsApp opened.,pharmaflow-main,SYNTHETIC_OPERATIONAL_RECORD
PSC-0079,CUST-0079,Rajesh Sharma,+91 8048858073,EXPIRY_SAFETY_ADVISORY,Ciprofloxacin 500mg (Ciplox 500) (Formula 79),CIP178,06 Nov 2026,"PharmaFlow Safety Advisory: Dear Rajesh Sharma, your Ciprofloxacin 500mg (Ciplox 500) (Formula 79) is nearing expiry. Dispensed: 08 Oct 2026. Expiry: 06 Nov 2026. Please check before use and contact your pharmacist if needed. Thank you for reading. Take care! – PharmaFlow Apex",WHATSAPP,WHATSAPP_OPENED,PHARM-KA-2022-7212,Deepak R,2026-10-08,Initiated via pharmacist-controlled dispatch. External SMS/WhatsApp opened.,pharmaflow-main,SYNTHETIC_OPERATIONAL_RECORD
PSC-0080,CUST-0080,Nandini Rao,+91 9021828592,EXPIRY_SAFETY_ADVISORY,Ofloxacin + Ornidazole (O2) (Formula 80),OFL179,03 Nov 2026,"PharmaFlow Safety Advisory: Dear Nandini Rao, your Ofloxacin + Ornidazole (O2) (Formula 80) is nearing expiry. Dispensed: 08 Oct 2026. Expiry: 03 Nov 2026. Please check before use and contact your pharmacist if needed. Thank you for reading. Take care! – PharmaFlow Apex",SMS,RESOLVED,PHARM-KA-2022-7212,Deepak R,2026-10-08,Initiated via pharmacist-controlled dispatch. External SMS/WhatsApp opened.,pharmaflow-main,SYNTHETIC_OPERATIONAL_RECORD
PSC-0081,CUST-0081,Rahul Menon,+91 8051644346,RECALL_SAFETY_ALERT,Montelukast + Levocetirizine (Montair-LC) (Formula 81),MON180,03 Nov 2026,This is a pharmacy safety notification regarding a medicine you previously received. Please contact your pharmacist regarding this batch. Do not use the medicine until you receive appropriate guidance.,SMS,RESOLVED,PHARM-KA-2022-7212,Deepak R,2026-10-08,Initiated via pharmacist-controlled dispatch. External SMS/WhatsApp opened.,pharmaflow-main,SYNTHETIC_OPERATIONAL_RECORD
PSC-0082,CUST-0082,Priya Verma,+91 9781216573,EXPIRY_SAFETY_ADVISORY,Ibuprofen 400mg (Brufen 400) (Formula 82),IBU181,26 Oct 2026,"PharmaFlow Safety Advisory: Dear Priya Verma, your Ibuprofen 400mg (Brufen 400) (Formula 82) is nearing expiry. Dispensed: 08 Oct 2026. Expiry: 26 Oct 2026. Please check before use and contact your pharmacist if needed. Thank you for reading. Take care! – PharmaFlow Apex",SMS,WHATSAPP_OPENED,PHARM-KA-2022-7212,Deepak R,2026-10-08,Initiated via pharmacist-controlled dispatch. External SMS/WhatsApp opened.,pharmaflow-main,SYNTHETIC_OPERATIONAL_RECORD
PSC-0083,CUST-0083,Arun Hegde,+91 9444355473,EXPIRY_SAFETY_ADVISORY,Aceclofenac + Paracetamol (Zerodol-P) (Formula 83),ACE182,04 Nov 2026,"PharmaFlow Safety Advisory: Dear Arun Hegde, your Aceclofenac + Paracetamol (Zerodol-P) (Formula 83) is nearing expiry. Dispensed: 08 Oct 2026. Expiry: 04 Nov 2026. Please check before use and contact your pharmacist if needed. Thank you for reading. Take care! – PharmaFlow Apex",SMS,READY,PHARM-KA-2022-7212,Deepak R,2026-10-08,Initiated via pharmacist-controlled dispatch. External SMS/WhatsApp opened.,pharmaflow-main,SYNTHETIC_OPERATIONAL_RECORD
PSC-0084,CUST-0084,Kavya Gupta,+91 7072270726,EXPIRY_SAFETY_ADVISORY,Vildagliptin + Metformin (Galvus Met) (Formula 84),VIL183,07 Nov 2026,"PharmaFlow Safety Advisory: Dear Kavya Gupta, your Vildagliptin + Metformin (Galvus Met) (Formula 84) is nearing expiry. Dispensed: 08 Oct 2026. Expiry: 07 Nov 2026. Please check before use and contact your pharmacist if needed. Thank you for reading. Take care! – PharmaFlow Apex",SMS,SMS_COMPOSER_OPENED,PHARM-KA-2022-7212,Deepak R,2026-10-08,Initiated via pharmacist-controlled dispatch. External SMS/WhatsApp opened.,pharmaflow-main,SYNTHETIC_OPERATIONAL_RECORD
PSC-0085,CUST-0085,Meena Joshi,+91 7019165226,RECALL_SAFETY_ALERT,Rabeprazole 20mg (Razo 20) (Formula 85),RAB184,29 Oct 2026,This is a pharmacy safety notification regarding a medicine you previously received. Please contact your pharmacist regarding this batch. Do not use the medicine until you receive appropriate guidance.,SMS,COMMUNICATION_INITIATED,PHARM-KA-2022-7212,Deepak R,2026-10-08,Initiated via pharmacist-controlled dispatch. External SMS/WhatsApp opened.,pharmaflow-main,SYNTHETIC_OPERATIONAL_RECORD
PSC-0086,CUST-0086,Deepak Nair,+91 9751662236,EXPIRY_SAFETY_ADVISORY,Cough Syrup (Ascoril-D) (Formula 86),COU185,29 Oct 2026,"PharmaFlow Safety Advisory: Dear Deepak Nair, your Cough Syrup (Ascoril-D) (Formula 86) is nearing expiry. Dispensed: 08 Oct 2026. Expiry: 29 Oct 2026. Please check before use and contact your pharmacist if needed. Thank you for reading. Take care! – PharmaFlow Apex",SMS,WHATSAPP_OPENED,PHARM-KA-2022-7212,Deepak R,2026-10-08,Initiated via pharmacist-controlled dispatch. External SMS/WhatsApp opened.,pharmaflow-main,SYNTHETIC_OPERATIONAL_RECORD
PSC-0087,CUST-0087,Manish Patel,+91 9792545028,EXPIRY_SAFETY_ADVISORY,Oral Rehydration Salts (Electral ORS) (Formula 87),ORA186,06 Nov 2026,"PharmaFlow Safety Advisory: Dear Manish Patel, your Oral Rehydration Salts (Electral ORS) (Formula 87) is nearing expiry. Dispensed: 08 Oct 2026. Expiry: 06 Nov 2026. Please check before use and contact your pharmacist if needed. Thank you for reading. Take care! – PharmaFlow Apex",SMS,WHATSAPP_OPENED,PHARM-KA-2022-7212,Deepak R,2026-10-08,Initiated via pharmacist-controlled dispatch. External SMS/WhatsApp opened.,pharmaflow-main,SYNTHETIC_OPERATIONAL_RECORD
PSC-0088,CUST-0088,Deeps Sundaram,+91 9953154591,EXPIRY_SAFETY_ADVISORY,Multivitamin + Zinc (Becadexamin) (Formula 88),MUL187,04 Nov 2026,"PharmaFlow Safety Advisory: Dear Deeps Sundaram, your Multivitamin + Zinc (Becadexamin) (Formula 88) is nearing expiry. Dispensed: 08 Oct 2026. Expiry: 04 Nov 2026. Please check before use and contact your pharmacist if needed. Thank you for reading. Take care! – PharmaFlow Apex",WHATSAPP,WHATSAPP_OPENED,PHARM-KA-2022-7212,Deepak R,2026-10-08,Initiated via pharmacist-controlled dispatch. External SMS/WhatsApp opened.,pharmaflow-main,SYNTHETIC_OPERATIONAL_RECORD
PSC-0089,CUST-0089,Suresh Pillai,+91 9777719420,RECALL_SAFETY_ALERT,Thyroxine Sodium 50mcg (Thyronorm 50) (Formula 89),THY188,31 Oct 2026,This is a pharmacy safety notification regarding a medicine you previously received. Please contact your pharmacist regarding this batch. Do not use the medicine until you receive appropriate guidance.,SMS,SMS_COMPOSER_OPENED,PHARM-KA-2022-7212,Deepak R,2026-10-08,Initiated via pharmacist-controlled dispatch. External SMS/WhatsApp opened.,pharmaflow-main,SYNTHETIC_OPERATIONAL_RECORD
PSC-0090,CUST-0090,Lakshmi Bhat,+91 9458841557,EXPIRY_SAFETY_ADVISORY,Clopidogrel 75mg (Clopilet 75) (Formula 90),CLO189,28 Oct 2026,"PharmaFlow Safety Advisory: Dear Lakshmi Bhat, your Clopidogrel 75mg (Clopilet 75) (Formula 90) is nearing expiry. Dispensed: 08 Oct 2026. Expiry: 28 Oct 2026. Please check before use and contact your pharmacist if needed. Thank you for reading. Take care! – PharmaFlow Apex",SMS,COMMUNICATION_INITIATED,PHARM-KA-2022-7212,Deepak R,2026-10-08,Initiated via pharmacist-controlled dispatch. External SMS/WhatsApp opened.,pharmaflow-main,SYNTHETIC_OPERATIONAL_RECORD
PSC-0091,CUST-0091,Vignesh Murthy,+91 9018846539,EXPIRY_SAFETY_ADVISORY,Paracetamol 500mg (Formula 91),PAR190,01 Nov 2026,"PharmaFlow Safety Advisory: Dear Vignesh Murthy, your Paracetamol 500mg (Formula 91) is nearing expiry. Dispensed: 08 Oct 2026. Expiry: 01 Nov 2026. Please check before use and contact your pharmacist if needed. Thank you for reading. Take care! – PharmaFlow Apex",SMS,COMMUNICATION_INITIATED,PHARM-KA-2022-7212,Deepak R,2026-10-08,Initiated via pharmacist-controlled dispatch. External SMS/WhatsApp opened.,pharmaflow-main,SYNTHETIC_OPERATIONAL_RECORD
PSC-0092,CUST-0092,Anitha Kumar,+91 9020939011,EXPIRY_SAFETY_ADVISORY,Paracetamol 650mg (Dolo 650) (Formula 92),PAR191,29 Oct 2026,"PharmaFlow Safety Advisory: Dear Anitha Kumar, your Paracetamol 650mg (Dolo 650) (Formula 92) is nearing expiry. Dispensed: 08 Oct 2026. Expiry: 29 Oct 2026. Please check before use and contact your pharmacist if needed. Thank you for reading. Take care! – PharmaFlow Apex",SMS,COMMUNICATION_INITIATED,PHARM-KA-2022-7212,Deepak R,2026-10-08,Initiated via pharmacist-controlled dispatch. External SMS/WhatsApp opened.,pharmaflow-main,SYNTHETIC_OPERATIONAL_RECORD
PSC-0093,CUST-0093,Ramesh Iyer,+91 9751551377,RECALL_SAFETY_ALERT,Vitamin D3 60K (Calcirol) (Formula 93),VIT192,07 Nov 2026,This is a pharmacy safety notification regarding a medicine you previously received. Please contact your pharmacist regarding this batch. Do not use the medicine until you receive appropriate guidance.,SMS,COMMUNICATION_INITIATED,PHARM-KA-2022-7212,Deepak R,2026-10-08,Initiated via pharmacist-controlled dispatch. External SMS/WhatsApp opened.,pharmaflow-main,SYNTHETIC_OPERATIONAL_RECORD
PSC-0094,CUST-0094,Sangeetha Reddy,+91 9012446861,EXPIRY_SAFETY_ADVISORY,Amoxicillin 500mg (Novamox) (Formula 94),AMO193,31 Oct 2026,"PharmaFlow Safety Advisory: Dear Sangeetha Reddy, your Amoxicillin 500mg (Novamox) (Formula 94) is nearing expiry. Dispensed: 08 Oct 2026. Expiry: 31 Oct 2026. Please check before use and contact your pharmacist if needed. Thank you for reading. Take care! – PharmaFlow Apex",SMS,RESOLVED,PHARM-KA-2022-7212,Deepak R,2026-10-08,Initiated via pharmacist-controlled dispatch. External SMS/WhatsApp opened.,pharmaflow-main,SYNTHETIC_OPERATIONAL_RECORD
PSC-0095,CUST-0095,Vijay Gowda,+91 9928463709,EXPIRY_SAFETY_ADVISORY,Amoxicillin + Clavulanic Acid 625mg (Augmentin) (Formula 95),AMO194,28 Oct 2026,"PharmaFlow Safety Advisory: Dear Vijay Gowda, your Amoxicillin + Clavulanic Acid 625mg (Augmentin) (Formula 95) is nearing expiry. Dispensed: 08 Oct 2026. Expiry: 28 Oct 2026. Please check before use and contact your pharmacist if needed. Thank you for reading. Take care! – PharmaFlow Apex",SMS,READY,PHARM-KA-2022-7212,Deepak R,2026-10-08,Initiated via pharmacist-controlled dispatch. External SMS/WhatsApp opened.,pharmaflow-main,SYNTHETIC_OPERATIONAL_RECORD
PSC-0096,CUST-0096,Sandhya Desai,+91 9490161060,EXPIRY_SAFETY_ADVISORY,Cetirizine 10mg (Cetzine) (Formula 96),CET195,06 Nov 2026,"PharmaFlow Safety Advisory: Dear Sandhya Desai, your Cetirizine 10mg (Cetzine) (Formula 96) is nearing expiry. Dispensed: 08 Oct 2026. Expiry: 06 Nov 2026. Please check before use and contact your pharmacist if needed. Thank you for reading. Take care! – PharmaFlow Apex",SMS,COMMUNICATION_INITIATED,PHARM-KA-2022-7212,Deepak R,2026-10-08,Initiated via pharmacist-controlled dispatch. External SMS/WhatsApp opened.,pharmaflow-main,SYNTHETIC_OPERATIONAL_RECORD
PSC-0097,CUST-0097,Prashanth Shenoy,+91 8058895439,RECALL_SAFETY_ALERT,Levocetirizine 5mg (Levocet) (Formula 97),LEV196,06 Nov 2026,This is a pharmacy safety notification regarding a medicine you previously received. Please contact your pharmacist regarding this batch. Do not use the medicine until you receive appropriate guidance.,SMS,READY,PHARM-KA-2022-7212,Deepak R,2026-10-08,Initiated via pharmacist-controlled dispatch. External SMS/WhatsApp opened.,pharmaflow-main,SYNTHETIC_OPERATIONAL_RECORD
PSC-0098,CUST-0098,Swetha Krishnan,+91 9951536077,EXPIRY_SAFETY_ADVISORY,Azithromycin 250mg (Azee 250) (Formula 98),AZI197,07 Nov 2026,"PharmaFlow Safety Advisory: Dear Swetha Krishnan, your Azithromycin 250mg (Azee 250) (Formula 98) is nearing expiry. Dispensed: 08 Oct 2026. Expiry: 07 Nov 2026. Please check before use and contact your pharmacist if needed. Thank you for reading. Take care! – PharmaFlow Apex",WHATSAPP,READY,PHARM-KA-2022-7212,Deepak R,2026-10-08,Initiated via pharmacist-controlled dispatch. External SMS/WhatsApp opened.,pharmaflow-main,SYNTHETIC_OPERATIONAL_RECORD
PSC-0099,CUST-0099,Rajesh Sharma,+91 8077498993,EXPIRY_SAFETY_ADVISORY,Azithromycin 500mg (Azithral 500) (Formula 99),AZI198,22 Oct 2026,"PharmaFlow Safety Advisory: Dear Rajesh Sharma, your Azithromycin 500mg (Azithral 500) (Formula 99) is nearing expiry. Dispensed: 08 Oct 2026. Expiry: 22 Oct 2026. Please check before use and contact your pharmacist if needed. Thank you for reading. Take care! – PharmaFlow Apex",SMS,COMMUNICATION_INITIATED,PHARM-KA-2022-7212,Deepak R,2026-10-08,Initiated via pharmacist-controlled dispatch. External SMS/WhatsApp opened.,pharmaflow-main,SYNTHETIC_OPERATIONAL_RECORD
PSC-0100,CUST-0100,Nandini Rao,+91 7059823245,EXPIRY_SAFETY_ADVISORY,Metformin 500mg (Glycomet 500) (Formula 100),MET199,21 Oct 2026,"PharmaFlow Safety Advisory: Dear Nandini Rao, your Metformin 500mg (Glycomet 500) (Formula 100) is nearing expiry. Dispensed: 08 Oct 2026. Expiry: 21 Oct 2026. Please check before use and contact your pharmacist if needed. Thank you for reading. Take care! – PharmaFlow Apex",WHATSAPP,RESOLVED,PHARM-KA-2022-7212,Deepak R,2026-10-08,Initiated via pharmacist-controlled dispatch. External SMS/WhatsApp opened.,pharmaflow-main,SYNTHETIC_OPERATIONAL_RECORD
PSC-0101,CUST-0101,Rahul Menon,+91 7078901038,RECALL_SAFETY_ALERT,Metformin 1000mg SR (Glucophage) (Formula 101),MET200,24 Oct 2026,This is a pharmacy safety notification regarding a medicine you previously received. Please contact your pharmacist regarding this batch. Do not use the medicine until you receive appropriate guidance.,SMS,SMS_COMPOSER_OPENED,PHARM-KA-2022-7212,Deepak R,2026-10-08,Initiated via pharmacist-controlled dispatch. External SMS/WhatsApp opened.,pharmaflow-main,SYNTHETIC_OPERATIONAL_RECORD
PSC-0102,CUST-0102,Priya Verma,+91 8017148018,EXPIRY_SAFETY_ADVISORY,Pantoprazole 40mg (Pan 40) (Formula 102),PAN201,02 Nov 2026,"PharmaFlow Safety Advisory: Dear Priya Verma, your Pantoprazole 40mg (Pan 40) (Formula 102) is nearing expiry. Dispensed: 08 Oct 2026. Expiry: 02 Nov 2026. Please check before use and contact your pharmacist if needed. Thank you for reading. Take care! – PharmaFlow Apex",WHATSAPP,RESOLVED,PHARM-KA-2022-7212,Deepak R,2026-10-08,Initiated via pharmacist-controlled dispatch. External SMS/WhatsApp opened.,pharmaflow-main,SYNTHETIC_OPERATIONAL_RECORD
PSC-0103,CUST-0103,Arun Hegde,+91 9913783268,EXPIRY_SAFETY_ADVISORY,Pantoprazole + Domperidone (Pan-D) (Formula 103),PAN202,26 Oct 2026,"PharmaFlow Safety Advisory: Dear Arun Hegde, your Pantoprazole + Domperidone (Pan-D) (Formula 103) is nearing expiry. Dispensed: 08 Oct 2026. Expiry: 26 Oct 2026. Please check before use and contact your pharmacist if needed. Thank you for reading. Take care! – PharmaFlow Apex",WHATSAPP,WHATSAPP_OPENED,PHARM-KA-2022-7212,Deepak R,2026-10-08,Initiated via pharmacist-controlled dispatch. External SMS/WhatsApp opened.,pharmaflow-main,SYNTHETIC_OPERATIONAL_RECORD
PSC-0104,CUST-0104,Kavya Gupta,+91 7028628439,EXPIRY_SAFETY_ADVISORY,Omeprazole 20mg (Omez) (Formula 104),OME203,27 Oct 2026,"PharmaFlow Safety Advisory: Dear Kavya Gupta, your Omeprazole 20mg (Omez) (Formula 104) is nearing expiry. Dispensed: 08 Oct 2026. Expiry: 27 Oct 2026. Please check before use and contact your pharmacist if needed. Thank you for reading. Take care! – PharmaFlow Apex",SMS,READY,PHARM-KA-2022-7212,Deepak R,2026-10-08,Initiated via pharmacist-controlled dispatch. External SMS/WhatsApp opened.,pharmaflow-main,SYNTHETIC_OPERATIONAL_RECORD
PSC-0105,CUST-0105,Meena Joshi,+91 9638944689,RECALL_SAFETY_ALERT,Telmisartan 40mg (Telma 40) (Formula 105),TEL204,20 Oct 2026,This is a pharmacy safety notification regarding a medicine you previously received. Please contact your pharmacist regarding this batch. Do not use the medicine until you receive appropriate guidance.,WHATSAPP,RESOLVED,PHARM-KA-2022-7212,Deepak R,2026-10-08,Initiated via pharmacist-controlled dispatch. External SMS/WhatsApp opened.,pharmaflow-main,SYNTHETIC_OPERATIONAL_RECORD
PSC-0106,CUST-0106,Deepak Nair,+91 9716408822,EXPIRY_SAFETY_ADVISORY,Telmisartan + Amlodipine (Telma-AM) (Formula 106),TEL205,01 Nov 2026,"PharmaFlow Safety Advisory: Dear Deepak Nair, your Telmisartan + Amlodipine (Telma-AM) (Formula 106) is nearing expiry. Dispensed: 08 Oct 2026. Expiry: 01 Nov 2026. Please check before use and contact your pharmacist if needed. Thank you for reading. Take care! – PharmaFlow Apex",SMS,COMMUNICATION_INITIATED,PHARM-KA-2022-7212,Deepak R,2026-10-08,Initiated via pharmacist-controlled dispatch. External SMS/WhatsApp opened.,pharmaflow-main,SYNTHETIC_OPERATIONAL_RECORD
PSC-0107,CUST-0107,Manish Patel,+91 9894819556,EXPIRY_SAFETY_ADVISORY,Atorvastatin 10mg (Atorva 10) (Formula 107),ATO206,31 Oct 2026,"PharmaFlow Safety Advisory: Dear Manish Patel, your Atorvastatin 10mg (Atorva 10) (Formula 107) is nearing expiry. Dispensed: 08 Oct 2026. Expiry: 31 Oct 2026. Please check before use and contact your pharmacist if needed. Thank you for reading. Take care! – PharmaFlow Apex",SMS,READY,PHARM-KA-2022-7212,Deepak R,2026-10-08,Initiated via pharmacist-controlled dispatch. External SMS/WhatsApp opened.,pharmaflow-main,SYNTHETIC_OPERATIONAL_RECORD
PSC-0108,CUST-0108,Deeps Sundaram,+91 9042287985,EXPIRY_SAFETY_ADVISORY,Rosuvastatin 10mg (Rosuvas 10) (Formula 108),ROS207,22 Oct 2026,"PharmaFlow Safety Advisory: Dear Deeps Sundaram, your Rosuvastatin 10mg (Rosuvas 10) (Formula 108) is nearing expiry. Dispensed: 08 Oct 2026. Expiry: 22 Oct 2026. Please check before use and contact your pharmacist if needed. Thank you for reading. Take care! – PharmaFlow Apex",WHATSAPP,WHATSAPP_OPENED,PHARM-KA-2022-7212,Deepak R,2026-10-08,Initiated via pharmacist-controlled dispatch. External SMS/WhatsApp opened.,pharmaflow-main,SYNTHETIC_OPERATIONAL_RECORD
PSC-0109,CUST-0109,Suresh Pillai,+91 9780606503,RECALL_SAFETY_ALERT,Ciprofloxacin 500mg (Ciplox 500) (Formula 109),CIP208,06 Nov 2026,This is a pharmacy safety notification regarding a medicine you previously received. Please contact your pharmacist regarding this batch. Do not use the medicine until you receive appropriate guidance.,SMS,WHATSAPP_OPENED,PHARM-KA-2022-7212,Deepak R,2026-10-08,Initiated via pharmacist-controlled dispatch. External SMS/WhatsApp opened.,pharmaflow-main,SYNTHETIC_OPERATIONAL_RECORD
PSC-0110,CUST-0110,Lakshmi Bhat,+91 8060103798,EXPIRY_SAFETY_ADVISORY,Ofloxacin + Ornidazole (O2) (Formula 110),OFL209,26 Oct 2026,"PharmaFlow Safety Advisory: Dear Lakshmi Bhat, your Ofloxacin + Ornidazole (O2) (Formula 110) is nearing expiry. Dispensed: 08 Oct 2026. Expiry: 26 Oct 2026. Please check before use and contact your pharmacist if needed. Thank you for reading. Take care! – PharmaFlow Apex",SMS,READY,PHARM-KA-2022-7212,Deepak R,2026-10-08,Initiated via pharmacist-controlled dispatch. External SMS/WhatsApp opened.,pharmaflow-main,SYNTHETIC_OPERATIONAL_RECORD
PSC-0111,CUST-0111,Vignesh Murthy,+91 9788101741,EXPIRY_SAFETY_ADVISORY,Montelukast + Levocetirizine (Montair-LC) (Formula 111),MON210,20 Oct 2026,"PharmaFlow Safety Advisory: Dear Vignesh Murthy, your Montelukast + Levocetirizine (Montair-LC) (Formula 111) is nearing expiry. Dispensed: 08 Oct 2026. Expiry: 20 Oct 2026. Please check before use and contact your pharmacist if needed. Thank you for reading. Take care! – PharmaFlow Apex",SMS,WHATSAPP_OPENED,PHARM-KA-2022-7212,Deepak R,2026-10-08,Initiated via pharmacist-controlled dispatch. External SMS/WhatsApp opened.,pharmaflow-main,SYNTHETIC_OPERATIONAL_RECORD
PSC-0112,CUST-0112,Anitha Kumar,+91 9096274567,EXPIRY_SAFETY_ADVISORY,Ibuprofen 400mg (Brufen 400) (Formula 112),IBU211,27 Oct 2026,"PharmaFlow Safety Advisory: Dear Anitha Kumar, your Ibuprofen 400mg (Brufen 400) (Formula 112) is nearing expiry. Dispensed: 08 Oct 2026. Expiry: 27 Oct 2026. Please check before use and contact your pharmacist if needed. Thank you for reading. Take care! – PharmaFlow Apex",SMS,RESOLVED,PHARM-KA-2022-7212,Deepak R,2026-10-08,Initiated via pharmacist-controlled dispatch. External SMS/WhatsApp opened.,pharmaflow-main,SYNTHETIC_OPERATIONAL_RECORD
PSC-0113,CUST-0113,Ramesh Iyer,+91 9771428713,RECALL_SAFETY_ALERT,Aceclofenac + Paracetamol (Zerodol-P) (Formula 113),ACE212,24 Oct 2026,This is a pharmacy safety notification regarding a medicine you previously received. Please contact your pharmacist regarding this batch. Do not use the medicine until you receive appropriate guidance.,WHATSAPP,READY,PHARM-KA-2022-7212,Deepak R,2026-10-08,Initiated via pharmacist-controlled dispatch. External SMS/WhatsApp opened.,pharmaflow-main,SYNTHETIC_OPERATIONAL_RECORD
PSC-0114,CUST-0114,Sangeetha Reddy,+91 9679173614,EXPIRY_SAFETY_ADVISORY,Vildagliptin + Metformin (Galvus Met) (Formula 114),VIL213,05 Nov 2026,"PharmaFlow Safety Advisory: Dear Sangeetha Reddy, your Vildagliptin + Metformin (Galvus Met) (Formula 114) is nearing expiry. Dispensed: 08 Oct 2026. Expiry: 05 Nov 2026. Please check before use and contact your pharmacist if needed. Thank you for reading. Take care! – PharmaFlow Apex",WHATSAPP,RESOLVED,PHARM-KA-2022-7212,Deepak R,2026-10-08,Initiated via pharmacist-controlled dispatch. External SMS/WhatsApp opened.,pharmaflow-main,SYNTHETIC_OPERATIONAL_RECORD
PSC-0115,CUST-0115,Vijay Gowda,+91 9016416148,EXPIRY_SAFETY_ADVISORY,Rabeprazole 20mg (Razo 20) (Formula 115),RAB214,07 Nov 2026,"PharmaFlow Safety Advisory: Dear Vijay Gowda, your Rabeprazole 20mg (Razo 20) (Formula 115) is nearing expiry. Dispensed: 08 Oct 2026. Expiry: 07 Nov 2026. Please check before use and contact your pharmacist if needed. Thank you for reading. Take care! – PharmaFlow Apex",WHATSAPP,COMMUNICATION_INITIATED,PHARM-KA-2022-7212,Deepak R,2026-10-08,Initiated via pharmacist-controlled dispatch. External SMS/WhatsApp opened.,pharmaflow-main,SYNTHETIC_OPERATIONAL_RECORD
PSC-0116,CUST-0116,Sandhya Desai,+91 8069020451,EXPIRY_SAFETY_ADVISORY,Cough Syrup (Ascoril-D) (Formula 116),COU215,01 Nov 2026,"PharmaFlow Safety Advisory: Dear Sandhya Desai, your Cough Syrup (Ascoril-D) (Formula 116) is nearing expiry. Dispensed: 08 Oct 2026. Expiry: 01 Nov 2026. Please check before use and contact your pharmacist if needed. Thank you for reading. Take care! – PharmaFlow Apex",WHATSAPP,WHATSAPP_OPENED,PHARM-KA-2022-7212,Deepak R,2026-10-08,Initiated via pharmacist-controlled dispatch. External SMS/WhatsApp opened.,pharmaflow-main,SYNTHETIC_OPERATIONAL_RECORD
PSC-0117,CUST-0117,Prashanth Shenoy,+91 9621087928,RECALL_SAFETY_ALERT,Oral Rehydration Salts (Electral ORS) (Formula 117),ORA216,24 Oct 2026,This is a pharmacy safety notification regarding a medicine you previously received. Please contact your pharmacist regarding this batch. Do not use the medicine until you receive appropriate guidance.,WHATSAPP,READY,PHARM-KA-2022-7212,Deepak R,2026-10-08,Initiated via pharmacist-controlled dispatch. External SMS/WhatsApp opened.,pharmaflow-main,SYNTHETIC_OPERATIONAL_RECORD
PSC-0118,CUST-0118,Swetha Krishnan,+91 9023770458,EXPIRY_SAFETY_ADVISORY,Multivitamin + Zinc (Becadexamin) (Formula 118),MUL217,25 Oct 2026,"PharmaFlow Safety Advisory: Dear Swetha Krishnan, your Multivitamin + Zinc (Becadexamin) (Formula 118) is nearing expiry. Dispensed: 08 Oct 2026. Expiry: 25 Oct 2026. Please check before use and contact your pharmacist if needed. Thank you for reading. Take care! – PharmaFlow Apex",SMS,READY,PHARM-KA-2022-7212,Deepak R,2026-10-08,Initiated via pharmacist-controlled dispatch. External SMS/WhatsApp opened.,pharmaflow-main,SYNTHETIC_OPERATIONAL_RECORD
PSC-0119,CUST-0119,Rajesh Sharma,+91 8032366682,EXPIRY_SAFETY_ADVISORY,Thyroxine Sodium 50mcg (Thyronorm 50) (Formula 119),THY218,05 Nov 2026,"PharmaFlow Safety Advisory: Dear Rajesh Sharma, your Thyroxine Sodium 50mcg (Thyronorm 50) (Formula 119) is nearing expiry. Dispensed: 08 Oct 2026. Expiry: 05 Nov 2026. Please check before use and contact your pharmacist if needed. Thank you for reading. Take care! – PharmaFlow Apex",SMS,RESOLVED,PHARM-KA-2022-7212,Deepak R,2026-10-08,Initiated via pharmacist-controlled dispatch. External SMS/WhatsApp opened.,pharmaflow-main,SYNTHETIC_OPERATIONAL_RECORD
PSC-0120,CUST-0120,Nandini Rao,+91 8046850196,EXPIRY_SAFETY_ADVISORY,Clopidogrel 75mg (Clopilet 75) (Formula 120),CLO219,28 Oct 2026,"PharmaFlow Safety Advisory: Dear Nandini Rao, your Clopidogrel 75mg (Clopilet 75) (Formula 120) is nearing expiry. Dispensed: 08 Oct 2026. Expiry: 28 Oct 2026. Please check before use and contact your pharmacist if needed. Thank you for reading. Take care! – PharmaFlow Apex",SMS,SMS_COMPOSER_OPENED,PHARM-KA-2022-7212,Deepak R,2026-10-08,Initiated via pharmacist-controlled dispatch. External SMS/WhatsApp opened.,pharmaflow-main,SYNTHETIC_OPERATIONAL_RECORD
PSC-0121,CUST-0121,Rahul Menon,+91 9414179623,RECALL_SAFETY_ALERT,Paracetamol 500mg (Formula 121),PAR220,28 Dec 2026,This is a pharmacy safety notification regarding a medicine you previously received. Please contact your pharmacist regarding this batch. Do not use the medicine until you receive appropriate guidance.,SMS,READY,PHARM-KA-2022-7212,Deepak R,2026-10-08,Initiated via pharmacist-controlled dispatch. External SMS/WhatsApp opened.,pharmaflow-main,SYNTHETIC_OPERATIONAL_RECORD
PSC-0122,CUST-0122,Priya Verma,+91 9058607028,EXPIRY_SAFETY_ADVISORY,Paracetamol 650mg (Dolo 650) (Formula 122),PAR221,14 Apr 2027,"PharmaFlow Safety Advisory: Dear Priya Verma, your Paracetamol 650mg (Dolo 650) (Formula 122) is nearing expiry. Dispensed: 08 Oct 2026. Expiry: 14 Apr 2027. Please check before use and contact your pharmacist if needed. Thank you for reading. Take care! – PharmaFlow Apex",WHATSAPP,RESOLVED,PHARM-KA-2022-7212,Deepak R,2026-10-08,Initiated via pharmacist-controlled dispatch. External SMS/WhatsApp opened.,pharmaflow-main,SYNTHETIC_OPERATIONAL_RECORD
PSC-0123,CUST-0123,Arun Hegde,+91 9069584522,EXPIRY_SAFETY_ADVISORY,Vitamin D3 60K (Calcirol) (Formula 123),VIT222,19 Jan 2028,"PharmaFlow Safety Advisory: Dear Arun Hegde, your Vitamin D3 60K (Calcirol) (Formula 123) is nearing expiry. Dispensed: 08 Oct 2026. Expiry: 19 Jan 2028. Please check before use and contact your pharmacist if needed. Thank you for reading. Take care! – PharmaFlow Apex",WHATSAPP,READY,PHARM-KA-2022-7212,Deepak R,2026-10-08,Initiated via pharmacist-controlled dispatch. External SMS/WhatsApp opened.,pharmaflow-main,SYNTHETIC_OPERATIONAL_RECORD
PSC-0124,CUST-0124,Kavya Gupta,+91 9643502308,EXPIRY_SAFETY_ADVISORY,Amoxicillin 500mg (Novamox) (Formula 124),AMO223,13 Mar 2028,"PharmaFlow Safety Advisory: Dear Kavya Gupta, your Amoxicillin 500mg (Novamox) (Formula 124) is nearing expiry. Dispensed: 08 Oct 2026. Expiry: 13 Mar 2028. Please check before use and contact your pharmacist if needed. Thank you for reading. Take care! – PharmaFlow Apex",SMS,COMMUNICATION_INITIATED,PHARM-KA-2022-7212,Deepak R,2026-10-08,Initiated via pharmacist-controlled dispatch. External SMS/WhatsApp opened.,pharmaflow-main,SYNTHETIC_OPERATIONAL_RECORD
PSC-0125,CUST-0125,Meena Joshi,+91 9644935501,RECALL_SAFETY_ALERT,Amoxicillin + Clavulanic Acid 625mg (Augmentin) (Formula 125),AMO224,07 Jun 2027,This is a pharmacy safety notification regarding a medicine you previously received. Please contact your pharmacist regarding this batch. Do not use the medicine until you receive appropriate guidance.,SMS,COMMUNICATION_INITIATED,PHARM-KA-2022-7212,Deepak R,2026-10-08,Initiated via pharmacist-controlled dispatch. External SMS/WhatsApp opened.,pharmaflow-main,SYNTHETIC_OPERATIONAL_RECORD
PSC-0126,CUST-0126,Deepak Nair,+91 9728217159,EXPIRY_SAFETY_ADVISORY,Cetirizine 10mg (Cetzine) (Formula 126),CET225,30 Jan 2027,"PharmaFlow Safety Advisory: Dear Deepak Nair, your Cetirizine 10mg (Cetzine) (Formula 126) is nearing expiry. Dispensed: 08 Oct 2026. Expiry: 30 Jan 2027. Please check before use and contact your pharmacist if needed. Thank you for reading. Take care! – PharmaFlow Apex",SMS,WHATSAPP_OPENED,PHARM-KA-2022-7212,Deepak R,2026-10-08,Initiated via pharmacist-controlled dispatch. External SMS/WhatsApp opened.,pharmaflow-main,SYNTHETIC_OPERATIONAL_RECORD
PSC-0127,CUST-0127,Manish Patel,+91 9099635939,EXPIRY_SAFETY_ADVISORY,Levocetirizine 5mg (Levocet) (Formula 127),LEV226,19 Sep 2027,"PharmaFlow Safety Advisory: Dear Manish Patel, your Levocetirizine 5mg (Levocet) (Formula 127) is nearing expiry. Dispensed: 08 Oct 2026. Expiry: 19 Sep 2027. Please check before use and contact your pharmacist if needed. Thank you for reading. Take care! – PharmaFlow Apex",SMS,RESOLVED,PHARM-KA-2022-7212,Deepak R,2026-10-08,Initiated via pharmacist-controlled dispatch. External SMS/WhatsApp opened.,pharmaflow-main,SYNTHETIC_OPERATIONAL_RECORD
PSC-0128,CUST-0128,Deeps Sundaram,+91 9458518659,EXPIRY_SAFETY_ADVISORY,Azithromycin 250mg (Azee 250) (Formula 128),AZI227,06 Aug 2027,"PharmaFlow Safety Advisory: Dear Deeps Sundaram, your Azithromycin 250mg (Azee 250) (Formula 128) is nearing expiry. Dispensed: 08 Oct 2026. Expiry: 06 Aug 2027. Please check before use and contact your pharmacist if needed. Thank you for reading. Take care! – PharmaFlow Apex",WHATSAPP,WHATSAPP_OPENED,PHARM-KA-2022-7212,Deepak R,2026-10-08,Initiated via pharmacist-controlled dispatch. External SMS/WhatsApp opened.,pharmaflow-main,SYNTHETIC_OPERATIONAL_RECORD
PSC-0129,CUST-0129,Suresh Pillai,+91 9858438711,RECALL_SAFETY_ALERT,Azithromycin 500mg (Azithral 500) (Formula 129),AZI228,09 Dec 2027,This is a pharmacy safety notification regarding a medicine you previously received. Please contact your pharmacist regarding this batch. Do not use the medicine until you receive appropriate guidance.,SMS,SMS_COMPOSER_OPENED,PHARM-KA-2022-7212,Deepak R,2026-10-08,Initiated via pharmacist-controlled dispatch. External SMS/WhatsApp opened.,pharmaflow-main,SYNTHETIC_OPERATIONAL_RECORD
PSC-0130,CUST-0130,Lakshmi Bhat,+91 9751512297,EXPIRY_SAFETY_ADVISORY,Metformin 500mg (Glycomet 500) (Formula 130),MET229,21 Nov 2027,"PharmaFlow Safety Advisory: Dear Lakshmi Bhat, your Metformin 500mg (Glycomet 500) (Formula 130) is nearing expiry. Dispensed: 08 Oct 2026. Expiry: 21 Nov 2027. Please check before use and contact your pharmacist if needed. Thank you for reading. Take care! – PharmaFlow Apex",SMS,READY,PHARM-KA-2022-7212,Deepak R,2026-10-08,Initiated via pharmacist-controlled dispatch. External SMS/WhatsApp opened.,pharmaflow-main,SYNTHETIC_OPERATIONAL_RECORD
PSC-0131,CUST-0131,Vignesh Murthy,+91 9726821075,EXPIRY_SAFETY_ADVISORY,Metformin 1000mg SR (Glucophage) (Formula 131),MET230,04 Aug 2027,"PharmaFlow Safety Advisory: Dear Vignesh Murthy, your Metformin 1000mg SR (Glucophage) (Formula 131) is nearing expiry. Dispensed: 08 Oct 2026. Expiry: 04 Aug 2027. Please check before use and contact your pharmacist if needed. Thank you for reading. Take care! – PharmaFlow Apex",WHATSAPP,SMS_COMPOSER_OPENED,PHARM-KA-2022-7212,Deepak R,2026-10-08,Initiated via pharmacist-controlled dispatch. External SMS/WhatsApp opened.,pharmaflow-main,SYNTHETIC_OPERATIONAL_RECORD
PSC-0132,CUST-0132,Anitha Kumar,+91 9483994695,EXPIRY_SAFETY_ADVISORY,Pantoprazole 40mg (Pan 40) (Formula 132),PAN231,27 Jun 2027,"PharmaFlow Safety Advisory: Dear Anitha Kumar, your Pantoprazole 40mg (Pan 40) (Formula 132) is nearing expiry. Dispensed: 08 Oct 2026. Expiry: 27 Jun 2027. Please check before use and contact your pharmacist if needed. Thank you for reading. Take care! – PharmaFlow Apex",SMS,WHATSAPP_OPENED,PHARM-KA-2022-7212,Deepak R,2026-10-08,Initiated via pharmacist-controlled dispatch. External SMS/WhatsApp opened.,pharmaflow-main,SYNTHETIC_OPERATIONAL_RECORD
PSC-0133,CUST-0133,Ramesh Iyer,+91 9779538491,RECALL_SAFETY_ALERT,Pantoprazole + Domperidone (Pan-D) (Formula 133),PAN232,11 Apr 2027,This is a pharmacy safety notification regarding a medicine you previously received. Please contact your pharmacist regarding this batch. Do not use the medicine until you receive appropriate guidance.,WHATSAPP,COMMUNICATION_INITIATED,PHARM-KA-2022-7212,Deepak R,2026-10-08,Initiated via pharmacist-controlled dispatch. External SMS/WhatsApp opened.,pharmaflow-main,SYNTHETIC_OPERATIONAL_RECORD
PSC-0134,CUST-0134,Sangeetha Reddy,+91 9620584397,EXPIRY_SAFETY_ADVISORY,Omeprazole 20mg (Omez) (Formula 134),OME233,03 Feb 2027,"PharmaFlow Safety Advisory: Dear Sangeetha Reddy, your Omeprazole 20mg (Omez) (Formula 134) is nearing expiry. Dispensed: 08 Oct 2026. Expiry: 03 Feb 2027. Please check before use and contact your pharmacist if needed. Thank you for reading. Take care! – PharmaFlow Apex",SMS,READY,PHARM-KA-2022-7212,Deepak R,2026-10-08,Initiated via pharmacist-controlled dispatch. External SMS/WhatsApp opened.,pharmaflow-main,SYNTHETIC_OPERATIONAL_RECORD
PSC-0135,CUST-0135,Vijay Gowda,+91 9777454225,EXPIRY_SAFETY_ADVISORY,Telmisartan 40mg (Telma 40) (Formula 135),TEL234,05 Jan 2028,"PharmaFlow Safety Advisory: Dear Vijay Gowda, your Telmisartan 40mg (Telma 40) (Formula 135) is nearing expiry. Dispensed: 08 Oct 2026. Expiry: 05 Jan 2028. Please check before use and contact your pharmacist if needed. Thank you for reading. Take care! – PharmaFlow Apex",SMS,WHATSAPP_OPENED,PHARM-KA-2022-7212,Deepak R,2026-10-08,Initiated via pharmacist-controlled dispatch. External SMS/WhatsApp opened.,pharmaflow-main,SYNTHETIC_OPERATIONAL_RECORD
PSC-0136,CUST-0136,Sandhya Desai,+91 9820901547,EXPIRY_SAFETY_ADVISORY,Telmisartan + Amlodipine (Telma-AM) (Formula 136),TEL235,09 Dec 2027,"PharmaFlow Safety Advisory: Dear Sandhya Desai, your Telmisartan + Amlodipine (Telma-AM) (Formula 136) is nearing expiry. Dispensed: 08 Oct 2026. Expiry: 09 Dec 2027. Please check before use and contact your pharmacist if needed. Thank you for reading. Take care! – PharmaFlow Apex",WHATSAPP,RESOLVED,PHARM-KA-2022-7212,Deepak R,2026-10-08,Initiated via pharmacist-controlled dispatch. External SMS/WhatsApp opened.,pharmaflow-main,SYNTHETIC_OPERATIONAL_RECORD
PSC-0137,CUST-0137,Prashanth Shenoy,+91 9876845536,RECALL_SAFETY_ALERT,Atorvastatin 10mg (Atorva 10) (Formula 137),ATO236,08 Mar 2028,This is a pharmacy safety notification regarding a medicine you previously received. Please contact your pharmacist regarding this batch. Do not use the medicine until you receive appropriate guidance.,SMS,WHATSAPP_OPENED,PHARM-KA-2022-7212,Deepak R,2026-10-08,Initiated via pharmacist-controlled dispatch. External SMS/WhatsApp opened.,pharmaflow-main,SYNTHETIC_OPERATIONAL_RECORD
PSC-0138,CUST-0138,Swetha Krishnan,+91 8049920898,EXPIRY_SAFETY_ADVISORY,Rosuvastatin 10mg (Rosuvas 10) (Formula 138),ROS237,10 Sep 2027,"PharmaFlow Safety Advisory: Dear Swetha Krishnan, your Rosuvastatin 10mg (Rosuvas 10) (Formula 138) is nearing expiry. Dispensed: 08 Oct 2026. Expiry: 10 Sep 2027. Please check before use and contact your pharmacist if needed. Thank you for reading. Take care! – PharmaFlow Apex",WHATSAPP,WHATSAPP_OPENED,PHARM-KA-2022-7212,Deepak R,2026-10-08,Initiated via pharmacist-controlled dispatch. External SMS/WhatsApp opened.,pharmaflow-main,SYNTHETIC_OPERATIONAL_RECORD
PSC-0139,CUST-0139,Rajesh Sharma,+91 7037383505,EXPIRY_SAFETY_ADVISORY,Ciprofloxacin 500mg (Ciplox 500) (Formula 139),CIP238,13 Dec 2026,"PharmaFlow Safety Advisory: Dear Rajesh Sharma, your Ciprofloxacin 500mg (Ciplox 500) (Formula 139) is nearing expiry. Dispensed: 08 Oct 2026. Expiry: 13 Dec 2026. Please check before use and contact your pharmacist if needed. Thank you for reading. Take care! – PharmaFlow Apex",WHATSAPP,SMS_COMPOSER_OPENED,PHARM-KA-2022-7212,Deepak R,2026-10-08,Initiated via pharmacist-controlled dispatch. External SMS/WhatsApp opened.,pharmaflow-main,SYNTHETIC_OPERATIONAL_RECORD
PSC-0140,CUST-0140,Nandini Rao,+91 9459733063,EXPIRY_SAFETY_ADVISORY,Ofloxacin + Ornidazole (O2) (Formula 140),OFL239,07 Apr 2027,"PharmaFlow Safety Advisory: Dear Nandini Rao, your Ofloxacin + Ornidazole (O2) (Formula 140) is nearing expiry. Dispensed: 08 Oct 2026. Expiry: 07 Apr 2027. Please check before use and contact your pharmacist if needed. Thank you for reading. Take care! – PharmaFlow Apex",SMS,WHATSAPP_OPENED,PHARM-KA-2022-7212,Deepak R,2026-10-08,Initiated via pharmacist-controlled dispatch. External SMS/WhatsApp opened.,pharmaflow-main,SYNTHETIC_OPERATIONAL_RECORD
PSC-0141,CUST-0141,Rahul Menon,+91 9670343755,RECALL_SAFETY_ALERT,Montelukast + Levocetirizine (Montair-LC) (Formula 141),MON240,04 May 2027,This is a pharmacy safety notification regarding a medicine you previously received. Please contact your pharmacist regarding this batch. Do not use the medicine until you receive appropriate guidance.,SMS,SMS_COMPOSER_OPENED,PHARM-KA-2022-7212,Deepak R,2026-10-08,Initiated via pharmacist-controlled dispatch. External SMS/WhatsApp opened.,pharmaflow-main,SYNTHETIC_OPERATIONAL_RECORD
PSC-0142,CUST-0142,Priya Verma,+91 8043322272,EXPIRY_SAFETY_ADVISORY,Ibuprofen 400mg (Brufen 400) (Formula 142),IBU241,17 Mar 2027,"PharmaFlow Safety Advisory: Dear Priya Verma, your Ibuprofen 400mg (Brufen 400) (Formula 142) is nearing expiry. Dispensed: 08 Oct 2026. Expiry: 17 Mar 2027. Please check before use and contact your pharmacist if needed. Thank you for reading. Take care! – PharmaFlow Apex",SMS,WHATSAPP_OPENED,PHARM-KA-2022-7212,Deepak R,2026-10-08,Initiated via pharmacist-controlled dispatch. External SMS/WhatsApp opened.,pharmaflow-main,SYNTHETIC_OPERATIONAL_RECORD
PSC-0143,CUST-0143,Arun Hegde,+91 7079085198,EXPIRY_SAFETY_ADVISORY,Aceclofenac + Paracetamol (Zerodol-P) (Formula 143),ACE242,27 Jan 2028,"PharmaFlow Safety Advisory: Dear Arun Hegde, your Aceclofenac + Paracetamol (Zerodol-P) (Formula 143) is nearing expiry. Dispensed: 08 Oct 2026. Expiry: 27 Jan 2028. Please check before use and contact your pharmacist if needed. Thank you for reading. Take care! – PharmaFlow Apex",WHATSAPP,RESOLVED,PHARM-KA-2022-7212,Deepak R,2026-10-08,Initiated via pharmacist-controlled dispatch. External SMS/WhatsApp opened.,pharmaflow-main,SYNTHETIC_OPERATIONAL_RECORD
PSC-0144,CUST-0144,Kavya Gupta,+91 7042310051,EXPIRY_SAFETY_ADVISORY,Vildagliptin + Metformin (Galvus Met) (Formula 144),VIL243,08 Apr 2027,"PharmaFlow Safety Advisory: Dear Kavya Gupta, your Vildagliptin + Metformin (Galvus Met) (Formula 144) is nearing expiry. Dispensed: 08 Oct 2026. Expiry: 08 Apr 2027. Please check before use and contact your pharmacist if needed. Thank you for reading. Take care! – PharmaFlow Apex",WHATSAPP,READY,PHARM-KA-2022-7212,Deepak R,2026-10-08,Initiated via pharmacist-controlled dispatch. External SMS/WhatsApp opened.,pharmaflow-main,SYNTHETIC_OPERATIONAL_RECORD
PSC-0145,CUST-0145,Meena Joshi,+91 7048352498,RECALL_SAFETY_ALERT,Rabeprazole 20mg (Razo 20) (Formula 145),RAB244,15 Jan 2027,This is a pharmacy safety notification regarding a medicine you previously received. Please contact your pharmacist regarding this batch. Do not use the medicine until you receive appropriate guidance.,SMS,COMMUNICATION_INITIATED,PHARM-KA-2022-7212,Deepak R,2026-10-08,Initiated via pharmacist-controlled dispatch. External SMS/WhatsApp opened.,pharmaflow-main,SYNTHETIC_OPERATIONAL_RECORD
PSC-0146,CUST-0146,Deepak Nair,+91 9064123845,EXPIRY_SAFETY_ADVISORY,Cough Syrup (Ascoril-D) (Formula 146),COU245,19 Dec 2027,"PharmaFlow Safety Advisory: Dear Deepak Nair, your Cough Syrup (Ascoril-D) (Formula 146) is nearing expiry. Dispensed: 08 Oct 2026. Expiry: 19 Dec 2027. Please check before use and contact your pharmacist if needed. Thank you for reading. Take care! – PharmaFlow Apex",SMS,WHATSAPP_OPENED,PHARM-KA-2022-7212,Deepak R,2026-10-08,Initiated via pharmacist-controlled dispatch. External SMS/WhatsApp opened.,pharmaflow-main,SYNTHETIC_OPERATIONAL_RECORD
PSC-0147,CUST-0147,Manish Patel,+91 9619869264,EXPIRY_SAFETY_ADVISORY,Oral Rehydration Salts (Electral ORS) (Formula 147),ORA246,23 Apr 2028,"PharmaFlow Safety Advisory: Dear Manish Patel, your Oral Rehydration Salts (Electral ORS) (Formula 147) is nearing expiry. Dispensed: 08 Oct 2026. Expiry: 23 Apr 2028. Please check before use and contact your pharmacist if needed. Thank you for reading. Take care! – PharmaFlow Apex",SMS,READY,PHARM-KA-2022-7212,Deepak R,2026-10-08,Initiated via pharmacist-controlled dispatch. External SMS/WhatsApp opened.,pharmaflow-main,SYNTHETIC_OPERATIONAL_RECORD
PSC-0148,CUST-0148,Deeps Sundaram,+91 9727268907,EXPIRY_SAFETY_ADVISORY,Multivitamin + Zinc (Becadexamin) (Formula 148),MUL247,26 Apr 2028,"PharmaFlow Safety Advisory: Dear Deeps Sundaram, your Multivitamin + Zinc (Becadexamin) (Formula 148) is nearing expiry. Dispensed: 08 Oct 2026. Expiry: 26 Apr 2028. Please check before use and contact your pharmacist if needed. Thank you for reading. Take care! – PharmaFlow Apex",SMS,WHATSAPP_OPENED,PHARM-KA-2022-7212,Deepak R,2026-10-08,Initiated via pharmacist-controlled dispatch. External SMS/WhatsApp opened.,pharmaflow-main,SYNTHETIC_OPERATIONAL_RECORD
PSC-0149,CUST-0149,Suresh Pillai,+91 8077119320,RECALL_SAFETY_ALERT,Thyroxine Sodium 50mcg (Thyronorm 50) (Formula 149),THY248,10 Apr 2027,This is a pharmacy safety notification regarding a medicine you previously received. Please contact your pharmacist regarding this batch. Do not use the medicine until you receive appropriate guidance.,SMS,COMMUNICATION_INITIATED,PHARM-KA-2022-7212,Deepak R,2026-10-08,Initiated via pharmacist-controlled dispatch. External SMS/WhatsApp opened.,pharmaflow-main,SYNTHETIC_OPERATIONAL_RECORD
PSC-0150,CUST-0150,Lakshmi Bhat,+91 7029990477,EXPIRY_SAFETY_ADVISORY,Clopidogrel 75mg (Clopilet 75) (Formula 150),CLO249,24 Feb 2027,"PharmaFlow Safety Advisory: Dear Lakshmi Bhat, your Clopidogrel 75mg (Clopilet 75) (Formula 150) is nearing expiry. Dispensed: 08 Oct 2026. Expiry: 24 Feb 2027. Please check before use and contact your pharmacist if needed. Thank you for reading. Take care! – PharmaFlow Apex",WHATSAPP,RESOLVED,PHARM-KA-2022-7212,Deepak R,2026-10-08,Initiated via pharmacist-controlled dispatch. External SMS/WhatsApp opened.,pharmaflow-main,SYNTHETIC_OPERATIONAL_RECORD
PSC-0151,CUST-0001,Rahul Kumar,+91 98450 48123,EXPIRY_SAFETY_ADVISORY,Paracetamol 500mg (Formula 151),PAR250,27 Aug 2027,"PharmaFlow Safety Advisory: Dear Rahul Kumar, your Paracetamol 500mg (Formula 151) is nearing expiry. Dispensed: 08 Oct 2026. Expiry: 27 Aug 2027. Please check before use and contact your pharmacist if needed. Thank you for reading. Take care! – PharmaFlow Apex",SMS,READY,PHARM-KA-2022-7212,Deepak R,2026-10-08,Initiated via pharmacist-controlled dispatch. External SMS/WhatsApp opened.,pharmaflow-main,SYNTHETIC_OPERATIONAL_RECORD
PSC-0152,CUST-0002,Priya Sharma,+91 97312 90342,EXPIRY_SAFETY_ADVISORY,Paracetamol 650mg (Dolo 650) (Formula 152),PAR251,05 Aug 2027,"PharmaFlow Safety Advisory: Dear Priya Sharma, your Paracetamol 650mg (Dolo 650) (Formula 152) is nearing expiry. Dispensed: 08 Oct 2026. Expiry: 05 Aug 2027. Please check before use and contact your pharmacist if needed. Thank you for reading. Take care! – PharmaFlow Apex",WHATSAPP,READY,PHARM-KA-2022-7212,Deepak R,2026-10-08,Initiated via pharmacist-controlled dispatch. External SMS/WhatsApp opened.,pharmaflow-main,SYNTHETIC_OPERATIONAL_RECORD
PSC-0153,CUST-0003,Arun Kumar,+91 94480 77109,RECALL_SAFETY_ALERT,Vitamin D3 60K (Calcirol) (Formula 153),VIT252,06 Mar 2028,This is a pharmacy safety notification regarding a medicine you previously received. Please contact your pharmacist regarding this batch. Do not use the medicine until you receive appropriate guidance.,SMS,RESOLVED,PHARM-KA-2022-7212,Deepak R,2026-10-08,Initiated via pharmacist-controlled dispatch. External SMS/WhatsApp opened.,pharmaflow-main,SYNTHETIC_OPERATIONAL_RECORD
PSC-0154,CUST-0004,Kavya S,+91 99001 22584,EXPIRY_SAFETY_ADVISORY,Amoxicillin 500mg (Novamox) (Formula 154),AMO253,25 Dec 2027,"PharmaFlow Safety Advisory: Dear Kavya S, your Amoxicillin 500mg (Novamox) (Formula 154) is nearing expiry. Dispensed: 08 Oct 2026. Expiry: 25 Dec 2027. Please check before use and contact your pharmacist if needed. Thank you for reading. Take care! – PharmaFlow Apex",SMS,COMMUNICATION_INITIATED,PHARM-KA-2022-7212,Deepak R,2026-10-08,Initiated via pharmacist-controlled dispatch. External SMS/WhatsApp opened.,pharmaflow-main,SYNTHETIC_OPERATIONAL_RECORD
PSC-0155,CUST-0005,Meena Devi,+91 96114 64190,EXPIRY_SAFETY_ADVISORY,Amoxicillin + Clavulanic Acid 625mg (Augmentin) (Formula 155),AMO254,17 Dec 2026,"PharmaFlow Safety Advisory: Dear Meena Devi, your Amoxicillin + Clavulanic Acid 625mg (Augmentin) (Formula 155) is nearing expiry. Dispensed: 08 Oct 2026. Expiry: 17 Dec 2026. Please check before use and contact your pharmacist if needed. Thank you for reading. Take care! – PharmaFlow Apex",SMS,WHATSAPP_OPENED,PHARM-KA-2022-7212,Deepak R,2026-10-08,Initiated via pharmacist-controlled dispatch. External SMS/WhatsApp opened.,pharmaflow-main,SYNTHETIC_OPERATIONAL_RECORD
PSC-0156,CUST-0006,Deepak,+91 93845 99028,EXPIRY_SAFETY_ADVISORY,Cetirizine 10mg (Cetzine) (Formula 156),CET255,09 Jul 2027,"PharmaFlow Safety Advisory: Dear Deepak, your Cetirizine 10mg (Cetzine) (Formula 156) is nearing expiry. Dispensed: 08 Oct 2026. Expiry: 09 Jul 2027. Please check before use and contact your pharmacist if needed. Thank you for reading. Take care! – PharmaFlow Apex",WHATSAPP,RESOLVED,PHARM-KA-2022-7212,Deepak R,2026-10-08,Initiated via pharmacist-controlled dispatch. External SMS/WhatsApp opened.,pharmaflow-main,SYNTHETIC_OPERATIONAL_RECORD
PSC-0157,CUST-0007,Manish,+91 90802 04902,RECALL_SAFETY_ALERT,Levocetirizine 5mg (Levocet) (Formula 157),LEV256,10 Aug 2027,This is a pharmacy safety notification regarding a medicine you previously received. Please contact your pharmacist regarding this batch. Do not use the medicine until you receive appropriate guidance.,SMS,RESOLVED,PHARM-KA-2022-7212,Deepak R,2026-10-08,Initiated via pharmacist-controlled dispatch. External SMS/WhatsApp opened.,pharmaflow-main,SYNTHETIC_OPERATIONAL_RECORD
PSC-0158,CUST-0008,Deeps,+91 80988 51999,EXPIRY_SAFETY_ADVISORY,Azithromycin 250mg (Azee 250) (Formula 158),AZI257,14 Sep 2027,"PharmaFlow Safety Advisory: Dear Deeps, your Azithromycin 250mg (Azee 250) (Formula 158) is nearing expiry. Dispensed: 08 Oct 2026. Expiry: 14 Sep 2027. Please check before use and contact your pharmacist if needed. Thank you for reading. Take care! – PharmaFlow Apex",SMS,RESOLVED,PHARM-KA-2022-7212,Deepak R,2026-10-08,Initiated via pharmacist-controlled dispatch. External SMS/WhatsApp opened.,pharmaflow-main,SYNTHETIC_OPERATIONAL_RECORD
PSC-0159,CUST-0009,Suresh Pillai,+91 9445652586,EXPIRY_SAFETY_ADVISORY,Azithromycin 500mg (Azithral 500) (Formula 159),AZI258,16 Feb 2027,"PharmaFlow Safety Advisory: Dear Suresh Pillai, your Azithromycin 500mg (Azithral 500) (Formula 159) is nearing expiry. Dispensed: 08 Oct 2026. Expiry: 16 Feb 2027. Please check before use and contact your pharmacist if needed. Thank you for reading. Take care! – PharmaFlow Apex",SMS,WHATSAPP_OPENED,PHARM-KA-2022-7212,Deepak R,2026-10-08,Initiated via pharmacist-controlled dispatch. External SMS/WhatsApp opened.,pharmaflow-main,SYNTHETIC_OPERATIONAL_RECORD
PSC-0160,CUST-0010,Lakshmi Bhat,+91 9668942178,EXPIRY_SAFETY_ADVISORY,Metformin 500mg (Glycomet 500) (Formula 160),MET259,04 Feb 2028,"PharmaFlow Safety Advisory: Dear Lakshmi Bhat, your Metformin 500mg (Glycomet 500) (Formula 160) is nearing expiry. Dispensed: 08 Oct 2026. Expiry: 04 Feb 2028. Please check before use and contact your pharmacist if needed. Thank you for reading. Take care! – PharmaFlow Apex",SMS,COMMUNICATION_INITIATED,PHARM-KA-2022-7212,Deepak R,2026-10-08,Initiated via pharmacist-controlled dispatch. External SMS/WhatsApp opened.,pharmaflow-main,SYNTHETIC_OPERATIONAL_RECORD
PSC-0161,CUST-0011,Vignesh Murthy,+91 7068755000,RECALL_SAFETY_ALERT,Metformin 1000mg SR (Glucophage) (Formula 161),MET260,07 Feb 2027,This is a pharmacy safety notification regarding a medicine you previously received. Please contact your pharmacist regarding this batch. Do not use the medicine until you receive appropriate guidance.,WHATSAPP,SMS_COMPOSER_OPENED,PHARM-KA-2022-7212,Deepak R,2026-10-08,Initiated via pharmacist-controlled dispatch. External SMS/WhatsApp opened.,pharmaflow-main,SYNTHETIC_OPERATIONAL_RECORD
PSC-0162,CUST-0012,Anitha Kumar,+91 9822257687,EXPIRY_SAFETY_ADVISORY,Pantoprazole 40mg (Pan 40) (Formula 162),PAN261,29 Dec 2027,"PharmaFlow Safety Advisory: Dear Anitha Kumar, your Pantoprazole 40mg (Pan 40) (Formula 162) is nearing expiry. Dispensed: 08 Oct 2026. Expiry: 29 Dec 2027. Please check before use and contact your pharmacist if needed. Thank you for reading. Take care! – PharmaFlow Apex",SMS,RESOLVED,PHARM-KA-2022-7212,Deepak R,2026-10-08,Initiated via pharmacist-controlled dispatch. External SMS/WhatsApp opened.,pharmaflow-main,SYNTHETIC_OPERATIONAL_RECORD
PSC-0163,CUST-0013,Ramesh Iyer,+91 9473149551,EXPIRY_SAFETY_ADVISORY,Pantoprazole + Domperidone (Pan-D) (Formula 163),PAN262,25 Nov 2027,"PharmaFlow Safety Advisory: Dear Ramesh Iyer, your Pantoprazole + Domperidone (Pan-D) (Formula 163) is nearing expiry. Dispensed: 08 Oct 2026. Expiry: 25 Nov 2027. Please check before use and contact your pharmacist if needed. Thank you for reading. Take care! – PharmaFlow Apex",WHATSAPP,READY,PHARM-KA-2022-7212,Deepak R,2026-10-08,Initiated via pharmacist-controlled dispatch. External SMS/WhatsApp opened.,pharmaflow-main,SYNTHETIC_OPERATIONAL_RECORD
PSC-0164,CUST-0014,Sangeetha Reddy,+91 7022246348,EXPIRY_SAFETY_ADVISORY,Omeprazole 20mg (Omez) (Formula 164),OME263,14 Jan 2027,"PharmaFlow Safety Advisory: Dear Sangeetha Reddy, your Omeprazole 20mg (Omez) (Formula 164) is nearing expiry. Dispensed: 08 Oct 2026. Expiry: 14 Jan 2027. Please check before use and contact your pharmacist if needed. Thank you for reading. Take care! – PharmaFlow Apex",SMS,COMMUNICATION_INITIATED,PHARM-KA-2022-7212,Deepak R,2026-10-08,Initiated via pharmacist-controlled dispatch. External SMS/WhatsApp opened.,pharmaflow-main,SYNTHETIC_OPERATIONAL_RECORD
PSC-0165,CUST-0015,Vijay Gowda,+91 9065250068,RECALL_SAFETY_ALERT,Telmisartan 40mg (Telma 40) (Formula 165),TEL264,26 Dec 2027,This is a pharmacy safety notification regarding a medicine you previously received. Please contact your pharmacist regarding this batch. Do not use the medicine until you receive appropriate guidance.,SMS,SMS_COMPOSER_OPENED,PHARM-KA-2022-7212,Deepak R,2026-10-08,Initiated via pharmacist-controlled dispatch. External SMS/WhatsApp opened.,pharmaflow-main,SYNTHETIC_OPERATIONAL_RECORD
PSC-0166,CUST-0016,Sandhya Desai,+91 7021819185,EXPIRY_SAFETY_ADVISORY,Telmisartan + Amlodipine (Telma-AM) (Formula 166),TEL265,27 Apr 2028,"PharmaFlow Safety Advisory: Dear Sandhya Desai, your Telmisartan + Amlodipine (Telma-AM) (Formula 166) is nearing expiry. Dispensed: 08 Oct 2026. Expiry: 27 Apr 2028. Please check before use and contact your pharmacist if needed. Thank you for reading. Take care! – PharmaFlow Apex",SMS,READY,PHARM-KA-2022-7212,Deepak R,2026-10-08,Initiated via pharmacist-controlled dispatch. External SMS/WhatsApp opened.,pharmaflow-main,SYNTHETIC_OPERATIONAL_RECORD
PSC-0167,CUST-0017,Prashanth Shenoy,+91 7065465150,EXPIRY_SAFETY_ADVISORY,Atorvastatin 10mg (Atorva 10) (Formula 167),ATO266,24 May 2027,"PharmaFlow Safety Advisory: Dear Prashanth Shenoy, your Atorvastatin 10mg (Atorva 10) (Formula 167) is nearing expiry. Dispensed: 08 Oct 2026. Expiry: 24 May 2027. Please check before use and contact your pharmacist if needed. Thank you for reading. Take care! – PharmaFlow Apex",SMS,READY,PHARM-KA-2022-7212,Deepak R,2026-10-08,Initiated via pharmacist-controlled dispatch. External SMS/WhatsApp opened.,pharmaflow-main,SYNTHETIC_OPERATIONAL_RECORD
PSC-0168,CUST-0018,Swetha Krishnan,+91 9945843681,EXPIRY_SAFETY_ADVISORY,Rosuvastatin 10mg (Rosuvas 10) (Formula 168),ROS267,21 Jul 2027,"PharmaFlow Safety Advisory: Dear Swetha Krishnan, your Rosuvastatin 10mg (Rosuvas 10) (Formula 168) is nearing expiry. Dispensed: 08 Oct 2026. Expiry: 21 Jul 2027. Please check before use and contact your pharmacist if needed. Thank you for reading. Take care! – PharmaFlow Apex",SMS,COMMUNICATION_INITIATED,PHARM-KA-2022-7212,Deepak R,2026-10-08,Initiated via pharmacist-controlled dispatch. External SMS/WhatsApp opened.,pharmaflow-main,SYNTHETIC_OPERATIONAL_RECORD
PSC-0169,CUST-0019,Rajesh Sharma,+91 9931257157,RECALL_SAFETY_ALERT,Ciprofloxacin 500mg (Ciplox 500) (Formula 169),CIP268,12 Nov 2027,This is a pharmacy safety notification regarding a medicine you previously received. Please contact your pharmacist regarding this batch. Do not use the medicine until you receive appropriate guidance.,SMS,RESOLVED,PHARM-KA-2022-7212,Deepak R,2026-10-08,Initiated via pharmacist-controlled dispatch. External SMS/WhatsApp opened.,pharmaflow-main,SYNTHETIC_OPERATIONAL_RECORD
PSC-0170,CUST-0020,Nandini Rao,+91 9771934487,EXPIRY_SAFETY_ADVISORY,Ofloxacin + Ornidazole (O2) (Formula 170),OFL269,20 Nov 2027,"PharmaFlow Safety Advisory: Dear Nandini Rao, your Ofloxacin + Ornidazole (O2) (Formula 170) is nearing expiry. Dispensed: 08 Oct 2026. Expiry: 20 Nov 2027. Please check before use and contact your pharmacist if needed. Thank you for reading. Take care! – PharmaFlow Apex",SMS,RESOLVED,PHARM-KA-2022-7212,Deepak R,2026-10-08,Initiated via pharmacist-controlled dispatch. External SMS/WhatsApp opened.,pharmaflow-main,SYNTHETIC_OPERATIONAL_RECORD
PSC-0171,CUST-0021,Rahul Menon,+91 9665766169,EXPIRY_SAFETY_ADVISORY,Montelukast + Levocetirizine (Montair-LC) (Formula 171),MON270,14 Mar 2027,"PharmaFlow Safety Advisory: Dear Rahul Menon, your Montelukast + Levocetirizine (Montair-LC) (Formula 171) is nearing expiry. Dispensed: 08 Oct 2026. Expiry: 14 Mar 2027. Please check before use and contact your pharmacist if needed. Thank you for reading. Take care! – PharmaFlow Apex",SMS,RESOLVED,PHARM-KA-2022-7212,Deepak R,2026-10-08,Initiated via pharmacist-controlled dispatch. External SMS/WhatsApp opened.,pharmaflow-main,SYNTHETIC_OPERATIONAL_RECORD
PSC-0172,CUST-0022,Priya Verma,+91 8035583290,EXPIRY_SAFETY_ADVISORY,Ibuprofen 400mg (Brufen 400) (Formula 172),IBU271,24 Nov 2027,"PharmaFlow Safety Advisory: Dear Priya Verma, your Ibuprofen 400mg (Brufen 400) (Formula 172) is nearing expiry. Dispensed: 08 Oct 2026. Expiry: 24 Nov 2027. Please check before use and contact your pharmacist if needed. Thank you for reading. Take care! – PharmaFlow Apex",WHATSAPP,RESOLVED,PHARM-KA-2022-7212,Deepak R,2026-10-08,Initiated via pharmacist-controlled dispatch. External SMS/WhatsApp opened.,pharmaflow-main,SYNTHETIC_OPERATIONAL_RECORD
PSC-0173,CUST-0023,Arun Hegde,+91 9610344303,RECALL_SAFETY_ALERT,Aceclofenac + Paracetamol (Zerodol-P) (Formula 173),ACE272,08 May 2027,This is a pharmacy safety notification regarding a medicine you previously received. Please contact your pharmacist regarding this batch. Do not use the medicine until you receive appropriate guidance.,WHATSAPP,SMS_COMPOSER_OPENED,PHARM-KA-2022-7212,Deepak R,2026-10-08,Initiated via pharmacist-controlled dispatch. External SMS/WhatsApp opened.,pharmaflow-main,SYNTHETIC_OPERATIONAL_RECORD
PSC-0174,CUST-0024,Kavya Gupta,+91 7056321751,EXPIRY_SAFETY_ADVISORY,Vildagliptin + Metformin (Galvus Met) (Formula 174),VIL273,26 Oct 2027,"PharmaFlow Safety Advisory: Dear Kavya Gupta, your Vildagliptin + Metformin (Galvus Met) (Formula 174) is nearing expiry. Dispensed: 08 Oct 2026. Expiry: 26 Oct 2027. Please check before use and contact your pharmacist if needed. Thank you for reading. Take care! – PharmaFlow Apex",SMS,RESOLVED,PHARM-KA-2022-7212,Deepak R,2026-10-08,Initiated via pharmacist-controlled dispatch. External SMS/WhatsApp opened.,pharmaflow-main,SYNTHETIC_OPERATIONAL_RECORD
PSC-0175,CUST-0025,Meena Joshi,+91 9986745380,EXPIRY_SAFETY_ADVISORY,Rabeprazole 20mg (Razo 20) (Formula 175),RAB274,30 Jul 2027,"PharmaFlow Safety Advisory: Dear Meena Joshi, your Rabeprazole 20mg (Razo 20) (Formula 175) is nearing expiry. Dispensed: 08 Oct 2026. Expiry: 30 Jul 2027. Please check before use and contact your pharmacist if needed. Thank you for reading. Take care! – PharmaFlow Apex",SMS,READY,PHARM-KA-2022-7212,Deepak R,2026-10-08,Initiated via pharmacist-controlled dispatch. External SMS/WhatsApp opened.,pharmaflow-main,SYNTHETIC_OPERATIONAL_RECORD
PSC-0176,CUST-0026,Deepak Nair,+91 8061818612,EXPIRY_SAFETY_ADVISORY,Cough Syrup (Ascoril-D) (Formula 176),COU275,06 Dec 2026,"PharmaFlow Safety Advisory: Dear Deepak Nair, your Cough Syrup (Ascoril-D) (Formula 176) is nearing expiry. Dispensed: 08 Oct 2026. Expiry: 06 Dec 2026. Please check before use and contact your pharmacist if needed. Thank you for reading. Take care! – PharmaFlow Apex",SMS,RESOLVED,PHARM-KA-2022-7212,Deepak R,2026-10-08,Initiated via pharmacist-controlled dispatch. External SMS/WhatsApp opened.,pharmaflow-main,SYNTHETIC_OPERATIONAL_RECORD
PSC-0177,CUST-0027,Manish Patel,+91 9023470708,RECALL_SAFETY_ALERT,Oral Rehydration Salts (Electral ORS) (Formula 177),ORA276,15 Jun 2027,This is a pharmacy safety notification regarding a medicine you previously received. Please contact your pharmacist regarding this batch. Do not use the medicine until you receive appropriate guidance.,SMS,READY,PHARM-KA-2022-7212,Deepak R,2026-10-08,Initiated via pharmacist-controlled dispatch. External SMS/WhatsApp opened.,pharmaflow-main,SYNTHETIC_OPERATIONAL_RECORD
PSC-0178,CUST-0028,Deeps Sundaram,+91 9465026398,EXPIRY_SAFETY_ADVISORY,Multivitamin + Zinc (Becadexamin) (Formula 178),MUL277,07 Jun 2027,"PharmaFlow Safety Advisory: Dear Deeps Sundaram, your Multivitamin + Zinc (Becadexamin) (Formula 178) is nearing expiry. Dispensed: 08 Oct 2026. Expiry: 07 Jun 2027. Please check before use and contact your pharmacist if needed. Thank you for reading. Take care! – PharmaFlow Apex",WHATSAPP,RESOLVED,PHARM-KA-2022-7212,Deepak R,2026-10-08,Initiated via pharmacist-controlled dispatch. External SMS/WhatsApp opened.,pharmaflow-main,SYNTHETIC_OPERATIONAL_RECORD
PSC-0179,CUST-0029,Suresh Pillai,+91 8097219599,EXPIRY_SAFETY_ADVISORY,Thyroxine Sodium 50mcg (Thyronorm 50) (Formula 179),THY278,16 Apr 2028,"PharmaFlow Safety Advisory: Dear Suresh Pillai, your Thyroxine Sodium 50mcg (Thyronorm 50) (Formula 179) is nearing expiry. Dispensed: 08 Oct 2026. Expiry: 16 Apr 2028. Please check before use and contact your pharmacist if needed. Thank you for reading. Take care! – PharmaFlow Apex",SMS,SMS_COMPOSER_OPENED,PHARM-KA-2022-7212,Deepak R,2026-10-08,Initiated via pharmacist-controlled dispatch. External SMS/WhatsApp opened.,pharmaflow-main,SYNTHETIC_OPERATIONAL_RECORD
PSC-0180,CUST-0030,Lakshmi Bhat,+91 9741510328,EXPIRY_SAFETY_ADVISORY,Clopidogrel 75mg (Clopilet 75) (Formula 180),CLO279,17 Nov 2026,"PharmaFlow Safety Advisory: Dear Lakshmi Bhat, your Clopidogrel 75mg (Clopilet 75) (Formula 180) is nearing expiry. Dispensed: 08 Oct 2026. Expiry: 17 Nov 2026. Please check before use and contact your pharmacist if needed. Thank you for reading. Take care! – PharmaFlow Apex",SMS,RESOLVED,PHARM-KA-2022-7212,Deepak R,2026-10-08,Initiated via pharmacist-controlled dispatch. External SMS/WhatsApp opened.,pharmaflow-main,SYNTHETIC_OPERATIONAL_RECORD
PSC-0181,CUST-0031,Vignesh Murthy,+91 9769549527,RECALL_SAFETY_ALERT,Paracetamol 500mg (Formula 181),PAR280,16 Nov 2026,This is a pharmacy safety notification regarding a medicine you previously received. Please contact your pharmacist regarding this batch. Do not use the medicine until you receive appropriate guidance.,SMS,RESOLVED,PHARM-KA-2022-7212,Deepak R,2026-10-08,Initiated via pharmacist-controlled dispatch. External SMS/WhatsApp opened.,pharmaflow-main,SYNTHETIC_OPERATIONAL_RECORD
PSC-0182,CUST-0032,Anitha Kumar,+91 9658112135,EXPIRY_SAFETY_ADVISORY,Paracetamol 650mg (Dolo 650) (Formula 182),PAR281,16 Sep 2027,"PharmaFlow Safety Advisory: Dear Anitha Kumar, your Paracetamol 650mg (Dolo 650) (Formula 182) is nearing expiry. Dispensed: 08 Oct 2026. Expiry: 16 Sep 2027. Please check before use and contact your pharmacist if needed. Thank you for reading. Take care! – PharmaFlow Apex",SMS,SMS_COMPOSER_OPENED,PHARM-KA-2022-7212,Deepak R,2026-10-08,Initiated via pharmacist-controlled dispatch. External SMS/WhatsApp opened.,pharmaflow-main,SYNTHETIC_OPERATIONAL_RECORD
PSC-0183,CUST-0033,Ramesh Iyer,+91 9432814819,EXPIRY_SAFETY_ADVISORY,Vitamin D3 60K (Calcirol) (Formula 183),VIT282,16 Aug 2027,"PharmaFlow Safety Advisory: Dear Ramesh Iyer, your Vitamin D3 60K (Calcirol) (Formula 183) is nearing expiry. Dispensed: 08 Oct 2026. Expiry: 16 Aug 2027. Please check before use and contact your pharmacist if needed. Thank you for reading. Take care! – PharmaFlow Apex",SMS,WHATSAPP_OPENED,PHARM-KA-2022-7212,Deepak R,2026-10-08,Initiated via pharmacist-controlled dispatch. External SMS/WhatsApp opened.,pharmaflow-main,SYNTHETIC_OPERATIONAL_RECORD
PSC-0184,CUST-0034,Sangeetha Reddy,+91 9441163805,EXPIRY_SAFETY_ADVISORY,Amoxicillin 500mg (Novamox) (Formula 184),AMO283,31 Oct 2027,"PharmaFlow Safety Advisory: Dear Sangeetha Reddy, your Amoxicillin 500mg (Novamox) (Formula 184) is nearing expiry. Dispensed: 08 Oct 2026. Expiry: 31 Oct 2027. Please check before use and contact your pharmacist if needed. Thank you for reading. Take care! – PharmaFlow Apex",WHATSAPP,WHATSAPP_OPENED,PHARM-KA-2022-7212,Deepak R,2026-10-08,Initiated via pharmacist-controlled dispatch. External SMS/WhatsApp opened.,pharmaflow-main,SYNTHETIC_OPERATIONAL_RECORD
PSC-0185,CUST-0035,Vijay Gowda,+91 9683363160,RECALL_SAFETY_ALERT,Amoxicillin + Clavulanic Acid 625mg (Augmentin) (Formula 185),AMO284,28 Feb 2028,This is a pharmacy safety notification regarding a medicine you previously received. Please contact your pharmacist regarding this batch. Do not use the medicine until you receive appropriate guidance.,SMS,COMMUNICATION_INITIATED,PHARM-KA-2022-7212,Deepak R,2026-10-08,Initiated via pharmacist-controlled dispatch. External SMS/WhatsApp opened.,pharmaflow-main,SYNTHETIC_OPERATIONAL_RECORD
PSC-0186,CUST-0036,Sandhya Desai,+91 9671315464,EXPIRY_SAFETY_ADVISORY,Cetirizine 10mg (Cetzine) (Formula 186),CET285,19 Dec 2027,"PharmaFlow Safety Advisory: Dear Sandhya Desai, your Cetirizine 10mg (Cetzine) (Formula 186) is nearing expiry. Dispensed: 08 Oct 2026. Expiry: 19 Dec 2027. Please check before use and contact your pharmacist if needed. Thank you for reading. Take care! – PharmaFlow Apex",SMS,RESOLVED,PHARM-KA-2022-7212,Deepak R,2026-10-08,Initiated via pharmacist-controlled dispatch. External SMS/WhatsApp opened.,pharmaflow-main,SYNTHETIC_OPERATIONAL_RECORD
PSC-0187,CUST-0037,Prashanth Shenoy,+91 8086762164,EXPIRY_SAFETY_ADVISORY,Levocetirizine 5mg (Levocet) (Formula 187),LEV286,14 Apr 2028,"PharmaFlow Safety Advisory: Dear Prashanth Shenoy, your Levocetirizine 5mg (Levocet) (Formula 187) is nearing expiry. Dispensed: 08 Oct 2026. Expiry: 14 Apr 2028. Please check before use and contact your pharmacist if needed. Thank you for reading. Take care! – PharmaFlow Apex",SMS,WHATSAPP_OPENED,PHARM-KA-2022-7212,Deepak R,2026-10-08,Initiated via pharmacist-controlled dispatch. External SMS/WhatsApp opened.,pharmaflow-main,SYNTHETIC_OPERATIONAL_RECORD
PSC-0188,CUST-0038,Swetha Krishnan,+91 8046840133,EXPIRY_SAFETY_ADVISORY,Azithromycin 250mg (Azee 250) (Formula 188),AZI287,26 Nov 2027,"PharmaFlow Safety Advisory: Dear Swetha Krishnan, your Azithromycin 250mg (Azee 250) (Formula 188) is nearing expiry. Dispensed: 08 Oct 2026. Expiry: 26 Nov 2027. Please check before use and contact your pharmacist if needed. Thank you for reading. Take care! – PharmaFlow Apex",SMS,COMMUNICATION_INITIATED,PHARM-KA-2022-7212,Deepak R,2026-10-08,Initiated via pharmacist-controlled dispatch. External SMS/WhatsApp opened.,pharmaflow-main,SYNTHETIC_OPERATIONAL_RECORD
PSC-0189,CUST-0039,Rajesh Sharma,+91 9039394291,RECALL_SAFETY_ALERT,Azithromycin 500mg (Azithral 500) (Formula 189),AZI288,24 Aug 2027,This is a pharmacy safety notification regarding a medicine you previously received. Please contact your pharmacist regarding this batch. Do not use the medicine until you receive appropriate guidance.,SMS,WHATSAPP_OPENED,PHARM-KA-2022-7212,Deepak R,2026-10-08,Initiated via pharmacist-controlled dispatch. External SMS/WhatsApp opened.,pharmaflow-main,SYNTHETIC_OPERATIONAL_RECORD
PSC-0190,CUST-0040,Nandini Rao,+91 9851464269,EXPIRY_SAFETY_ADVISORY,Metformin 500mg (Glycomet 500) (Formula 190),MET289,15 Mar 2028,"PharmaFlow Safety Advisory: Dear Nandini Rao, your Metformin 500mg (Glycomet 500) (Formula 190) is nearing expiry. Dispensed: 08 Oct 2026. Expiry: 15 Mar 2028. Please check before use and contact your pharmacist if needed. Thank you for reading. Take care! – PharmaFlow Apex",SMS,COMMUNICATION_INITIATED,PHARM-KA-2022-7212,Deepak R,2026-10-08,Initiated via pharmacist-controlled dispatch. External SMS/WhatsApp opened.,pharmaflow-main,SYNTHETIC_OPERATIONAL_RECORD
PSC-0191,CUST-0041,Rahul Menon,+91 9653851498,EXPIRY_SAFETY_ADVISORY,Metformin 1000mg SR (Glucophage) (Formula 191),MET290,06 Oct 2027,"PharmaFlow Safety Advisory: Dear Rahul Menon, your Metformin 1000mg SR (Glucophage) (Formula 191) is nearing expiry. Dispensed: 08 Oct 2026. Expiry: 06 Oct 2027. Please check before use and contact your pharmacist if needed. Thank you for reading. Take care! – PharmaFlow Apex",WHATSAPP,WHATSAPP_OPENED,PHARM-KA-2022-7212,Deepak R,2026-10-08,Initiated via pharmacist-controlled dispatch. External SMS/WhatsApp opened.,pharmaflow-main,SYNTHETIC_OPERATIONAL_RECORD
PSC-0192,CUST-0042,Priya Verma,+91 9632084778,EXPIRY_SAFETY_ADVISORY,Pantoprazole 40mg (Pan 40) (Formula 192),PAN291,09 Sep 2027,"PharmaFlow Safety Advisory: Dear Priya Verma, your Pantoprazole 40mg (Pan 40) (Formula 192) is nearing expiry. Dispensed: 08 Oct 2026. Expiry: 09 Sep 2027. Please check before use and contact your pharmacist if needed. Thank you for reading. Take care! – PharmaFlow Apex",SMS,COMMUNICATION_INITIATED,PHARM-KA-2022-7212,Deepak R,2026-10-08,Initiated via pharmacist-controlled dispatch. External SMS/WhatsApp opened.,pharmaflow-main,SYNTHETIC_OPERATIONAL_RECORD
PSC-0193,CUST-0043,Arun Hegde,+91 9440281491,RECALL_SAFETY_ALERT,Pantoprazole + Domperidone (Pan-D) (Formula 193),PAN292,05 Jan 2027,This is a pharmacy safety notification regarding a medicine you previously received. Please contact your pharmacist regarding this batch. Do not use the medicine until you receive appropriate guidance.,WHATSAPP,SMS_COMPOSER_OPENED,PHARM-KA-2022-7212,Deepak R,2026-10-08,Initiated via pharmacist-controlled dispatch. External SMS/WhatsApp opened.,pharmaflow-main,SYNTHETIC_OPERATIONAL_RECORD
PSC-0194,CUST-0044,Kavya Gupta,+91 9845495029,EXPIRY_SAFETY_ADVISORY,Omeprazole 20mg (Omez) (Formula 194),OME293,01 Oct 2027,"PharmaFlow Safety Advisory: Dear Kavya Gupta, your Omeprazole 20mg (Omez) (Formula 194) is nearing expiry. Dispensed: 08 Oct 2026. Expiry: 01 Oct 2027. Please check before use and contact your pharmacist if needed. Thank you for reading. Take care! – PharmaFlow Apex",WHATSAPP,WHATSAPP_OPENED,PHARM-KA-2022-7212,Deepak R,2026-10-08,Initiated via pharmacist-controlled dispatch. External SMS/WhatsApp opened.,pharmaflow-main,SYNTHETIC_OPERATIONAL_RECORD
PSC-0195,CUST-0045,Meena Joshi,+91 9024541967,EXPIRY_SAFETY_ADVISORY,Telmisartan 40mg (Telma 40) (Formula 195),TEL294,31 Mar 2028,"PharmaFlow Safety Advisory: Dear Meena Joshi, your Telmisartan 40mg (Telma 40) (Formula 195) is nearing expiry. Dispensed: 08 Oct 2026. Expiry: 31 Mar 2028. Please check before use and contact your pharmacist if needed. Thank you for reading. Take care! – PharmaFlow Apex",SMS,READY,PHARM-KA-2022-7212,Deepak R,2026-10-08,Initiated via pharmacist-controlled dispatch. External SMS/WhatsApp opened.,pharmaflow-main,SYNTHETIC_OPERATIONAL_RECORD
PSC-0196,CUST-0046,Deepak Nair,+91 9795282470,EXPIRY_SAFETY_ADVISORY,Telmisartan + Amlodipine (Telma-AM) (Formula 196),TEL295,27 Dec 2027,"PharmaFlow Safety Advisory: Dear Deepak Nair, your Telmisartan + Amlodipine (Telma-AM) (Formula 196) is nearing expiry. Dispensed: 08 Oct 2026. Expiry: 27 Dec 2027. Please check before use and contact your pharmacist if needed. Thank you for reading. Take care! – PharmaFlow Apex",SMS,COMMUNICATION_INITIATED,PHARM-KA-2022-7212,Deepak R,2026-10-08,Initiated via pharmacist-controlled dispatch. External SMS/WhatsApp opened.,pharmaflow-main,SYNTHETIC_OPERATIONAL_RECORD
PSC-0197,CUST-0047,Manish Patel,+91 9814994527,RECALL_SAFETY_ALERT,Atorvastatin 10mg (Atorva 10) (Formula 197),ATO296,21 May 2027,This is a pharmacy safety notification regarding a medicine you previously received. Please contact your pharmacist regarding this batch. Do not use the medicine until you receive appropriate guidance.,SMS,SMS_COMPOSER_OPENED,PHARM-KA-2022-7212,Deepak R,2026-10-08,Initiated via pharmacist-controlled dispatch. External SMS/WhatsApp opened.,pharmaflow-main,SYNTHETIC_OPERATIONAL_RECORD
PSC-0198,CUST-0048,Deeps Sundaram,+91 8070887034,EXPIRY_SAFETY_ADVISORY,Rosuvastatin 10mg (Rosuvas 10) (Formula 198),ROS297,23 Jun 2027,"PharmaFlow Safety Advisory: Dear Deeps Sundaram, your Rosuvastatin 10mg (Rosuvas 10) (Formula 198) is nearing expiry. Dispensed: 08 Oct 2026. Expiry: 23 Jun 2027. Please check before use and contact your pharmacist if needed. Thank you for reading. Take care! – PharmaFlow Apex",SMS,SMS_COMPOSER_OPENED,PHARM-KA-2022-7212,Deepak R,2026-10-08,Initiated via pharmacist-controlled dispatch. External SMS/WhatsApp opened.,pharmaflow-main,SYNTHETIC_OPERATIONAL_RECORD
PSC-0199,CUST-0049,Suresh Pillai,+91 9775679047,EXPIRY_SAFETY_ADVISORY,Ciprofloxacin 500mg (Ciplox 500) (Formula 199),CIP298,10 Nov 2027,"PharmaFlow Safety Advisory: Dear Suresh Pillai, your Ciprofloxacin 500mg (Ciplox 500) (Formula 199) is nearing expiry. Dispensed: 08 Oct 2026. Expiry: 10 Nov 2027. Please check before use and contact your pharmacist if needed. Thank you for reading. Take care! – PharmaFlow Apex",WHATSAPP,WHATSAPP_OPENED,PHARM-KA-2022-7212,Deepak R,2026-10-08,Initiated via pharmacist-controlled dispatch. External SMS/WhatsApp opened.,pharmaflow-main,SYNTHETIC_OPERATIONAL_RECORD
PSC-0200,CUST-0050,Lakshmi Bhat,+91 7041690501,EXPIRY_SAFETY_ADVISORY,Ofloxacin + Ornidazole (O2) (Formula 200),OFL299,12 May 2027,"PharmaFlow Safety Advisory: Dear Lakshmi Bhat, your Ofloxacin + Ornidazole (O2) (Formula 200) is nearing expiry. Dispensed: 08 Oct 2026. Expiry: 12 May 2027. Please check before use and contact your pharmacist if needed. Thank you for reading. Take care! – PharmaFlow Apex",SMS,READY,PHARM-KA-2022-7212,Deepak R,2026-10-08,Initiated via pharmacist-controlled dispatch. External SMS/WhatsApp opened.,pharmaflow-main,SYNTHETIC_OPERATIONAL_RECORD
PSC-0201,CUST-0051,Vignesh Murthy,+91 9018126895,RECALL_SAFETY_ALERT,Montelukast + Levocetirizine (Montair-LC) (Formula 201),MON300,19 Mar 2027,This is a pharmacy safety notification regarding a medicine you previously received. Please contact your pharmacist regarding this batch. Do not use the medicine until you receive appropriate guidance.,SMS,WHATSAPP_OPENED,PHARM-KA-2022-7212,Deepak R,2026-10-08,Initiated via pharmacist-controlled dispatch. External SMS/WhatsApp opened.,pharmaflow-main,SYNTHETIC_OPERATIONAL_RECORD
PSC-0202,CUST-0052,Anitha Kumar,+91 9996128115,EXPIRY_SAFETY_ADVISORY,Ibuprofen 400mg (Brufen 400) (Formula 202),IBU301,14 May 2027,"PharmaFlow Safety Advisory: Dear Anitha Kumar, your Ibuprofen 400mg (Brufen 400) (Formula 202) is nearing expiry. Dispensed: 08 Oct 2026. Expiry: 14 May 2027. Please check before use and contact your pharmacist if needed. Thank you for reading. Take care! – PharmaFlow Apex",SMS,RESOLVED,PHARM-KA-2022-7212,Deepak R,2026-10-08,Initiated via pharmacist-controlled dispatch. External SMS/WhatsApp opened.,pharmaflow-main,SYNTHETIC_OPERATIONAL_RECORD
PSC-0203,CUST-0053,Ramesh Iyer,+91 9919208698,EXPIRY_SAFETY_ADVISORY,Aceclofenac + Paracetamol (Zerodol-P) (Formula 203),ACE302,07 Feb 2027,"PharmaFlow Safety Advisory: Dear Ramesh Iyer, your Aceclofenac + Paracetamol (Zerodol-P) (Formula 203) is nearing expiry. Dispensed: 08 Oct 2026. Expiry: 07 Feb 2027. Please check before use and contact your pharmacist if needed. Thank you for reading. Take care! – PharmaFlow Apex",WHATSAPP,RESOLVED,PHARM-KA-2022-7212,Deepak R,2026-10-08,Initiated via pharmacist-controlled dispatch. External SMS/WhatsApp opened.,pharmaflow-main,SYNTHETIC_OPERATIONAL_RECORD
PSC-0204,CUST-0054,Sangeetha Reddy,+91 9489991301,EXPIRY_SAFETY_ADVISORY,Vildagliptin + Metformin (Galvus Met) (Formula 204),VIL303,18 Sep 2027,"PharmaFlow Safety Advisory: Dear Sangeetha Reddy, your Vildagliptin + Metformin (Galvus Met) (Formula 204) is nearing expiry. Dispensed: 08 Oct 2026. Expiry: 18 Sep 2027. Please check before use and contact your pharmacist if needed. Thank you for reading. Take care! – PharmaFlow Apex",SMS,READY,PHARM-KA-2022-7212,Deepak R,2026-10-08,Initiated via pharmacist-controlled dispatch. External SMS/WhatsApp opened.,pharmaflow-main,SYNTHETIC_OPERATIONAL_RECORD
PSC-0205,CUST-0055,Vijay Gowda,+91 9827690330,RECALL_SAFETY_ALERT,Rabeprazole 20mg (Razo 20) (Formula 205),RAB304,13 Oct 2027,This is a pharmacy safety notification regarding a medicine you previously received. Please contact your pharmacist regarding this batch. Do not use the medicine until you receive appropriate guidance.,SMS,WHATSAPP_OPENED,PHARM-KA-2022-7212,Deepak R,2026-10-08,Initiated via pharmacist-controlled dispatch. External SMS/WhatsApp opened.,pharmaflow-main,SYNTHETIC_OPERATIONAL_RECORD
PSC-0206,CUST-0056,Sandhya Desai,+91 9617032877,EXPIRY_SAFETY_ADVISORY,Cough Syrup (Ascoril-D) (Formula 206),COU305,05 Sep 2027,"PharmaFlow Safety Advisory: Dear Sandhya Desai, your Cough Syrup (Ascoril-D) (Formula 206) is nearing expiry. Dispensed: 08 Oct 2026. Expiry: 05 Sep 2027. Please check before use and contact your pharmacist if needed. Thank you for reading. Take care! – PharmaFlow Apex",WHATSAPP,SMS_COMPOSER_OPENED,PHARM-KA-2022-7212,Deepak R,2026-10-08,Initiated via pharmacist-controlled dispatch. External SMS/WhatsApp opened.,pharmaflow-main,SYNTHETIC_OPERATIONAL_RECORD
PSC-0207,CUST-0057,Prashanth Shenoy,+91 7058592048,EXPIRY_SAFETY_ADVISORY,Oral Rehydration Salts (Electral ORS) (Formula 207),ORA306,03 Mar 2028,"PharmaFlow Safety Advisory: Dear Prashanth Shenoy, your Oral Rehydration Salts (Electral ORS) (Formula 207) is nearing expiry. Dispensed: 08 Oct 2026. Expiry: 03 Mar 2028. Please check before use and contact your pharmacist if needed. Thank you for reading. Take care! – PharmaFlow Apex",SMS,RESOLVED,PHARM-KA-2022-7212,Deepak R,2026-10-08,Initiated via pharmacist-controlled dispatch. External SMS/WhatsApp opened.,pharmaflow-main,SYNTHETIC_OPERATIONAL_RECORD
PSC-0208,CUST-0058,Swetha Krishnan,+91 9671477426,EXPIRY_SAFETY_ADVISORY,Multivitamin + Zinc (Becadexamin) (Formula 208),MUL307,19 Jan 2027,"PharmaFlow Safety Advisory: Dear Swetha Krishnan, your Multivitamin + Zinc (Becadexamin) (Formula 208) is nearing expiry. Dispensed: 08 Oct 2026. Expiry: 19 Jan 2027. Please check before use and contact your pharmacist if needed. Thank you for reading. Take care! – PharmaFlow Apex",SMS,COMMUNICATION_INITIATED,PHARM-KA-2022-7212,Deepak R,2026-10-08,Initiated via pharmacist-controlled dispatch. External SMS/WhatsApp opened.,pharmaflow-main,SYNTHETIC_OPERATIONAL_RECORD
PSC-0209,CUST-0059,Rajesh Sharma,+91 9775802771,RECALL_SAFETY_ALERT,Thyroxine Sodium 50mcg (Thyronorm 50) (Formula 209),THY308,10 Mar 2027,This is a pharmacy safety notification regarding a medicine you previously received. Please contact your pharmacist regarding this batch. Do not use the medicine until you receive appropriate guidance.,SMS,SMS_COMPOSER_OPENED,PHARM-KA-2022-7212,Deepak R,2026-10-08,Initiated via pharmacist-controlled dispatch. External SMS/WhatsApp opened.,pharmaflow-main,SYNTHETIC_OPERATIONAL_RECORD
PSC-0210,CUST-0060,Nandini Rao,+91 9726937148,EXPIRY_SAFETY_ADVISORY,Clopidogrel 75mg (Clopilet 75) (Formula 210),CLO309,09 Sep 2027,"PharmaFlow Safety Advisory: Dear Nandini Rao, your Clopidogrel 75mg (Clopilet 75) (Formula 210) is nearing expiry. Dispensed: 08 Oct 2026. Expiry: 09 Sep 2027. Please check before use and contact your pharmacist if needed. Thank you for reading. Take care! – PharmaFlow Apex",SMS,SMS_COMPOSER_OPENED,PHARM-KA-2022-7212,Deepak R,2026-10-08,Initiated via pharmacist-controlled dispatch. External SMS/WhatsApp opened.,pharmaflow-main,SYNTHETIC_OPERATIONAL_RECORD
PSC-0211,CUST-0061,Rahul Menon,+91 8023311507,EXPIRY_SAFETY_ADVISORY,Paracetamol 500mg (Formula 211),PAR310,28 Mar 2027,"PharmaFlow Safety Advisory: Dear Rahul Menon, your Paracetamol 500mg (Formula 211) is nearing expiry. Dispensed: 08 Oct 2026. Expiry: 28 Mar 2027. Please check before use and contact your pharmacist if needed. Thank you for reading. Take care! – PharmaFlow Apex",WHATSAPP,COMMUNICATION_INITIATED,PHARM-KA-2022-7212,Deepak R,2026-10-08,Initiated via pharmacist-controlled dispatch. External SMS/WhatsApp opened.,pharmaflow-main,SYNTHETIC_OPERATIONAL_RECORD
PSC-0212,CUST-0062,Priya Verma,+91 9965541117,EXPIRY_SAFETY_ADVISORY,Paracetamol 650mg (Dolo 650) (Formula 212),PAR311,19 Feb 2028,"PharmaFlow Safety Advisory: Dear Priya Verma, your Paracetamol 650mg (Dolo 650) (Formula 212) is nearing expiry. Dispensed: 08 Oct 2026. Expiry: 19 Feb 2028. Please check before use and contact your pharmacist if needed. Thank you for reading. Take care! – PharmaFlow Apex",WHATSAPP,RESOLVED,PHARM-KA-2022-7212,Deepak R,2026-10-08,Initiated via pharmacist-controlled dispatch. External SMS/WhatsApp opened.,pharmaflow-main,SYNTHETIC_OPERATIONAL_RECORD
PSC-0213,CUST-0063,Arun Hegde,+91 9099269266,RECALL_SAFETY_ALERT,Vitamin D3 60K (Calcirol) (Formula 213),VIT312,29 Jan 2027,This is a pharmacy safety notification regarding a medicine you previously received. Please contact your pharmacist regarding this batch. Do not use the medicine until you receive appropriate guidance.,SMS,COMMUNICATION_INITIATED,PHARM-KA-2022-7212,Deepak R,2026-10-08,Initiated via pharmacist-controlled dispatch. External SMS/WhatsApp opened.,pharmaflow-main,SYNTHETIC_OPERATIONAL_RECORD
PSC-0214,CUST-0064,Kavya Gupta,+91 9722513132,EXPIRY_SAFETY_ADVISORY,Amoxicillin 500mg (Novamox) (Formula 214),AMO313,08 May 2027,"PharmaFlow Safety Advisory: Dear Kavya Gupta, your Amoxicillin 500mg (Novamox) (Formula 214) is nearing expiry. Dispensed: 08 Oct 2026. Expiry: 08 May 2027. Please check before use and contact your pharmacist if needed. Thank you for reading. Take care! – PharmaFlow Apex",SMS,RESOLVED,PHARM-KA-2022-7212,Deepak R,2026-10-08,Initiated via pharmacist-controlled dispatch. External SMS/WhatsApp opened.,pharmaflow-main,SYNTHETIC_OPERATIONAL_RECORD
PSC-0215,CUST-0065,Meena Joshi,+91 9099927658,EXPIRY_SAFETY_ADVISORY,Amoxicillin + Clavulanic Acid 625mg (Augmentin) (Formula 215),AMO314,12 Nov 2026,"PharmaFlow Safety Advisory: Dear Meena Joshi, your Amoxicillin + Clavulanic Acid 625mg (Augmentin) (Formula 215) is nearing expiry. Dispensed: 08 Oct 2026. Expiry: 12 Nov 2026. Please check before use and contact your pharmacist if needed. Thank you for reading. Take care! – PharmaFlow Apex",WHATSAPP,COMMUNICATION_INITIATED,PHARM-KA-2022-7212,Deepak R,2026-10-08,Initiated via pharmacist-controlled dispatch. External SMS/WhatsApp opened.,pharmaflow-main,SYNTHETIC_OPERATIONAL_RECORD
PSC-0216,CUST-0066,Deepak Nair,+91 9657197152,EXPIRY_SAFETY_ADVISORY,Cetirizine 10mg (Cetzine) (Formula 216),CET315,29 Apr 2027,"PharmaFlow Safety Advisory: Dear Deepak Nair, your Cetirizine 10mg (Cetzine) (Formula 216) is nearing expiry. Dispensed: 08 Oct 2026. Expiry: 29 Apr 2027. Please check before use and contact your pharmacist if needed. Thank you for reading. Take care! – PharmaFlow Apex",SMS,SMS_COMPOSER_OPENED,PHARM-KA-2022-7212,Deepak R,2026-10-08,Initiated via pharmacist-controlled dispatch. External SMS/WhatsApp opened.,pharmaflow-main,SYNTHETIC_OPERATIONAL_RECORD
PSC-0217,CUST-0067,Manish Patel,+91 9084660688,RECALL_SAFETY_ALERT,Levocetirizine 5mg (Levocet) (Formula 217),LEV316,23 Mar 2028,This is a pharmacy safety notification regarding a medicine you previously received. Please contact your pharmacist regarding this batch. Do not use the medicine until you receive appropriate guidance.,SMS,RESOLVED,PHARM-KA-2022-7212,Deepak R,2026-10-08,Initiated via pharmacist-controlled dispatch. External SMS/WhatsApp opened.,pharmaflow-main,SYNTHETIC_OPERATIONAL_RECORD
PSC-0218,CUST-0068,Deeps Sundaram,+91 9891737913,EXPIRY_SAFETY_ADVISORY,Azithromycin 250mg (Azee 250) (Formula 218),AZI317,21 Jan 2028,"PharmaFlow Safety Advisory: Dear Deeps Sundaram, your Azithromycin 250mg (Azee 250) (Formula 218) is nearing expiry. Dispensed: 08 Oct 2026. Expiry: 21 Jan 2028. Please check before use and contact your pharmacist if needed. Thank you for reading. Take care! – PharmaFlow Apex",SMS,COMMUNICATION_INITIATED,PHARM-KA-2022-7212,Deepak R,2026-10-08,Initiated via pharmacist-controlled dispatch. External SMS/WhatsApp opened.,pharmaflow-main,SYNTHETIC_OPERATIONAL_RECORD
PSC-0219,CUST-0069,Suresh Pillai,+91 9655610493,EXPIRY_SAFETY_ADVISORY,Azithromycin 500mg (Azithral 500) (Formula 219),AZI318,05 Dec 2027,"PharmaFlow Safety Advisory: Dear Suresh Pillai, your Azithromycin 500mg (Azithral 500) (Formula 219) is nearing expiry. Dispensed: 08 Oct 2026. Expiry: 05 Dec 2027. Please check before use and contact your pharmacist if needed. Thank you for reading. Take care! – PharmaFlow Apex",SMS,RESOLVED,PHARM-KA-2022-7212,Deepak R,2026-10-08,Initiated via pharmacist-controlled dispatch. External SMS/WhatsApp opened.,pharmaflow-main,SYNTHETIC_OPERATIONAL_RECORD
PSC-0220,CUST-0070,Lakshmi Bhat,+91 9822315507,EXPIRY_SAFETY_ADVISORY,Metformin 500mg (Glycomet 500) (Formula 220),MET319,31 May 2027,"PharmaFlow Safety Advisory: Dear Lakshmi Bhat, your Metformin 500mg (Glycomet 500) (Formula 220) is nearing expiry. Dispensed: 08 Oct 2026. Expiry: 31 May 2027. Please check before use and contact your pharmacist if needed. Thank you for reading. Take care! – PharmaFlow Apex",WHATSAPP,WHATSAPP_OPENED,PHARM-KA-2022-7212,Deepak R,2026-10-08,Initiated via pharmacist-controlled dispatch. External SMS/WhatsApp opened.,pharmaflow-main,SYNTHETIC_OPERATIONAL_RECORD
PSC-0221,CUST-0071,Vignesh Murthy,+91 9459667685,RECALL_SAFETY_ALERT,Metformin 1000mg SR (Glucophage) (Formula 221),MET320,04 May 2028,This is a pharmacy safety notification regarding a medicine you previously received. Please contact your pharmacist regarding this batch. Do not use the medicine until you receive appropriate guidance.,SMS,WHATSAPP_OPENED,PHARM-KA-2022-7212,Deepak R,2026-10-08,Initiated via pharmacist-controlled dispatch. External SMS/WhatsApp opened.,pharmaflow-main,SYNTHETIC_OPERATIONAL_RECORD
PSC-0222,CUST-0072,Anitha Kumar,+91 9492924837,EXPIRY_SAFETY_ADVISORY,Pantoprazole 40mg (Pan 40) (Formula 222),PAN321,20 Jul 2027,"PharmaFlow Safety Advisory: Dear Anitha Kumar, your Pantoprazole 40mg (Pan 40) (Formula 222) is nearing expiry. Dispensed: 08 Oct 2026. Expiry: 20 Jul 2027. Please check before use and contact your pharmacist if needed. Thank you for reading. Take care! – PharmaFlow Apex",WHATSAPP,WHATSAPP_OPENED,PHARM-KA-2022-7212,Deepak R,2026-10-08,Initiated via pharmacist-controlled dispatch. External SMS/WhatsApp opened.,pharmaflow-main,SYNTHETIC_OPERATIONAL_RECORD
PSC-0223,CUST-0073,Ramesh Iyer,+91 7065590800,EXPIRY_SAFETY_ADVISORY,Pantoprazole + Domperidone (Pan-D) (Formula 223),PAN322,23 Sep 2027,"PharmaFlow Safety Advisory: Dear Ramesh Iyer, your Pantoprazole + Domperidone (Pan-D) (Formula 223) is nearing expiry. Dispensed: 08 Oct 2026. Expiry: 23 Sep 2027. Please check before use and contact your pharmacist if needed. Thank you for reading. Take care! – PharmaFlow Apex",WHATSAPP,WHATSAPP_OPENED,PHARM-KA-2022-7212,Deepak R,2026-10-08,Initiated via pharmacist-controlled dispatch. External SMS/WhatsApp opened.,pharmaflow-main,SYNTHETIC_OPERATIONAL_RECORD
PSC-0224,CUST-0074,Sangeetha Reddy,+91 7080723898,EXPIRY_SAFETY_ADVISORY,Omeprazole 20mg (Omez) (Formula 224),OME323,06 Apr 2028,"PharmaFlow Safety Advisory: Dear Sangeetha Reddy, your Omeprazole 20mg (Omez) (Formula 224) is nearing expiry. Dispensed: 08 Oct 2026. Expiry: 06 Apr 2028. Please check before use and contact your pharmacist if needed. Thank you for reading. Take care! – PharmaFlow Apex",SMS,READY,PHARM-KA-2022-7212,Deepak R,2026-10-08,Initiated via pharmacist-controlled dispatch. External SMS/WhatsApp opened.,pharmaflow-main,SYNTHETIC_OPERATIONAL_RECORD
PSC-0225,CUST-0075,Vijay Gowda,+91 9837437207,RECALL_SAFETY_ALERT,Telmisartan 40mg (Telma 40) (Formula 225),TEL324,13 Jan 2027,This is a pharmacy safety notification regarding a medicine you previously received. Please contact your pharmacist regarding this batch. Do not use the medicine until you receive appropriate guidance.,SMS,READY,PHARM-KA-2022-7212,Deepak R,2026-10-08,Initiated via pharmacist-controlled dispatch. External SMS/WhatsApp opened.,pharmaflow-main,SYNTHETIC_OPERATIONAL_RECORD
PSC-0226,CUST-0076,Sandhya Desai,+91 9876757928,EXPIRY_SAFETY_ADVISORY,Telmisartan + Amlodipine (Telma-AM) (Formula 226),TEL325,17 Feb 2028,"PharmaFlow Safety Advisory: Dear Sandhya Desai, your Telmisartan + Amlodipine (Telma-AM) (Formula 226) is nearing expiry. Dispensed: 08 Oct 2026. Expiry: 17 Feb 2028. Please check before use and contact your pharmacist if needed. Thank you for reading. Take care! – PharmaFlow Apex",SMS,SMS_COMPOSER_OPENED,PHARM-KA-2022-7212,Deepak R,2026-10-08,Initiated via pharmacist-controlled dispatch. External SMS/WhatsApp opened.,pharmaflow-main,SYNTHETIC_OPERATIONAL_RECORD
PSC-0227,CUST-0077,Prashanth Shenoy,+91 9977144075,EXPIRY_SAFETY_ADVISORY,Atorvastatin 10mg (Atorva 10) (Formula 227),ATO326,19 Oct 2027,"PharmaFlow Safety Advisory: Dear Prashanth Shenoy, your Atorvastatin 10mg (Atorva 10) (Formula 227) is nearing expiry. Dispensed: 08 Oct 2026. Expiry: 19 Oct 2027. Please check before use and contact your pharmacist if needed. Thank you for reading. Take care! – PharmaFlow Apex",WHATSAPP,SMS_COMPOSER_OPENED,PHARM-KA-2022-7212,Deepak R,2026-10-08,Initiated via pharmacist-controlled dispatch. External SMS/WhatsApp opened.,pharmaflow-main,SYNTHETIC_OPERATIONAL_RECORD
PSC-0228,CUST-0078,Swetha Krishnan,+91 9871707170,EXPIRY_SAFETY_ADVISORY,Rosuvastatin 10mg (Rosuvas 10) (Formula 228),ROS327,24 Oct 2027,"PharmaFlow Safety Advisory: Dear Swetha Krishnan, your Rosuvastatin 10mg (Rosuvas 10) (Formula 228) is nearing expiry. Dispensed: 08 Oct 2026. Expiry: 24 Oct 2027. Please check before use and contact your pharmacist if needed. Thank you for reading. Take care! – PharmaFlow Apex",WHATSAPP,RESOLVED,PHARM-KA-2022-7212,Deepak R,2026-10-08,Initiated via pharmacist-controlled dispatch. External SMS/WhatsApp opened.,pharmaflow-main,SYNTHETIC_OPERATIONAL_RECORD
PSC-0229,CUST-0079,Rajesh Sharma,+91 8048858073,RECALL_SAFETY_ALERT,Ciprofloxacin 500mg (Ciplox 500) (Formula 229),CIP328,25 Apr 2027,This is a pharmacy safety notification regarding a medicine you previously received. Please contact your pharmacist regarding this batch. Do not use the medicine until you receive appropriate guidance.,WHATSAPP,COMMUNICATION_INITIATED,PHARM-KA-2022-7212,Deepak R,2026-10-08,Initiated via pharmacist-controlled dispatch. External SMS/WhatsApp opened.,pharmaflow-main,SYNTHETIC_OPERATIONAL_RECORD
PSC-0230,CUST-0080,Nandini Rao,+91 9021828592,EXPIRY_SAFETY_ADVISORY,Ofloxacin + Ornidazole (O2) (Formula 230),OFL329,25 Jun 2027,"PharmaFlow Safety Advisory: Dear Nandini Rao, your Ofloxacin + Ornidazole (O2) (Formula 230) is nearing expiry. Dispensed: 08 Oct 2026. Expiry: 25 Jun 2027. Please check before use and contact your pharmacist if needed. Thank you for reading. Take care! – PharmaFlow Apex",SMS,RESOLVED,PHARM-KA-2022-7212,Deepak R,2026-10-08,Initiated via pharmacist-controlled dispatch. External SMS/WhatsApp opened.,pharmaflow-main,SYNTHETIC_OPERATIONAL_RECORD
PSC-0231,CUST-0081,Rahul Menon,+91 8051644346,EXPIRY_SAFETY_ADVISORY,Montelukast + Levocetirizine (Montair-LC) (Formula 231),MON330,07 Apr 2028,"PharmaFlow Safety Advisory: Dear Rahul Menon, your Montelukast + Levocetirizine (Montair-LC) (Formula 231) is nearing expiry. Dispensed: 08 Oct 2026. Expiry: 07 Apr 2028. Please check before use and contact your pharmacist if needed. Thank you for reading. Take care! – PharmaFlow Apex",SMS,SMS_COMPOSER_OPENED,PHARM-KA-2022-7212,Deepak R,2026-10-08,Initiated via pharmacist-controlled dispatch. External SMS/WhatsApp opened.,pharmaflow-main,SYNTHETIC_OPERATIONAL_RECORD
PSC-0232,CUST-0082,Priya Verma,+91 9781216573,EXPIRY_SAFETY_ADVISORY,Ibuprofen 400mg (Brufen 400) (Formula 232),IBU331,16 Dec 2026,"PharmaFlow Safety Advisory: Dear Priya Verma, your Ibuprofen 400mg (Brufen 400) (Formula 232) is nearing expiry. Dispensed: 08 Oct 2026. Expiry: 16 Dec 2026. Please check before use and contact your pharmacist if needed. Thank you for reading. Take care! – PharmaFlow Apex",SMS,COMMUNICATION_INITIATED,PHARM-KA-2022-7212,Deepak R,2026-10-08,Initiated via pharmacist-controlled dispatch. External SMS/WhatsApp opened.,pharmaflow-main,SYNTHETIC_OPERATIONAL_RECORD
PSC-0233,CUST-0083,Arun Hegde,+91 9444355473,RECALL_SAFETY_ALERT,Aceclofenac + Paracetamol (Zerodol-P) (Formula 233),ACE332,08 May 2028,This is a pharmacy safety notification regarding a medicine you previously received. Please contact your pharmacist regarding this batch. Do not use the medicine until you receive appropriate guidance.,SMS,COMMUNICATION_INITIATED,PHARM-KA-2022-7212,Deepak R,2026-10-08,Initiated via pharmacist-controlled dispatch. External SMS/WhatsApp opened.,pharmaflow-main,SYNTHETIC_OPERATIONAL_RECORD
PSC-0234,CUST-0084,Kavya Gupta,+91 7072270726,EXPIRY_SAFETY_ADVISORY,Vildagliptin + Metformin (Galvus Met) (Formula 234),VIL333,27 Dec 2026,"PharmaFlow Safety Advisory: Dear Kavya Gupta, your Vildagliptin + Metformin (Galvus Met) (Formula 234) is nearing expiry. Dispensed: 08 Oct 2026. Expiry: 27 Dec 2026. Please check before use and contact your pharmacist if needed. Thank you for reading. Take care! – PharmaFlow Apex",SMS,SMS_COMPOSER_OPENED,PHARM-KA-2022-7212,Deepak R,2026-10-08,Initiated via pharmacist-controlled dispatch. External SMS/WhatsApp opened.,pharmaflow-main,SYNTHETIC_OPERATIONAL_RECORD
PSC-0235,CUST-0085,Meena Joshi,+91 7019165226,EXPIRY_SAFETY_ADVISORY,Rabeprazole 20mg (Razo 20) (Formula 235),RAB334,27 Dec 2026,"PharmaFlow Safety Advisory: Dear Meena Joshi, your Rabeprazole 20mg (Razo 20) (Formula 235) is nearing expiry. Dispensed: 08 Oct 2026. Expiry: 27 Dec 2026. Please check before use and contact your pharmacist if needed. Thank you for reading. Take care! – PharmaFlow Apex",SMS,READY,PHARM-KA-2022-7212,Deepak R,2026-10-08,Initiated via pharmacist-controlled dispatch. External SMS/WhatsApp opened.,pharmaflow-main,SYNTHETIC_OPERATIONAL_RECORD
PSC-0236,CUST-0086,Deepak Nair,+91 9751662236,EXPIRY_SAFETY_ADVISORY,Cough Syrup (Ascoril-D) (Formula 236),COU335,05 Feb 2028,"PharmaFlow Safety Advisory: Dear Deepak Nair, your Cough Syrup (Ascoril-D) (Formula 236) is nearing expiry. Dispensed: 08 Oct 2026. Expiry: 05 Feb 2028. Please check before use and contact your pharmacist if needed. Thank you for reading. Take care! – PharmaFlow Apex",SMS,COMMUNICATION_INITIATED,PHARM-KA-2022-7212,Deepak R,2026-10-08,Initiated via pharmacist-controlled dispatch. External SMS/WhatsApp opened.,pharmaflow-main,SYNTHETIC_OPERATIONAL_RECORD
PSC-0237,CUST-0087,Manish Patel,+91 9792545028,RECALL_SAFETY_ALERT,Oral Rehydration Salts (Electral ORS) (Formula 237),ORA336,24 Jul 2027,This is a pharmacy safety notification regarding a medicine you previously received. Please contact your pharmacist regarding this batch. Do not use the medicine until you receive appropriate guidance.,SMS,READY,PHARM-KA-2022-7212,Deepak R,2026-10-08,Initiated via pharmacist-controlled dispatch. External SMS/WhatsApp opened.,pharmaflow-main,SYNTHETIC_OPERATIONAL_RECORD
PSC-0238,CUST-0088,Deeps Sundaram,+91 9953154591,EXPIRY_SAFETY_ADVISORY,Multivitamin + Zinc (Becadexamin) (Formula 238),MUL337,06 Jun 2027,"PharmaFlow Safety Advisory: Dear Deeps Sundaram, your Multivitamin + Zinc (Becadexamin) (Formula 238) is nearing expiry. Dispensed: 08 Oct 2026. Expiry: 06 Jun 2027. Please check before use and contact your pharmacist if needed. Thank you for reading. Take care! – PharmaFlow Apex",WHATSAPP,SMS_COMPOSER_OPENED,PHARM-KA-2022-7212,Deepak R,2026-10-08,Initiated via pharmacist-controlled dispatch. External SMS/WhatsApp opened.,pharmaflow-main,SYNTHETIC_OPERATIONAL_RECORD
PSC-0239,CUST-0089,Suresh Pillai,+91 9777719420,EXPIRY_SAFETY_ADVISORY,Thyroxine Sodium 50mcg (Thyronorm 50) (Formula 239),THY338,17 Nov 2026,"PharmaFlow Safety Advisory: Dear Suresh Pillai, your Thyroxine Sodium 50mcg (Thyronorm 50) (Formula 239) is nearing expiry. Dispensed: 08 Oct 2026. Expiry: 17 Nov 2026. Please check before use and contact your pharmacist if needed. Thank you for reading. Take care! – PharmaFlow Apex",SMS,WHATSAPP_OPENED,PHARM-KA-2022-7212,Deepak R,2026-10-08,Initiated via pharmacist-controlled dispatch. External SMS/WhatsApp opened.,pharmaflow-main,SYNTHETIC_OPERATIONAL_RECORD
PSC-0240,CUST-0090,Lakshmi Bhat,+91 9458841557,EXPIRY_SAFETY_ADVISORY,Clopidogrel 75mg (Clopilet 75) (Formula 240),CLO339,19 Feb 2027,"PharmaFlow Safety Advisory: Dear Lakshmi Bhat, your Clopidogrel 75mg (Clopilet 75) (Formula 240) is nearing expiry. Dispensed: 08 Oct 2026. Expiry: 19 Feb 2027. Please check before use and contact your pharmacist if needed. Thank you for reading. Take care! – PharmaFlow Apex",SMS,RESOLVED,PHARM-KA-2022-7212,Deepak R,2026-10-08,Initiated via pharmacist-controlled dispatch. External SMS/WhatsApp opened.,pharmaflow-main,SYNTHETIC_OPERATIONAL_RECORD
PSC-0241,CUST-0091,Vignesh Murthy,+91 9018846539,RECALL_SAFETY_ALERT,Paracetamol 500mg (Formula 241),PAR340,28 Mar 2027,This is a pharmacy safety notification regarding a medicine you previously received. Please contact your pharmacist regarding this batch. Do not use the medicine until you receive appropriate guidance.,SMS,SMS_COMPOSER_OPENED,PHARM-KA-2022-7212,Deepak R,2026-10-08,Initiated via pharmacist-controlled dispatch. External SMS/WhatsApp opened.,pharmaflow-main,SYNTHETIC_OPERATIONAL_RECORD
PSC-0242,CUST-0092,Anitha Kumar,+91 9020939011,EXPIRY_SAFETY_ADVISORY,Paracetamol 650mg (Dolo 650) (Formula 242),PAR341,23 Feb 2027,"PharmaFlow Safety Advisory: Dear Anitha Kumar, your Paracetamol 650mg (Dolo 650) (Formula 242) is nearing expiry. Dispensed: 08 Oct 2026. Expiry: 23 Feb 2027. Please check before use and contact your pharmacist if needed. Thank you for reading. Take care! – PharmaFlow Apex",SMS,READY,PHARM-KA-2022-7212,Deepak R,2026-10-08,Initiated via pharmacist-controlled dispatch. External SMS/WhatsApp opened.,pharmaflow-main,SYNTHETIC_OPERATIONAL_RECORD
PSC-0243,CUST-0093,Ramesh Iyer,+91 9751551377,EXPIRY_SAFETY_ADVISORY,Vitamin D3 60K (Calcirol) (Formula 243),VIT342,08 Mar 2027,"PharmaFlow Safety Advisory: Dear Ramesh Iyer, your Vitamin D3 60K (Calcirol) (Formula 243) is nearing expiry. Dispensed: 08 Oct 2026. Expiry: 08 Mar 2027. Please check before use and contact your pharmacist if needed. Thank you for reading. Take care! – PharmaFlow Apex",SMS,COMMUNICATION_INITIATED,PHARM-KA-2022-7212,Deepak R,2026-10-08,Initiated via pharmacist-controlled dispatch. External SMS/WhatsApp opened.,pharmaflow-main,SYNTHETIC_OPERATIONAL_RECORD
PSC-0244,CUST-0094,Sangeetha Reddy,+91 9012446861,EXPIRY_SAFETY_ADVISORY,Amoxicillin 500mg (Novamox) (Formula 244),AMO343,31 Mar 2028,"PharmaFlow Safety Advisory: Dear Sangeetha Reddy, your Amoxicillin 500mg (Novamox) (Formula 244) is nearing expiry. Dispensed: 08 Oct 2026. Expiry: 31 Mar 2028. Please check before use and contact your pharmacist if needed. Thank you for reading. Take care! – PharmaFlow Apex",SMS,READY,PHARM-KA-2022-7212,Deepak R,2026-10-08,Initiated via pharmacist-controlled dispatch. External SMS/WhatsApp opened.,pharmaflow-main,SYNTHETIC_OPERATIONAL_RECORD
PSC-0245,CUST-0095,Vijay Gowda,+91 9928463709,RECALL_SAFETY_ALERT,Amoxicillin + Clavulanic Acid 625mg (Augmentin) (Formula 245),AMO344,04 Aug 2027,This is a pharmacy safety notification regarding a medicine you previously received. Please contact your pharmacist regarding this batch. Do not use the medicine until you receive appropriate guidance.,SMS,SMS_COMPOSER_OPENED,PHARM-KA-2022-7212,Deepak R,2026-10-08,Initiated via pharmacist-controlled dispatch. External SMS/WhatsApp opened.,pharmaflow-main,SYNTHETIC_OPERATIONAL_RECORD
PSC-0246,CUST-0096,Sandhya Desai,+91 9490161060,EXPIRY_SAFETY_ADVISORY,Cetirizine 10mg (Cetzine) (Formula 246),CET345,01 Jan 2028,"PharmaFlow Safety Advisory: Dear Sandhya Desai, your Cetirizine 10mg (Cetzine) (Formula 246) is nearing expiry. Dispensed: 08 Oct 2026. Expiry: 01 Jan 2028. Please check before use and contact your pharmacist if needed. Thank you for reading. Take care! – PharmaFlow Apex",SMS,READY,PHARM-KA-2022-7212,Deepak R,2026-10-08,Initiated via pharmacist-controlled dispatch. External SMS/WhatsApp opened.,pharmaflow-main,SYNTHETIC_OPERATIONAL_RECORD
PSC-0247,CUST-0097,Prashanth Shenoy,+91 8058895439,EXPIRY_SAFETY_ADVISORY,Levocetirizine 5mg (Levocet) (Formula 247),LEV346,22 May 2028,"PharmaFlow Safety Advisory: Dear Prashanth Shenoy, your Levocetirizine 5mg (Levocet) (Formula 247) is nearing expiry. Dispensed: 08 Oct 2026. Expiry: 22 May 2028. Please check before use and contact your pharmacist if needed. Thank you for reading. Take care! – PharmaFlow Apex",SMS,COMMUNICATION_INITIATED,PHARM-KA-2022-7212,Deepak R,2026-10-08,Initiated via pharmacist-controlled dispatch. External SMS/WhatsApp opened.,pharmaflow-main,SYNTHETIC_OPERATIONAL_RECORD
PSC-0248,CUST-0098,Swetha Krishnan,+91 9951536077,EXPIRY_SAFETY_ADVISORY,Azithromycin 250mg (Azee 250) (Formula 248),AZI347,12 Oct 2027,"PharmaFlow Safety Advisory: Dear Swetha Krishnan, your Azithromycin 250mg (Azee 250) (Formula 248) is nearing expiry. Dispensed: 08 Oct 2026. Expiry: 12 Oct 2027. Please check before use and contact your pharmacist if needed. Thank you for reading. Take care! – PharmaFlow Apex",WHATSAPP,READY,PHARM-KA-2022-7212,Deepak R,2026-10-08,Initiated via pharmacist-controlled dispatch. External SMS/WhatsApp opened.,pharmaflow-main,SYNTHETIC_OPERATIONAL_RECORD
PSC-0249,CUST-0099,Rajesh Sharma,+91 8077498993,RECALL_SAFETY_ALERT,Azithromycin 500mg (Azithral 500) (Formula 249),AZI348,07 Feb 2027,This is a pharmacy safety notification regarding a medicine you previously received. Please contact your pharmacist regarding this batch. Do not use the medicine until you receive appropriate guidance.,SMS,COMMUNICATION_INITIATED,PHARM-KA-2022-7212,Deepak R,2026-10-08,Initiated via pharmacist-controlled dispatch. External SMS/WhatsApp opened.,pharmaflow-main,SYNTHETIC_OPERATIONAL_RECORD
PSC-0250,CUST-0100,Nandini Rao,+91 7059823245,EXPIRY_SAFETY_ADVISORY,Metformin 500mg (Glycomet 500) (Formula 250),MET349,27 Mar 2028,"PharmaFlow Safety Advisory: Dear Nandini Rao, your Metformin 500mg (Glycomet 500) (Formula 250) is nearing expiry. Dispensed: 08 Oct 2026. Expiry: 27 Mar 2028. Please check before use and contact your pharmacist if needed. Thank you for reading. Take care! – PharmaFlow Apex",WHATSAPP,RESOLVED,PHARM-KA-2022-7212,Deepak R,2026-10-08,Initiated via pharmacist-controlled dispatch. External SMS/WhatsApp opened.,pharmaflow-main,SYNTHETIC_OPERATIONAL_RECORD
