movementId,medicineId,medicineName,batchNumber,movementType,quantity,unitCost,totalValue,referenceType,referenceId,timestamp,performedByPharmacistId,workspaceId,provenance
MOV-000001,MED-0001,Paracetamol 500mg,PCT101,DISPENSED,-15,25.0,375.0,CUSTOMER_DISPENSING,DISP-00001,2026-04-19T02:00:00Z,PHARM-KA-2022-7212,pharmaflow-main,SYNTHETIC_OPERATIONAL_RECORD
MOV-000002,MED-0002,Paracetamol 650mg (Dolo 650),VD102,DISPENSED,-20,34.5,690.0,CUSTOMER_DISPENSING,DISP-00002,2026-06-29T22:00:00Z,PHARM-HIST-0001,pharmaflow-main,SYNTHETIC_OPERATIONAL_RECORD
MOV-000003,MED-0003,Vitamin D3 60K (Calcirol),AMX204,DISPENSED,-20,70.0,1400.0,CUSTOMER_DISPENSING,DISP-00003,2026-06-28T04:00:00Z,PHARM-KA-2022-7212,pharmaflow-main,SYNTHETIC_OPERATIONAL_RECORD
MOV-000004,MED-0004,Amoxicillin 500mg (Novamox),CTZ302,DISPENSED,-5,102.5,512.5,CUSTOMER_DISPENSING,DISP-00004,2026-07-31T21:00:00Z,PHARM-HIST-0001,pharmaflow-main,SYNTHETIC_OPERATIONAL_RECORD
MOV-000005,MED-0005,Amoxicillin + Clavulanic Acid 625mg (Augmentin),DEMO-EXP-001,DISPENSED,-10,175.0,1750.0,CUSTOMER_DISPENSING,DISP-00005,2026-07-13T16:00:00Z,PHARM-KA-2022-7212,pharmaflow-main,SYNTHETIC_OPERATIONAL_RECORD
MOV-000006,MED-0006,Cetirizine 10mg (Cetzine),DEMO-EXP-002,DISPENSED,-5,47.5,237.5,CUSTOMER_DISPENSING,DISP-00006,2026-07-21T22:00:00Z,PHARM-HIST-0001,pharmaflow-main,SYNTHETIC_OPERATIONAL_RECORD
MOV-000007,MED-0007,Levocetirizine 5mg (Levocet),LEV106,DISPENSED,-20,63.0,1260.0,CUSTOMER_DISPENSING,DISP-00007,2026-08-12T18:00:00Z,PHARM-KA-2022-7212,pharmaflow-main,SYNTHETIC_OPERATIONAL_RECORD
MOV-000008,MED-0008,Azithromycin 250mg (Azee 250),AZI107,DISPENSED,-10,120.0,1200.0,CUSTOMER_DISPENSING,DISP-00008,2026-05-24T06:00:00Z,PHARM-HIST-0001,pharmaflow-main,SYNTHETIC_OPERATIONAL_RECORD
MOV-000009,MED-0009,Azithromycin 500mg (Azithral 500),AZI108,DISPENSED,-5,177.5,887.5,CUSTOMER_DISPENSING,DISP-00009,2026-05-03T17:00:00Z,PHARM-KA-2022-7212,pharmaflow-main,SYNTHETIC_OPERATIONAL_RECORD
MOV-000010,MED-0010,Metformin 500mg (Glycomet 500),MET109,DISPENSED,-15,50.0,750.0,CUSTOMER_DISPENSING,DISP-00010,2026-09-04T17:00:00Z,PHARM-HIST-0001,pharmaflow-main,SYNTHETIC_OPERATIONAL_RECORD
MOV-000011,MED-0011,Metformin 1000mg SR (Glucophage),MET110,DISPENSED,-5,75.5,377.5,CUSTOMER_DISPENSING,DISP-00011,2026-10-03T00:00:00Z,PHARM-KA-2022-7212,pharmaflow-main,SYNTHETIC_OPERATIONAL_RECORD
MOV-000012,MED-0012,Pantoprazole 40mg (Pan 40),PAN111,DISPENSED,-5,95.0,475.0,CUSTOMER_DISPENSING,DISP-00012,2026-04-11T02:00:00Z,PHARM-HIST-0001,pharmaflow-main,SYNTHETIC_OPERATIONAL_RECORD
MOV-000013,MED-0013,Pantoprazole + Domperidone (Pan-D),PAN112,DISPENSED,-15,157.5,2362.5,CUSTOMER_DISPENSING,DISP-00013,2026-05-20T10:00:00Z,PHARM-KA-2022-7212,pharmaflow-main,SYNTHETIC_OPERATIONAL_RECORD
MOV-000014,MED-0014,Omeprazole 20mg (Omez),OME113,DISPENSED,-5,77.0,385.0,CUSTOMER_DISPENSING,DISP-00014,2026-05-29T06:00:00Z,PHARM-HIST-0001,pharmaflow-main,SYNTHETIC_OPERATIONAL_RECORD
MOV-000015,MED-0015,Telmisartan 40mg (Telma 40),TEL114,DISPENSED,-15,98.0,1470.0,CUSTOMER_DISPENSING,DISP-00015,2026-05-24T06:00:00Z,PHARM-KA-2022-7212,pharmaflow-main,SYNTHETIC_OPERATIONAL_RECORD
MOV-000016,MED-0016,Telmisartan + Amlodipine (Telma-AM),TEL115,DISPENSED,-10,142.5,1425.0,CUSTOMER_DISPENSING,DISP-00016,2026-05-24T00:00:00Z,PHARM-HIST-0001,pharmaflow-main,SYNTHETIC_OPERATIONAL_RECORD
MOV-000017,MED-0017,Atorvastatin 10mg (Atorva 10),ATO116,DISPENSED,-10,115.0,1150.0,CUSTOMER_DISPENSING,DISP-00017,2026-07-26T07:00:00Z,PHARM-KA-2022-7212,pharmaflow-main,SYNTHETIC_OPERATIONAL_RECORD
MOV-000018,MED-0018,Rosuvastatin 10mg (Rosuvas 10),ROS117,DISPENSED,-15,142.5,2137.5,CUSTOMER_DISPENSING,DISP-00018,2026-07-15T23:00:00Z,PHARM-HIST-0001,pharmaflow-main,SYNTHETIC_OPERATIONAL_RECORD
MOV-000019,MED-0019,Ciprofloxacin 500mg (Ciplox 500),CIP118,DISPENSED,-10,82.0,820.0,CUSTOMER_DISPENSING,DISP-00019,2026-05-19T13:00:00Z,PHARM-KA-2022-7212,pharmaflow-main,SYNTHETIC_OPERATIONAL_RECORD
MOV-000020,MED-0020,Ofloxacin + Ornidazole (O2),OFL119,DISPENSED,-10,127.5,1275.0,CUSTOMER_DISPENSING,DISP-00020,2026-10-05T11:00:00Z,PHARM-HIST-0001,pharmaflow-main,SYNTHETIC_OPERATIONAL_RECORD
MOV-000021,MED-0021,Montelukast + Levocetirizine (Montair-LC),MON120,DISPENSED,-5,173.0,865.0,CUSTOMER_DISPENSING,DISP-00021,2026-05-27T09:00:00Z,PHARM-KA-2022-7212,pharmaflow-main,SYNTHETIC_OPERATIONAL_RECORD
MOV-000022,MED-0022,Ibuprofen 400mg (Brufen 400),IBU121,DISPENSED,-20,28.0,560.0,CUSTOMER_DISPENSING,DISP-00022,2026-06-06T11:00:00Z,PHARM-HIST-0001,pharmaflow-main,SYNTHETIC_OPERATIONAL_RECORD
MOV-000023,MED-0023,Aceclofenac + Paracetamol (Zerodol-P),ACE122,DISPENSED,-10,77.5,775.0,CUSTOMER_DISPENSING,DISP-00023,2026-07-28T03:00:00Z,PHARM-KA-2022-7212,pharmaflow-main,SYNTHETIC_OPERATIONAL_RECORD
MOV-000024,MED-0024,Vildagliptin + Metformin (Galvus Met),VIL123,DISPENSED,-5,245.0,1225.0,CUSTOMER_DISPENSING,DISP-00024,2026-08-10T16:00:00Z,PHARM-HIST-0001,pharmaflow-main,SYNTHETIC_OPERATIONAL_RECORD
MOV-000025,MED-0025,Rabeprazole 20mg (Razo 20),RAB124,DISPENSED,-10,119.5,1195.0,CUSTOMER_DISPENSING,DISP-00025,2026-09-30T04:00:00Z,PHARM-KA-2022-7212,pharmaflow-main,SYNTHETIC_OPERATIONAL_RECORD
MOV-000026,MED-0026,Cough Syrup (Ascoril-D),COU125,DISPENSED,-5,98.0,490.0,CUSTOMER_DISPENSING,DISP-00026,2026-07-03T16:00:00Z,PHARM-HIST-0001,pharmaflow-main,SYNTHETIC_OPERATIONAL_RECORD
MOV-000027,MED-0027,Oral Rehydration Salts (Electral ORS),ORA126,DISPENSED,-20,30.5,610.0,CUSTOMER_DISPENSING,DISP-00027,2026-09-04T13:00:00Z,PHARM-KA-2022-7212,pharmaflow-main,SYNTHETIC_OPERATIONAL_RECORD
MOV-000028,MED-0028,Multivitamin + Zinc (Becadexamin),MUL127,DISPENSED,-15,57.0,855.0,CUSTOMER_DISPENSING,DISP-00028,2026-09-17T10:00:00Z,PHARM-HIST-0001,pharmaflow-main,SYNTHETIC_OPERATIONAL_RECORD
MOV-000029,MED-0029,Thyroxine Sodium 50mcg (Thyronorm 50),THY128,DISPENSED,-5,125.0,625.0,CUSTOMER_DISPENSING,DISP-00029,2026-05-31T13:00:00Z,PHARM-KA-2022-7212,pharmaflow-main,SYNTHETIC_OPERATIONAL_RECORD
MOV-000030,MED-0030,Clopidogrel 75mg (Clopilet 75),CLO129,DISPENSED,-20,132.5,2650.0,CUSTOMER_DISPENSING,DISP-00030,2026-10-03T12:00:00Z,PHARM-HIST-0001,pharmaflow-main,SYNTHETIC_OPERATIONAL_RECORD
MOV-000031,MED-0031,Paracetamol 500mg (Formula 31),PAR130,DISPENSED,-10,30.0,300.0,CUSTOMER_DISPENSING,DISP-00031,2026-09-13T13:00:00Z,PHARM-KA-2022-7212,pharmaflow-main,SYNTHETIC_OPERATIONAL_RECORD
MOV-000032,MED-0032,Paracetamol 650mg (Dolo 650) (Formula 32),PAR131,DISPENSED,-20,39.5,790.0,CUSTOMER_DISPENSING,DISP-00032,2026-08-19T17:00:00Z,PHARM-HIST-0001,pharmaflow-main,SYNTHETIC_OPERATIONAL_RECORD
MOV-000033,MED-0033,Vitamin D3 60K (Calcirol) (Formula 33),VIT132,DISPENSED,-15,75.0,1125.0,CUSTOMER_DISPENSING,DISP-00033,2026-07-17T23:00:00Z,PHARM-KA-2022-7212,pharmaflow-main,SYNTHETIC_OPERATIONAL_RECORD
MOV-000034,MED-0034,Amoxicillin 500mg (Novamox) (Formula 34),AMO133,DISPENSED,-5,107.5,537.5,CUSTOMER_DISPENSING,DISP-00034,2026-07-23T04:00:00Z,PHARM-HIST-0001,pharmaflow-main,SYNTHETIC_OPERATIONAL_RECORD
MOV-000035,MED-0035,Amoxicillin + Clavulanic Acid 625mg (Augmentin) (Formula 35),AMO134,DISPENSED,-20,180.0,3600.0,CUSTOMER_DISPENSING,DISP-00035,2026-08-18T09:00:00Z,PHARM-KA-2022-7212,pharmaflow-main,SYNTHETIC_OPERATIONAL_RECORD
MOV-000036,MED-0036,Cetirizine 10mg (Cetzine) (Formula 36),CET135,DISPENSED,-15,35.0,525.0,CUSTOMER_DISPENSING,DISP-00036,2026-04-23T18:00:00Z,PHARM-HIST-0001,pharmaflow-main,SYNTHETIC_OPERATIONAL_RECORD
MOV-000037,MED-0037,Levocetirizine 5mg (Levocet) (Formula 37),LEV136,DISPENSED,-20,50.5,1010.0,CUSTOMER_DISPENSING,DISP-00037,2026-07-04T03:00:00Z,PHARM-KA-2022-7212,pharmaflow-main,SYNTHETIC_OPERATIONAL_RECORD
MOV-000038,MED-0038,Azithromycin 250mg (Azee 250) (Formula 38),AZI137,DISPENSED,-20,125.0,2500.0,CUSTOMER_DISPENSING,DISP-00038,2026-09-15T05:00:00Z,PHARM-HIST-0001,pharmaflow-main,SYNTHETIC_OPERATIONAL_RECORD
MOV-000039,MED-0039,Azithromycin 500mg (Azithral 500) (Formula 39),AZI138,DISPENSED,-20,182.5,3650.0,CUSTOMER_DISPENSING,DISP-00039,2026-05-18T04:00:00Z,PHARM-KA-2022-7212,pharmaflow-main,SYNTHETIC_OPERATIONAL_RECORD
MOV-000040,MED-0040,Metformin 500mg (Glycomet 500) (Formula 40),MET139,DISPENSED,-20,55.0,1100.0,CUSTOMER_DISPENSING,DISP-00040,2026-07-27T14:00:00Z,PHARM-HIST-0001,pharmaflow-main,SYNTHETIC_OPERATIONAL_RECORD
MOV-000041,MED-0041,Metformin 1000mg SR (Glucophage) (Formula 41),MET140,DISPENSED,-10,80.5,805.0,CUSTOMER_DISPENSING,DISP-00041,2026-07-03T12:00:00Z,PHARM-KA-2022-7212,pharmaflow-main,SYNTHETIC_OPERATIONAL_RECORD
MOV-000042,MED-0042,Pantoprazole 40mg (Pan 40) (Formula 42),PAN141,DISPENSED,-20,100.0,2000.0,CUSTOMER_DISPENSING,DISP-00042,2026-06-30T01:00:00Z,PHARM-HIST-0001,pharmaflow-main,SYNTHETIC_OPERATIONAL_RECORD
MOV-000043,MED-0043,Pantoprazole + Domperidone (Pan-D) (Formula 43),PAN142,DISPENSED,-5,145.0,725.0,CUSTOMER_DISPENSING,DISP-00043,2026-06-15T05:00:00Z,PHARM-KA-2022-7212,pharmaflow-main,SYNTHETIC_OPERATIONAL_RECORD
MOV-000044,MED-0044,Omeprazole 20mg (Omez) (Formula 44),OME143,DISPENSED,-5,64.5,322.5,CUSTOMER_DISPENSING,DISP-00044,2026-06-29T05:00:00Z,PHARM-HIST-0001,pharmaflow-main,SYNTHETIC_OPERATIONAL_RECORD
MOV-000045,MED-0045,Telmisartan 40mg (Telma 40) (Formula 45),TEL144,DISPENSED,-20,103.0,2060.0,CUSTOMER_DISPENSING,DISP-00045,2026-07-05T21:00:00Z,PHARM-KA-2022-7212,pharmaflow-main,SYNTHETIC_OPERATIONAL_RECORD
MOV-000046,MED-0046,Telmisartan + Amlodipine (Telma-AM) (Formula 46),TEL145,DISPENSED,-5,147.5,737.5,CUSTOMER_DISPENSING,DISP-00046,2026-04-27T03:00:00Z,PHARM-HIST-0001,pharmaflow-main,SYNTHETIC_OPERATIONAL_RECORD
MOV-000047,MED-0047,Atorvastatin 10mg (Atorva 10) (Formula 47),ATO146,DISPENSED,-15,120.0,1800.0,CUSTOMER_DISPENSING,DISP-00047,2026-09-01T16:00:00Z,PHARM-KA-2022-7212,pharmaflow-main,SYNTHETIC_OPERATIONAL_RECORD
MOV-000048,MED-0048,Rosuvastatin 10mg (Rosuvas 10) (Formula 48),ROS147,DISPENSED,-5,147.5,737.5,CUSTOMER_DISPENSING,DISP-00048,2026-09-13T19:00:00Z,PHARM-HIST-0001,pharmaflow-main,SYNTHETIC_OPERATIONAL_RECORD
MOV-000049,MED-0049,Ciprofloxacin 500mg (Ciplox 500) (Formula 49),CIP148,DISPENSED,-10,87.0,870.0,CUSTOMER_DISPENSING,DISP-00049,2026-08-15T21:00:00Z,PHARM-KA-2022-7212,pharmaflow-main,SYNTHETIC_OPERATIONAL_RECORD
MOV-000050,MED-0050,Ofloxacin + Ornidazole (O2) (Formula 50),OFL149,DISPENSED,-10,115.0,1150.0,CUSTOMER_DISPENSING,DISP-00050,2026-09-17T08:00:00Z,PHARM-HIST-0001,pharmaflow-main,SYNTHETIC_OPERATIONAL_RECORD
MOV-000051,MED-0051,Montelukast + Levocetirizine (Montair-LC) (Formula 51),MON150,DISPENSED,-20,160.5,3210.0,CUSTOMER_DISPENSING,DISP-00051,2026-05-03T21:00:00Z,PHARM-KA-2022-7212,pharmaflow-main,SYNTHETIC_OPERATIONAL_RECORD
MOV-000052,MED-0052,Ibuprofen 400mg (Brufen 400) (Formula 52),IBU151,DISPENSED,-10,33.0,330.0,CUSTOMER_DISPENSING,DISP-00052,2026-09-22T21:00:00Z,PHARM-HIST-0001,pharmaflow-main,SYNTHETIC_OPERATIONAL_RECORD
MOV-000053,MED-0053,Aceclofenac + Paracetamol (Zerodol-P) (Formula 53),ACE152,DISPENSED,-15,82.5,1237.5,CUSTOMER_DISPENSING,DISP-00053,2026-06-25T03:00:00Z,PHARM-KA-2022-7212,pharmaflow-main,SYNTHETIC_OPERATIONAL_RECORD
MOV-000054,MED-0054,Vildagliptin + Metformin (Galvus Met) (Formula 54),VIL153,DISPENSED,-15,250.0,3750.0,CUSTOMER_DISPENSING,DISP-00054,2026-08-31T11:00:00Z,PHARM-HIST-0001,pharmaflow-main,SYNTHETIC_OPERATIONAL_RECORD
MOV-000055,MED-0055,Rabeprazole 20mg (Razo 20) (Formula 55),RAB154,DISPENSED,-15,124.5,1867.5,CUSTOMER_DISPENSING,DISP-00055,2026-04-14T18:00:00Z,PHARM-KA-2022-7212,pharmaflow-main,SYNTHETIC_OPERATIONAL_RECORD
MOV-000056,MED-0056,Cough Syrup (Ascoril-D) (Formula 56),COU155,DISPENSED,-20,103.0,2060.0,CUSTOMER_DISPENSING,DISP-00056,2026-10-07T04:00:00Z,PHARM-HIST-0001,pharmaflow-main,SYNTHETIC_OPERATIONAL_RECORD
MOV-000057,MED-0057,Oral Rehydration Salts (Electral ORS) (Formula 57),ORA156,DISPENSED,-10,18.0,180.0,CUSTOMER_DISPENSING,DISP-00057,2026-05-17T21:00:00Z,PHARM-KA-2022-7212,pharmaflow-main,SYNTHETIC_OPERATIONAL_RECORD
MOV-000058,MED-0058,Multivitamin + Zinc (Becadexamin) (Formula 58),MUL157,DISPENSED,-20,44.5,890.0,CUSTOMER_DISPENSING,DISP-00058,2026-07-19T16:00:00Z,PHARM-HIST-0001,pharmaflow-main,SYNTHETIC_OPERATIONAL_RECORD
MOV-000059,MED-0059,Thyroxine Sodium 50mcg (Thyronorm 50) (Formula 59),THY158,DISPENSED,-10,130.0,1300.0,CUSTOMER_DISPENSING,DISP-00059,2026-07-17T22:00:00Z,PHARM-KA-2022-7212,pharmaflow-main,SYNTHETIC_OPERATIONAL_RECORD
MOV-000060,MED-0060,Clopidogrel 75mg (Clopilet 75) (Formula 60),CLO159,DISPENSED,-20,137.5,2750.0,CUSTOMER_DISPENSING,DISP-00060,2026-05-29T19:00:00Z,PHARM-HIST-0001,pharmaflow-main,SYNTHETIC_OPERATIONAL_RECORD
MOV-000061,MED-0061,Paracetamol 500mg (Formula 61),PAR160,DISPENSED,-5,35.0,175.0,CUSTOMER_DISPENSING,DISP-00061,2026-09-11T23:00:00Z,PHARM-KA-2022-7212,pharmaflow-main,SYNTHETIC_OPERATIONAL_RECORD
MOV-000062,MED-0062,Paracetamol 650mg (Dolo 650) (Formula 62),PAR161,DISPENSED,-5,44.5,222.5,CUSTOMER_DISPENSING,DISP-00062,2026-07-04T08:00:00Z,PHARM-HIST-0001,pharmaflow-main,SYNTHETIC_OPERATIONAL_RECORD
MOV-000063,MED-0063,Vitamin D3 60K (Calcirol) (Formula 63),VIT162,DISPENSED,-5,80.0,400.0,CUSTOMER_DISPENSING,DISP-00063,2026-08-27T20:00:00Z,PHARM-KA-2022-7212,pharmaflow-main,SYNTHETIC_OPERATIONAL_RECORD
MOV-000064,MED-0064,Amoxicillin 500mg (Novamox) (Formula 64),AMO163,DISPENSED,-5,95.0,475.0,CUSTOMER_DISPENSING,DISP-00064,2026-08-27T06:00:00Z,PHARM-HIST-0001,pharmaflow-main,SYNTHETIC_OPERATIONAL_RECORD
MOV-000065,MED-0065,Amoxicillin + Clavulanic Acid 625mg (Augmentin) (Formula 65),AMO164,DISPENSED,-20,167.5,3350.0,CUSTOMER_DISPENSING,DISP-00065,2026-09-09T11:00:00Z,PHARM-KA-2022-7212,pharmaflow-main,SYNTHETIC_OPERATIONAL_RECORD
MOV-000066,MED-0066,Cetirizine 10mg (Cetzine) (Formula 66),CET165,DISPENSED,-20,40.0,800.0,CUSTOMER_DISPENSING,DISP-00066,2026-06-04T07:00:00Z,PHARM-HIST-0001,pharmaflow-main,SYNTHETIC_OPERATIONAL_RECORD
MOV-000067,MED-0067,Levocetirizine 5mg (Levocet) (Formula 67),LEV166,DISPENSED,-20,55.5,1110.0,CUSTOMER_DISPENSING,DISP-00067,2026-09-02T13:00:00Z,PHARM-KA-2022-7212,pharmaflow-main,SYNTHETIC_OPERATIONAL_RECORD
MOV-000068,MED-0068,Azithromycin 250mg (Azee 250) (Formula 68),AZI167,DISPENSED,-20,130.0,2600.0,CUSTOMER_DISPENSING,DISP-00068,2026-06-28T12:00:00Z,PHARM-HIST-0001,pharmaflow-main,SYNTHETIC_OPERATIONAL_RECORD
MOV-000069,MED-0069,Azithromycin 500mg (Azithral 500) (Formula 69),AZI168,DISPENSED,-15,187.5,2812.5,CUSTOMER_DISPENSING,DISP-00069,2026-09-07T23:00:00Z,PHARM-KA-2022-7212,pharmaflow-main,SYNTHETIC_OPERATIONAL_RECORD
MOV-000070,MED-0070,Metformin 500mg (Glycomet 500) (Formula 70),MET169,DISPENSED,-15,60.0,900.0,CUSTOMER_DISPENSING,DISP-00070,2026-04-18T04:00:00Z,PHARM-HIST-0001,pharmaflow-main,SYNTHETIC_OPERATIONAL_RECORD
MOV-000071,MED-0071,Metformin 1000mg SR (Glucophage) (Formula 71),MET170,DISPENSED,-15,68.0,1020.0,CUSTOMER_DISPENSING,DISP-00071,2026-05-04T01:00:00Z,PHARM-KA-2022-7212,pharmaflow-main,SYNTHETIC_OPERATIONAL_RECORD
MOV-000072,MED-0072,Pantoprazole 40mg (Pan 40) (Formula 72),PAN171,DISPENSED,-10,87.5,875.0,CUSTOMER_DISPENSING,DISP-00072,2026-09-02T03:00:00Z,PHARM-HIST-0001,pharmaflow-main,SYNTHETIC_OPERATIONAL_RECORD
MOV-000073,MED-0073,Pantoprazole + Domperidone (Pan-D) (Formula 73),PAN172,DISPENSED,-10,150.0,1500.0,CUSTOMER_DISPENSING,DISP-00073,2026-05-03T14:00:00Z,PHARM-KA-2022-7212,pharmaflow-main,SYNTHETIC_OPERATIONAL_RECORD
MOV-000074,MED-0074,Omeprazole 20mg (Omez) (Formula 74),OME173,DISPENSED,-15,69.5,1042.5,CUSTOMER_DISPENSING,DISP-00074,2026-05-28T17:00:00Z,PHARM-HIST-0001,pharmaflow-main,SYNTHETIC_OPERATIONAL_RECORD
MOV-000075,MED-0075,Telmisartan 40mg (Telma 40) (Formula 75),TEL174,DISPENSED,-15,108.0,1620.0,CUSTOMER_DISPENSING,DISP-00075,2026-06-09T22:00:00Z,PHARM-KA-2022-7212,pharmaflow-main,SYNTHETIC_OPERATIONAL_RECORD
MOV-000076,MED-0076,Telmisartan + Amlodipine (Telma-AM) (Formula 76),TEL175,DISPENSED,-10,152.5,1525.0,CUSTOMER_DISPENSING,DISP-00076,2026-07-15T13:00:00Z,PHARM-HIST-0001,pharmaflow-main,SYNTHETIC_OPERATIONAL_RECORD
MOV-000077,MED-0077,Atorvastatin 10mg (Atorva 10) (Formula 77),ATO176,DISPENSED,-10,125.0,1250.0,CUSTOMER_DISPENSING,DISP-00077,2026-08-26T20:00:00Z,PHARM-KA-2022-7212,pharmaflow-main,SYNTHETIC_OPERATIONAL_RECORD
MOV-000078,MED-0078,Rosuvastatin 10mg (Rosuvas 10) (Formula 78),ROS177,DISPENSED,-20,135.0,2700.0,CUSTOMER_DISPENSING,DISP-00078,2026-10-06T02:00:00Z,PHARM-HIST-0001,pharmaflow-main,SYNTHETIC_OPERATIONAL_RECORD
MOV-000079,MED-0079,Ciprofloxacin 500mg (Ciplox 500) (Formula 79),CIP178,DISPENSED,-20,74.5,1490.0,CUSTOMER_DISPENSING,DISP-00079,2026-08-24T08:00:00Z,PHARM-KA-2022-7212,pharmaflow-main,SYNTHETIC_OPERATIONAL_RECORD
MOV-000080,MED-0080,Ofloxacin + Ornidazole (O2) (Formula 80),OFL179,DISPENSED,-20,120.0,2400.0,CUSTOMER_DISPENSING,DISP-00080,2026-09-21T12:00:00Z,PHARM-HIST-0001,pharmaflow-main,SYNTHETIC_OPERATIONAL_RECORD
MOV-000081,MED-0081,Montelukast + Levocetirizine (Montair-LC) (Formula 81),MON180,DISPENSED,-15,165.5,2482.5,CUSTOMER_DISPENSING,DISP-00081,2026-04-12T06:00:00Z,PHARM-KA-2022-7212,pharmaflow-main,SYNTHETIC_OPERATIONAL_RECORD
MOV-000082,MED-0082,Ibuprofen 400mg (Brufen 400) (Formula 82),IBU181,DISPENSED,-10,38.0,380.0,CUSTOMER_DISPENSING,DISP-00082,2026-04-14T09:00:00Z,PHARM-HIST-0001,pharmaflow-main,SYNTHETIC_OPERATIONAL_RECORD
MOV-000083,MED-0083,Aceclofenac + Paracetamol (Zerodol-P) (Formula 83),ACE182,DISPENSED,-20,87.5,1750.0,CUSTOMER_DISPENSING,DISP-00083,2026-07-16T09:00:00Z,PHARM-KA-2022-7212,pharmaflow-main,SYNTHETIC_OPERATIONAL_RECORD
MOV-000084,MED-0084,Vildagliptin + Metformin (Galvus Met) (Formula 84),VIL183,DISPENSED,-5,255.0,1275.0,CUSTOMER_DISPENSING,DISP-00084,2026-05-01T22:00:00Z,PHARM-HIST-0001,pharmaflow-main,SYNTHETIC_OPERATIONAL_RECORD
MOV-000085,MED-0085,Rabeprazole 20mg (Razo 20) (Formula 85),RAB184,DISPENSED,-10,112.0,1120.0,CUSTOMER_DISPENSING,DISP-00085,2026-09-21T01:00:00Z,PHARM-KA-2022-7212,pharmaflow-main,SYNTHETIC_OPERATIONAL_RECORD
MOV-000086,MED-0086,Cough Syrup (Ascoril-D) (Formula 86),COU185,DISPENSED,-10,90.5,905.0,CUSTOMER_DISPENSING,DISP-00086,2026-07-11T16:00:00Z,PHARM-HIST-0001,pharmaflow-main,SYNTHETIC_OPERATIONAL_RECORD
MOV-000087,MED-0087,Oral Rehydration Salts (Electral ORS) (Formula 87),ORA186,DISPENSED,-5,23.0,115.0,CUSTOMER_DISPENSING,DISP-00087,2026-08-20T04:00:00Z,PHARM-KA-2022-7212,pharmaflow-main,SYNTHETIC_OPERATIONAL_RECORD
MOV-000088,MED-0088,Multivitamin + Zinc (Becadexamin) (Formula 88),MUL187,DISPENSED,-15,49.5,742.5,CUSTOMER_DISPENSING,DISP-00088,2026-06-20T18:00:00Z,PHARM-HIST-0001,pharmaflow-main,SYNTHETIC_OPERATIONAL_RECORD
MOV-000089,MED-0089,Thyroxine Sodium 50mcg (Thyronorm 50) (Formula 89),THY188,DISPENSED,-15,135.0,2025.0,CUSTOMER_DISPENSING,DISP-00089,2026-07-05T17:00:00Z,PHARM-KA-2022-7212,pharmaflow-main,SYNTHETIC_OPERATIONAL_RECORD
MOV-000090,MED-0090,Clopidogrel 75mg (Clopilet 75) (Formula 90),CLO189,DISPENSED,-20,142.5,2850.0,CUSTOMER_DISPENSING,DISP-00090,2026-08-03T19:00:00Z,PHARM-HIST-0001,pharmaflow-main,SYNTHETIC_OPERATIONAL_RECORD
MOV-000091,MED-0091,Paracetamol 500mg (Formula 91),PAR190,DISPENSED,-10,40.0,400.0,CUSTOMER_DISPENSING,DISP-00091,2026-09-18T18:00:00Z,PHARM-KA-2022-7212,pharmaflow-main,SYNTHETIC_OPERATIONAL_RECORD
MOV-000092,MED-0092,Paracetamol 650mg (Dolo 650) (Formula 92),PAR191,DISPENSED,-10,32.0,320.0,CUSTOMER_DISPENSING,DISP-00092,2026-09-11T13:00:00Z,PHARM-HIST-0001,pharmaflow-main,SYNTHETIC_OPERATIONAL_RECORD
MOV-000093,MED-0093,Vitamin D3 60K (Calcirol) (Formula 93),VIT192,DISPENSED,-10,67.5,675.0,CUSTOMER_DISPENSING,DISP-00093,2026-07-29T07:00:00Z,PHARM-KA-2022-7212,pharmaflow-main,SYNTHETIC_OPERATIONAL_RECORD
MOV-000094,MED-0094,Amoxicillin 500mg (Novamox) (Formula 94),AMO193,DISPENSED,-15,100.0,1500.0,CUSTOMER_DISPENSING,DISP-00094,2026-05-17T09:00:00Z,PHARM-HIST-0001,pharmaflow-main,SYNTHETIC_OPERATIONAL_RECORD
MOV-000095,MED-0095,Amoxicillin + Clavulanic Acid 625mg (Augmentin) (Formula 95),AMO194,DISPENSED,-10,172.5,1725.0,CUSTOMER_DISPENSING,DISP-00095,2026-05-27T18:00:00Z,PHARM-KA-2022-7212,pharmaflow-main,SYNTHETIC_OPERATIONAL_RECORD
MOV-000096,MED-0096,Cetirizine 10mg (Cetzine) (Formula 96),CET195,DISPENSED,-20,45.0,900.0,CUSTOMER_DISPENSING,DISP-00096,2026-07-15T18:00:00Z,PHARM-HIST-0001,pharmaflow-main,SYNTHETIC_OPERATIONAL_RECORD
MOV-000097,MED-0097,Levocetirizine 5mg (Levocet) (Formula 97),LEV196,DISPENSED,-15,60.5,907.5,CUSTOMER_DISPENSING,DISP-00097,2026-05-03T15:00:00Z,PHARM-KA-2022-7212,pharmaflow-main,SYNTHETIC_OPERATIONAL_RECORD
MOV-000098,MED-0098,Azithromycin 250mg (Azee 250) (Formula 98),AZI197,DISPENSED,-20,135.0,2700.0,CUSTOMER_DISPENSING,DISP-00098,2026-08-16T07:00:00Z,PHARM-HIST-0001,pharmaflow-main,SYNTHETIC_OPERATIONAL_RECORD
MOV-000099,MED-0099,Azithromycin 500mg (Azithral 500) (Formula 99),AZI198,DISPENSED,-5,175.0,875.0,CUSTOMER_DISPENSING,DISP-00099,2026-08-10T06:00:00Z,PHARM-KA-2022-7212,pharmaflow-main,SYNTHETIC_OPERATIONAL_RECORD
MOV-000100,MED-0100,Metformin 500mg (Glycomet 500) (Formula 100),MET199,DISPENSED,-5,47.5,237.5,CUSTOMER_DISPENSING,DISP-00100,2026-05-04T08:00:00Z,PHARM-HIST-0001,pharmaflow-main,SYNTHETIC_OPERATIONAL_RECORD
MOV-000101,MED-0101,Metformin 1000mg SR (Glucophage) (Formula 101),MET200,DISPENSED,-10,73.0,730.0,CUSTOMER_DISPENSING,DISP-00101,2026-08-26T21:00:00Z,PHARM-KA-2022-7212,pharmaflow-main,SYNTHETIC_OPERATIONAL_RECORD
MOV-000102,MED-0102,Pantoprazole 40mg (Pan 40) (Formula 102),PAN201,DISPENSED,-5,92.5,462.5,CUSTOMER_DISPENSING,DISP-00102,2026-07-18T10:00:00Z,PHARM-HIST-0001,pharmaflow-main,SYNTHETIC_OPERATIONAL_RECORD
MOV-000103,MED-0103,Pantoprazole + Domperidone (Pan-D) (Formula 103),PAN202,DISPENSED,-5,155.0,775.0,CUSTOMER_DISPENSING,DISP-00103,2026-09-02T20:00:00Z,PHARM-KA-2022-7212,pharmaflow-main,SYNTHETIC_OPERATIONAL_RECORD
MOV-000104,MED-0104,Omeprazole 20mg (Omez) (Formula 104),OME203,DISPENSED,-20,74.5,1490.0,CUSTOMER_DISPENSING,DISP-00104,2026-06-21T15:00:00Z,PHARM-HIST-0001,pharmaflow-main,SYNTHETIC_OPERATIONAL_RECORD
MOV-000105,MED-0105,Telmisartan 40mg (Telma 40) (Formula 105),TEL204,DISPENSED,-20,113.0,2260.0,CUSTOMER_DISPENSING,DISP-00105,2026-07-17T03:00:00Z,PHARM-KA-2022-7212,pharmaflow-main,SYNTHETIC_OPERATIONAL_RECORD
MOV-000106,MED-0106,Telmisartan + Amlodipine (Telma-AM) (Formula 106),TEL205,DISPENSED,-5,140.0,700.0,CUSTOMER_DISPENSING,DISP-00106,2026-08-07T19:00:00Z,PHARM-HIST-0001,pharmaflow-main,SYNTHETIC_OPERATIONAL_RECORD
MOV-000107,MED-0107,Atorvastatin 10mg (Atorva 10) (Formula 107),ATO206,DISPENSED,-20,112.5,2250.0,CUSTOMER_DISPENSING,DISP-00107,2026-07-04T00:00:00Z,PHARM-KA-2022-7212,pharmaflow-main,SYNTHETIC_OPERATIONAL_RECORD
MOV-000108,MED-0108,Rosuvastatin 10mg (Rosuvas 10) (Formula 108),ROS207,DISPENSED,-20,140.0,2800.0,CUSTOMER_DISPENSING,DISP-00108,2026-07-10T03:00:00Z,PHARM-HIST-0001,pharmaflow-main,SYNTHETIC_OPERATIONAL_RECORD
MOV-000109,MED-0109,Ciprofloxacin 500mg (Ciplox 500) (Formula 109),CIP208,DISPENSED,-15,79.5,1192.5,CUSTOMER_DISPENSING,DISP-00109,2026-05-26T10:00:00Z,PHARM-KA-2022-7212,pharmaflow-main,SYNTHETIC_OPERATIONAL_RECORD
MOV-000110,MED-0110,Ofloxacin + Ornidazole (O2) (Formula 110),OFL209,DISPENSED,-10,125.0,1250.0,CUSTOMER_DISPENSING,DISP-00110,2026-08-26T16:00:00Z,PHARM-HIST-0001,pharmaflow-main,SYNTHETIC_OPERATIONAL_RECORD
MOV-000111,MED-0111,Montelukast + Levocetirizine (Montair-LC) (Formula 111),MON210,DISPENSED,-15,170.5,2557.5,CUSTOMER_DISPENSING,DISP-00111,2026-09-01T23:00:00Z,PHARM-KA-2022-7212,pharmaflow-main,SYNTHETIC_OPERATIONAL_RECORD
MOV-000112,MED-0112,Ibuprofen 400mg (Brufen 400) (Formula 112),IBU211,DISPENSED,-20,43.0,860.0,CUSTOMER_DISPENSING,DISP-00112,2026-06-04T14:00:00Z,PHARM-HIST-0001,pharmaflow-main,SYNTHETIC_OPERATIONAL_RECORD
MOV-000113,MED-0113,Aceclofenac + Paracetamol (Zerodol-P) (Formula 113),ACE212,DISPENSED,-15,75.0,1125.0,CUSTOMER_DISPENSING,DISP-00113,2026-04-16T09:00:00Z,PHARM-KA-2022-7212,pharmaflow-main,SYNTHETIC_OPERATIONAL_RECORD
MOV-000114,MED-0114,Vildagliptin + Metformin (Galvus Met) (Formula 114),VIL213,DISPENSED,-20,242.5,4850.0,CUSTOMER_DISPENSING,DISP-00114,2026-04-25T01:00:00Z,PHARM-HIST-0001,pharmaflow-main,SYNTHETIC_OPERATIONAL_RECORD
MOV-000115,MED-0115,Rabeprazole 20mg (Razo 20) (Formula 115),RAB214,DISPENSED,-10,117.0,1170.0,CUSTOMER_DISPENSING,DISP-00115,2026-10-02T01:00:00Z,PHARM-KA-2022-7212,pharmaflow-main,SYNTHETIC_OPERATIONAL_RECORD
MOV-000116,MED-0116,Cough Syrup (Ascoril-D) (Formula 116),COU215,DISPENSED,-20,95.5,1910.0,CUSTOMER_DISPENSING,DISP-00116,2026-04-20T01:00:00Z,PHARM-HIST-0001,pharmaflow-main,SYNTHETIC_OPERATIONAL_RECORD
MOV-000117,MED-0117,Oral Rehydration Salts (Electral ORS) (Formula 117),ORA216,DISPENSED,-20,28.0,560.0,CUSTOMER_DISPENSING,DISP-00117,2026-08-14T17:00:00Z,PHARM-KA-2022-7212,pharmaflow-main,SYNTHETIC_OPERATIONAL_RECORD
MOV-000118,MED-0118,Multivitamin + Zinc (Becadexamin) (Formula 118),MUL217,DISPENSED,-10,54.5,545.0,CUSTOMER_DISPENSING,DISP-00118,2026-07-03T01:00:00Z,PHARM-HIST-0001,pharmaflow-main,SYNTHETIC_OPERATIONAL_RECORD
MOV-000119,MED-0119,Thyroxine Sodium 50mcg (Thyronorm 50) (Formula 119),THY218,DISPENSED,-10,140.0,1400.0,CUSTOMER_DISPENSING,DISP-00119,2026-10-06T06:00:00Z,PHARM-KA-2022-7212,pharmaflow-main,SYNTHETIC_OPERATIONAL_RECORD
MOV-000120,MED-0120,Clopidogrel 75mg (Clopilet 75) (Formula 120),CLO219,DISPENSED,-20,130.0,2600.0,CUSTOMER_DISPENSING,DISP-00120,2026-07-07T20:00:00Z,PHARM-HIST-0001,pharmaflow-main,SYNTHETIC_OPERATIONAL_RECORD
MOV-000121,MED-0121,Paracetamol 500mg (Formula 121),PAR220,DISPENSED,-10,27.5,275.0,CUSTOMER_DISPENSING,DISP-00121,2026-10-06T18:00:00Z,PHARM-KA-2022-7212,pharmaflow-main,SYNTHETIC_OPERATIONAL_RECORD
MOV-000122,MED-0122,Paracetamol 650mg (Dolo 650) (Formula 122),PAR221,DISPENSED,-15,37.0,555.0,CUSTOMER_DISPENSING,DISP-00122,2026-07-16T09:00:00Z,PHARM-HIST-0001,pharmaflow-main,SYNTHETIC_OPERATIONAL_RECORD
MOV-000123,MED-0123,Vitamin D3 60K (Calcirol) (Formula 123),VIT222,DISPENSED,-15,72.5,1087.5,CUSTOMER_DISPENSING,DISP-00123,2026-08-04T20:00:00Z,PHARM-KA-2022-7212,pharmaflow-main,SYNTHETIC_OPERATIONAL_RECORD
MOV-000124,MED-0124,Amoxicillin 500mg (Novamox) (Formula 124),AMO223,DISPENSED,-5,105.0,525.0,CUSTOMER_DISPENSING,DISP-00124,2026-05-06T04:00:00Z,PHARM-HIST-0001,pharmaflow-main,SYNTHETIC_OPERATIONAL_RECORD
MOV-000125,MED-0125,Amoxicillin + Clavulanic Acid 625mg (Augmentin) (Formula 125),AMO224,DISPENSED,-5,177.5,887.5,CUSTOMER_DISPENSING,DISP-00125,2026-04-26T04:00:00Z,PHARM-KA-2022-7212,pharmaflow-main,SYNTHETIC_OPERATIONAL_RECORD
MOV-000126,MED-0126,Cetirizine 10mg (Cetzine) (Formula 126),CET225,DISPENSED,-20,50.0,1000.0,CUSTOMER_DISPENSING,DISP-00126,2026-06-29T11:00:00Z,PHARM-HIST-0001,pharmaflow-main,SYNTHETIC_OPERATIONAL_RECORD
MOV-000127,MED-0127,Levocetirizine 5mg (Levocet) (Formula 127),LEV226,DISPENSED,-15,48.0,720.0,CUSTOMER_DISPENSING,DISP-00127,2026-07-29T16:00:00Z,PHARM-KA-2022-7212,pharmaflow-main,SYNTHETIC_OPERATIONAL_RECORD
MOV-000128,MED-0128,Azithromycin 250mg (Azee 250) (Formula 128),AZI227,DISPENSED,-5,122.5,612.5,CUSTOMER_DISPENSING,DISP-00128,2026-05-15T12:00:00Z,PHARM-HIST-0001,pharmaflow-main,SYNTHETIC_OPERATIONAL_RECORD
MOV-000129,MED-0129,Azithromycin 500mg (Azithral 500) (Formula 129),AZI228,DISPENSED,-20,180.0,3600.0,CUSTOMER_DISPENSING,DISP-00129,2026-05-05T16:00:00Z,PHARM-KA-2022-7212,pharmaflow-main,SYNTHETIC_OPERATIONAL_RECORD
MOV-000130,MED-0130,Metformin 500mg (Glycomet 500) (Formula 130),MET229,DISPENSED,-20,52.5,1050.0,CUSTOMER_DISPENSING,DISP-00130,2026-06-05T07:00:00Z,PHARM-HIST-0001,pharmaflow-main,SYNTHETIC_OPERATIONAL_RECORD
MOV-000131,MED-0131,Metformin 1000mg SR (Glucophage) (Formula 131),MET230,DISPENSED,-20,78.0,1560.0,CUSTOMER_DISPENSING,DISP-00131,2026-04-25T19:00:00Z,PHARM-KA-2022-7212,pharmaflow-main,SYNTHETIC_OPERATIONAL_RECORD
MOV-000132,MED-0132,Pantoprazole 40mg (Pan 40) (Formula 132),PAN231,DISPENSED,-5,97.5,487.5,CUSTOMER_DISPENSING,DISP-00132,2026-09-29T01:00:00Z,PHARM-HIST-0001,pharmaflow-main,SYNTHETIC_OPERATIONAL_RECORD
MOV-000133,MED-0133,Pantoprazole + Domperidone (Pan-D) (Formula 133),PAN232,DISPENSED,-5,160.0,800.0,CUSTOMER_DISPENSING,DISP-00133,2026-05-04T14:00:00Z,PHARM-KA-2022-7212,pharmaflow-main,SYNTHETIC_OPERATIONAL_RECORD
MOV-000134,MED-0134,Omeprazole 20mg (Omez) (Formula 134),OME233,DISPENSED,-10,62.0,620.0,CUSTOMER_DISPENSING,DISP-00134,2026-04-10T13:00:00Z,PHARM-HIST-0001,pharmaflow-main,SYNTHETIC_OPERATIONAL_RECORD
MOV-000135,MED-0135,Telmisartan 40mg (Telma 40) (Formula 135),TEL234,DISPENSED,-10,100.5,1005.0,CUSTOMER_DISPENSING,DISP-00135,2026-09-05T10:00:00Z,PHARM-KA-2022-7212,pharmaflow-main,SYNTHETIC_OPERATIONAL_RECORD
MOV-000136,MED-0136,Telmisartan + Amlodipine (Telma-AM) (Formula 136),TEL235,DISPENSED,-20,145.0,2900.0,CUSTOMER_DISPENSING,DISP-00136,2026-09-08T11:00:00Z,PHARM-HIST-0001,pharmaflow-main,SYNTHETIC_OPERATIONAL_RECORD
MOV-000137,MED-0137,Atorvastatin 10mg (Atorva 10) (Formula 137),ATO236,DISPENSED,-20,117.5,2350.0,CUSTOMER_DISPENSING,DISP-00137,2026-04-27T14:00:00Z,PHARM-KA-2022-7212,pharmaflow-main,SYNTHETIC_OPERATIONAL_RECORD
MOV-000138,MED-0138,Rosuvastatin 10mg (Rosuvas 10) (Formula 138),ROS237,DISPENSED,-5,145.0,725.0,CUSTOMER_DISPENSING,DISP-00138,2026-07-20T09:00:00Z,PHARM-HIST-0001,pharmaflow-main,SYNTHETIC_OPERATIONAL_RECORD
MOV-000139,MED-0139,Ciprofloxacin 500mg (Ciplox 500) (Formula 139),CIP238,DISPENSED,-15,84.5,1267.5,CUSTOMER_DISPENSING,DISP-00139,2026-08-19T16:00:00Z,PHARM-KA-2022-7212,pharmaflow-main,SYNTHETIC_OPERATIONAL_RECORD
MOV-000140,MED-0140,Ofloxacin + Ornidazole (O2) (Formula 140),OFL239,DISPENSED,-5,130.0,650.0,CUSTOMER_DISPENSING,DISP-00140,2026-07-14T15:00:00Z,PHARM-HIST-0001,pharmaflow-main,SYNTHETIC_OPERATIONAL_RECORD
MOV-000141,MED-0141,Montelukast + Levocetirizine (Montair-LC) (Formula 141),MON240,DISPENSED,-15,158.0,2370.0,CUSTOMER_DISPENSING,DISP-00141,2026-08-25T18:00:00Z,PHARM-KA-2022-7212,pharmaflow-main,SYNTHETIC_OPERATIONAL_RECORD
MOV-000142,MED-0142,Ibuprofen 400mg (Brufen 400) (Formula 142),IBU241,DISPENSED,-15,30.5,457.5,CUSTOMER_DISPENSING,DISP-00142,2026-05-29T12:00:00Z,PHARM-HIST-0001,pharmaflow-main,SYNTHETIC_OPERATIONAL_RECORD
MOV-000143,MED-0143,Aceclofenac + Paracetamol (Zerodol-P) (Formula 143),ACE242,DISPENSED,-20,80.0,1600.0,CUSTOMER_DISPENSING,DISP-00143,2026-06-23T15:00:00Z,PHARM-KA-2022-7212,pharmaflow-main,SYNTHETIC_OPERATIONAL_RECORD
MOV-000144,MED-0144,Vildagliptin + Metformin (Galvus Met) (Formula 144),VIL243,DISPENSED,-5,247.5,1237.5,CUSTOMER_DISPENSING,DISP-00144,2026-09-22T06:00:00Z,PHARM-HIST-0001,pharmaflow-main,SYNTHETIC_OPERATIONAL_RECORD
MOV-000145,MED-0145,Rabeprazole 20mg (Razo 20) (Formula 145),RAB244,DISPENSED,-10,122.0,1220.0,CUSTOMER_DISPENSING,DISP-00145,2026-08-01T10:00:00Z,PHARM-KA-2022-7212,pharmaflow-main,SYNTHETIC_OPERATIONAL_RECORD
MOV-000146,MED-0146,Cough Syrup (Ascoril-D) (Formula 146),COU245,DISPENSED,-10,100.5,1005.0,CUSTOMER_DISPENSING,DISP-00146,2026-06-17T11:00:00Z,PHARM-HIST-0001,pharmaflow-main,SYNTHETIC_OPERATIONAL_RECORD
MOV-000147,MED-0147,Oral Rehydration Salts (Electral ORS) (Formula 147),ORA246,DISPENSED,-15,33.0,495.0,CUSTOMER_DISPENSING,DISP-00147,2026-05-06T06:00:00Z,PHARM-KA-2022-7212,pharmaflow-main,SYNTHETIC_OPERATIONAL_RECORD
MOV-000148,MED-0148,Multivitamin + Zinc (Becadexamin) (Formula 148),MUL247,DISPENSED,-20,42.0,840.0,CUSTOMER_DISPENSING,DISP-00148,2026-08-24T16:00:00Z,PHARM-HIST-0001,pharmaflow-main,SYNTHETIC_OPERATIONAL_RECORD
MOV-000149,MED-0149,Thyroxine Sodium 50mcg (Thyronorm 50) (Formula 149),THY248,DISPENSED,-5,127.5,637.5,CUSTOMER_DISPENSING,DISP-00149,2026-07-21T04:00:00Z,PHARM-KA-2022-7212,pharmaflow-main,SYNTHETIC_OPERATIONAL_RECORD
MOV-000150,MED-0150,Clopidogrel 75mg (Clopilet 75) (Formula 150),CLO249,DISPENSED,-15,135.0,2025.0,CUSTOMER_DISPENSING,DISP-00150,2026-09-08T02:00:00Z,PHARM-HIST-0001,pharmaflow-main,SYNTHETIC_OPERATIONAL_RECORD
MOV-000151,MED-0151,Paracetamol 500mg (Formula 151),PAR250,DISPENSED,-20,32.5,650.0,CUSTOMER_DISPENSING,DISP-00151,2026-05-15T14:00:00Z,PHARM-KA-2022-7212,pharmaflow-main,SYNTHETIC_OPERATIONAL_RECORD
MOV-000152,MED-0152,Paracetamol 650mg (Dolo 650) (Formula 152),PAR251,DISPENSED,-5,42.0,210.0,CUSTOMER_DISPENSING,DISP-00152,2026-05-16T22:00:00Z,PHARM-HIST-0001,pharmaflow-main,SYNTHETIC_OPERATIONAL_RECORD
MOV-000153,MED-0153,Vitamin D3 60K (Calcirol) (Formula 153),VIT252,DISPENSED,-5,77.5,387.5,CUSTOMER_DISPENSING,DISP-00153,2026-09-09T10:00:00Z,PHARM-KA-2022-7212,pharmaflow-main,SYNTHETIC_OPERATIONAL_RECORD
MOV-000154,MED-0154,Amoxicillin 500mg (Novamox) (Formula 154),AMO253,DISPENSED,-10,110.0,1100.0,CUSTOMER_DISPENSING,DISP-00154,2026-09-16T07:00:00Z,PHARM-HIST-0001,pharmaflow-main,SYNTHETIC_OPERATIONAL_RECORD
MOV-000155,MED-0155,Amoxicillin + Clavulanic Acid 625mg (Augmentin) (Formula 155),AMO254,DISPENSED,-15,165.0,2475.0,CUSTOMER_DISPENSING,DISP-00155,2026-05-09T16:00:00Z,PHARM-KA-2022-7212,pharmaflow-main,SYNTHETIC_OPERATIONAL_RECORD
MOV-000156,MED-0156,Cetirizine 10mg (Cetzine) (Formula 156),CET255,DISPENSED,-5,37.5,187.5,CUSTOMER_DISPENSING,DISP-00156,2026-08-26T12:00:00Z,PHARM-HIST-0001,pharmaflow-main,SYNTHETIC_OPERATIONAL_RECORD
MOV-000157,MED-0157,Levocetirizine 5mg (Levocet) (Formula 157),LEV256,DISPENSED,-10,53.0,530.0,CUSTOMER_DISPENSING,DISP-00157,2026-04-28T01:00:00Z,PHARM-KA-2022-7212,pharmaflow-main,SYNTHETIC_OPERATIONAL_RECORD
MOV-000158,MED-0158,Azithromycin 250mg (Azee 250) (Formula 158),AZI257,DISPENSED,-20,127.5,2550.0,CUSTOMER_DISPENSING,DISP-00158,2026-09-17T13:00:00Z,PHARM-HIST-0001,pharmaflow-main,SYNTHETIC_OPERATIONAL_RECORD
MOV-000159,MED-0159,Azithromycin 500mg (Azithral 500) (Formula 159),AZI258,DISPENSED,-10,185.0,1850.0,CUSTOMER_DISPENSING,DISP-00159,2026-07-21T15:00:00Z,PHARM-KA-2022-7212,pharmaflow-main,SYNTHETIC_OPERATIONAL_RECORD
MOV-000160,MED-0160,Metformin 500mg (Glycomet 500) (Formula 160),MET259,DISPENSED,-10,57.5,575.0,CUSTOMER_DISPENSING,DISP-00160,2026-09-05T03:00:00Z,PHARM-HIST-0001,pharmaflow-main,SYNTHETIC_OPERATIONAL_RECORD
MOV-000161,MED-0161,Metformin 1000mg SR (Glucophage) (Formula 161),MET260,DISPENSED,-5,83.0,415.0,CUSTOMER_DISPENSING,DISP-00161,2026-07-02T14:00:00Z,PHARM-KA-2022-7212,pharmaflow-main,SYNTHETIC_OPERATIONAL_RECORD
MOV-000162,MED-0162,Pantoprazole 40mg (Pan 40) (Formula 162),PAN261,DISPENSED,-15,85.0,1275.0,CUSTOMER_DISPENSING,DISP-00162,2026-08-24T04:00:00Z,PHARM-HIST-0001,pharmaflow-main,SYNTHETIC_OPERATIONAL_RECORD
MOV-000163,MED-0163,Pantoprazole + Domperidone (Pan-D) (Formula 163),PAN262,DISPENSED,-10,147.5,1475.0,CUSTOMER_DISPENSING,DISP-00163,2026-05-17T02:00:00Z,PHARM-KA-2022-7212,pharmaflow-main,SYNTHETIC_OPERATIONAL_RECORD
MOV-000164,MED-0164,Omeprazole 20mg (Omez) (Formula 164),OME263,DISPENSED,-20,67.0,1340.0,CUSTOMER_DISPENSING,DISP-00164,2026-08-12T06:00:00Z,PHARM-HIST-0001,pharmaflow-main,SYNTHETIC_OPERATIONAL_RECORD
MOV-000165,MED-0165,Telmisartan 40mg (Telma 40) (Formula 165),TEL264,DISPENSED,-15,105.5,1582.5,CUSTOMER_DISPENSING,DISP-00165,2026-08-18T07:00:00Z,PHARM-KA-2022-7212,pharmaflow-main,SYNTHETIC_OPERATIONAL_RECORD
MOV-000166,MED-0166,Telmisartan + Amlodipine (Telma-AM) (Formula 166),TEL265,DISPENSED,-15,150.0,2250.0,CUSTOMER_DISPENSING,DISP-00166,2026-08-02T14:00:00Z,PHARM-HIST-0001,pharmaflow-main,SYNTHETIC_OPERATIONAL_RECORD
MOV-000167,MED-0167,Atorvastatin 10mg (Atorva 10) (Formula 167),ATO266,DISPENSED,-20,122.5,2450.0,CUSTOMER_DISPENSING,DISP-00167,2026-08-02T10:00:00Z,PHARM-KA-2022-7212,pharmaflow-main,SYNTHETIC_OPERATIONAL_RECORD
MOV-000168,MED-0168,Rosuvastatin 10mg (Rosuvas 10) (Formula 168),ROS267,DISPENSED,-20,150.0,3000.0,CUSTOMER_DISPENSING,DISP-00168,2026-07-09T18:00:00Z,PHARM-HIST-0001,pharmaflow-main,SYNTHETIC_OPERATIONAL_RECORD
MOV-000169,MED-0169,Ciprofloxacin 500mg (Ciplox 500) (Formula 169),CIP268,DISPENSED,-15,72.0,1080.0,CUSTOMER_DISPENSING,DISP-00169,2026-07-10T16:00:00Z,PHARM-KA-2022-7212,pharmaflow-main,SYNTHETIC_OPERATIONAL_RECORD
MOV-000170,MED-0170,Ofloxacin + Ornidazole (O2) (Formula 170),OFL269,DISPENSED,-20,117.5,2350.0,CUSTOMER_DISPENSING,DISP-00170,2026-04-29T15:00:00Z,PHARM-HIST-0001,pharmaflow-main,SYNTHETIC_OPERATIONAL_RECORD
MOV-000171,MED-0171,Montelukast + Levocetirizine (Montair-LC) (Formula 171),MON270,DISPENSED,-10,163.0,1630.0,CUSTOMER_DISPENSING,DISP-00171,2026-09-28T18:00:00Z,PHARM-KA-2022-7212,pharmaflow-main,SYNTHETIC_OPERATIONAL_RECORD
MOV-000172,MED-0172,Ibuprofen 400mg (Brufen 400) (Formula 172),IBU271,DISPENSED,-20,35.5,710.0,CUSTOMER_DISPENSING,DISP-00172,2026-08-29T19:00:00Z,PHARM-HIST-0001,pharmaflow-main,SYNTHETIC_OPERATIONAL_RECORD
MOV-000173,MED-0173,Aceclofenac + Paracetamol (Zerodol-P) (Formula 173),ACE272,DISPENSED,-10,85.0,850.0,CUSTOMER_DISPENSING,DISP-00173,2026-04-11T23:00:00Z,PHARM-KA-2022-7212,pharmaflow-main,SYNTHETIC_OPERATIONAL_RECORD
MOV-000174,MED-0174,Vildagliptin + Metformin (Galvus Met) (Formula 174),VIL273,DISPENSED,-15,252.5,3787.5,CUSTOMER_DISPENSING,DISP-00174,2026-04-25T15:00:00Z,PHARM-HIST-0001,pharmaflow-main,SYNTHETIC_OPERATIONAL_RECORD
MOV-000175,MED-0175,Rabeprazole 20mg (Razo 20) (Formula 175),RAB274,DISPENSED,-15,127.0,1905.0,CUSTOMER_DISPENSING,DISP-00175,2026-08-16T02:00:00Z,PHARM-KA-2022-7212,pharmaflow-main,SYNTHETIC_OPERATIONAL_RECORD
MOV-000176,MED-0176,Cough Syrup (Ascoril-D) (Formula 176),COU275,DISPENSED,-15,88.0,1320.0,CUSTOMER_DISPENSING,DISP-00176,2026-09-14T20:00:00Z,PHARM-HIST-0001,pharmaflow-main,SYNTHETIC_OPERATIONAL_RECORD
MOV-000177,MED-0177,Oral Rehydration Salts (Electral ORS) (Formula 177),ORA276,DISPENSED,-10,20.5,205.0,CUSTOMER_DISPENSING,DISP-00177,2026-08-03T06:00:00Z,PHARM-KA-2022-7212,pharmaflow-main,SYNTHETIC_OPERATIONAL_RECORD
MOV-000178,MED-0178,Multivitamin + Zinc (Becadexamin) (Formula 178),MUL277,DISPENSED,-20,47.0,940.0,CUSTOMER_DISPENSING,DISP-00178,2026-08-03T11:00:00Z,PHARM-HIST-0001,pharmaflow-main,SYNTHETIC_OPERATIONAL_RECORD
MOV-000179,MED-0179,Thyroxine Sodium 50mcg (Thyronorm 50) (Formula 179),THY278,DISPENSED,-5,132.5,662.5,CUSTOMER_DISPENSING,DISP-00179,2026-05-28T15:00:00Z,PHARM-KA-2022-7212,pharmaflow-main,SYNTHETIC_OPERATIONAL_RECORD
MOV-000180,MED-0180,Clopidogrel 75mg (Clopilet 75) (Formula 180),CLO279,DISPENSED,-10,140.0,1400.0,CUSTOMER_DISPENSING,DISP-00180,2026-06-09T08:00:00Z,PHARM-HIST-0001,pharmaflow-main,SYNTHETIC_OPERATIONAL_RECORD
MOV-000181,MED-0181,Paracetamol 500mg (Formula 181),PAR280,DISPENSED,-20,37.5,750.0,CUSTOMER_DISPENSING,DISP-00181,2026-05-11T02:00:00Z,PHARM-KA-2022-7212,pharmaflow-main,SYNTHETIC_OPERATIONAL_RECORD
MOV-000182,MED-0182,Paracetamol 650mg (Dolo 650) (Formula 182),PAR281,DISPENSED,-15,47.0,705.0,CUSTOMER_DISPENSING,DISP-00182,2026-05-17T00:00:00Z,PHARM-HIST-0001,pharmaflow-main,SYNTHETIC_OPERATIONAL_RECORD
MOV-000183,MED-0183,Vitamin D3 60K (Calcirol) (Formula 183),VIT282,DISPENSED,-5,65.0,325.0,CUSTOMER_DISPENSING,DISP-00183,2026-07-17T14:00:00Z,PHARM-KA-2022-7212,pharmaflow-main,SYNTHETIC_OPERATIONAL_RECORD
MOV-000184,MED-0184,Amoxicillin 500mg (Novamox) (Formula 184),AMO283,DISPENSED,-5,97.5,487.5,CUSTOMER_DISPENSING,DISP-00184,2026-04-30T01:00:00Z,PHARM-HIST-0001,pharmaflow-main,SYNTHETIC_OPERATIONAL_RECORD
MOV-000185,MED-0185,Amoxicillin + Clavulanic Acid 625mg (Augmentin) (Formula 185),AMO284,DISPENSED,-5,170.0,850.0,CUSTOMER_DISPENSING,DISP-00185,2026-08-28T23:00:00Z,PHARM-KA-2022-7212,pharmaflow-main,SYNTHETIC_OPERATIONAL_RECORD
MOV-000186,MED-0186,Cetirizine 10mg (Cetzine) (Formula 186),CET285,DISPENSED,-20,42.5,850.0,CUSTOMER_DISPENSING,DISP-00186,2026-07-15T02:00:00Z,PHARM-HIST-0001,pharmaflow-main,SYNTHETIC_OPERATIONAL_RECORD
MOV-000187,MED-0187,Levocetirizine 5mg (Levocet) (Formula 187),LEV286,DISPENSED,-5,58.0,290.0,CUSTOMER_DISPENSING,DISP-00187,2026-08-22T01:00:00Z,PHARM-KA-2022-7212,pharmaflow-main,SYNTHETIC_OPERATIONAL_RECORD
MOV-000188,MED-0188,Azithromycin 250mg (Azee 250) (Formula 188),AZI287,DISPENSED,-15,132.5,1987.5,CUSTOMER_DISPENSING,DISP-00188,2026-08-27T22:00:00Z,PHARM-HIST-0001,pharmaflow-main,SYNTHETIC_OPERATIONAL_RECORD
MOV-000189,MED-0189,Azithromycin 500mg (Azithral 500) (Formula 189),AZI288,DISPENSED,-10,190.0,1900.0,CUSTOMER_DISPENSING,DISP-00189,2026-10-02T22:00:00Z,PHARM-KA-2022-7212,pharmaflow-main,SYNTHETIC_OPERATIONAL_RECORD
MOV-000190,MED-0190,Metformin 500mg (Glycomet 500) (Formula 190),MET289,DISPENSED,-20,45.0,900.0,CUSTOMER_DISPENSING,DISP-00190,2026-05-09T18:00:00Z,PHARM-HIST-0001,pharmaflow-main,SYNTHETIC_OPERATIONAL_RECORD
MOV-000191,MED-0191,Metformin 1000mg SR (Glucophage) (Formula 191),MET290,DISPENSED,-20,70.5,1410.0,CUSTOMER_DISPENSING,DISP-00191,2026-06-27T21:00:00Z,PHARM-KA-2022-7212,pharmaflow-main,SYNTHETIC_OPERATIONAL_RECORD
MOV-000192,MED-0192,Pantoprazole 40mg (Pan 40) (Formula 192),PAN291,DISPENSED,-10,90.0,900.0,CUSTOMER_DISPENSING,DISP-00192,2026-08-04T13:00:00Z,PHARM-HIST-0001,pharmaflow-main,SYNTHETIC_OPERATIONAL_RECORD
MOV-000193,MED-0193,Pantoprazole + Domperidone (Pan-D) (Formula 193),PAN292,DISPENSED,-15,152.5,2287.5,CUSTOMER_DISPENSING,DISP-00193,2026-05-08T02:00:00Z,PHARM-KA-2022-7212,pharmaflow-main,SYNTHETIC_OPERATIONAL_RECORD
MOV-000194,MED-0194,Omeprazole 20mg (Omez) (Formula 194),OME293,DISPENSED,-20,72.0,1440.0,CUSTOMER_DISPENSING,DISP-00194,2026-04-18T00:00:00Z,PHARM-HIST-0001,pharmaflow-main,SYNTHETIC_OPERATIONAL_RECORD
MOV-000195,MED-0195,Telmisartan 40mg (Telma 40) (Formula 195),TEL294,DISPENSED,-15,110.5,1657.5,CUSTOMER_DISPENSING,DISP-00195,2026-09-28T05:00:00Z,PHARM-KA-2022-7212,pharmaflow-main,SYNTHETIC_OPERATIONAL_RECORD
MOV-000196,MED-0196,Telmisartan + Amlodipine (Telma-AM) (Formula 196),TEL295,DISPENSED,-5,155.0,775.0,CUSTOMER_DISPENSING,DISP-00196,2026-06-22T23:00:00Z,PHARM-HIST-0001,pharmaflow-main,SYNTHETIC_OPERATIONAL_RECORD
MOV-000197,MED-0197,Atorvastatin 10mg (Atorva 10) (Formula 197),ATO296,DISPENSED,-15,110.0,1650.0,CUSTOMER_DISPENSING,DISP-00197,2026-05-14T00:00:00Z,PHARM-KA-2022-7212,pharmaflow-main,SYNTHETIC_OPERATIONAL_RECORD
MOV-000198,MED-0198,Rosuvastatin 10mg (Rosuvas 10) (Formula 198),ROS297,DISPENSED,-5,137.5,687.5,CUSTOMER_DISPENSING,DISP-00198,2026-08-27T20:00:00Z,PHARM-HIST-0001,pharmaflow-main,SYNTHETIC_OPERATIONAL_RECORD
MOV-000199,MED-0199,Ciprofloxacin 500mg (Ciplox 500) (Formula 199),CIP298,DISPENSED,-10,77.0,770.0,CUSTOMER_DISPENSING,DISP-00199,2026-07-23T17:00:00Z,PHARM-KA-2022-7212,pharmaflow-main,SYNTHETIC_OPERATIONAL_RECORD
MOV-000200,MED-0200,Ofloxacin + Ornidazole (O2) (Formula 200),OFL299,DISPENSED,-10,122.5,1225.0,CUSTOMER_DISPENSING,DISP-00200,2026-05-16T08:00:00Z,PHARM-HIST-0001,pharmaflow-main,SYNTHETIC_OPERATIONAL_RECORD
MOV-000201,MED-0201,Montelukast + Levocetirizine (Montair-LC) (Formula 201),MON300,DISPENSED,-10,168.0,1680.0,CUSTOMER_DISPENSING,DISP-00201,2026-04-22T02:00:00Z,PHARM-KA-2022-7212,pharmaflow-main,SYNTHETIC_OPERATIONAL_RECORD
MOV-000202,MED-0202,Ibuprofen 400mg (Brufen 400) (Formula 202),IBU301,DISPENSED,-5,40.5,202.5,CUSTOMER_DISPENSING,DISP-00202,2026-09-15T03:00:00Z,PHARM-HIST-0001,pharmaflow-main,SYNTHETIC_OPERATIONAL_RECORD
MOV-000203,MED-0203,Aceclofenac + Paracetamol (Zerodol-P) (Formula 203),ACE302,DISPENSED,-10,90.0,900.0,CUSTOMER_DISPENSING,DISP-00203,2026-07-11T22:00:00Z,PHARM-KA-2022-7212,pharmaflow-main,SYNTHETIC_OPERATIONAL_RECORD
MOV-000204,MED-0204,Vildagliptin + Metformin (Galvus Met) (Formula 204),VIL303,DISPENSED,-20,240.0,4800.0,CUSTOMER_DISPENSING,DISP-00204,2026-08-26T22:00:00Z,PHARM-HIST-0001,pharmaflow-main,SYNTHETIC_OPERATIONAL_RECORD
MOV-000205,MED-0205,Rabeprazole 20mg (Razo 20) (Formula 205),RAB304,DISPENSED,-5,114.5,572.5,CUSTOMER_DISPENSING,DISP-00205,2026-04-23T08:00:00Z,PHARM-KA-2022-7212,pharmaflow-main,SYNTHETIC_OPERATIONAL_RECORD
MOV-000206,MED-0206,Cough Syrup (Ascoril-D) (Formula 206),COU305,DISPENSED,-10,93.0,930.0,CUSTOMER_DISPENSING,DISP-00206,2026-08-25T03:00:00Z,PHARM-HIST-0001,pharmaflow-main,SYNTHETIC_OPERATIONAL_RECORD
MOV-000207,MED-0207,Oral Rehydration Salts (Electral ORS) (Formula 207),ORA306,DISPENSED,-15,25.5,382.5,CUSTOMER_DISPENSING,DISP-00207,2026-09-18T07:00:00Z,PHARM-KA-2022-7212,pharmaflow-main,SYNTHETIC_OPERATIONAL_RECORD
MOV-000208,MED-0208,Multivitamin + Zinc (Becadexamin) (Formula 208),MUL307,DISPENSED,-10,52.0,520.0,CUSTOMER_DISPENSING,DISP-00208,2026-08-16T23:00:00Z,PHARM-HIST-0001,pharmaflow-main,SYNTHETIC_OPERATIONAL_RECORD
MOV-000209,MED-0209,Thyroxine Sodium 50mcg (Thyronorm 50) (Formula 209),THY308,DISPENSED,-5,137.5,687.5,CUSTOMER_DISPENSING,DISP-00209,2026-08-07T08:00:00Z,PHARM-KA-2022-7212,pharmaflow-main,SYNTHETIC_OPERATIONAL_RECORD
MOV-000210,MED-0210,Clopidogrel 75mg (Clopilet 75) (Formula 210),CLO309,DISPENSED,-15,145.0,2175.0,CUSTOMER_DISPENSING,DISP-00210,2026-10-06T21:00:00Z,PHARM-HIST-0001,pharmaflow-main,SYNTHETIC_OPERATIONAL_RECORD
MOV-000211,MED-0211,Paracetamol 500mg (Formula 211),PAR310,DISPENSED,-10,25.0,250.0,CUSTOMER_DISPENSING,DISP-00211,2026-07-12T09:00:00Z,PHARM-KA-2022-7212,pharmaflow-main,SYNTHETIC_OPERATIONAL_RECORD
MOV-000212,MED-0212,Paracetamol 650mg (Dolo 650) (Formula 212),PAR311,DISPENSED,-20,34.5,690.0,CUSTOMER_DISPENSING,DISP-00212,2026-05-20T15:00:00Z,PHARM-HIST-0001,pharmaflow-main,SYNTHETIC_OPERATIONAL_RECORD
MOV-000213,MED-0213,Vitamin D3 60K (Calcirol) (Formula 213),VIT312,DISPENSED,-20,70.0,1400.0,CUSTOMER_DISPENSING,DISP-00213,2026-04-13T06:00:00Z,PHARM-KA-2022-7212,pharmaflow-main,SYNTHETIC_OPERATIONAL_RECORD
MOV-000214,MED-0214,Amoxicillin 500mg (Novamox) (Formula 214),AMO313,DISPENSED,-20,102.5,2050.0,CUSTOMER_DISPENSING,DISP-00214,2026-04-20T00:00:00Z,PHARM-HIST-0001,pharmaflow-main,SYNTHETIC_OPERATIONAL_RECORD
MOV-000215,MED-0215,Amoxicillin + Clavulanic Acid 625mg (Augmentin) (Formula 215),AMO314,DISPENSED,-20,175.0,3500.0,CUSTOMER_DISPENSING,DISP-00215,2026-04-11T05:00:00Z,PHARM-KA-2022-7212,pharmaflow-main,SYNTHETIC_OPERATIONAL_RECORD
MOV-000216,MED-0216,Cetirizine 10mg (Cetzine) (Formula 216),CET315,DISPENSED,-5,47.5,237.5,CUSTOMER_DISPENSING,DISP-00216,2026-07-01T08:00:00Z,PHARM-HIST-0001,pharmaflow-main,SYNTHETIC_OPERATIONAL_RECORD
MOV-000217,MED-0217,Levocetirizine 5mg (Levocet) (Formula 217),LEV316,DISPENSED,-15,63.0,945.0,CUSTOMER_DISPENSING,DISP-00217,2026-09-04T00:00:00Z,PHARM-KA-2022-7212,pharmaflow-main,SYNTHETIC_OPERATIONAL_RECORD
MOV-000218,MED-0218,Azithromycin 250mg (Azee 250) (Formula 218),AZI317,DISPENSED,-15,120.0,1800.0,CUSTOMER_DISPENSING,DISP-00218,2026-07-27T15:00:00Z,PHARM-HIST-0001,pharmaflow-main,SYNTHETIC_OPERATIONAL_RECORD
MOV-000219,MED-0219,Azithromycin 500mg (Azithral 500) (Formula 219),AZI318,DISPENSED,-20,177.5,3550.0,CUSTOMER_DISPENSING,DISP-00219,2026-05-09T00:00:00Z,PHARM-KA-2022-7212,pharmaflow-main,SYNTHETIC_OPERATIONAL_RECORD
MOV-000220,MED-0220,Metformin 500mg (Glycomet 500) (Formula 220),MET319,DISPENSED,-5,50.0,250.0,CUSTOMER_DISPENSING,DISP-00220,2026-07-11T21:00:00Z,PHARM-HIST-0001,pharmaflow-main,SYNTHETIC_OPERATIONAL_RECORD
MOV-000221,MED-0221,Metformin 1000mg SR (Glucophage) (Formula 221),MET320,DISPENSED,-5,75.5,377.5,CUSTOMER_DISPENSING,DISP-00221,2026-08-12T17:00:00Z,PHARM-KA-2022-7212,pharmaflow-main,SYNTHETIC_OPERATIONAL_RECORD
MOV-000222,MED-0222,Pantoprazole 40mg (Pan 40) (Formula 222),PAN321,DISPENSED,-10,95.0,950.0,CUSTOMER_DISPENSING,DISP-00222,2026-08-09T01:00:00Z,PHARM-HIST-0001,pharmaflow-main,SYNTHETIC_OPERATIONAL_RECORD
MOV-000223,MED-0223,Pantoprazole + Domperidone (Pan-D) (Formula 223),PAN322,DISPENSED,-15,157.5,2362.5,CUSTOMER_DISPENSING,DISP-00223,2026-07-12T20:00:00Z,PHARM-KA-2022-7212,pharmaflow-main,SYNTHETIC_OPERATIONAL_RECORD
MOV-000224,MED-0224,Omeprazole 20mg (Omez) (Formula 224),OME323,DISPENSED,-5,77.0,385.0,CUSTOMER_DISPENSING,DISP-00224,2026-05-04T17:00:00Z,PHARM-HIST-0001,pharmaflow-main,SYNTHETIC_OPERATIONAL_RECORD
MOV-000225,MED-0225,Telmisartan 40mg (Telma 40) (Formula 225),TEL324,DISPENSED,-20,98.0,1960.0,CUSTOMER_DISPENSING,DISP-00225,2026-09-18T16:00:00Z,PHARM-KA-2022-7212,pharmaflow-main,SYNTHETIC_OPERATIONAL_RECORD
MOV-000226,MED-0226,Telmisartan + Amlodipine (Telma-AM) (Formula 226),TEL325,DISPENSED,-10,142.5,1425.0,CUSTOMER_DISPENSING,DISP-00226,2026-09-02T21:00:00Z,PHARM-HIST-0001,pharmaflow-main,SYNTHETIC_OPERATIONAL_RECORD
MOV-000227,MED-0227,Atorvastatin 10mg (Atorva 10) (Formula 227),ATO326,DISPENSED,-10,115.0,1150.0,CUSTOMER_DISPENSING,DISP-00227,2026-09-27T06:00:00Z,PHARM-KA-2022-7212,pharmaflow-main,SYNTHETIC_OPERATIONAL_RECORD
MOV-000228,MED-0228,Rosuvastatin 10mg (Rosuvas 10) (Formula 228),ROS327,DISPENSED,-15,142.5,2137.5,CUSTOMER_DISPENSING,DISP-00228,2026-06-19T10:00:00Z,PHARM-HIST-0001,pharmaflow-main,SYNTHETIC_OPERATIONAL_RECORD
MOV-000229,MED-0229,Ciprofloxacin 500mg (Ciplox 500) (Formula 229),CIP328,DISPENSED,-15,82.0,1230.0,CUSTOMER_DISPENSING,DISP-00229,2026-07-01T16:00:00Z,PHARM-KA-2022-7212,pharmaflow-main,SYNTHETIC_OPERATIONAL_RECORD
MOV-000230,MED-0230,Ofloxacin + Ornidazole (O2) (Formula 230),OFL329,DISPENSED,-10,127.5,1275.0,CUSTOMER_DISPENSING,DISP-00230,2026-06-22T08:00:00Z,PHARM-HIST-0001,pharmaflow-main,SYNTHETIC_OPERATIONAL_RECORD
MOV-000231,MED-0231,Montelukast + Levocetirizine (Montair-LC) (Formula 231),MON330,DISPENSED,-15,173.0,2595.0,CUSTOMER_DISPENSING,DISP-00231,2026-07-21T00:00:00Z,PHARM-KA-2022-7212,pharmaflow-main,SYNTHETIC_OPERATIONAL_RECORD
MOV-000232,MED-0232,Ibuprofen 400mg (Brufen 400) (Formula 232),IBU331,DISPENSED,-20,28.0,560.0,CUSTOMER_DISPENSING,DISP-00232,2026-09-30T04:00:00Z,PHARM-HIST-0001,pharmaflow-main,SYNTHETIC_OPERATIONAL_RECORD
MOV-000233,MED-0233,Aceclofenac + Paracetamol (Zerodol-P) (Formula 233),ACE332,DISPENSED,-20,77.5,1550.0,CUSTOMER_DISPENSING,DISP-00233,2026-08-24T07:00:00Z,PHARM-KA-2022-7212,pharmaflow-main,SYNTHETIC_OPERATIONAL_RECORD
MOV-000234,MED-0234,Vildagliptin + Metformin (Galvus Met) (Formula 234),VIL333,DISPENSED,-20,245.0,4900.0,CUSTOMER_DISPENSING,DISP-00234,2026-04-16T20:00:00Z,PHARM-HIST-0001,pharmaflow-main,SYNTHETIC_OPERATIONAL_RECORD
MOV-000235,MED-0235,Rabeprazole 20mg (Razo 20) (Formula 235),RAB334,DISPENSED,-5,119.5,597.5,CUSTOMER_DISPENSING,DISP-00235,2026-06-11T10:00:00Z,PHARM-KA-2022-7212,pharmaflow-main,SYNTHETIC_OPERATIONAL_RECORD
MOV-000236,MED-0236,Cough Syrup (Ascoril-D) (Formula 236),COU335,DISPENSED,-15,98.0,1470.0,CUSTOMER_DISPENSING,DISP-00236,2026-04-15T13:00:00Z,PHARM-HIST-0001,pharmaflow-main,SYNTHETIC_OPERATIONAL_RECORD
MOV-000237,MED-0237,Oral Rehydration Salts (Electral ORS) (Formula 237),ORA336,DISPENSED,-5,30.5,152.5,CUSTOMER_DISPENSING,DISP-00237,2026-04-24T00:00:00Z,PHARM-KA-2022-7212,pharmaflow-main,SYNTHETIC_OPERATIONAL_RECORD
MOV-000238,MED-0238,Multivitamin + Zinc (Becadexamin) (Formula 238),MUL337,DISPENSED,-5,57.0,285.0,CUSTOMER_DISPENSING,DISP-00238,2026-08-28T02:00:00Z,PHARM-HIST-0001,pharmaflow-main,SYNTHETIC_OPERATIONAL_RECORD
MOV-000239,MED-0239,Thyroxine Sodium 50mcg (Thyronorm 50) (Formula 239),THY338,DISPENSED,-10,125.0,1250.0,CUSTOMER_DISPENSING,DISP-00239,2026-05-13T20:00:00Z,PHARM-KA-2022-7212,pharmaflow-main,SYNTHETIC_OPERATIONAL_RECORD
MOV-000240,MED-0240,Clopidogrel 75mg (Clopilet 75) (Formula 240),CLO339,DISPENSED,-20,132.5,2650.0,CUSTOMER_DISPENSING,DISP-00240,2026-04-15T22:00:00Z,PHARM-HIST-0001,pharmaflow-main,SYNTHETIC_OPERATIONAL_RECORD
MOV-000241,MED-0241,Paracetamol 500mg (Formula 241),PAR340,DISPENSED,-5,30.0,150.0,CUSTOMER_DISPENSING,DISP-00241,2026-06-05T16:00:00Z,PHARM-KA-2022-7212,pharmaflow-main,SYNTHETIC_OPERATIONAL_RECORD
MOV-000242,MED-0242,Paracetamol 650mg (Dolo 650) (Formula 242),PAR341,DISPENSED,-20,39.5,790.0,CUSTOMER_DISPENSING,DISP-00242,2026-06-22T11:00:00Z,PHARM-HIST-0001,pharmaflow-main,SYNTHETIC_OPERATIONAL_RECORD
MOV-000243,MED-0243,Vitamin D3 60K (Calcirol) (Formula 243),VIT342,DISPENSED,-15,75.0,1125.0,CUSTOMER_DISPENSING,DISP-00243,2026-06-22T04:00:00Z,PHARM-KA-2022-7212,pharmaflow-main,SYNTHETIC_OPERATIONAL_RECORD
MOV-000244,MED-0244,Amoxicillin 500mg (Novamox) (Formula 244),AMO343,DISPENSED,-5,107.5,537.5,CUSTOMER_DISPENSING,DISP-00244,2026-05-06T22:00:00Z,PHARM-HIST-0001,pharmaflow-main,SYNTHETIC_OPERATIONAL_RECORD
MOV-000245,MED-0245,Amoxicillin + Clavulanic Acid 625mg (Augmentin) (Formula 245),AMO344,DISPENSED,-15,180.0,2700.0,CUSTOMER_DISPENSING,DISP-00245,2026-06-08T14:00:00Z,PHARM-KA-2022-7212,pharmaflow-main,SYNTHETIC_OPERATIONAL_RECORD
MOV-000246,MED-0246,Cetirizine 10mg (Cetzine) (Formula 246),CET345,DISPENSED,-15,35.0,525.0,CUSTOMER_DISPENSING,DISP-00246,2026-05-25T01:00:00Z,PHARM-HIST-0001,pharmaflow-main,SYNTHETIC_OPERATIONAL_RECORD
MOV-000247,MED-0247,Levocetirizine 5mg (Levocet) (Formula 247),LEV346,DISPENSED,-5,50.5,252.5,CUSTOMER_DISPENSING,DISP-00247,2026-08-23T23:00:00Z,PHARM-KA-2022-7212,pharmaflow-main,SYNTHETIC_OPERATIONAL_RECORD
MOV-000248,MED-0248,Azithromycin 250mg (Azee 250) (Formula 248),AZI347,DISPENSED,-20,125.0,2500.0,CUSTOMER_DISPENSING,DISP-00248,2026-04-19T10:00:00Z,PHARM-HIST-0001,pharmaflow-main,SYNTHETIC_OPERATIONAL_RECORD
MOV-000249,MED-0249,Azithromycin 500mg (Azithral 500) (Formula 249),AZI348,DISPENSED,-10,182.5,1825.0,CUSTOMER_DISPENSING,DISP-00249,2026-10-07T02:00:00Z,PHARM-KA-2022-7212,pharmaflow-main,SYNTHETIC_OPERATIONAL_RECORD
MOV-000250,MED-0250,Metformin 500mg (Glycomet 500) (Formula 250),MET349,DISPENSED,-15,55.0,825.0,CUSTOMER_DISPENSING,DISP-00250,2026-08-18T20:00:00Z,PHARM-HIST-0001,pharmaflow-main,SYNTHETIC_OPERATIONAL_RECORD
MOV-000251,MED-0251,Metformin 1000mg SR (Glucophage) (Formula 251),MET350,DISPENSED,-20,80.5,1610.0,CUSTOMER_DISPENSING,DISP-00251,2026-06-19T11:00:00Z,PHARM-KA-2022-7212,pharmaflow-main,SYNTHETIC_OPERATIONAL_RECORD
MOV-000252,MED-0252,Pantoprazole 40mg (Pan 40) (Formula 252),PAN351,DISPENSED,-20,100.0,2000.0,CUSTOMER_DISPENSING,DISP-00252,2026-07-28T11:00:00Z,PHARM-HIST-0001,pharmaflow-main,SYNTHETIC_OPERATIONAL_RECORD
MOV-000253,MED-0253,Pantoprazole + Domperidone (Pan-D) (Formula 253),PAN352,DISPENSED,-5,145.0,725.0,CUSTOMER_DISPENSING,DISP-00253,2026-06-04T22:00:00Z,PHARM-KA-2022-7212,pharmaflow-main,SYNTHETIC_OPERATIONAL_RECORD
MOV-000254,MED-0254,Omeprazole 20mg (Omez) (Formula 254),OME353,DISPENSED,-15,64.5,967.5,CUSTOMER_DISPENSING,DISP-00254,2026-09-25T17:00:00Z,PHARM-HIST-0001,pharmaflow-main,SYNTHETIC_OPERATIONAL_RECORD
MOV-000255,MED-0255,Telmisartan 40mg (Telma 40) (Formula 255),TEL354,DISPENSED,-15,103.0,1545.0,CUSTOMER_DISPENSING,DISP-00255,2026-08-04T23:00:00Z,PHARM-KA-2022-7212,pharmaflow-main,SYNTHETIC_OPERATIONAL_RECORD
MOV-000256,MED-0256,Telmisartan + Amlodipine (Telma-AM) (Formula 256),TEL355,DISPENSED,-15,147.5,2212.5,CUSTOMER_DISPENSING,DISP-00256,2026-04-19T03:00:00Z,PHARM-HIST-0001,pharmaflow-main,SYNTHETIC_OPERATIONAL_RECORD
MOV-000257,MED-0257,Atorvastatin 10mg (Atorva 10) (Formula 257),ATO356,DISPENSED,-5,120.0,600.0,CUSTOMER_DISPENSING,DISP-00257,2026-05-23T04:00:00Z,PHARM-KA-2022-7212,pharmaflow-main,SYNTHETIC_OPERATIONAL_RECORD
MOV-000258,MED-0258,Rosuvastatin 10mg (Rosuvas 10) (Formula 258),ROS357,DISPENSED,-10,147.5,1475.0,CUSTOMER_DISPENSING,DISP-00258,2026-07-25T01:00:00Z,PHARM-HIST-0001,pharmaflow-main,SYNTHETIC_OPERATIONAL_RECORD
MOV-000259,MED-0259,Ciprofloxacin 500mg (Ciplox 500) (Formula 259),CIP358,DISPENSED,-20,87.0,1740.0,CUSTOMER_DISPENSING,DISP-00259,2026-10-03T22:00:00Z,PHARM-KA-2022-7212,pharmaflow-main,SYNTHETIC_OPERATIONAL_RECORD
MOV-000260,MED-0260,Ofloxacin + Ornidazole (O2) (Formula 260),OFL359,DISPENSED,-15,115.0,1725.0,CUSTOMER_DISPENSING,DISP-00260,2026-07-23T16:00:00Z,PHARM-HIST-0001,pharmaflow-main,SYNTHETIC_OPERATIONAL_RECORD
MOV-000261,MED-0261,Montelukast + Levocetirizine (Montair-LC) (Formula 261),MON360,DISPENSED,-5,160.5,802.5,CUSTOMER_DISPENSING,DISP-00261,2026-05-09T09:00:00Z,PHARM-KA-2022-7212,pharmaflow-main,SYNTHETIC_OPERATIONAL_RECORD
MOV-000262,MED-0262,Ibuprofen 400mg (Brufen 400) (Formula 262),IBU361,DISPENSED,-15,33.0,495.0,CUSTOMER_DISPENSING,DISP-00262,2026-09-28T19:00:00Z,PHARM-HIST-0001,pharmaflow-main,SYNTHETIC_OPERATIONAL_RECORD
MOV-000263,MED-0263,Aceclofenac + Paracetamol (Zerodol-P) (Formula 263),ACE362,DISPENSED,-20,82.5,1650.0,CUSTOMER_DISPENSING,DISP-00263,2026-08-06T07:00:00Z,PHARM-KA-2022-7212,pharmaflow-main,SYNTHETIC_OPERATIONAL_RECORD
MOV-000264,MED-0264,Vildagliptin + Metformin (Galvus Met) (Formula 264),VIL363,DISPENSED,-5,250.0,1250.0,CUSTOMER_DISPENSING,DISP-00264,2026-05-25T09:00:00Z,PHARM-HIST-0001,pharmaflow-main,SYNTHETIC_OPERATIONAL_RECORD
MOV-000265,MED-0265,Rabeprazole 20mg (Razo 20) (Formula 265),RAB364,DISPENSED,-10,124.5,1245.0,CUSTOMER_DISPENSING,DISP-00265,2026-08-31T16:00:00Z,PHARM-KA-2022-7212,pharmaflow-main,SYNTHETIC_OPERATIONAL_RECORD
MOV-000266,MED-0266,Cough Syrup (Ascoril-D) (Formula 266),COU365,DISPENSED,-20,103.0,2060.0,CUSTOMER_DISPENSING,DISP-00266,2026-06-20T04:00:00Z,PHARM-HIST-0001,pharmaflow-main,SYNTHETIC_OPERATIONAL_RECORD
MOV-000267,MED-0267,Oral Rehydration Salts (Electral ORS) (Formula 267),ORA366,DISPENSED,-15,18.0,270.0,CUSTOMER_DISPENSING,DISP-00267,2026-06-12T14:00:00Z,PHARM-KA-2022-7212,pharmaflow-main,SYNTHETIC_OPERATIONAL_RECORD
MOV-000268,MED-0268,Multivitamin + Zinc (Becadexamin) (Formula 268),MUL367,DISPENSED,-10,44.5,445.0,CUSTOMER_DISPENSING,DISP-00268,2026-05-26T18:00:00Z,PHARM-HIST-0001,pharmaflow-main,SYNTHETIC_OPERATIONAL_RECORD
MOV-000269,MED-0269,Thyroxine Sodium 50mcg (Thyronorm 50) (Formula 269),THY368,DISPENSED,-20,130.0,2600.0,CUSTOMER_DISPENSING,DISP-00269,2026-09-28T10:00:00Z,PHARM-KA-2022-7212,pharmaflow-main,SYNTHETIC_OPERATIONAL_RECORD
MOV-000270,MED-0270,Clopidogrel 75mg (Clopilet 75) (Formula 270),CLO369,DISPENSED,-15,137.5,2062.5,CUSTOMER_DISPENSING,DISP-00270,2026-07-05T11:00:00Z,PHARM-HIST-0001,pharmaflow-main,SYNTHETIC_OPERATIONAL_RECORD
MOV-000271,MED-0271,Paracetamol 500mg (Formula 271),PAR370,DISPENSED,-10,35.0,350.0,CUSTOMER_DISPENSING,DISP-00271,2026-05-05T13:00:00Z,PHARM-KA-2022-7212,pharmaflow-main,SYNTHETIC_OPERATIONAL_RECORD
MOV-000272,MED-0272,Paracetamol 650mg (Dolo 650) (Formula 272),PAR371,DISPENSED,-5,44.5,222.5,CUSTOMER_DISPENSING,DISP-00272,2026-07-02T20:00:00Z,PHARM-HIST-0001,pharmaflow-main,SYNTHETIC_OPERATIONAL_RECORD
MOV-000273,MED-0273,Vitamin D3 60K (Calcirol) (Formula 273),VIT372,DISPENSED,-5,80.0,400.0,CUSTOMER_DISPENSING,DISP-00273,2026-07-13T16:00:00Z,PHARM-KA-2022-7212,pharmaflow-main,SYNTHETIC_OPERATIONAL_RECORD
MOV-000274,MED-0274,Amoxicillin 500mg (Novamox) (Formula 274),AMO373,DISPENSED,-15,95.0,1425.0,CUSTOMER_DISPENSING,DISP-00274,2026-06-22T00:00:00Z,PHARM-HIST-0001,pharmaflow-main,SYNTHETIC_OPERATIONAL_RECORD
MOV-000275,MED-0275,Amoxicillin + Clavulanic Acid 625mg (Augmentin) (Formula 275),AMO374,DISPENSED,-5,167.5,837.5,CUSTOMER_DISPENSING,DISP-00275,2026-08-21T13:00:00Z,PHARM-KA-2022-7212,pharmaflow-main,SYNTHETIC_OPERATIONAL_RECORD
MOV-000276,MED-0276,Cetirizine 10mg (Cetzine) (Formula 276),CET375,DISPENSED,-15,40.0,600.0,CUSTOMER_DISPENSING,DISP-00276,2026-04-23T13:00:00Z,PHARM-HIST-0001,pharmaflow-main,SYNTHETIC_OPERATIONAL_RECORD
MOV-000277,MED-0277,Levocetirizine 5mg (Levocet) (Formula 277),LEV376,DISPENSED,-5,55.5,277.5,CUSTOMER_DISPENSING,DISP-00277,2026-06-20T09:00:00Z,PHARM-KA-2022-7212,pharmaflow-main,SYNTHETIC_OPERATIONAL_RECORD
MOV-000278,MED-0278,Azithromycin 250mg (Azee 250) (Formula 278),AZI377,DISPENSED,-10,130.0,1300.0,CUSTOMER_DISPENSING,DISP-00278,2026-05-15T04:00:00Z,PHARM-HIST-0001,pharmaflow-main,SYNTHETIC_OPERATIONAL_RECORD
MOV-000279,MED-0279,Azithromycin 500mg (Azithral 500) (Formula 279),AZI378,DISPENSED,-15,187.5,2812.5,CUSTOMER_DISPENSING,DISP-00279,2026-05-03T20:00:00Z,PHARM-KA-2022-7212,pharmaflow-main,SYNTHETIC_OPERATIONAL_RECORD
MOV-000280,MED-0280,Metformin 500mg (Glycomet 500) (Formula 280),MET379,DISPENSED,-10,60.0,600.0,CUSTOMER_DISPENSING,DISP-00280,2026-04-14T11:00:00Z,PHARM-HIST-0001,pharmaflow-main,SYNTHETIC_OPERATIONAL_RECORD
MOV-000281,MED-0281,Metformin 1000mg SR (Glucophage) (Formula 281),MET380,DISPENSED,-15,68.0,1020.0,CUSTOMER_DISPENSING,DISP-00281,2026-05-14T21:00:00Z,PHARM-KA-2022-7212,pharmaflow-main,SYNTHETIC_OPERATIONAL_RECORD
MOV-000282,MED-0282,Pantoprazole 40mg (Pan 40) (Formula 282),PAN381,DISPENSED,-10,87.5,875.0,CUSTOMER_DISPENSING,DISP-00282,2026-06-19T04:00:00Z,PHARM-HIST-0001,pharmaflow-main,SYNTHETIC_OPERATIONAL_RECORD
MOV-000283,MED-0283,Pantoprazole + Domperidone (Pan-D) (Formula 283),PAN382,DISPENSED,-10,150.0,1500.0,CUSTOMER_DISPENSING,DISP-00283,2026-07-29T20:00:00Z,PHARM-KA-2022-7212,pharmaflow-main,SYNTHETIC_OPERATIONAL_RECORD
MOV-000284,MED-0284,Omeprazole 20mg (Omez) (Formula 284),OME383,DISPENSED,-5,69.5,347.5,CUSTOMER_DISPENSING,DISP-00284,2026-05-07T00:00:00Z,PHARM-HIST-0001,pharmaflow-main,SYNTHETIC_OPERATIONAL_RECORD
MOV-000285,MED-0285,Telmisartan 40mg (Telma 40) (Formula 285),TEL384,DISPENSED,-10,108.0,1080.0,CUSTOMER_DISPENSING,DISP-00285,2026-04-18T03:00:00Z,PHARM-KA-2022-7212,pharmaflow-main,SYNTHETIC_OPERATIONAL_RECORD
MOV-000286,MED-0286,Telmisartan + Amlodipine (Telma-AM) (Formula 286),TEL385,DISPENSED,-15,152.5,2287.5,CUSTOMER_DISPENSING,DISP-00286,2026-10-06T23:00:00Z,PHARM-HIST-0001,pharmaflow-main,SYNTHETIC_OPERATIONAL_RECORD
MOV-000287,MED-0287,Atorvastatin 10mg (Atorva 10) (Formula 287),ATO386,DISPENSED,-10,125.0,1250.0,CUSTOMER_DISPENSING,DISP-00287,2026-10-03T23:00:00Z,PHARM-KA-2022-7212,pharmaflow-main,SYNTHETIC_OPERATIONAL_RECORD
MOV-000288,MED-0288,Rosuvastatin 10mg (Rosuvas 10) (Formula 288),ROS387,DISPENSED,-10,135.0,1350.0,CUSTOMER_DISPENSING,DISP-00288,2026-07-30T04:00:00Z,PHARM-HIST-0001,pharmaflow-main,SYNTHETIC_OPERATIONAL_RECORD
MOV-000289,MED-0289,Ciprofloxacin 500mg (Ciplox 500) (Formula 289),CIP388,DISPENSED,-20,74.5,1490.0,CUSTOMER_DISPENSING,DISP-00289,2026-05-07T16:00:00Z,PHARM-KA-2022-7212,pharmaflow-main,SYNTHETIC_OPERATIONAL_RECORD
MOV-000290,MED-0290,Ofloxacin + Ornidazole (O2) (Formula 290),OFL389,DISPENSED,-15,120.0,1800.0,CUSTOMER_DISPENSING,DISP-00290,2026-09-14T05:00:00Z,PHARM-HIST-0001,pharmaflow-main,SYNTHETIC_OPERATIONAL_RECORD
MOV-000291,MED-0291,Montelukast + Levocetirizine (Montair-LC) (Formula 291),MON390,DISPENSED,-10,165.5,1655.0,CUSTOMER_DISPENSING,DISP-00291,2026-10-03T14:00:00Z,PHARM-KA-2022-7212,pharmaflow-main,SYNTHETIC_OPERATIONAL_RECORD
MOV-000292,MED-0292,Ibuprofen 400mg (Brufen 400) (Formula 292),IBU391,DISPENSED,-15,38.0,570.0,CUSTOMER_DISPENSING,DISP-00292,2026-08-13T10:00:00Z,PHARM-HIST-0001,pharmaflow-main,SYNTHETIC_OPERATIONAL_RECORD
MOV-000293,MED-0293,Aceclofenac + Paracetamol (Zerodol-P) (Formula 293),ACE392,DISPENSED,-15,87.5,1312.5,CUSTOMER_DISPENSING,DISP-00293,2026-05-05T22:00:00Z,PHARM-KA-2022-7212,pharmaflow-main,SYNTHETIC_OPERATIONAL_RECORD
MOV-000294,MED-0294,Vildagliptin + Metformin (Galvus Met) (Formula 294),VIL393,DISPENSED,-20,255.0,5100.0,CUSTOMER_DISPENSING,DISP-00294,2026-04-28T17:00:00Z,PHARM-HIST-0001,pharmaflow-main,SYNTHETIC_OPERATIONAL_RECORD
MOV-000295,MED-0295,Rabeprazole 20mg (Razo 20) (Formula 295),RAB394,DISPENSED,-15,112.0,1680.0,CUSTOMER_DISPENSING,DISP-00295,2026-05-23T00:00:00Z,PHARM-KA-2022-7212,pharmaflow-main,SYNTHETIC_OPERATIONAL_RECORD
MOV-000296,MED-0296,Cough Syrup (Ascoril-D) (Formula 296),COU395,DISPENSED,-20,90.5,1810.0,CUSTOMER_DISPENSING,DISP-00296,2026-05-19T12:00:00Z,PHARM-HIST-0001,pharmaflow-main,SYNTHETIC_OPERATIONAL_RECORD
MOV-000297,MED-0297,Oral Rehydration Salts (Electral ORS) (Formula 297),ORA396,DISPENSED,-15,23.0,345.0,CUSTOMER_DISPENSING,DISP-00297,2026-07-13T02:00:00Z,PHARM-KA-2022-7212,pharmaflow-main,SYNTHETIC_OPERATIONAL_RECORD
MOV-000298,MED-0298,Multivitamin + Zinc (Becadexamin) (Formula 298),MUL397,DISPENSED,-15,49.5,742.5,CUSTOMER_DISPENSING,DISP-00298,2026-06-17T08:00:00Z,PHARM-HIST-0001,pharmaflow-main,SYNTHETIC_OPERATIONAL_RECORD
MOV-000299,MED-0299,Thyroxine Sodium 50mcg (Thyronorm 50) (Formula 299),THY398,DISPENSED,-20,135.0,2700.0,CUSTOMER_DISPENSING,DISP-00299,2026-06-03T06:00:00Z,PHARM-KA-2022-7212,pharmaflow-main,SYNTHETIC_OPERATIONAL_RECORD
MOV-000300,MED-0300,Clopidogrel 75mg (Clopilet 75) (Formula 300),CLO399,DISPENSED,-10,142.5,1425.0,CUSTOMER_DISPENSING,DISP-00300,2026-04-19T00:00:00Z,PHARM-HIST-0001,pharmaflow-main,SYNTHETIC_OPERATIONAL_RECORD
MOV-000301,MED-0301,Paracetamol 500mg (Formula 301),PAR400,DISPENSED,-15,40.0,600.0,CUSTOMER_DISPENSING,DISP-00301,2026-06-27T11:00:00Z,PHARM-KA-2022-7212,pharmaflow-main,SYNTHETIC_OPERATIONAL_RECORD
MOV-000302,MED-0302,Paracetamol 650mg (Dolo 650) (Formula 302),PAR401,DISPENSED,-5,32.0,160.0,CUSTOMER_DISPENSING,DISP-00302,2026-04-29T21:00:00Z,PHARM-HIST-0001,pharmaflow-main,SYNTHETIC_OPERATIONAL_RECORD
MOV-000303,MED-0303,Vitamin D3 60K (Calcirol) (Formula 303),VIT402,DISPENSED,-15,67.5,1012.5,CUSTOMER_DISPENSING,DISP-00303,2026-09-17T06:00:00Z,PHARM-KA-2022-7212,pharmaflow-main,SYNTHETIC_OPERATIONAL_RECORD
MOV-000304,MED-0304,Amoxicillin 500mg (Novamox) (Formula 304),AMO403,DISPENSED,-15,100.0,1500.0,CUSTOMER_DISPENSING,DISP-00304,2026-07-23T03:00:00Z,PHARM-HIST-0001,pharmaflow-main,SYNTHETIC_OPERATIONAL_RECORD
MOV-000305,MED-0305,Amoxicillin + Clavulanic Acid 625mg (Augmentin) (Formula 305),AMO404,DISPENSED,-15,172.5,2587.5,CUSTOMER_DISPENSING,DISP-00305,2026-06-14T15:00:00Z,PHARM-KA-2022-7212,pharmaflow-main,SYNTHETIC_OPERATIONAL_RECORD
MOV-000306,MED-0306,Cetirizine 10mg (Cetzine) (Formula 306),CET405,DISPENSED,-20,45.0,900.0,CUSTOMER_DISPENSING,DISP-00306,2026-10-01T08:00:00Z,PHARM-HIST-0001,pharmaflow-main,SYNTHETIC_OPERATIONAL_RECORD
MOV-000307,MED-0307,Levocetirizine 5mg (Levocet) (Formula 307),LEV406,DISPENSED,-10,60.5,605.0,CUSTOMER_DISPENSING,DISP-00307,2026-05-02T01:00:00Z,PHARM-KA-2022-7212,pharmaflow-main,SYNTHETIC_OPERATIONAL_RECORD
MOV-000308,MED-0308,Azithromycin 250mg (Azee 250) (Formula 308),AZI407,DISPENSED,-20,135.0,2700.0,CUSTOMER_DISPENSING,DISP-00308,2026-06-24T12:00:00Z,PHARM-HIST-0001,pharmaflow-main,SYNTHETIC_OPERATIONAL_RECORD
MOV-000309,MED-0309,Azithromycin 500mg (Azithral 500) (Formula 309),AZI408,DISPENSED,-15,175.0,2625.0,CUSTOMER_DISPENSING,DISP-00309,2026-05-18T13:00:00Z,PHARM-KA-2022-7212,pharmaflow-main,SYNTHETIC_OPERATIONAL_RECORD
MOV-000310,MED-0310,Metformin 500mg (Glycomet 500) (Formula 310),MET409,DISPENSED,-20,47.5,950.0,CUSTOMER_DISPENSING,DISP-00310,2026-08-09T00:00:00Z,PHARM-HIST-0001,pharmaflow-main,SYNTHETIC_OPERATIONAL_RECORD
MOV-000311,MED-0311,Metformin 1000mg SR (Glucophage) (Formula 311),MET410,DISPENSED,-10,73.0,730.0,CUSTOMER_DISPENSING,DISP-00311,2026-07-03T17:00:00Z,PHARM-KA-2022-7212,pharmaflow-main,SYNTHETIC_OPERATIONAL_RECORD
MOV-000312,MED-0312,Pantoprazole 40mg (Pan 40) (Formula 312),PAN411,DISPENSED,-5,92.5,462.5,CUSTOMER_DISPENSING,DISP-00312,2026-09-14T00:00:00Z,PHARM-HIST-0001,pharmaflow-main,SYNTHETIC_OPERATIONAL_RECORD
MOV-000313,MED-0313,Pantoprazole + Domperidone (Pan-D) (Formula 313),PAN412,DISPENSED,-10,155.0,1550.0,CUSTOMER_DISPENSING,DISP-00313,2026-08-15T09:00:00Z,PHARM-KA-2022-7212,pharmaflow-main,SYNTHETIC_OPERATIONAL_RECORD
MOV-000314,MED-0314,Omeprazole 20mg (Omez) (Formula 314),OME413,DISPENSED,-15,74.5,1117.5,CUSTOMER_DISPENSING,DISP-00314,2026-08-24T07:00:00Z,PHARM-HIST-0001,pharmaflow-main,SYNTHETIC_OPERATIONAL_RECORD
MOV-000315,MED-0315,Telmisartan 40mg (Telma 40) (Formula 315),TEL414,DISPENSED,-20,113.0,2260.0,CUSTOMER_DISPENSING,DISP-00315,2026-05-20T23:00:00Z,PHARM-KA-2022-7212,pharmaflow-main,SYNTHETIC_OPERATIONAL_RECORD
MOV-000316,MED-0316,Telmisartan + Amlodipine (Telma-AM) (Formula 316),TEL415,DISPENSED,-15,140.0,2100.0,CUSTOMER_DISPENSING,DISP-00316,2026-08-13T23:00:00Z,PHARM-HIST-0001,pharmaflow-main,SYNTHETIC_OPERATIONAL_RECORD
MOV-000317,MED-0317,Atorvastatin 10mg (Atorva 10) (Formula 317),ATO416,DISPENSED,-15,112.5,1687.5,CUSTOMER_DISPENSING,DISP-00317,2026-07-19T01:00:00Z,PHARM-KA-2022-7212,pharmaflow-main,SYNTHETIC_OPERATIONAL_RECORD
MOV-000318,MED-0318,Rosuvastatin 10mg (Rosuvas 10) (Formula 318),ROS417,DISPENSED,-5,140.0,700.0,CUSTOMER_DISPENSING,DISP-00318,2026-04-20T15:00:00Z,PHARM-HIST-0001,pharmaflow-main,SYNTHETIC_OPERATIONAL_RECORD
MOV-000319,MED-0319,Ciprofloxacin 500mg (Ciplox 500) (Formula 319),CIP418,DISPENSED,-15,79.5,1192.5,CUSTOMER_DISPENSING,DISP-00319,2026-06-01T19:00:00Z,PHARM-KA-2022-7212,pharmaflow-main,SYNTHETIC_OPERATIONAL_RECORD
MOV-000320,MED-0320,Ofloxacin + Ornidazole (O2) (Formula 320),OFL419,DISPENSED,-20,125.0,2500.0,CUSTOMER_DISPENSING,DISP-00320,2026-08-12T00:00:00Z,PHARM-HIST-0001,pharmaflow-main,SYNTHETIC_OPERATIONAL_RECORD
MOV-000321,MED-0321,Montelukast + Levocetirizine (Montair-LC) (Formula 321),MON420,DISPENSED,-20,170.5,3410.0,CUSTOMER_DISPENSING,DISP-00321,2026-06-12T03:00:00Z,PHARM-KA-2022-7212,pharmaflow-main,SYNTHETIC_OPERATIONAL_RECORD
MOV-000322,MED-0322,Ibuprofen 400mg (Brufen 400) (Formula 322),IBU421,DISPENSED,-20,43.0,860.0,CUSTOMER_DISPENSING,DISP-00322,2026-08-29T07:00:00Z,PHARM-HIST-0001,pharmaflow-main,SYNTHETIC_OPERATIONAL_RECORD
MOV-000323,MED-0323,Aceclofenac + Paracetamol (Zerodol-P) (Formula 323),ACE422,DISPENSED,-20,75.0,1500.0,CUSTOMER_DISPENSING,DISP-00323,2026-07-27T12:00:00Z,PHARM-KA-2022-7212,pharmaflow-main,SYNTHETIC_OPERATIONAL_RECORD
MOV-000324,MED-0324,Vildagliptin + Metformin (Galvus Met) (Formula 324),VIL423,DISPENSED,-15,242.5,3637.5,CUSTOMER_DISPENSING,DISP-00324,2026-06-11T16:00:00Z,PHARM-HIST-0001,pharmaflow-main,SYNTHETIC_OPERATIONAL_RECORD
MOV-000325,MED-0325,Rabeprazole 20mg (Razo 20) (Formula 325),RAB424,DISPENSED,-10,117.0,1170.0,CUSTOMER_DISPENSING,DISP-00325,2026-04-17T09:00:00Z,PHARM-KA-2022-7212,pharmaflow-main,SYNTHETIC_OPERATIONAL_RECORD
MOV-000326,MED-0326,Cough Syrup (Ascoril-D) (Formula 326),COU425,DISPENSED,-20,95.5,1910.0,CUSTOMER_DISPENSING,DISP-00326,2026-05-12T16:00:00Z,PHARM-HIST-0001,pharmaflow-main,SYNTHETIC_OPERATIONAL_RECORD
MOV-000327,MED-0327,Oral Rehydration Salts (Electral ORS) (Formula 327),ORA426,DISPENSED,-20,28.0,560.0,CUSTOMER_DISPENSING,DISP-00327,2026-06-22T23:00:00Z,PHARM-KA-2022-7212,pharmaflow-main,SYNTHETIC_OPERATIONAL_RECORD
MOV-000328,MED-0328,Multivitamin + Zinc (Becadexamin) (Formula 328),MUL427,DISPENSED,-10,54.5,545.0,CUSTOMER_DISPENSING,DISP-00328,2026-04-29T12:00:00Z,PHARM-HIST-0001,pharmaflow-main,SYNTHETIC_OPERATIONAL_RECORD
MOV-000329,MED-0329,Thyroxine Sodium 50mcg (Thyronorm 50) (Formula 329),PCT101,DISPENSED,-10,140.0,1400.0,CUSTOMER_DISPENSING,DISP-00329,2026-09-02T17:00:00Z,PHARM-KA-2022-7212,pharmaflow-main,SYNTHETIC_OPERATIONAL_RECORD
MOV-000330,MED-0330,Clopidogrel 75mg (Clopilet 75) (Formula 330),VD102,DISPENSED,-5,130.0,650.0,CUSTOMER_DISPENSING,DISP-00330,2026-05-07T18:00:00Z,PHARM-HIST-0001,pharmaflow-main,SYNTHETIC_OPERATIONAL_RECORD
MOV-000331,MED-0331,Paracetamol 500mg (Formula 331),AMX204,DISPENSED,-20,27.5,550.0,CUSTOMER_DISPENSING,DISP-00331,2026-10-03T02:00:00Z,PHARM-KA-2022-7212,pharmaflow-main,SYNTHETIC_OPERATIONAL_RECORD
MOV-000332,MED-0332,Paracetamol 650mg (Dolo 650) (Formula 332),CTZ302,DISPENSED,-10,37.0,370.0,CUSTOMER_DISPENSING,DISP-00332,2026-08-26T18:00:00Z,PHARM-HIST-0001,pharmaflow-main,SYNTHETIC_OPERATIONAL_RECORD
MOV-000333,MED-0333,Vitamin D3 60K (Calcirol) (Formula 333),DEMO-EXP-001,DISPENSED,-20,72.5,1450.0,CUSTOMER_DISPENSING,DISP-00333,2026-04-16T10:00:00Z,PHARM-KA-2022-7212,pharmaflow-main,SYNTHETIC_OPERATIONAL_RECORD
MOV-000334,MED-0334,Amoxicillin 500mg (Novamox) (Formula 334),DEMO-EXP-002,DISPENSED,-15,105.0,1575.0,CUSTOMER_DISPENSING,DISP-00334,2026-10-02T13:00:00Z,PHARM-HIST-0001,pharmaflow-main,SYNTHETIC_OPERATIONAL_RECORD
MOV-000335,MED-0335,Amoxicillin + Clavulanic Acid 625mg (Augmentin) (Formula 335),LEV106,DISPENSED,-20,177.5,3550.0,CUSTOMER_DISPENSING,DISP-00335,2026-05-19T20:00:00Z,PHARM-KA-2022-7212,pharmaflow-main,SYNTHETIC_OPERATIONAL_RECORD
MOV-000336,MED-0336,Cetirizine 10mg (Cetzine) (Formula 336),AZI107,DISPENSED,-10,50.0,500.0,CUSTOMER_DISPENSING,DISP-00336,2026-08-27T22:00:00Z,PHARM-HIST-0001,pharmaflow-main,SYNTHETIC_OPERATIONAL_RECORD
MOV-000337,MED-0337,Levocetirizine 5mg (Levocet) (Formula 337),AZI108,DISPENSED,-15,48.0,720.0,CUSTOMER_DISPENSING,DISP-00337,2026-08-08T07:00:00Z,PHARM-KA-2022-7212,pharmaflow-main,SYNTHETIC_OPERATIONAL_RECORD
MOV-000338,MED-0338,Azithromycin 250mg (Azee 250) (Formula 338),MET109,DISPENSED,-20,122.5,2450.0,CUSTOMER_DISPENSING,DISP-00338,2026-08-18T02:00:00Z,PHARM-HIST-0001,pharmaflow-main,SYNTHETIC_OPERATIONAL_RECORD
MOV-000339,MED-0339,Azithromycin 500mg (Azithral 500) (Formula 339),MET110,DISPENSED,-10,180.0,1800.0,CUSTOMER_DISPENSING,DISP-00339,2026-07-25T10:00:00Z,PHARM-KA-2022-7212,pharmaflow-main,SYNTHETIC_OPERATIONAL_RECORD
MOV-000340,MED-0340,Metformin 500mg (Glycomet 500) (Formula 340),PAN111,DISPENSED,-5,52.5,262.5,CUSTOMER_DISPENSING,DISP-00340,2026-08-16T18:00:00Z,PHARM-HIST-0001,pharmaflow-main,SYNTHETIC_OPERATIONAL_RECORD
MOV-000341,MED-0341,Metformin 1000mg SR (Glucophage) (Formula 341),PAN112,DISPENSED,-20,78.0,1560.0,CUSTOMER_DISPENSING,DISP-00341,2026-06-13T05:00:00Z,PHARM-KA-2022-7212,pharmaflow-main,SYNTHETIC_OPERATIONAL_RECORD
MOV-000342,MED-0342,Pantoprazole 40mg (Pan 40) (Formula 342),OME113,DISPENSED,-20,97.5,1950.0,CUSTOMER_DISPENSING,DISP-00342,2026-08-08T07:00:00Z,PHARM-HIST-0001,pharmaflow-main,SYNTHETIC_OPERATIONAL_RECORD
MOV-000343,MED-0343,Pantoprazole + Domperidone (Pan-D) (Formula 343),TEL114,DISPENSED,-20,160.0,3200.0,CUSTOMER_DISPENSING,DISP-00343,2026-06-01T16:00:00Z,PHARM-KA-2022-7212,pharmaflow-main,SYNTHETIC_OPERATIONAL_RECORD
MOV-000344,MED-0344,Omeprazole 20mg (Omez) (Formula 344),TEL115,DISPENSED,-5,62.0,310.0,CUSTOMER_DISPENSING,DISP-00344,2026-05-07T02:00:00Z,PHARM-HIST-0001,pharmaflow-main,SYNTHETIC_OPERATIONAL_RECORD
MOV-000345,MED-0345,Telmisartan 40mg (Telma 40) (Formula 345),ATO116,DISPENSED,-10,100.5,1005.0,CUSTOMER_DISPENSING,DISP-00345,2026-08-06T22:00:00Z,PHARM-KA-2022-7212,pharmaflow-main,SYNTHETIC_OPERATIONAL_RECORD
MOV-000346,MED-0346,Telmisartan + Amlodipine (Telma-AM) (Formula 346),ROS117,DISPENSED,-5,145.0,725.0,CUSTOMER_DISPENSING,DISP-00346,2026-10-06T13:00:00Z,PHARM-HIST-0001,pharmaflow-main,SYNTHETIC_OPERATIONAL_RECORD
MOV-000347,MED-0347,Atorvastatin 10mg (Atorva 10) (Formula 347),CIP118,DISPENSED,-5,117.5,587.5,CUSTOMER_DISPENSING,DISP-00347,2026-04-16T15:00:00Z,PHARM-KA-2022-7212,pharmaflow-main,SYNTHETIC_OPERATIONAL_RECORD
MOV-000348,MED-0348,Rosuvastatin 10mg (Rosuvas 10) (Formula 348),OFL119,DISPENSED,-20,145.0,2900.0,CUSTOMER_DISPENSING,DISP-00348,2026-05-27T21:00:00Z,PHARM-HIST-0001,pharmaflow-main,SYNTHETIC_OPERATIONAL_RECORD
MOV-000349,MED-0349,Ciprofloxacin 500mg (Ciplox 500) (Formula 349),MON120,DISPENSED,-20,84.5,1690.0,CUSTOMER_DISPENSING,DISP-00349,2026-09-19T23:00:00Z,PHARM-KA-2022-7212,pharmaflow-main,SYNTHETIC_OPERATIONAL_RECORD
MOV-000350,MED-0350,Ofloxacin + Ornidazole (O2) (Formula 350),IBU121,DISPENSED,-15,130.0,1950.0,CUSTOMER_DISPENSING,DISP-00350,2026-05-24T09:00:00Z,PHARM-HIST-0001,pharmaflow-main,SYNTHETIC_OPERATIONAL_RECORD
MOV-000351,MED-0351,Montelukast + Levocetirizine (Montair-LC) (Formula 351),ACE122,DISPENSED,-5,158.0,790.0,CUSTOMER_DISPENSING,DISP-00351,2026-06-17T21:00:00Z,PHARM-KA-2022-7212,pharmaflow-main,SYNTHETIC_OPERATIONAL_RECORD
MOV-000352,MED-0352,Ibuprofen 400mg (Brufen 400) (Formula 352),VIL123,DISPENSED,-5,30.5,152.5,CUSTOMER_DISPENSING,DISP-00352,2026-07-26T00:00:00Z,PHARM-HIST-0001,pharmaflow-main,SYNTHETIC_OPERATIONAL_RECORD
MOV-000353,MED-0353,Aceclofenac + Paracetamol (Zerodol-P) (Formula 353),RAB124,DISPENSED,-5,80.0,400.0,CUSTOMER_DISPENSING,DISP-00353,2026-07-07T00:00:00Z,PHARM-KA-2022-7212,pharmaflow-main,SYNTHETIC_OPERATIONAL_RECORD
MOV-000354,MED-0354,Vildagliptin + Metformin (Galvus Met) (Formula 354),COU125,DISPENSED,-20,247.5,4950.0,CUSTOMER_DISPENSING,DISP-00354,2026-06-21T09:00:00Z,PHARM-HIST-0001,pharmaflow-main,SYNTHETIC_OPERATIONAL_RECORD
MOV-000355,MED-0355,Rabeprazole 20mg (Razo 20) (Formula 355),ORA126,DISPENSED,-5,122.0,610.0,CUSTOMER_DISPENSING,DISP-00355,2026-09-01T04:00:00Z,PHARM-KA-2022-7212,pharmaflow-main,SYNTHETIC_OPERATIONAL_RECORD
MOV-000356,MED-0356,Cough Syrup (Ascoril-D) (Formula 356),MUL127,DISPENSED,-5,100.5,502.5,CUSTOMER_DISPENSING,DISP-00356,2026-08-26T01:00:00Z,PHARM-HIST-0001,pharmaflow-main,SYNTHETIC_OPERATIONAL_RECORD
MOV-000357,MED-0357,Oral Rehydration Salts (Electral ORS) (Formula 357),THY128,DISPENSED,-20,33.0,660.0,CUSTOMER_DISPENSING,DISP-00357,2026-04-23T02:00:00Z,PHARM-KA-2022-7212,pharmaflow-main,SYNTHETIC_OPERATIONAL_RECORD
MOV-000358,MED-0358,Multivitamin + Zinc (Becadexamin) (Formula 358),CLO129,DISPENSED,-10,42.0,420.0,CUSTOMER_DISPENSING,DISP-00358,2026-08-06T21:00:00Z,PHARM-HIST-0001,pharmaflow-main,SYNTHETIC_OPERATIONAL_RECORD
MOV-000359,MED-0359,Thyroxine Sodium 50mcg (Thyronorm 50) (Formula 359),PAR130,DISPENSED,-10,127.5,1275.0,CUSTOMER_DISPENSING,DISP-00359,2026-08-02T09:00:00Z,PHARM-KA-2022-7212,pharmaflow-main,SYNTHETIC_OPERATIONAL_RECORD
MOV-000360,MED-0360,Clopidogrel 75mg (Clopilet 75) (Formula 360),PAR131,DISPENSED,-15,135.0,2025.0,CUSTOMER_DISPENSING,DISP-00360,2026-04-26T14:00:00Z,PHARM-HIST-0001,pharmaflow-main,SYNTHETIC_OPERATIONAL_RECORD
MOV-000361,MED-0361,Paracetamol 500mg (Formula 361),VIT132,DISPENSED,-5,32.5,162.5,CUSTOMER_DISPENSING,DISP-00361,2026-06-12T14:00:00Z,PHARM-KA-2022-7212,pharmaflow-main,SYNTHETIC_OPERATIONAL_RECORD
MOV-000362,MED-0362,Paracetamol 650mg (Dolo 650) (Formula 362),AMO133,DISPENSED,-20,42.0,840.0,CUSTOMER_DISPENSING,DISP-00362,2026-08-07T04:00:00Z,PHARM-HIST-0001,pharmaflow-main,SYNTHETIC_OPERATIONAL_RECORD
MOV-000363,MED-0363,Vitamin D3 60K (Calcirol) (Formula 363),AMO134,DISPENSED,-15,77.5,1162.5,CUSTOMER_DISPENSING,DISP-00363,2026-07-24T14:00:00Z,PHARM-KA-2022-7212,pharmaflow-main,SYNTHETIC_OPERATIONAL_RECORD
MOV-000364,MED-0364,Amoxicillin 500mg (Novamox) (Formula 364),CET135,DISPENSED,-20,110.0,2200.0,CUSTOMER_DISPENSING,DISP-00364,2026-07-15T22:00:00Z,PHARM-HIST-0001,pharmaflow-main,SYNTHETIC_OPERATIONAL_RECORD
MOV-000365,MED-0365,Amoxicillin + Clavulanic Acid 625mg (Augmentin) (Formula 365),LEV136,DISPENSED,-15,165.0,2475.0,CUSTOMER_DISPENSING,DISP-00365,2026-05-16T04:00:00Z,PHARM-KA-2022-7212,pharmaflow-main,SYNTHETIC_OPERATIONAL_RECORD
MOV-000366,MED-0366,Cetirizine 10mg (Cetzine) (Formula 366),AZI137,DISPENSED,-5,37.5,187.5,CUSTOMER_DISPENSING,DISP-00366,2026-09-03T08:00:00Z,PHARM-HIST-0001,pharmaflow-main,SYNTHETIC_OPERATIONAL_RECORD
MOV-000367,MED-0367,Levocetirizine 5mg (Levocet) (Formula 367),AZI138,DISPENSED,-15,53.0,795.0,CUSTOMER_DISPENSING,DISP-00367,2026-10-02T05:00:00Z,PHARM-KA-2022-7212,pharmaflow-main,SYNTHETIC_OPERATIONAL_RECORD
MOV-000368,MED-0368,Azithromycin 250mg (Azee 250) (Formula 368),MET139,DISPENSED,-15,127.5,1912.5,CUSTOMER_DISPENSING,DISP-00368,2026-05-17T01:00:00Z,PHARM-HIST-0001,pharmaflow-main,SYNTHETIC_OPERATIONAL_RECORD
MOV-000369,MED-0369,Azithromycin 500mg (Azithral 500) (Formula 369),MET140,DISPENSED,-15,185.0,2775.0,CUSTOMER_DISPENSING,DISP-00369,2026-07-21T14:00:00Z,PHARM-KA-2022-7212,pharmaflow-main,SYNTHETIC_OPERATIONAL_RECORD
MOV-000370,MED-0370,Metformin 500mg (Glycomet 500) (Formula 370),PAN141,DISPENSED,-10,57.5,575.0,CUSTOMER_DISPENSING,DISP-00370,2026-05-15T16:00:00Z,PHARM-HIST-0001,pharmaflow-main,SYNTHETIC_OPERATIONAL_RECORD
MOV-000371,MED-0371,Metformin 1000mg SR (Glucophage) (Formula 371),PAN142,DISPENSED,-15,83.0,1245.0,CUSTOMER_DISPENSING,DISP-00371,2026-06-08T14:00:00Z,PHARM-KA-2022-7212,pharmaflow-main,SYNTHETIC_OPERATIONAL_RECORD
MOV-000372,MED-0372,Pantoprazole 40mg (Pan 40) (Formula 372),OME143,DISPENSED,-20,85.0,1700.0,CUSTOMER_DISPENSING,DISP-00372,2026-04-19T03:00:00Z,PHARM-HIST-0001,pharmaflow-main,SYNTHETIC_OPERATIONAL_RECORD
MOV-000373,MED-0373,Pantoprazole + Domperidone (Pan-D) (Formula 373),TEL144,DISPENSED,-10,147.5,1475.0,CUSTOMER_DISPENSING,DISP-00373,2026-04-14T08:00:00Z,PHARM-KA-2022-7212,pharmaflow-main,SYNTHETIC_OPERATIONAL_RECORD
MOV-000374,MED-0374,Omeprazole 20mg (Omez) (Formula 374),TEL145,DISPENSED,-10,67.0,670.0,CUSTOMER_DISPENSING,DISP-00374,2026-05-06T03:00:00Z,PHARM-HIST-0001,pharmaflow-main,SYNTHETIC_OPERATIONAL_RECORD
MOV-000375,MED-0375,Telmisartan 40mg (Telma 40) (Formula 375),ATO146,DISPENSED,-20,105.5,2110.0,CUSTOMER_DISPENSING,DISP-00375,2026-08-03T16:00:00Z,PHARM-KA-2022-7212,pharmaflow-main,SYNTHETIC_OPERATIONAL_RECORD
MOV-000376,MED-0376,Telmisartan + Amlodipine (Telma-AM) (Formula 376),ROS147,DISPENSED,-10,150.0,1500.0,CUSTOMER_DISPENSING,DISP-00376,2026-10-01T06:00:00Z,PHARM-HIST-0001,pharmaflow-main,SYNTHETIC_OPERATIONAL_RECORD
MOV-000377,MED-0377,Atorvastatin 10mg (Atorva 10) (Formula 377),CIP148,DISPENSED,-15,122.5,1837.5,CUSTOMER_DISPENSING,DISP-00377,2026-08-31T18:00:00Z,PHARM-KA-2022-7212,pharmaflow-main,SYNTHETIC_OPERATIONAL_RECORD
MOV-000378,MED-0378,Rosuvastatin 10mg (Rosuvas 10) (Formula 378),OFL149,DISPENSED,-5,150.0,750.0,CUSTOMER_DISPENSING,DISP-00378,2026-08-03T01:00:00Z,PHARM-HIST-0001,pharmaflow-main,SYNTHETIC_OPERATIONAL_RECORD
MOV-000379,MED-0379,Ciprofloxacin 500mg (Ciplox 500) (Formula 379),MON150,DISPENSED,-20,72.0,1440.0,CUSTOMER_DISPENSING,DISP-00379,2026-06-07T17:00:00Z,PHARM-KA-2022-7212,pharmaflow-main,SYNTHETIC_OPERATIONAL_RECORD
MOV-000380,MED-0380,Ofloxacin + Ornidazole (O2) (Formula 380),IBU151,DISPENSED,-10,117.5,1175.0,CUSTOMER_DISPENSING,DISP-00380,2026-07-11T16:00:00Z,PHARM-HIST-0001,pharmaflow-main,SYNTHETIC_OPERATIONAL_RECORD
MOV-000381,MED-0381,Montelukast + Levocetirizine (Montair-LC) (Formula 381),ACE152,DISPENSED,-10,163.0,1630.0,CUSTOMER_DISPENSING,DISP-00381,2026-05-10T20:00:00Z,PHARM-KA-2022-7212,pharmaflow-main,SYNTHETIC_OPERATIONAL_RECORD
MOV-000382,MED-0382,Ibuprofen 400mg (Brufen 400) (Formula 382),VIL153,DISPENSED,-15,35.5,532.5,CUSTOMER_DISPENSING,DISP-00382,2026-05-28T01:00:00Z,PHARM-HIST-0001,pharmaflow-main,SYNTHETIC_OPERATIONAL_RECORD
MOV-000383,MED-0383,Aceclofenac + Paracetamol (Zerodol-P) (Formula 383),RAB154,DISPENSED,-20,85.0,1700.0,CUSTOMER_DISPENSING,DISP-00383,2026-06-05T16:00:00Z,PHARM-KA-2022-7212,pharmaflow-main,SYNTHETIC_OPERATIONAL_RECORD
MOV-000384,MED-0384,Vildagliptin + Metformin (Galvus Met) (Formula 384),COU155,DISPENSED,-10,252.5,2525.0,CUSTOMER_DISPENSING,DISP-00384,2026-05-26T21:00:00Z,PHARM-HIST-0001,pharmaflow-main,SYNTHETIC_OPERATIONAL_RECORD
MOV-000385,MED-0385,Rabeprazole 20mg (Razo 20) (Formula 385),ORA156,DISPENSED,-10,127.0,1270.0,CUSTOMER_DISPENSING,DISP-00385,2026-06-07T00:00:00Z,PHARM-KA-2022-7212,pharmaflow-main,SYNTHETIC_OPERATIONAL_RECORD
MOV-000386,MED-0386,Cough Syrup (Ascoril-D) (Formula 386),MUL157,DISPENSED,-5,88.0,440.0,CUSTOMER_DISPENSING,DISP-00386,2026-04-20T10:00:00Z,PHARM-HIST-0001,pharmaflow-main,SYNTHETIC_OPERATIONAL_RECORD
MOV-000387,MED-0387,Oral Rehydration Salts (Electral ORS) (Formula 387),THY158,DISPENSED,-15,20.5,307.5,CUSTOMER_DISPENSING,DISP-00387,2026-08-12T03:00:00Z,PHARM-KA-2022-7212,pharmaflow-main,SYNTHETIC_OPERATIONAL_RECORD
MOV-000388,MED-0388,Multivitamin + Zinc (Becadexamin) (Formula 388),CLO159,DISPENSED,-10,47.0,470.0,CUSTOMER_DISPENSING,DISP-00388,2026-08-12T08:00:00Z,PHARM-HIST-0001,pharmaflow-main,SYNTHETIC_OPERATIONAL_RECORD
MOV-000389,MED-0389,Thyroxine Sodium 50mcg (Thyronorm 50) (Formula 389),PAR160,DISPENSED,-15,132.5,1987.5,CUSTOMER_DISPENSING,DISP-00389,2026-05-05T13:00:00Z,PHARM-KA-2022-7212,pharmaflow-main,SYNTHETIC_OPERATIONAL_RECORD
MOV-000390,MED-0390,Clopidogrel 75mg (Clopilet 75) (Formula 390),PAR161,DISPENSED,-5,140.0,700.0,CUSTOMER_DISPENSING,DISP-00390,2026-04-25T06:00:00Z,PHARM-HIST-0001,pharmaflow-main,SYNTHETIC_OPERATIONAL_RECORD
MOV-000391,MED-0391,Paracetamol 500mg (Formula 391),VIT162,DISPENSED,-15,37.5,562.5,CUSTOMER_DISPENSING,DISP-00391,2026-06-02T22:00:00Z,PHARM-KA-2022-7212,pharmaflow-main,SYNTHETIC_OPERATIONAL_RECORD
MOV-000392,MED-0392,Paracetamol 650mg (Dolo 650) (Formula 392),AMO163,DISPENSED,-5,47.0,235.0,CUSTOMER_DISPENSING,DISP-00392,2026-05-27T05:00:00Z,PHARM-HIST-0001,pharmaflow-main,SYNTHETIC_OPERATIONAL_RECORD
MOV-000393,MED-0393,Vitamin D3 60K (Calcirol) (Formula 393),AMO164,DISPENSED,-10,65.0,650.0,CUSTOMER_DISPENSING,DISP-00393,2026-07-06T15:00:00Z,PHARM-KA-2022-7212,pharmaflow-main,SYNTHETIC_OPERATIONAL_RECORD
MOV-000394,MED-0394,Amoxicillin 500mg (Novamox) (Formula 394),CET165,DISPENSED,-5,97.5,487.5,CUSTOMER_DISPENSING,DISP-00394,2026-06-27T16:00:00Z,PHARM-HIST-0001,pharmaflow-main,SYNTHETIC_OPERATIONAL_RECORD
MOV-000395,MED-0395,Amoxicillin + Clavulanic Acid 625mg (Augmentin) (Formula 395),LEV166,DISPENSED,-5,170.0,850.0,CUSTOMER_DISPENSING,DISP-00395,2026-07-15T20:00:00Z,PHARM-KA-2022-7212,pharmaflow-main,SYNTHETIC_OPERATIONAL_RECORD
MOV-000396,MED-0396,Cetirizine 10mg (Cetzine) (Formula 396),AZI167,DISPENSED,-5,42.5,212.5,CUSTOMER_DISPENSING,DISP-00396,2026-07-30T19:00:00Z,PHARM-HIST-0001,pharmaflow-main,SYNTHETIC_OPERATIONAL_RECORD
MOV-000397,MED-0397,Levocetirizine 5mg (Levocet) (Formula 397),AZI168,DISPENSED,-5,58.0,290.0,CUSTOMER_DISPENSING,DISP-00397,2026-09-23T22:00:00Z,PHARM-KA-2022-7212,pharmaflow-main,SYNTHETIC_OPERATIONAL_RECORD
MOV-000398,MED-0398,Azithromycin 250mg (Azee 250) (Formula 398),MET169,DISPENSED,-10,132.5,1325.0,CUSTOMER_DISPENSING,DISP-00398,2026-08-07T04:00:00Z,PHARM-HIST-0001,pharmaflow-main,SYNTHETIC_OPERATIONAL_RECORD
MOV-000399,MED-0399,Azithromycin 500mg (Azithral 500) (Formula 399),MET170,DISPENSED,-10,190.0,1900.0,CUSTOMER_DISPENSING,DISP-00399,2026-04-14T16:00:00Z,PHARM-KA-2022-7212,pharmaflow-main,SYNTHETIC_OPERATIONAL_RECORD
MOV-000400,MED-0400,Metformin 500mg (Glycomet 500) (Formula 400),PAN171,DISPENSED,-10,45.0,450.0,CUSTOMER_DISPENSING,DISP-00400,2026-08-10T14:00:00Z,PHARM-HIST-0001,pharmaflow-main,SYNTHETIC_OPERATIONAL_RECORD
MOV-000401,MED-0401,Metformin 1000mg SR (Glucophage) (Formula 401),PAN172,DISPENSED,-20,70.5,1410.0,CUSTOMER_DISPENSING,DISP-00401,2026-08-24T11:00:00Z,PHARM-KA-2022-7212,pharmaflow-main,SYNTHETIC_OPERATIONAL_RECORD
MOV-000402,MED-0402,Pantoprazole 40mg (Pan 40) (Formula 402),OME173,DISPENSED,-15,90.0,1350.0,CUSTOMER_DISPENSING,DISP-00402,2026-05-20T04:00:00Z,PHARM-HIST-0001,pharmaflow-main,SYNTHETIC_OPERATIONAL_RECORD
MOV-000403,MED-0403,Pantoprazole + Domperidone (Pan-D) (Formula 403),TEL174,DISPENSED,-5,152.5,762.5,CUSTOMER_DISPENSING,DISP-00403,2026-08-20T13:00:00Z,PHARM-KA-2022-7212,pharmaflow-main,SYNTHETIC_OPERATIONAL_RECORD
MOV-000404,MED-0404,Omeprazole 20mg (Omez) (Formula 404),TEL175,DISPENSED,-5,72.0,360.0,CUSTOMER_DISPENSING,DISP-00404,2026-09-04T20:00:00Z,PHARM-HIST-0001,pharmaflow-main,SYNTHETIC_OPERATIONAL_RECORD
MOV-000405,MED-0405,Telmisartan 40mg (Telma 40) (Formula 405),ATO176,DISPENSED,-15,110.5,1657.5,CUSTOMER_DISPENSING,DISP-00405,2026-09-23T06:00:00Z,PHARM-KA-2022-7212,pharmaflow-main,SYNTHETIC_OPERATIONAL_RECORD
MOV-000406,MED-0406,Telmisartan + Amlodipine (Telma-AM) (Formula 406),ROS177,DISPENSED,-10,155.0,1550.0,CUSTOMER_DISPENSING,DISP-00406,2026-08-06T18:00:00Z,PHARM-HIST-0001,pharmaflow-main,SYNTHETIC_OPERATIONAL_RECORD
MOV-000407,MED-0407,Atorvastatin 10mg (Atorva 10) (Formula 407),CIP178,DISPENSED,-20,110.0,2200.0,CUSTOMER_DISPENSING,DISP-00407,2026-06-12T09:00:00Z,PHARM-KA-2022-7212,pharmaflow-main,SYNTHETIC_OPERATIONAL_RECORD
MOV-000408,MED-0408,Rosuvastatin 10mg (Rosuvas 10) (Formula 408),OFL179,DISPENSED,-5,137.5,687.5,CUSTOMER_DISPENSING,DISP-00408,2026-07-18T16:00:00Z,PHARM-HIST-0001,pharmaflow-main,SYNTHETIC_OPERATIONAL_RECORD
MOV-000409,MED-0409,Ciprofloxacin 500mg (Ciplox 500) (Formula 409),MON180,DISPENSED,-5,77.0,385.0,CUSTOMER_DISPENSING,DISP-00409,2026-08-18T21:00:00Z,PHARM-KA-2022-7212,pharmaflow-main,SYNTHETIC_OPERATIONAL_RECORD
MOV-000410,MED-0410,Ofloxacin + Ornidazole (O2) (Formula 410),IBU181,DISPENSED,-5,122.5,612.5,CUSTOMER_DISPENSING,DISP-00410,2026-06-17T10:00:00Z,PHARM-HIST-0001,pharmaflow-main,SYNTHETIC_OPERATIONAL_RECORD
MOV-000411,MED-0411,Montelukast + Levocetirizine (Montair-LC) (Formula 411),ACE182,DISPENSED,-20,168.0,3360.0,CUSTOMER_DISPENSING,DISP-00411,2026-08-19T09:00:00Z,PHARM-KA-2022-7212,pharmaflow-main,SYNTHETIC_OPERATIONAL_RECORD
MOV-000412,MED-0412,Ibuprofen 400mg (Brufen 400) (Formula 412),VIL183,DISPENSED,-10,40.5,405.0,CUSTOMER_DISPENSING,DISP-00412,2026-05-07T21:00:00Z,PHARM-HIST-0001,pharmaflow-main,SYNTHETIC_OPERATIONAL_RECORD
MOV-000413,MED-0413,Aceclofenac + Paracetamol (Zerodol-P) (Formula 413),RAB184,DISPENSED,-15,90.0,1350.0,CUSTOMER_DISPENSING,DISP-00413,2026-05-16T12:00:00Z,PHARM-KA-2022-7212,pharmaflow-main,SYNTHETIC_OPERATIONAL_RECORD
MOV-000414,MED-0414,Vildagliptin + Metformin (Galvus Met) (Formula 414),COU185,DISPENSED,-20,240.0,4800.0,CUSTOMER_DISPENSING,DISP-00414,2026-09-09T13:00:00Z,PHARM-HIST-0001,pharmaflow-main,SYNTHETIC_OPERATIONAL_RECORD
MOV-000415,MED-0415,Rabeprazole 20mg (Razo 20) (Formula 415),ORA186,DISPENSED,-20,114.5,2290.0,CUSTOMER_DISPENSING,DISP-00415,2026-04-27T06:00:00Z,PHARM-KA-2022-7212,pharmaflow-main,SYNTHETIC_OPERATIONAL_RECORD
MOV-000416,MED-0416,Cough Syrup (Ascoril-D) (Formula 416),MUL187,DISPENSED,-20,93.0,1860.0,CUSTOMER_DISPENSING,DISP-00416,2026-10-08T04:00:00Z,PHARM-HIST-0001,pharmaflow-main,SYNTHETIC_OPERATIONAL_RECORD
MOV-000417,MED-0417,Oral Rehydration Salts (Electral ORS) (Formula 417),THY188,DISPENSED,-20,25.5,510.0,CUSTOMER_DISPENSING,DISP-00417,2026-05-08T04:00:00Z,PHARM-KA-2022-7212,pharmaflow-main,SYNTHETIC_OPERATIONAL_RECORD
MOV-000418,MED-0418,Multivitamin + Zinc (Becadexamin) (Formula 418),CLO189,DISPENSED,-20,52.0,1040.0,CUSTOMER_DISPENSING,DISP-00418,2026-04-30T07:00:00Z,PHARM-HIST-0001,pharmaflow-main,SYNTHETIC_OPERATIONAL_RECORD
MOV-000419,MED-0419,Thyroxine Sodium 50mcg (Thyronorm 50) (Formula 419),PAR190,DISPENSED,-15,137.5,2062.5,CUSTOMER_DISPENSING,DISP-00419,2026-05-31T21:00:00Z,PHARM-KA-2022-7212,pharmaflow-main,SYNTHETIC_OPERATIONAL_RECORD
MOV-000420,MED-0420,Clopidogrel 75mg (Clopilet 75) (Formula 420),PAR191,DISPENSED,-15,145.0,2175.0,CUSTOMER_DISPENSING,DISP-00420,2026-04-26T03:00:00Z,PHARM-HIST-0001,pharmaflow-main,SYNTHETIC_OPERATIONAL_RECORD
MOV-000421,MED-0421,Paracetamol 500mg (Formula 421),VIT192,DISPENSED,-15,25.0,375.0,CUSTOMER_DISPENSING,DISP-00421,2026-05-25T05:00:00Z,PHARM-KA-2022-7212,pharmaflow-main,SYNTHETIC_OPERATIONAL_RECORD
MOV-000422,MED-0422,Paracetamol 650mg (Dolo 650) (Formula 422),AMO193,DISPENSED,-15,34.5,517.5,CUSTOMER_DISPENSING,DISP-00422,2026-07-29T15:00:00Z,PHARM-HIST-0001,pharmaflow-main,SYNTHETIC_OPERATIONAL_RECORD
MOV-000423,MED-0423,Vitamin D3 60K (Calcirol) (Formula 423),AMO194,DISPENSED,-15,70.0,1050.0,CUSTOMER_DISPENSING,DISP-00423,2026-04-30T22:00:00Z,PHARM-KA-2022-7212,pharmaflow-main,SYNTHETIC_OPERATIONAL_RECORD
MOV-000424,MED-0424,Amoxicillin 500mg (Novamox) (Formula 424),CET195,DISPENSED,-5,102.5,512.5,CUSTOMER_DISPENSING,DISP-00424,2026-08-22T21:00:00Z,PHARM-HIST-0001,pharmaflow-main,SYNTHETIC_OPERATIONAL_RECORD
MOV-000425,MED-0425,Amoxicillin + Clavulanic Acid 625mg (Augmentin) (Formula 425),LEV196,DISPENSED,-5,175.0,875.0,CUSTOMER_DISPENSING,DISP-00425,2026-07-18T20:00:00Z,PHARM-KA-2022-7212,pharmaflow-main,SYNTHETIC_OPERATIONAL_RECORD
MOV-000426,MED-0426,Cetirizine 10mg (Cetzine) (Formula 426),AZI197,DISPENSED,-20,47.5,950.0,CUSTOMER_DISPENSING,DISP-00426,2026-06-04T07:00:00Z,PHARM-HIST-0001,pharmaflow-main,SYNTHETIC_OPERATIONAL_RECORD
MOV-000427,MED-0427,Levocetirizine 5mg (Levocet) (Formula 427),AZI198,DISPENSED,-10,63.0,630.0,CUSTOMER_DISPENSING,DISP-00427,2026-09-21T23:00:00Z,PHARM-KA-2022-7212,pharmaflow-main,SYNTHETIC_OPERATIONAL_RECORD
MOV-000428,MED-0428,Azithromycin 250mg (Azee 250) (Formula 428),MET199,DISPENSED,-15,120.0,1800.0,CUSTOMER_DISPENSING,DISP-00428,2026-09-13T22:00:00Z,PHARM-HIST-0001,pharmaflow-main,SYNTHETIC_OPERATIONAL_RECORD
MOV-000429,MED-0429,Azithromycin 500mg (Azithral 500) (Formula 429),MET200,DISPENSED,-15,177.5,2662.5,CUSTOMER_DISPENSING,DISP-00429,2026-04-27T15:00:00Z,PHARM-KA-2022-7212,pharmaflow-main,SYNTHETIC_OPERATIONAL_RECORD
MOV-000430,MED-0430,Metformin 500mg (Glycomet 500) (Formula 430),PAN201,DISPENSED,-10,50.0,500.0,CUSTOMER_DISPENSING,DISP-00430,2026-08-20T09:00:00Z,PHARM-HIST-0001,pharmaflow-main,SYNTHETIC_OPERATIONAL_RECORD
MOV-000431,MED-0431,Metformin 1000mg SR (Glucophage) (Formula 431),PAN202,DISPENSED,-10,75.5,755.0,CUSTOMER_DISPENSING,DISP-00431,2026-08-15T03:00:00Z,PHARM-KA-2022-7212,pharmaflow-main,SYNTHETIC_OPERATIONAL_RECORD
MOV-000432,MED-0432,Pantoprazole 40mg (Pan 40) (Formula 432),OME203,DISPENSED,-15,95.0,1425.0,CUSTOMER_DISPENSING,DISP-00432,2026-07-18T20:00:00Z,PHARM-HIST-0001,pharmaflow-main,SYNTHETIC_OPERATIONAL_RECORD
MOV-000433,MED-0433,Pantoprazole + Domperidone (Pan-D) (Formula 433),TEL204,DISPENSED,-20,157.5,3150.0,CUSTOMER_DISPENSING,DISP-00433,2026-09-11T15:00:00Z,PHARM-KA-2022-7212,pharmaflow-main,SYNTHETIC_OPERATIONAL_RECORD
MOV-000434,MED-0434,Omeprazole 20mg (Omez) (Formula 434),TEL205,DISPENSED,-15,77.0,1155.0,CUSTOMER_DISPENSING,DISP-00434,2026-05-05T06:00:00Z,PHARM-HIST-0001,pharmaflow-main,SYNTHETIC_OPERATIONAL_RECORD
MOV-000435,MED-0435,Telmisartan 40mg (Telma 40) (Formula 435),ATO206,DISPENSED,-10,98.0,980.0,CUSTOMER_DISPENSING,DISP-00435,2026-07-18T07:00:00Z,PHARM-KA-2022-7212,pharmaflow-main,SYNTHETIC_OPERATIONAL_RECORD
MOV-000436,MED-0436,Telmisartan + Amlodipine (Telma-AM) (Formula 436),ROS207,DISPENSED,-10,142.5,1425.0,CUSTOMER_DISPENSING,DISP-00436,2026-06-29T07:00:00Z,PHARM-HIST-0001,pharmaflow-main,SYNTHETIC_OPERATIONAL_RECORD
MOV-000437,MED-0437,Atorvastatin 10mg (Atorva 10) (Formula 437),CIP208,DISPENSED,-10,115.0,1150.0,CUSTOMER_DISPENSING,DISP-00437,2026-05-04T15:00:00Z,PHARM-KA-2022-7212,pharmaflow-main,SYNTHETIC_OPERATIONAL_RECORD
MOV-000438,MED-0438,Rosuvastatin 10mg (Rosuvas 10) (Formula 438),OFL209,DISPENSED,-10,142.5,1425.0,CUSTOMER_DISPENSING,DISP-00438,2026-07-16T20:00:00Z,PHARM-HIST-0001,pharmaflow-main,SYNTHETIC_OPERATIONAL_RECORD
MOV-000439,MED-0439,Ciprofloxacin 500mg (Ciplox 500) (Formula 439),MON210,DISPENSED,-20,82.0,1640.0,CUSTOMER_DISPENSING,DISP-00439,2026-04-23T17:00:00Z,PHARM-KA-2022-7212,pharmaflow-main,SYNTHETIC_OPERATIONAL_RECORD
MOV-000440,MED-0440,Ofloxacin + Ornidazole (O2) (Formula 440),IBU211,DISPENSED,-20,127.5,2550.0,CUSTOMER_DISPENSING,DISP-00440,2026-08-01T05:00:00Z,PHARM-HIST-0001,pharmaflow-main,SYNTHETIC_OPERATIONAL_RECORD
MOV-000441,MED-0441,Montelukast + Levocetirizine (Montair-LC) (Formula 441),ACE212,DISPENSED,-15,173.0,2595.0,CUSTOMER_DISPENSING,DISP-00441,2026-06-10T03:00:00Z,PHARM-KA-2022-7212,pharmaflow-main,SYNTHETIC_OPERATIONAL_RECORD
MOV-000442,MED-0442,Ibuprofen 400mg (Brufen 400) (Formula 442),VIL213,DISPENSED,-15,28.0,420.0,CUSTOMER_DISPENSING,DISP-00442,2026-09-01T03:00:00Z,PHARM-HIST-0001,pharmaflow-main,SYNTHETIC_OPERATIONAL_RECORD
MOV-000443,MED-0443,Aceclofenac + Paracetamol (Zerodol-P) (Formula 443),RAB214,DISPENSED,-15,77.5,1162.5,CUSTOMER_DISPENSING,DISP-00443,2026-07-09T13:00:00Z,PHARM-KA-2022-7212,pharmaflow-main,SYNTHETIC_OPERATIONAL_RECORD
MOV-000444,MED-0444,Vildagliptin + Metformin (Galvus Met) (Formula 444),COU215,DISPENSED,-15,245.0,3675.0,CUSTOMER_DISPENSING,DISP-00444,2026-06-15T03:00:00Z,PHARM-HIST-0001,pharmaflow-main,SYNTHETIC_OPERATIONAL_RECORD
MOV-000445,MED-0445,Rabeprazole 20mg (Razo 20) (Formula 445),ORA216,DISPENSED,-20,119.5,2390.0,CUSTOMER_DISPENSING,DISP-00445,2026-05-17T00:00:00Z,PHARM-KA-2022-7212,pharmaflow-main,SYNTHETIC_OPERATIONAL_RECORD
MOV-000446,MED-0446,Cough Syrup (Ascoril-D) (Formula 446),MUL217,DISPENSED,-20,98.0,1960.0,CUSTOMER_DISPENSING,DISP-00446,2026-10-07T00:00:00Z,PHARM-HIST-0001,pharmaflow-main,SYNTHETIC_OPERATIONAL_RECORD
MOV-000447,MED-0447,Oral Rehydration Salts (Electral ORS) (Formula 447),THY218,DISPENSED,-5,30.5,152.5,CUSTOMER_DISPENSING,DISP-00447,2026-06-26T01:00:00Z,PHARM-KA-2022-7212,pharmaflow-main,SYNTHETIC_OPERATIONAL_RECORD
MOV-000448,MED-0448,Multivitamin + Zinc (Becadexamin) (Formula 448),CLO219,DISPENSED,-10,57.0,570.0,CUSTOMER_DISPENSING,DISP-00448,2026-06-14T04:00:00Z,PHARM-HIST-0001,pharmaflow-main,SYNTHETIC_OPERATIONAL_RECORD
MOV-000449,MED-0449,Thyroxine Sodium 50mcg (Thyronorm 50) (Formula 449),PAR220,DISPENSED,-5,125.0,625.0,CUSTOMER_DISPENSING,DISP-00449,2026-04-11T06:00:00Z,PHARM-KA-2022-7212,pharmaflow-main,SYNTHETIC_OPERATIONAL_RECORD
MOV-000450,MED-0450,Clopidogrel 75mg (Clopilet 75) (Formula 450),PAR221,DISPENSED,-10,132.5,1325.0,CUSTOMER_DISPENSING,DISP-00450,2026-04-21T14:00:00Z,PHARM-HIST-0001,pharmaflow-main,SYNTHETIC_OPERATIONAL_RECORD
MOV-000451,MED-0451,Paracetamol 500mg (Formula 451),VIT222,DISPENSED,-15,30.0,450.0,CUSTOMER_DISPENSING,DISP-00451,2026-07-25T01:00:00Z,PHARM-KA-2022-7212,pharmaflow-main,SYNTHETIC_OPERATIONAL_RECORD
MOV-000452,MED-0452,Paracetamol 650mg (Dolo 650) (Formula 452),AMO223,DISPENSED,-5,39.5,197.5,CUSTOMER_DISPENSING,DISP-00452,2026-07-17T23:00:00Z,PHARM-HIST-0001,pharmaflow-main,SYNTHETIC_OPERATIONAL_RECORD
MOV-000453,MED-0453,Vitamin D3 60K (Calcirol) (Formula 453),AMO224,DISPENSED,-20,75.0,1500.0,CUSTOMER_DISPENSING,DISP-00453,2026-07-16T19:00:00Z,PHARM-KA-2022-7212,pharmaflow-main,SYNTHETIC_OPERATIONAL_RECORD
MOV-000454,MED-0454,Amoxicillin 500mg (Novamox) (Formula 454),CET225,DISPENSED,-10,107.5,1075.0,CUSTOMER_DISPENSING,DISP-00454,2026-08-13T17:00:00Z,PHARM-HIST-0001,pharmaflow-main,SYNTHETIC_OPERATIONAL_RECORD
MOV-000455,MED-0455,Amoxicillin + Clavulanic Acid 625mg (Augmentin) (Formula 455),LEV226,DISPENSED,-20,180.0,3600.0,CUSTOMER_DISPENSING,DISP-00455,2026-07-30T09:00:00Z,PHARM-KA-2022-7212,pharmaflow-main,SYNTHETIC_OPERATIONAL_RECORD
MOV-000456,MED-0456,Cetirizine 10mg (Cetzine) (Formula 456),AZI227,DISPENSED,-5,35.0,175.0,CUSTOMER_DISPENSING,DISP-00456,2026-08-07T07:00:00Z,PHARM-HIST-0001,pharmaflow-main,SYNTHETIC_OPERATIONAL_RECORD
MOV-000457,MED-0457,Levocetirizine 5mg (Levocet) (Formula 457),AZI228,DISPENSED,-15,50.5,757.5,CUSTOMER_DISPENSING,DISP-00457,2026-06-07T13:00:00Z,PHARM-KA-2022-7212,pharmaflow-main,SYNTHETIC_OPERATIONAL_RECORD
MOV-000458,MED-0458,Azithromycin 250mg (Azee 250) (Formula 458),MET229,DISPENSED,-20,125.0,2500.0,CUSTOMER_DISPENSING,DISP-00458,2026-09-26T15:00:00Z,PHARM-HIST-0001,pharmaflow-main,SYNTHETIC_OPERATIONAL_RECORD
MOV-000459,MED-0459,Azithromycin 500mg (Azithral 500) (Formula 459),MET230,DISPENSED,-20,182.5,3650.0,CUSTOMER_DISPENSING,DISP-00459,2026-04-14T14:00:00Z,PHARM-KA-2022-7212,pharmaflow-main,SYNTHETIC_OPERATIONAL_RECORD
MOV-000460,MED-0460,Metformin 500mg (Glycomet 500) (Formula 460),PAN231,DISPENSED,-20,55.0,1100.0,CUSTOMER_DISPENSING,DISP-00460,2026-08-06T04:00:00Z,PHARM-HIST-0001,pharmaflow-main,SYNTHETIC_OPERATIONAL_RECORD
MOV-000461,MED-0461,Metformin 1000mg SR (Glucophage) (Formula 461),PAN232,DISPENSED,-20,80.5,1610.0,CUSTOMER_DISPENSING,DISP-00461,2026-09-23T09:00:00Z,PHARM-KA-2022-7212,pharmaflow-main,SYNTHETIC_OPERATIONAL_RECORD
MOV-000462,MED-0462,Pantoprazole 40mg (Pan 40) (Formula 462),OME233,DISPENSED,-5,100.0,500.0,CUSTOMER_DISPENSING,DISP-00462,2026-04-28T02:00:00Z,PHARM-HIST-0001,pharmaflow-main,SYNTHETIC_OPERATIONAL_RECORD
MOV-000463,MED-0463,Pantoprazole + Domperidone (Pan-D) (Formula 463),TEL234,DISPENSED,-15,145.0,2175.0,CUSTOMER_DISPENSING,DISP-00463,2026-05-24T01:00:00Z,PHARM-KA-2022-7212,pharmaflow-main,SYNTHETIC_OPERATIONAL_RECORD
MOV-000464,MED-0464,Omeprazole 20mg (Omez) (Formula 464),TEL235,DISPENSED,-20,64.5,1290.0,CUSTOMER_DISPENSING,DISP-00464,2026-07-28T09:00:00Z,PHARM-HIST-0001,pharmaflow-main,SYNTHETIC_OPERATIONAL_RECORD
MOV-000465,MED-0465,Telmisartan 40mg (Telma 40) (Formula 465),ATO236,DISPENSED,-20,103.0,2060.0,CUSTOMER_DISPENSING,DISP-00465,2026-09-03T13:00:00Z,PHARM-KA-2022-7212,pharmaflow-main,SYNTHETIC_OPERATIONAL_RECORD
MOV-000466,MED-0466,Telmisartan + Amlodipine (Telma-AM) (Formula 466),ROS237,DISPENSED,-5,147.5,737.5,CUSTOMER_DISPENSING,DISP-00466,2026-07-16T13:00:00Z,PHARM-HIST-0001,pharmaflow-main,SYNTHETIC_OPERATIONAL_RECORD
MOV-000467,MED-0467,Atorvastatin 10mg (Atorva 10) (Formula 467),CIP238,DISPENSED,-20,120.0,2400.0,CUSTOMER_DISPENSING,DISP-00467,2026-08-31T08:00:00Z,PHARM-KA-2022-7212,pharmaflow-main,SYNTHETIC_OPERATIONAL_RECORD
MOV-000468,MED-0468,Rosuvastatin 10mg (Rosuvas 10) (Formula 468),OFL239,DISPENSED,-15,147.5,2212.5,CUSTOMER_DISPENSING,DISP-00468,2026-05-15T06:00:00Z,PHARM-HIST-0001,pharmaflow-main,SYNTHETIC_OPERATIONAL_RECORD
MOV-000469,MED-0469,Ciprofloxacin 500mg (Ciplox 500) (Formula 469),MON240,DISPENSED,-5,87.0,435.0,CUSTOMER_DISPENSING,DISP-00469,2026-06-18T05:00:00Z,PHARM-KA-2022-7212,pharmaflow-main,SYNTHETIC_OPERATIONAL_RECORD
MOV-000470,MED-0470,Ofloxacin + Ornidazole (O2) (Formula 470),IBU241,DISPENSED,-15,115.0,1725.0,CUSTOMER_DISPENSING,DISP-00470,2026-05-14T19:00:00Z,PHARM-HIST-0001,pharmaflow-main,SYNTHETIC_OPERATIONAL_RECORD
MOV-000471,MED-0471,Montelukast + Levocetirizine (Montair-LC) (Formula 471),ACE242,DISPENSED,-15,160.5,2407.5,CUSTOMER_DISPENSING,DISP-00471,2026-05-18T20:00:00Z,PHARM-KA-2022-7212,pharmaflow-main,SYNTHETIC_OPERATIONAL_RECORD
MOV-000472,MED-0472,Ibuprofen 400mg (Brufen 400) (Formula 472),VIL243,DISPENSED,-15,33.0,495.0,CUSTOMER_DISPENSING,DISP-00472,2026-04-15T12:00:00Z,PHARM-HIST-0001,pharmaflow-main,SYNTHETIC_OPERATIONAL_RECORD
MOV-000473,MED-0473,Aceclofenac + Paracetamol (Zerodol-P) (Formula 473),RAB244,DISPENSED,-10,82.5,825.0,CUSTOMER_DISPENSING,DISP-00473,2026-09-20T14:00:00Z,PHARM-KA-2022-7212,pharmaflow-main,SYNTHETIC_OPERATIONAL_RECORD
MOV-000474,MED-0474,Vildagliptin + Metformin (Galvus Met) (Formula 474),COU245,DISPENSED,-15,250.0,3750.0,CUSTOMER_DISPENSING,DISP-00474,2026-07-07T22:00:00Z,PHARM-HIST-0001,pharmaflow-main,SYNTHETIC_OPERATIONAL_RECORD
MOV-000475,MED-0475,Rabeprazole 20mg (Razo 20) (Formula 475),ORA246,DISPENSED,-10,124.5,1245.0,CUSTOMER_DISPENSING,DISP-00475,2026-08-22T02:00:00Z,PHARM-KA-2022-7212,pharmaflow-main,SYNTHETIC_OPERATIONAL_RECORD
MOV-000476,MED-0476,Cough Syrup (Ascoril-D) (Formula 476),MUL247,DISPENSED,-20,103.0,2060.0,CUSTOMER_DISPENSING,DISP-00476,2026-08-10T22:00:00Z,PHARM-HIST-0001,pharmaflow-main,SYNTHETIC_OPERATIONAL_RECORD
MOV-000477,MED-0477,Oral Rehydration Salts (Electral ORS) (Formula 477),THY248,DISPENSED,-15,18.0,270.0,CUSTOMER_DISPENSING,DISP-00477,2026-07-15T06:00:00Z,PHARM-KA-2022-7212,pharmaflow-main,SYNTHETIC_OPERATIONAL_RECORD
MOV-000478,MED-0478,Multivitamin + Zinc (Becadexamin) (Formula 478),CLO249,DISPENSED,-15,44.5,667.5,CUSTOMER_DISPENSING,DISP-00478,2026-08-03T17:00:00Z,PHARM-HIST-0001,pharmaflow-main,SYNTHETIC_OPERATIONAL_RECORD
MOV-000479,MED-0479,Thyroxine Sodium 50mcg (Thyronorm 50) (Formula 479),PAR250,DISPENSED,-5,130.0,650.0,CUSTOMER_DISPENSING,DISP-00479,2026-09-03T09:00:00Z,PHARM-KA-2022-7212,pharmaflow-main,SYNTHETIC_OPERATIONAL_RECORD
MOV-000480,MED-0480,Clopidogrel 75mg (Clopilet 75) (Formula 480),PAR251,DISPENSED,-20,137.5,2750.0,CUSTOMER_DISPENSING,DISP-00480,2026-06-21T00:00:00Z,PHARM-HIST-0001,pharmaflow-main,SYNTHETIC_OPERATIONAL_RECORD
MOV-000481,MED-0481,Paracetamol 500mg (Formula 481),VIT252,DISPENSED,-20,35.0,700.0,CUSTOMER_DISPENSING,DISP-00481,2026-09-25T20:00:00Z,PHARM-KA-2022-7212,pharmaflow-main,SYNTHETIC_OPERATIONAL_RECORD
MOV-000482,MED-0482,Paracetamol 650mg (Dolo 650) (Formula 482),AMO253,DISPENSED,-5,44.5,222.5,CUSTOMER_DISPENSING,DISP-00482,2026-05-30T01:00:00Z,PHARM-HIST-0001,pharmaflow-main,SYNTHETIC_OPERATIONAL_RECORD
MOV-000483,MED-0483,Vitamin D3 60K (Calcirol) (Formula 483),AMO254,DISPENSED,-5,80.0,400.0,CUSTOMER_DISPENSING,DISP-00483,2026-05-16T23:00:00Z,PHARM-KA-2022-7212,pharmaflow-main,SYNTHETIC_OPERATIONAL_RECORD
MOV-000484,MED-0484,Amoxicillin 500mg (Novamox) (Formula 484),CET255,DISPENSED,-5,95.0,475.0,CUSTOMER_DISPENSING,DISP-00484,2026-06-01T02:00:00Z,PHARM-HIST-0001,pharmaflow-main,SYNTHETIC_OPERATIONAL_RECORD
MOV-000485,MED-0485,Amoxicillin + Clavulanic Acid 625mg (Augmentin) (Formula 485),LEV256,DISPENSED,-20,167.5,3350.0,CUSTOMER_DISPENSING,DISP-00485,2026-07-27T18:00:00Z,PHARM-KA-2022-7212,pharmaflow-main,SYNTHETIC_OPERATIONAL_RECORD
MOV-000486,MED-0486,Cetirizine 10mg (Cetzine) (Formula 486),AZI257,DISPENSED,-15,40.0,600.0,CUSTOMER_DISPENSING,DISP-00486,2026-04-29T10:00:00Z,PHARM-HIST-0001,pharmaflow-main,SYNTHETIC_OPERATIONAL_RECORD
MOV-000487,MED-0487,Levocetirizine 5mg (Levocet) (Formula 487),AZI258,DISPENSED,-5,55.5,277.5,CUSTOMER_DISPENSING,DISP-00487,2026-05-17T10:00:00Z,PHARM-KA-2022-7212,pharmaflow-main,SYNTHETIC_OPERATIONAL_RECORD
MOV-000488,MED-0488,Azithromycin 250mg (Azee 250) (Formula 488),MET259,DISPENSED,-5,130.0,650.0,CUSTOMER_DISPENSING,DISP-00488,2026-05-25T07:00:00Z,PHARM-HIST-0001,pharmaflow-main,SYNTHETIC_OPERATIONAL_RECORD
MOV-000489,MED-0489,Azithromycin 500mg (Azithral 500) (Formula 489),MET260,DISPENSED,-5,187.5,937.5,CUSTOMER_DISPENSING,DISP-00489,2026-05-14T22:00:00Z,PHARM-KA-2022-7212,pharmaflow-main,SYNTHETIC_OPERATIONAL_RECORD
MOV-000490,MED-0490,Metformin 500mg (Glycomet 500) (Formula 490),PAN261,DISPENSED,-10,60.0,600.0,CUSTOMER_DISPENSING,DISP-00490,2026-09-19T15:00:00Z,PHARM-HIST-0001,pharmaflow-main,SYNTHETIC_OPERATIONAL_RECORD
MOV-000491,MED-0491,Metformin 1000mg SR (Glucophage) (Formula 491),PAN262,DISPENSED,-20,68.0,1360.0,CUSTOMER_DISPENSING,DISP-00491,2026-07-29T22:00:00Z,PHARM-KA-2022-7212,pharmaflow-main,SYNTHETIC_OPERATIONAL_RECORD
MOV-000492,MED-0492,Pantoprazole 40mg (Pan 40) (Formula 492),OME263,DISPENSED,-20,87.5,1750.0,CUSTOMER_DISPENSING,DISP-00492,2026-08-30T16:00:00Z,PHARM-HIST-0001,pharmaflow-main,SYNTHETIC_OPERATIONAL_RECORD
MOV-000493,MED-0493,Pantoprazole + Domperidone (Pan-D) (Formula 493),TEL264,DISPENSED,-15,150.0,2250.0,CUSTOMER_DISPENSING,DISP-00493,2026-09-20T07:00:00Z,PHARM-KA-2022-7212,pharmaflow-main,SYNTHETIC_OPERATIONAL_RECORD
MOV-000494,MED-0494,Omeprazole 20mg (Omez) (Formula 494),TEL265,DISPENSED,-15,69.5,1042.5,CUSTOMER_DISPENSING,DISP-00494,2026-06-13T20:00:00Z,PHARM-HIST-0001,pharmaflow-main,SYNTHETIC_OPERATIONAL_RECORD
MOV-000495,MED-0495,Telmisartan 40mg (Telma 40) (Formula 495),ATO266,DISPENSED,-20,108.0,2160.0,CUSTOMER_DISPENSING,DISP-00495,2026-10-03T00:00:00Z,PHARM-KA-2022-7212,pharmaflow-main,SYNTHETIC_OPERATIONAL_RECORD
MOV-000496,MED-0496,Telmisartan + Amlodipine (Telma-AM) (Formula 496),ROS267,DISPENSED,-15,152.5,2287.5,CUSTOMER_DISPENSING,DISP-00496,2026-10-06T17:00:00Z,PHARM-HIST-0001,pharmaflow-main,SYNTHETIC_OPERATIONAL_RECORD
MOV-000497,MED-0497,Atorvastatin 10mg (Atorva 10) (Formula 497),CIP268,DISPENSED,-20,125.0,2500.0,CUSTOMER_DISPENSING,DISP-00497,2026-10-04T12:00:00Z,PHARM-KA-2022-7212,pharmaflow-main,SYNTHETIC_OPERATIONAL_RECORD
MOV-000498,MED-0498,Rosuvastatin 10mg (Rosuvas 10) (Formula 498),OFL269,DISPENSED,-10,135.0,1350.0,CUSTOMER_DISPENSING,DISP-00498,2026-07-17T23:00:00Z,PHARM-HIST-0001,pharmaflow-main,SYNTHETIC_OPERATIONAL_RECORD
MOV-000499,MED-0499,Ciprofloxacin 500mg (Ciplox 500) (Formula 499),MON270,DISPENSED,-10,74.5,745.0,CUSTOMER_DISPENSING,DISP-00499,2026-08-03T05:00:00Z,PHARM-KA-2022-7212,pharmaflow-main,SYNTHETIC_OPERATIONAL_RECORD
MOV-000500,MED-0500,Ofloxacin + Ornidazole (O2) (Formula 500),IBU271,DISPENSED,-15,120.0,1800.0,CUSTOMER_DISPENSING,DISP-00500,2026-05-24T22:00:00Z,PHARM-HIST-0001,pharmaflow-main,SYNTHETIC_OPERATIONAL_RECORD
MOV-000501,MED-0501,Montelukast + Levocetirizine (Montair-LC) (Formula 501),ACE272,DISPENSED,-10,165.5,1655.0,CUSTOMER_DISPENSING,DISP-00501,2026-05-14T01:00:00Z,PHARM-KA-2022-7212,pharmaflow-main,SYNTHETIC_OPERATIONAL_RECORD
MOV-000502,MED-0502,Ibuprofen 400mg (Brufen 400) (Formula 502),VIL273,DISPENSED,-10,38.0,380.0,CUSTOMER_DISPENSING,DISP-00502,2026-08-21T08:00:00Z,PHARM-HIST-0001,pharmaflow-main,SYNTHETIC_OPERATIONAL_RECORD
MOV-000503,MED-0503,Aceclofenac + Paracetamol (Zerodol-P) (Formula 503),RAB274,DISPENSED,-10,87.5,875.0,CUSTOMER_DISPENSING,DISP-00503,2026-07-22T07:00:00Z,PHARM-KA-2022-7212,pharmaflow-main,SYNTHETIC_OPERATIONAL_RECORD
MOV-000504,MED-0504,Vildagliptin + Metformin (Galvus Met) (Formula 504),COU275,DISPENSED,-5,255.0,1275.0,CUSTOMER_DISPENSING,DISP-00504,2026-10-01T19:00:00Z,PHARM-HIST-0001,pharmaflow-main,SYNTHETIC_OPERATIONAL_RECORD
MOV-000505,MED-0505,Rabeprazole 20mg (Razo 20) (Formula 505),ORA276,DISPENSED,-5,112.0,560.0,CUSTOMER_DISPENSING,DISP-00505,2026-09-05T19:00:00Z,PHARM-KA-2022-7212,pharmaflow-main,SYNTHETIC_OPERATIONAL_RECORD
MOV-000506,MED-0506,Cough Syrup (Ascoril-D) (Formula 506),MUL277,DISPENSED,-15,90.5,1357.5,CUSTOMER_DISPENSING,DISP-00506,2026-09-21T02:00:00Z,PHARM-HIST-0001,pharmaflow-main,SYNTHETIC_OPERATIONAL_RECORD
MOV-000507,MED-0507,Oral Rehydration Salts (Electral ORS) (Formula 507),THY278,DISPENSED,-15,23.0,345.0,CUSTOMER_DISPENSING,DISP-00507,2026-08-10T15:00:00Z,PHARM-KA-2022-7212,pharmaflow-main,SYNTHETIC_OPERATIONAL_RECORD
MOV-000508,MED-0508,Multivitamin + Zinc (Becadexamin) (Formula 508),CLO279,DISPENSED,-10,49.5,495.0,CUSTOMER_DISPENSING,DISP-00508,2026-08-18T03:00:00Z,PHARM-HIST-0001,pharmaflow-main,SYNTHETIC_OPERATIONAL_RECORD
MOV-000509,MED-0509,Thyroxine Sodium 50mcg (Thyronorm 50) (Formula 509),PAR280,DISPENSED,-10,135.0,1350.0,CUSTOMER_DISPENSING,DISP-00509,2026-06-22T04:00:00Z,PHARM-KA-2022-7212,pharmaflow-main,SYNTHETIC_OPERATIONAL_RECORD
MOV-000510,MED-0510,Clopidogrel 75mg (Clopilet 75) (Formula 510),PAR281,DISPENSED,-10,142.5,1425.0,CUSTOMER_DISPENSING,DISP-00510,2026-08-14T01:00:00Z,PHARM-HIST-0001,pharmaflow-main,SYNTHETIC_OPERATIONAL_RECORD
MOV-000511,MED-0511,Paracetamol 500mg (Formula 511),VIT282,DISPENSED,-5,40.0,200.0,CUSTOMER_DISPENSING,DISP-00511,2026-09-02T22:00:00Z,PHARM-KA-2022-7212,pharmaflow-main,SYNTHETIC_OPERATIONAL_RECORD
MOV-000512,MED-0512,Paracetamol 650mg (Dolo 650) (Formula 512),AMO283,DISPENSED,-5,32.0,160.0,CUSTOMER_DISPENSING,DISP-00512,2026-07-04T12:00:00Z,PHARM-HIST-0001,pharmaflow-main,SYNTHETIC_OPERATIONAL_RECORD
MOV-000513,MED-0001,Paracetamol 500mg,AMO284,DISPENSED,-20,25.0,500.0,CUSTOMER_DISPENSING,DISP-00513,2026-08-16T00:00:00Z,PHARM-KA-2022-7212,pharmaflow-main,SYNTHETIC_OPERATIONAL_RECORD
MOV-000514,MED-0002,Paracetamol 650mg (Dolo 650),CET285,DISPENSED,-5,34.5,172.5,CUSTOMER_DISPENSING,DISP-00514,2026-06-15T22:00:00Z,PHARM-HIST-0001,pharmaflow-main,SYNTHETIC_OPERATIONAL_RECORD
MOV-000515,MED-0003,Vitamin D3 60K (Calcirol),LEV286,DISPENSED,-20,70.0,1400.0,CUSTOMER_DISPENSING,DISP-00515,2026-08-19T06:00:00Z,PHARM-KA-2022-7212,pharmaflow-main,SYNTHETIC_OPERATIONAL_RECORD
MOV-000516,MED-0004,Amoxicillin 500mg (Novamox),AZI287,DISPENSED,-20,102.5,2050.0,CUSTOMER_DISPENSING,DISP-00516,2026-05-10T09:00:00Z,PHARM-HIST-0001,pharmaflow-main,SYNTHETIC_OPERATIONAL_RECORD
MOV-000517,MED-0005,Amoxicillin + Clavulanic Acid 625mg (Augmentin),AZI288,DISPENSED,-5,175.0,875.0,CUSTOMER_DISPENSING,DISP-00517,2026-08-24T20:00:00Z,PHARM-KA-2022-7212,pharmaflow-main,SYNTHETIC_OPERATIONAL_RECORD
MOV-000518,MED-0006,Cetirizine 10mg (Cetzine),MET289,DISPENSED,-5,47.5,237.5,CUSTOMER_DISPENSING,DISP-00518,2026-08-28T06:00:00Z,PHARM-HIST-0001,pharmaflow-main,SYNTHETIC_OPERATIONAL_RECORD
MOV-000519,MED-0007,Levocetirizine 5mg (Levocet),MET290,DISPENSED,-5,63.0,315.0,CUSTOMER_DISPENSING,DISP-00519,2026-06-04T13:00:00Z,PHARM-KA-2022-7212,pharmaflow-main,SYNTHETIC_OPERATIONAL_RECORD
MOV-000520,MED-0008,Azithromycin 250mg (Azee 250),PAN291,DISPENSED,-15,120.0,1800.0,CUSTOMER_DISPENSING,DISP-00520,2026-07-18T23:00:00Z,PHARM-HIST-0001,pharmaflow-main,SYNTHETIC_OPERATIONAL_RECORD
MOV-000521,MED-0009,Azithromycin 500mg (Azithral 500),PAN292,DISPENSED,-10,177.5,1775.0,CUSTOMER_DISPENSING,DISP-00521,2026-08-16T10:00:00Z,PHARM-KA-2022-7212,pharmaflow-main,SYNTHETIC_OPERATIONAL_RECORD
MOV-000522,MED-0010,Metformin 500mg (Glycomet 500),OME293,DISPENSED,-15,50.0,750.0,CUSTOMER_DISPENSING,DISP-00522,2026-06-08T04:00:00Z,PHARM-HIST-0001,pharmaflow-main,SYNTHETIC_OPERATIONAL_RECORD
MOV-000523,MED-0011,Metformin 1000mg SR (Glucophage),TEL294,DISPENSED,-5,75.5,377.5,CUSTOMER_DISPENSING,DISP-00523,2026-06-14T12:00:00Z,PHARM-KA-2022-7212,pharmaflow-main,SYNTHETIC_OPERATIONAL_RECORD
MOV-000524,MED-0012,Pantoprazole 40mg (Pan 40),TEL295,DISPENSED,-5,95.0,475.0,CUSTOMER_DISPENSING,DISP-00524,2026-07-02T23:00:00Z,PHARM-HIST-0001,pharmaflow-main,SYNTHETIC_OPERATIONAL_RECORD
MOV-000525,MED-0013,Pantoprazole + Domperidone (Pan-D),ATO296,DISPENSED,-20,157.5,3150.0,CUSTOMER_DISPENSING,DISP-00525,2026-09-13T01:00:00Z,PHARM-KA-2022-7212,pharmaflow-main,SYNTHETIC_OPERATIONAL_RECORD
MOV-000526,MED-0014,Omeprazole 20mg (Omez),ROS297,DISPENSED,-15,77.0,1155.0,CUSTOMER_DISPENSING,DISP-00526,2026-07-21T10:00:00Z,PHARM-HIST-0001,pharmaflow-main,SYNTHETIC_OPERATIONAL_RECORD
MOV-000527,MED-0015,Telmisartan 40mg (Telma 40),CIP298,DISPENSED,-20,98.0,1960.0,CUSTOMER_DISPENSING,DISP-00527,2026-04-25T03:00:00Z,PHARM-KA-2022-7212,pharmaflow-main,SYNTHETIC_OPERATIONAL_RECORD
MOV-000528,MED-0016,Telmisartan + Amlodipine (Telma-AM),OFL299,DISPENSED,-10,142.5,1425.0,CUSTOMER_DISPENSING,DISP-00528,2026-04-12T10:00:00Z,PHARM-HIST-0001,pharmaflow-main,SYNTHETIC_OPERATIONAL_RECORD
MOV-000529,MED-0017,Atorvastatin 10mg (Atorva 10),MON300,DISPENSED,-20,115.0,2300.0,CUSTOMER_DISPENSING,DISP-00529,2026-06-10T12:00:00Z,PHARM-KA-2022-7212,pharmaflow-main,SYNTHETIC_OPERATIONAL_RECORD
MOV-000530,MED-0018,Rosuvastatin 10mg (Rosuvas 10),IBU301,DISPENSED,-15,142.5,2137.5,CUSTOMER_DISPENSING,DISP-00530,2026-04-26T02:00:00Z,PHARM-HIST-0001,pharmaflow-main,SYNTHETIC_OPERATIONAL_RECORD
MOV-000531,MED-0019,Ciprofloxacin 500mg (Ciplox 500),ACE302,DISPENSED,-5,82.0,410.0,CUSTOMER_DISPENSING,DISP-00531,2026-09-02T05:00:00Z,PHARM-KA-2022-7212,pharmaflow-main,SYNTHETIC_OPERATIONAL_RECORD
MOV-000532,MED-0020,Ofloxacin + Ornidazole (O2),VIL303,DISPENSED,-10,127.5,1275.0,CUSTOMER_DISPENSING,DISP-00532,2026-05-17T12:00:00Z,PHARM-HIST-0001,pharmaflow-main,SYNTHETIC_OPERATIONAL_RECORD
MOV-000533,MED-0021,Montelukast + Levocetirizine (Montair-LC),RAB304,DISPENSED,-10,173.0,1730.0,CUSTOMER_DISPENSING,DISP-00533,2026-05-29T08:00:00Z,PHARM-KA-2022-7212,pharmaflow-main,SYNTHETIC_OPERATIONAL_RECORD
MOV-000534,MED-0022,Ibuprofen 400mg (Brufen 400),COU305,DISPENSED,-10,28.0,280.0,CUSTOMER_DISPENSING,DISP-00534,2026-04-13T21:00:00Z,PHARM-HIST-0001,pharmaflow-main,SYNTHETIC_OPERATIONAL_RECORD
MOV-000535,MED-0023,Aceclofenac + Paracetamol (Zerodol-P),ORA306,DISPENSED,-5,77.5,387.5,CUSTOMER_DISPENSING,DISP-00535,2026-09-22T17:00:00Z,PHARM-KA-2022-7212,pharmaflow-main,SYNTHETIC_OPERATIONAL_RECORD
MOV-000536,MED-0024,Vildagliptin + Metformin (Galvus Met),MUL307,DISPENSED,-10,245.0,2450.0,CUSTOMER_DISPENSING,DISP-00536,2026-04-22T03:00:00Z,PHARM-HIST-0001,pharmaflow-main,SYNTHETIC_OPERATIONAL_RECORD
MOV-000537,MED-0025,Rabeprazole 20mg (Razo 20),THY308,DISPENSED,-15,119.5,1792.5,CUSTOMER_DISPENSING,DISP-00537,2026-05-02T23:00:00Z,PHARM-KA-2022-7212,pharmaflow-main,SYNTHETIC_OPERATIONAL_RECORD
MOV-000538,MED-0026,Cough Syrup (Ascoril-D),CLO309,DISPENSED,-10,98.0,980.0,CUSTOMER_DISPENSING,DISP-00538,2026-06-23T07:00:00Z,PHARM-HIST-0001,pharmaflow-main,SYNTHETIC_OPERATIONAL_RECORD
MOV-000539,MED-0027,Oral Rehydration Salts (Electral ORS),PAR310,DISPENSED,-10,30.5,305.0,CUSTOMER_DISPENSING,DISP-00539,2026-05-29T08:00:00Z,PHARM-KA-2022-7212,pharmaflow-main,SYNTHETIC_OPERATIONAL_RECORD
MOV-000540,MED-0028,Multivitamin + Zinc (Becadexamin),PAR311,DISPENSED,-10,57.0,570.0,CUSTOMER_DISPENSING,DISP-00540,2026-07-07T09:00:00Z,PHARM-HIST-0001,pharmaflow-main,SYNTHETIC_OPERATIONAL_RECORD
MOV-000541,MED-0029,Thyroxine Sodium 50mcg (Thyronorm 50),VIT312,DISPENSED,-10,125.0,1250.0,CUSTOMER_DISPENSING,DISP-00541,2026-09-30T21:00:00Z,PHARM-KA-2022-7212,pharmaflow-main,SYNTHETIC_OPERATIONAL_RECORD
MOV-000542,MED-0030,Clopidogrel 75mg (Clopilet 75),AMO313,DISPENSED,-10,132.5,1325.0,CUSTOMER_DISPENSING,DISP-00542,2026-07-22T00:00:00Z,PHARM-HIST-0001,pharmaflow-main,SYNTHETIC_OPERATIONAL_RECORD
MOV-000543,MED-0031,Paracetamol 500mg (Formula 31),AMO314,DISPENSED,-15,30.0,450.0,CUSTOMER_DISPENSING,DISP-00543,2026-08-01T17:00:00Z,PHARM-KA-2022-7212,pharmaflow-main,SYNTHETIC_OPERATIONAL_RECORD
MOV-000544,MED-0032,Paracetamol 650mg (Dolo 650) (Formula 32),CET315,DISPENSED,-15,39.5,592.5,CUSTOMER_DISPENSING,DISP-00544,2026-10-01T12:00:00Z,PHARM-HIST-0001,pharmaflow-main,SYNTHETIC_OPERATIONAL_RECORD
MOV-000545,MED-0033,Vitamin D3 60K (Calcirol) (Formula 33),LEV316,DISPENSED,-15,75.0,1125.0,CUSTOMER_DISPENSING,DISP-00545,2026-09-30T21:00:00Z,PHARM-KA-2022-7212,pharmaflow-main,SYNTHETIC_OPERATIONAL_RECORD
MOV-000546,MED-0034,Amoxicillin 500mg (Novamox) (Formula 34),AZI317,DISPENSED,-5,107.5,537.5,CUSTOMER_DISPENSING,DISP-00546,2026-09-01T23:00:00Z,PHARM-HIST-0001,pharmaflow-main,SYNTHETIC_OPERATIONAL_RECORD
MOV-000547,MED-0035,Amoxicillin + Clavulanic Acid 625mg (Augmentin) (Formula 35),AZI318,DISPENSED,-5,180.0,900.0,CUSTOMER_DISPENSING,DISP-00547,2026-05-23T00:00:00Z,PHARM-KA-2022-7212,pharmaflow-main,SYNTHETIC_OPERATIONAL_RECORD
MOV-000548,MED-0036,Cetirizine 10mg (Cetzine) (Formula 36),MET319,DISPENSED,-10,35.0,350.0,CUSTOMER_DISPENSING,DISP-00548,2026-08-29T09:00:00Z,PHARM-HIST-0001,pharmaflow-main,SYNTHETIC_OPERATIONAL_RECORD
MOV-000549,MED-0037,Levocetirizine 5mg (Levocet) (Formula 37),MET320,DISPENSED,-5,50.5,252.5,CUSTOMER_DISPENSING,DISP-00549,2026-07-11T05:00:00Z,PHARM-KA-2022-7212,pharmaflow-main,SYNTHETIC_OPERATIONAL_RECORD
MOV-000550,MED-0038,Azithromycin 250mg (Azee 250) (Formula 38),PAN321,DISPENSED,-5,125.0,625.0,CUSTOMER_DISPENSING,DISP-00550,2026-06-23T10:00:00Z,PHARM-HIST-0001,pharmaflow-main,SYNTHETIC_OPERATIONAL_RECORD
MOV-000551,MED-0039,Azithromycin 500mg (Azithral 500) (Formula 39),PAN322,DISPENSED,-5,182.5,912.5,CUSTOMER_DISPENSING,DISP-00551,2026-06-08T22:00:00Z,PHARM-KA-2022-7212,pharmaflow-main,SYNTHETIC_OPERATIONAL_RECORD
MOV-000552,MED-0040,Metformin 500mg (Glycomet 500) (Formula 40),OME323,DISPENSED,-20,55.0,1100.0,CUSTOMER_DISPENSING,DISP-00552,2026-05-23T22:00:00Z,PHARM-HIST-0001,pharmaflow-main,SYNTHETIC_OPERATIONAL_RECORD
MOV-000553,MED-0041,Metformin 1000mg SR (Glucophage) (Formula 41),TEL324,DISPENSED,-10,80.5,805.0,CUSTOMER_DISPENSING,DISP-00553,2026-05-06T16:00:00Z,PHARM-KA-2022-7212,pharmaflow-main,SYNTHETIC_OPERATIONAL_RECORD
MOV-000554,MED-0042,Pantoprazole 40mg (Pan 40) (Formula 42),TEL325,DISPENSED,-5,100.0,500.0,CUSTOMER_DISPENSING,DISP-00554,2026-07-20T21:00:00Z,PHARM-HIST-0001,pharmaflow-main,SYNTHETIC_OPERATIONAL_RECORD
MOV-000555,MED-0043,Pantoprazole + Domperidone (Pan-D) (Formula 43),ATO326,DISPENSED,-20,145.0,2900.0,CUSTOMER_DISPENSING,DISP-00555,2026-08-04T08:00:00Z,PHARM-KA-2022-7212,pharmaflow-main,SYNTHETIC_OPERATIONAL_RECORD
MOV-000556,MED-0044,Omeprazole 20mg (Omez) (Formula 44),ROS327,DISPENSED,-15,64.5,967.5,CUSTOMER_DISPENSING,DISP-00556,2026-04-22T19:00:00Z,PHARM-HIST-0001,pharmaflow-main,SYNTHETIC_OPERATIONAL_RECORD
MOV-000557,MED-0045,Telmisartan 40mg (Telma 40) (Formula 45),CIP328,DISPENSED,-15,103.0,1545.0,CUSTOMER_DISPENSING,DISP-00557,2026-05-03T15:00:00Z,PHARM-KA-2022-7212,pharmaflow-main,SYNTHETIC_OPERATIONAL_RECORD
MOV-000558,MED-0046,Telmisartan + Amlodipine (Telma-AM) (Formula 46),OFL329,DISPENSED,-5,147.5,737.5,CUSTOMER_DISPENSING,DISP-00558,2026-06-07T21:00:00Z,PHARM-HIST-0001,pharmaflow-main,SYNTHETIC_OPERATIONAL_RECORD
MOV-000559,MED-0047,Atorvastatin 10mg (Atorva 10) (Formula 47),MON330,DISPENSED,-10,120.0,1200.0,CUSTOMER_DISPENSING,DISP-00559,2026-09-06T05:00:00Z,PHARM-KA-2022-7212,pharmaflow-main,SYNTHETIC_OPERATIONAL_RECORD
MOV-000560,MED-0048,Rosuvastatin 10mg (Rosuvas 10) (Formula 48),IBU331,DISPENSED,-10,147.5,1475.0,CUSTOMER_DISPENSING,DISP-00560,2026-09-02T05:00:00Z,PHARM-HIST-0001,pharmaflow-main,SYNTHETIC_OPERATIONAL_RECORD
MOV-000561,MED-0049,Ciprofloxacin 500mg (Ciplox 500) (Formula 49),ACE332,DISPENSED,-5,87.0,435.0,CUSTOMER_DISPENSING,DISP-00561,2026-09-13T14:00:00Z,PHARM-KA-2022-7212,pharmaflow-main,SYNTHETIC_OPERATIONAL_RECORD
MOV-000562,MED-0050,Ofloxacin + Ornidazole (O2) (Formula 50),VIL333,DISPENSED,-20,115.0,2300.0,CUSTOMER_DISPENSING,DISP-00562,2026-07-27T17:00:00Z,PHARM-HIST-0001,pharmaflow-main,SYNTHETIC_OPERATIONAL_RECORD
MOV-000563,MED-0051,Montelukast + Levocetirizine (Montair-LC) (Formula 51),RAB334,DISPENSED,-5,160.5,802.5,CUSTOMER_DISPENSING,DISP-00563,2026-08-06T05:00:00Z,PHARM-KA-2022-7212,pharmaflow-main,SYNTHETIC_OPERATIONAL_RECORD
MOV-000564,MED-0052,Ibuprofen 400mg (Brufen 400) (Formula 52),COU335,DISPENSED,-15,33.0,495.0,CUSTOMER_DISPENSING,DISP-00564,2026-08-21T13:00:00Z,PHARM-HIST-0001,pharmaflow-main,SYNTHETIC_OPERATIONAL_RECORD
MOV-000565,MED-0053,Aceclofenac + Paracetamol (Zerodol-P) (Formula 53),ORA336,DISPENSED,-15,82.5,1237.5,CUSTOMER_DISPENSING,DISP-00565,2026-07-15T14:00:00Z,PHARM-KA-2022-7212,pharmaflow-main,SYNTHETIC_OPERATIONAL_RECORD
MOV-000566,MED-0054,Vildagliptin + Metformin (Galvus Met) (Formula 54),MUL337,DISPENSED,-20,250.0,5000.0,CUSTOMER_DISPENSING,DISP-00566,2026-04-19T18:00:00Z,PHARM-HIST-0001,pharmaflow-main,SYNTHETIC_OPERATIONAL_RECORD
MOV-000567,MED-0055,Rabeprazole 20mg (Razo 20) (Formula 55),THY338,DISPENSED,-15,124.5,1867.5,CUSTOMER_DISPENSING,DISP-00567,2026-09-05T02:00:00Z,PHARM-KA-2022-7212,pharmaflow-main,SYNTHETIC_OPERATIONAL_RECORD
MOV-000568,MED-0056,Cough Syrup (Ascoril-D) (Formula 56),CLO339,DISPENSED,-20,103.0,2060.0,CUSTOMER_DISPENSING,DISP-00568,2026-07-04T15:00:00Z,PHARM-HIST-0001,pharmaflow-main,SYNTHETIC_OPERATIONAL_RECORD
MOV-000569,MED-0057,Oral Rehydration Salts (Electral ORS) (Formula 57),PAR340,DISPENSED,-10,18.0,180.0,CUSTOMER_DISPENSING,DISP-00569,2026-05-12T13:00:00Z,PHARM-KA-2022-7212,pharmaflow-main,SYNTHETIC_OPERATIONAL_RECORD
MOV-000570,MED-0058,Multivitamin + Zinc (Becadexamin) (Formula 58),PAR341,DISPENSED,-5,44.5,222.5,CUSTOMER_DISPENSING,DISP-00570,2026-07-01T16:00:00Z,PHARM-HIST-0001,pharmaflow-main,SYNTHETIC_OPERATIONAL_RECORD
MOV-000571,MED-0059,Thyroxine Sodium 50mcg (Thyronorm 50) (Formula 59),VIT342,DISPENSED,-5,130.0,650.0,CUSTOMER_DISPENSING,DISP-00571,2026-08-19T07:00:00Z,PHARM-KA-2022-7212,pharmaflow-main,SYNTHETIC_OPERATIONAL_RECORD
MOV-000572,MED-0060,Clopidogrel 75mg (Clopilet 75) (Formula 60),AMO343,DISPENSED,-5,137.5,687.5,CUSTOMER_DISPENSING,DISP-00572,2026-09-01T16:00:00Z,PHARM-HIST-0001,pharmaflow-main,SYNTHETIC_OPERATIONAL_RECORD
MOV-000573,MED-0061,Paracetamol 500mg (Formula 61),AMO344,DISPENSED,-5,35.0,175.0,CUSTOMER_DISPENSING,DISP-00573,2026-08-09T07:00:00Z,PHARM-KA-2022-7212,pharmaflow-main,SYNTHETIC_OPERATIONAL_RECORD
MOV-000574,MED-0062,Paracetamol 650mg (Dolo 650) (Formula 62),CET345,DISPENSED,-20,44.5,890.0,CUSTOMER_DISPENSING,DISP-00574,2026-07-18T12:00:00Z,PHARM-HIST-0001,pharmaflow-main,SYNTHETIC_OPERATIONAL_RECORD
MOV-000575,MED-0063,Vitamin D3 60K (Calcirol) (Formula 63),LEV346,DISPENSED,-20,80.0,1600.0,CUSTOMER_DISPENSING,DISP-00575,2026-06-07T01:00:00Z,PHARM-KA-2022-7212,pharmaflow-main,SYNTHETIC_OPERATIONAL_RECORD
MOV-000576,MED-0064,Amoxicillin 500mg (Novamox) (Formula 64),AZI347,DISPENSED,-10,95.0,950.0,CUSTOMER_DISPENSING,DISP-00576,2026-04-30T18:00:00Z,PHARM-HIST-0001,pharmaflow-main,SYNTHETIC_OPERATIONAL_RECORD
MOV-000577,MED-0065,Amoxicillin + Clavulanic Acid 625mg (Augmentin) (Formula 65),AZI348,DISPENSED,-20,167.5,3350.0,CUSTOMER_DISPENSING,DISP-00577,2026-06-15T06:00:00Z,PHARM-KA-2022-7212,pharmaflow-main,SYNTHETIC_OPERATIONAL_RECORD
MOV-000578,MED-0066,Cetirizine 10mg (Cetzine) (Formula 66),MET349,DISPENSED,-20,40.0,800.0,CUSTOMER_DISPENSING,DISP-00578,2026-05-02T04:00:00Z,PHARM-HIST-0001,pharmaflow-main,SYNTHETIC_OPERATIONAL_RECORD
MOV-000579,MED-0067,Levocetirizine 5mg (Levocet) (Formula 67),MET350,DISPENSED,-20,55.5,1110.0,CUSTOMER_DISPENSING,DISP-00579,2026-09-07T13:00:00Z,PHARM-KA-2022-7212,pharmaflow-main,SYNTHETIC_OPERATIONAL_RECORD
MOV-000580,MED-0068,Azithromycin 250mg (Azee 250) (Formula 68),PAN351,DISPENSED,-15,130.0,1950.0,CUSTOMER_DISPENSING,DISP-00580,2026-04-23T20:00:00Z,PHARM-HIST-0001,pharmaflow-main,SYNTHETIC_OPERATIONAL_RECORD
MOV-000581,MED-0069,Azithromycin 500mg (Azithral 500) (Formula 69),PAN352,DISPENSED,-15,187.5,2812.5,CUSTOMER_DISPENSING,DISP-00581,2026-07-14T07:00:00Z,PHARM-KA-2022-7212,pharmaflow-main,SYNTHETIC_OPERATIONAL_RECORD
MOV-000582,MED-0070,Metformin 500mg (Glycomet 500) (Formula 70),OME353,DISPENSED,-15,60.0,900.0,CUSTOMER_DISPENSING,DISP-00582,2026-07-12T21:00:00Z,PHARM-HIST-0001,pharmaflow-main,SYNTHETIC_OPERATIONAL_RECORD
MOV-000583,MED-0071,Metformin 1000mg SR (Glucophage) (Formula 71),TEL354,DISPENSED,-20,68.0,1360.0,CUSTOMER_DISPENSING,DISP-00583,2026-04-22T09:00:00Z,PHARM-KA-2022-7212,pharmaflow-main,SYNTHETIC_OPERATIONAL_RECORD
MOV-000584,MED-0072,Pantoprazole 40mg (Pan 40) (Formula 72),TEL355,DISPENSED,-15,87.5,1312.5,CUSTOMER_DISPENSING,DISP-00584,2026-05-29T04:00:00Z,PHARM-HIST-0001,pharmaflow-main,SYNTHETIC_OPERATIONAL_RECORD
MOV-000585,MED-0073,Pantoprazole + Domperidone (Pan-D) (Formula 73),ATO356,DISPENSED,-5,150.0,750.0,CUSTOMER_DISPENSING,DISP-00585,2026-07-06T23:00:00Z,PHARM-KA-2022-7212,pharmaflow-main,SYNTHETIC_OPERATIONAL_RECORD
MOV-000586,MED-0074,Omeprazole 20mg (Omez) (Formula 74),ROS357,DISPENSED,-5,69.5,347.5,CUSTOMER_DISPENSING,DISP-00586,2026-05-22T08:00:00Z,PHARM-HIST-0001,pharmaflow-main,SYNTHETIC_OPERATIONAL_RECORD
MOV-000587,MED-0075,Telmisartan 40mg (Telma 40) (Formula 75),CIP358,DISPENSED,-5,108.0,540.0,CUSTOMER_DISPENSING,DISP-00587,2026-08-10T22:00:00Z,PHARM-KA-2022-7212,pharmaflow-main,SYNTHETIC_OPERATIONAL_RECORD
MOV-000588,MED-0076,Telmisartan + Amlodipine (Telma-AM) (Formula 76),OFL359,DISPENSED,-5,152.5,762.5,CUSTOMER_DISPENSING,DISP-00588,2026-09-07T19:00:00Z,PHARM-HIST-0001,pharmaflow-main,SYNTHETIC_OPERATIONAL_RECORD
MOV-000589,MED-0077,Atorvastatin 10mg (Atorva 10) (Formula 77),MON360,DISPENSED,-15,125.0,1875.0,CUSTOMER_DISPENSING,DISP-00589,2026-09-06T01:00:00Z,PHARM-KA-2022-7212,pharmaflow-main,SYNTHETIC_OPERATIONAL_RECORD
MOV-000590,MED-0078,Rosuvastatin 10mg (Rosuvas 10) (Formula 78),IBU361,DISPENSED,-15,135.0,2025.0,CUSTOMER_DISPENSING,DISP-00590,2026-06-14T23:00:00Z,PHARM-HIST-0001,pharmaflow-main,SYNTHETIC_OPERATIONAL_RECORD
MOV-000591,MED-0079,Ciprofloxacin 500mg (Ciplox 500) (Formula 79),ACE362,DISPENSED,-5,74.5,372.5,CUSTOMER_DISPENSING,DISP-00591,2026-06-01T07:00:00Z,PHARM-KA-2022-7212,pharmaflow-main,SYNTHETIC_OPERATIONAL_RECORD
MOV-000592,MED-0080,Ofloxacin + Ornidazole (O2) (Formula 80),VIL363,DISPENSED,-20,120.0,2400.0,CUSTOMER_DISPENSING,DISP-00592,2026-05-31T06:00:00Z,PHARM-HIST-0001,pharmaflow-main,SYNTHETIC_OPERATIONAL_RECORD
MOV-000593,MED-0081,Montelukast + Levocetirizine (Montair-LC) (Formula 81),RAB364,DISPENSED,-10,165.5,1655.0,CUSTOMER_DISPENSING,DISP-00593,2026-04-17T05:00:00Z,PHARM-KA-2022-7212,pharmaflow-main,SYNTHETIC_OPERATIONAL_RECORD
MOV-000594,MED-0082,Ibuprofen 400mg (Brufen 400) (Formula 82),COU365,DISPENSED,-5,38.0,190.0,CUSTOMER_DISPENSING,DISP-00594,2026-08-18T13:00:00Z,PHARM-HIST-0001,pharmaflow-main,SYNTHETIC_OPERATIONAL_RECORD
MOV-000595,MED-0083,Aceclofenac + Paracetamol (Zerodol-P) (Formula 83),ORA366,DISPENSED,-15,87.5,1312.5,CUSTOMER_DISPENSING,DISP-00595,2026-05-26T17:00:00Z,PHARM-KA-2022-7212,pharmaflow-main,SYNTHETIC_OPERATIONAL_RECORD
MOV-000596,MED-0084,Vildagliptin + Metformin (Galvus Met) (Formula 84),MUL367,DISPENSED,-10,255.0,2550.0,CUSTOMER_DISPENSING,DISP-00596,2026-05-16T20:00:00Z,PHARM-HIST-0001,pharmaflow-main,SYNTHETIC_OPERATIONAL_RECORD
MOV-000597,MED-0085,Rabeprazole 20mg (Razo 20) (Formula 85),THY368,DISPENSED,-5,112.0,560.0,CUSTOMER_DISPENSING,DISP-00597,2026-05-25T01:00:00Z,PHARM-KA-2022-7212,pharmaflow-main,SYNTHETIC_OPERATIONAL_RECORD
MOV-000598,MED-0086,Cough Syrup (Ascoril-D) (Formula 86),CLO369,DISPENSED,-10,90.5,905.0,CUSTOMER_DISPENSING,DISP-00598,2026-04-13T20:00:00Z,PHARM-HIST-0001,pharmaflow-main,SYNTHETIC_OPERATIONAL_RECORD
MOV-000599,MED-0087,Oral Rehydration Salts (Electral ORS) (Formula 87),PAR370,DISPENSED,-10,23.0,230.0,CUSTOMER_DISPENSING,DISP-00599,2026-07-05T07:00:00Z,PHARM-KA-2022-7212,pharmaflow-main,SYNTHETIC_OPERATIONAL_RECORD
MOV-000600,MED-0088,Multivitamin + Zinc (Becadexamin) (Formula 88),PAR371,DISPENSED,-5,49.5,247.5,CUSTOMER_DISPENSING,DISP-00600,2026-04-17T07:00:00Z,PHARM-HIST-0001,pharmaflow-main,SYNTHETIC_OPERATIONAL_RECORD
MOV-000601,MED-0089,Thyroxine Sodium 50mcg (Thyronorm 50) (Formula 89),VIT372,DISPENSED,-10,135.0,1350.0,CUSTOMER_DISPENSING,DISP-00601,2026-08-30T19:00:00Z,PHARM-KA-2022-7212,pharmaflow-main,SYNTHETIC_OPERATIONAL_RECORD
MOV-000602,MED-0090,Clopidogrel 75mg (Clopilet 75) (Formula 90),AMO373,DISPENSED,-20,142.5,2850.0,CUSTOMER_DISPENSING,DISP-00602,2026-08-18T04:00:00Z,PHARM-HIST-0001,pharmaflow-main,SYNTHETIC_OPERATIONAL_RECORD
MOV-000603,MED-0091,Paracetamol 500mg (Formula 91),AMO374,DISPENSED,-5,40.0,200.0,CUSTOMER_DISPENSING,DISP-00603,2026-06-28T03:00:00Z,PHARM-KA-2022-7212,pharmaflow-main,SYNTHETIC_OPERATIONAL_RECORD
MOV-000604,MED-0092,Paracetamol 650mg (Dolo 650) (Formula 92),CET375,DISPENSED,-20,32.0,640.0,CUSTOMER_DISPENSING,DISP-00604,2026-05-27T23:00:00Z,PHARM-HIST-0001,pharmaflow-main,SYNTHETIC_OPERATIONAL_RECORD
MOV-000605,MED-0093,Vitamin D3 60K (Calcirol) (Formula 93),LEV376,DISPENSED,-20,67.5,1350.0,CUSTOMER_DISPENSING,DISP-00605,2026-06-11T02:00:00Z,PHARM-KA-2022-7212,pharmaflow-main,SYNTHETIC_OPERATIONAL_RECORD
MOV-000606,MED-0094,Amoxicillin 500mg (Novamox) (Formula 94),AZI377,DISPENSED,-10,100.0,1000.0,CUSTOMER_DISPENSING,DISP-00606,2026-07-24T12:00:00Z,PHARM-HIST-0001,pharmaflow-main,SYNTHETIC_OPERATIONAL_RECORD
MOV-000607,MED-0095,Amoxicillin + Clavulanic Acid 625mg (Augmentin) (Formula 95),AZI378,DISPENSED,-5,172.5,862.5,CUSTOMER_DISPENSING,DISP-00607,2026-08-04T14:00:00Z,PHARM-KA-2022-7212,pharmaflow-main,SYNTHETIC_OPERATIONAL_RECORD
MOV-000608,MED-0096,Cetirizine 10mg (Cetzine) (Formula 96),MET379,DISPENSED,-15,45.0,675.0,CUSTOMER_DISPENSING,DISP-00608,2026-08-15T13:00:00Z,PHARM-HIST-0001,pharmaflow-main,SYNTHETIC_OPERATIONAL_RECORD
MOV-000609,MED-0097,Levocetirizine 5mg (Levocet) (Formula 97),MET380,DISPENSED,-5,60.5,302.5,CUSTOMER_DISPENSING,DISP-00609,2026-09-22T23:00:00Z,PHARM-KA-2022-7212,pharmaflow-main,SYNTHETIC_OPERATIONAL_RECORD
MOV-000610,MED-0098,Azithromycin 250mg (Azee 250) (Formula 98),PAN381,DISPENSED,-10,135.0,1350.0,CUSTOMER_DISPENSING,DISP-00610,2026-09-01T21:00:00Z,PHARM-HIST-0001,pharmaflow-main,SYNTHETIC_OPERATIONAL_RECORD
MOV-000611,MED-0099,Azithromycin 500mg (Azithral 500) (Formula 99),PAN382,DISPENSED,-10,175.0,1750.0,CUSTOMER_DISPENSING,DISP-00611,2026-08-07T00:00:00Z,PHARM-KA-2022-7212,pharmaflow-main,SYNTHETIC_OPERATIONAL_RECORD
MOV-000612,MED-0100,Metformin 500mg (Glycomet 500) (Formula 100),OME383,DISPENSED,-10,47.5,475.0,CUSTOMER_DISPENSING,DISP-00612,2026-04-25T23:00:00Z,PHARM-HIST-0001,pharmaflow-main,SYNTHETIC_OPERATIONAL_RECORD
MOV-000613,MED-0101,Metformin 1000mg SR (Glucophage) (Formula 101),TEL384,DISPENSED,-20,73.0,1460.0,CUSTOMER_DISPENSING,DISP-00613,2026-05-10T06:00:00Z,PHARM-KA-2022-7212,pharmaflow-main,SYNTHETIC_OPERATIONAL_RECORD
MOV-000614,MED-0102,Pantoprazole 40mg (Pan 40) (Formula 102),TEL385,DISPENSED,-10,92.5,925.0,CUSTOMER_DISPENSING,DISP-00614,2026-07-11T10:00:00Z,PHARM-HIST-0001,pharmaflow-main,SYNTHETIC_OPERATIONAL_RECORD
MOV-000615,MED-0103,Pantoprazole + Domperidone (Pan-D) (Formula 103),ATO386,DISPENSED,-10,155.0,1550.0,CUSTOMER_DISPENSING,DISP-00615,2026-07-30T08:00:00Z,PHARM-KA-2022-7212,pharmaflow-main,SYNTHETIC_OPERATIONAL_RECORD
MOV-000616,MED-0104,Omeprazole 20mg (Omez) (Formula 104),ROS387,DISPENSED,-20,74.5,1490.0,CUSTOMER_DISPENSING,DISP-00616,2026-09-06T13:00:00Z,PHARM-HIST-0001,pharmaflow-main,SYNTHETIC_OPERATIONAL_RECORD
MOV-000617,MED-0105,Telmisartan 40mg (Telma 40) (Formula 105),CIP388,DISPENSED,-10,113.0,1130.0,CUSTOMER_DISPENSING,DISP-00617,2026-08-16T22:00:00Z,PHARM-KA-2022-7212,pharmaflow-main,SYNTHETIC_OPERATIONAL_RECORD
MOV-000618,MED-0106,Telmisartan + Amlodipine (Telma-AM) (Formula 106),OFL389,DISPENSED,-10,140.0,1400.0,CUSTOMER_DISPENSING,DISP-00618,2026-04-19T04:00:00Z,PHARM-HIST-0001,pharmaflow-main,SYNTHETIC_OPERATIONAL_RECORD
MOV-000619,MED-0107,Atorvastatin 10mg (Atorva 10) (Formula 107),MON390,DISPENSED,-15,112.5,1687.5,CUSTOMER_DISPENSING,DISP-00619,2026-10-05T16:00:00Z,PHARM-KA-2022-7212,pharmaflow-main,SYNTHETIC_OPERATIONAL_RECORD
MOV-000620,MED-0108,Rosuvastatin 10mg (Rosuvas 10) (Formula 108),IBU391,DISPENSED,-5,140.0,700.0,CUSTOMER_DISPENSING,DISP-00620,2026-05-28T03:00:00Z,PHARM-HIST-0001,pharmaflow-main,SYNTHETIC_OPERATIONAL_RECORD
MOV-000621,MED-0109,Ciprofloxacin 500mg (Ciplox 500) (Formula 109),ACE392,DISPENSED,-5,79.5,397.5,CUSTOMER_DISPENSING,DISP-00621,2026-04-30T17:00:00Z,PHARM-KA-2022-7212,pharmaflow-main,SYNTHETIC_OPERATIONAL_RECORD
MOV-000622,MED-0110,Ofloxacin + Ornidazole (O2) (Formula 110),VIL393,DISPENSED,-20,125.0,2500.0,CUSTOMER_DISPENSING,DISP-00622,2026-08-09T15:00:00Z,PHARM-HIST-0001,pharmaflow-main,SYNTHETIC_OPERATIONAL_RECORD
MOV-000623,MED-0111,Montelukast + Levocetirizine (Montair-LC) (Formula 111),RAB394,DISPENSED,-20,170.5,3410.0,CUSTOMER_DISPENSING,DISP-00623,2026-07-24T09:00:00Z,PHARM-KA-2022-7212,pharmaflow-main,SYNTHETIC_OPERATIONAL_RECORD
MOV-000624,MED-0112,Ibuprofen 400mg (Brufen 400) (Formula 112),COU395,DISPENSED,-20,43.0,860.0,CUSTOMER_DISPENSING,DISP-00624,2026-08-30T10:00:00Z,PHARM-HIST-0001,pharmaflow-main,SYNTHETIC_OPERATIONAL_RECORD
MOV-000625,MED-0113,Aceclofenac + Paracetamol (Zerodol-P) (Formula 113),ORA396,DISPENSED,-15,75.0,1125.0,CUSTOMER_DISPENSING,DISP-00625,2026-07-31T11:00:00Z,PHARM-KA-2022-7212,pharmaflow-main,SYNTHETIC_OPERATIONAL_RECORD
MOV-000626,MED-0114,Vildagliptin + Metformin (Galvus Met) (Formula 114),MUL397,DISPENSED,-20,242.5,4850.0,CUSTOMER_DISPENSING,DISP-00626,2026-08-04T09:00:00Z,PHARM-HIST-0001,pharmaflow-main,SYNTHETIC_OPERATIONAL_RECORD
MOV-000627,MED-0115,Rabeprazole 20mg (Razo 20) (Formula 115),THY398,DISPENSED,-20,117.0,2340.0,CUSTOMER_DISPENSING,DISP-00627,2026-06-20T18:00:00Z,PHARM-KA-2022-7212,pharmaflow-main,SYNTHETIC_OPERATIONAL_RECORD
MOV-000628,MED-0116,Cough Syrup (Ascoril-D) (Formula 116),CLO399,DISPENSED,-10,95.5,955.0,CUSTOMER_DISPENSING,DISP-00628,2026-04-13T21:00:00Z,PHARM-HIST-0001,pharmaflow-main,SYNTHETIC_OPERATIONAL_RECORD
MOV-000629,MED-0117,Oral Rehydration Salts (Electral ORS) (Formula 117),PAR400,DISPENSED,-15,28.0,420.0,CUSTOMER_DISPENSING,DISP-00629,2026-08-11T20:00:00Z,PHARM-KA-2022-7212,pharmaflow-main,SYNTHETIC_OPERATIONAL_RECORD
MOV-000630,MED-0118,Multivitamin + Zinc (Becadexamin) (Formula 118),PAR401,DISPENSED,-5,54.5,272.5,CUSTOMER_DISPENSING,DISP-00630,2026-09-15T13:00:00Z,PHARM-HIST-0001,pharmaflow-main,SYNTHETIC_OPERATIONAL_RECORD
MOV-000631,MED-0119,Thyroxine Sodium 50mcg (Thyronorm 50) (Formula 119),VIT402,DISPENSED,-15,140.0,2100.0,CUSTOMER_DISPENSING,DISP-00631,2026-08-07T15:00:00Z,PHARM-KA-2022-7212,pharmaflow-main,SYNTHETIC_OPERATIONAL_RECORD
MOV-000632,MED-0120,Clopidogrel 75mg (Clopilet 75) (Formula 120),AMO403,DISPENSED,-20,130.0,2600.0,CUSTOMER_DISPENSING,DISP-00632,2026-04-11T23:00:00Z,PHARM-HIST-0001,pharmaflow-main,SYNTHETIC_OPERATIONAL_RECORD
MOV-000633,MED-0121,Paracetamol 500mg (Formula 121),AMO404,DISPENSED,-20,27.5,550.0,CUSTOMER_DISPENSING,DISP-00633,2026-09-23T16:00:00Z,PHARM-KA-2022-7212,pharmaflow-main,SYNTHETIC_OPERATIONAL_RECORD
MOV-000634,MED-0122,Paracetamol 650mg (Dolo 650) (Formula 122),CET405,DISPENSED,-5,37.0,185.0,CUSTOMER_DISPENSING,DISP-00634,2026-07-28T13:00:00Z,PHARM-HIST-0001,pharmaflow-main,SYNTHETIC_OPERATIONAL_RECORD
MOV-000635,MED-0123,Vitamin D3 60K (Calcirol) (Formula 123),LEV406,DISPENSED,-15,72.5,1087.5,CUSTOMER_DISPENSING,DISP-00635,2026-08-04T16:00:00Z,PHARM-KA-2022-7212,pharmaflow-main,SYNTHETIC_OPERATIONAL_RECORD
MOV-000636,MED-0124,Amoxicillin 500mg (Novamox) (Formula 124),AZI407,DISPENSED,-15,105.0,1575.0,CUSTOMER_DISPENSING,DISP-00636,2026-06-22T15:00:00Z,PHARM-HIST-0001,pharmaflow-main,SYNTHETIC_OPERATIONAL_RECORD
MOV-000637,MED-0125,Amoxicillin + Clavulanic Acid 625mg (Augmentin) (Formula 125),AZI408,DISPENSED,-15,177.5,2662.5,CUSTOMER_DISPENSING,DISP-00637,2026-07-09T10:00:00Z,PHARM-KA-2022-7212,pharmaflow-main,SYNTHETIC_OPERATIONAL_RECORD
MOV-000638,MED-0126,Cetirizine 10mg (Cetzine) (Formula 126),MET409,DISPENSED,-5,50.0,250.0,CUSTOMER_DISPENSING,DISP-00638,2026-09-12T14:00:00Z,PHARM-HIST-0001,pharmaflow-main,SYNTHETIC_OPERATIONAL_RECORD
MOV-000639,MED-0127,Levocetirizine 5mg (Levocet) (Formula 127),MET410,DISPENSED,-20,48.0,960.0,CUSTOMER_DISPENSING,DISP-00639,2026-08-06T18:00:00Z,PHARM-KA-2022-7212,pharmaflow-main,SYNTHETIC_OPERATIONAL_RECORD
MOV-000640,MED-0128,Azithromycin 250mg (Azee 250) (Formula 128),PAN411,DISPENSED,-20,122.5,2450.0,CUSTOMER_DISPENSING,DISP-00640,2026-08-12T18:00:00Z,PHARM-HIST-0001,pharmaflow-main,SYNTHETIC_OPERATIONAL_RECORD
MOV-000641,MED-0129,Azithromycin 500mg (Azithral 500) (Formula 129),PAN412,DISPENSED,-20,180.0,3600.0,CUSTOMER_DISPENSING,DISP-00641,2026-04-21T04:00:00Z,PHARM-KA-2022-7212,pharmaflow-main,SYNTHETIC_OPERATIONAL_RECORD
MOV-000642,MED-0130,Metformin 500mg (Glycomet 500) (Formula 130),OME413,DISPENSED,-5,52.5,262.5,CUSTOMER_DISPENSING,DISP-00642,2026-06-05T19:00:00Z,PHARM-HIST-0001,pharmaflow-main,SYNTHETIC_OPERATIONAL_RECORD
MOV-000643,MED-0131,Metformin 1000mg SR (Glucophage) (Formula 131),TEL414,DISPENSED,-20,78.0,1560.0,CUSTOMER_DISPENSING,DISP-00643,2026-05-05T20:00:00Z,PHARM-KA-2022-7212,pharmaflow-main,SYNTHETIC_OPERATIONAL_RECORD
MOV-000644,MED-0132,Pantoprazole 40mg (Pan 40) (Formula 132),TEL415,DISPENSED,-20,97.5,1950.0,CUSTOMER_DISPENSING,DISP-00644,2026-09-27T17:00:00Z,PHARM-HIST-0001,pharmaflow-main,SYNTHETIC_OPERATIONAL_RECORD
MOV-000645,MED-0133,Pantoprazole + Domperidone (Pan-D) (Formula 133),ATO416,DISPENSED,-5,160.0,800.0,CUSTOMER_DISPENSING,DISP-00645,2026-05-09T16:00:00Z,PHARM-KA-2022-7212,pharmaflow-main,SYNTHETIC_OPERATIONAL_RECORD
MOV-000646,MED-0134,Omeprazole 20mg (Omez) (Formula 134),ROS417,DISPENSED,-5,62.0,310.0,CUSTOMER_DISPENSING,DISP-00646,2026-05-14T09:00:00Z,PHARM-HIST-0001,pharmaflow-main,SYNTHETIC_OPERATIONAL_RECORD
MOV-000647,MED-0135,Telmisartan 40mg (Telma 40) (Formula 135),CIP418,DISPENSED,-5,100.5,502.5,CUSTOMER_DISPENSING,DISP-00647,2026-08-08T01:00:00Z,PHARM-KA-2022-7212,pharmaflow-main,SYNTHETIC_OPERATIONAL_RECORD
MOV-000648,MED-0136,Telmisartan + Amlodipine (Telma-AM) (Formula 136),OFL419,DISPENSED,-20,145.0,2900.0,CUSTOMER_DISPENSING,DISP-00648,2026-06-29T14:00:00Z,PHARM-HIST-0001,pharmaflow-main,SYNTHETIC_OPERATIONAL_RECORD
MOV-000649,MED-0137,Atorvastatin 10mg (Atorva 10) (Formula 137),MON420,DISPENSED,-5,117.5,587.5,CUSTOMER_DISPENSING,DISP-00649,2026-07-11T16:00:00Z,PHARM-KA-2022-7212,pharmaflow-main,SYNTHETIC_OPERATIONAL_RECORD
MOV-000650,MED-0138,Rosuvastatin 10mg (Rosuvas 10) (Formula 138),IBU421,DISPENSED,-20,145.0,2900.0,CUSTOMER_DISPENSING,DISP-00650,2026-06-12T18:00:00Z,PHARM-HIST-0001,pharmaflow-main,SYNTHETIC_OPERATIONAL_RECORD
MOV-000651,MED-0139,Ciprofloxacin 500mg (Ciplox 500) (Formula 139),ACE422,DISPENSED,-5,84.5,422.5,CUSTOMER_DISPENSING,DISP-00651,2026-06-27T16:00:00Z,PHARM-KA-2022-7212,pharmaflow-main,SYNTHETIC_OPERATIONAL_RECORD
MOV-000652,MED-0140,Ofloxacin + Ornidazole (O2) (Formula 140),VIL423,DISPENSED,-20,130.0,2600.0,CUSTOMER_DISPENSING,DISP-00652,2026-04-20T12:00:00Z,PHARM-HIST-0001,pharmaflow-main,SYNTHETIC_OPERATIONAL_RECORD
MOV-000653,MED-0141,Montelukast + Levocetirizine (Montair-LC) (Formula 141),RAB424,DISPENSED,-10,158.0,1580.0,CUSTOMER_DISPENSING,DISP-00653,2026-05-16T07:00:00Z,PHARM-KA-2022-7212,pharmaflow-main,SYNTHETIC_OPERATIONAL_RECORD
MOV-000654,MED-0142,Ibuprofen 400mg (Brufen 400) (Formula 142),COU425,DISPENSED,-5,30.5,152.5,CUSTOMER_DISPENSING,DISP-00654,2026-04-30T02:00:00Z,PHARM-HIST-0001,pharmaflow-main,SYNTHETIC_OPERATIONAL_RECORD
MOV-000655,MED-0143,Aceclofenac + Paracetamol (Zerodol-P) (Formula 143),ORA426,DISPENSED,-5,80.0,400.0,CUSTOMER_DISPENSING,DISP-00655,2026-07-25T23:00:00Z,PHARM-KA-2022-7212,pharmaflow-main,SYNTHETIC_OPERATIONAL_RECORD
MOV-000656,MED-0144,Vildagliptin + Metformin (Galvus Met) (Formula 144),MUL427,DISPENSED,-5,247.5,1237.5,CUSTOMER_DISPENSING,DISP-00656,2026-06-14T04:00:00Z,PHARM-HIST-0001,pharmaflow-main,SYNTHETIC_OPERATIONAL_RECORD
MOV-000657,MED-0145,Rabeprazole 20mg (Razo 20) (Formula 145),PCT101,DISPENSED,-15,122.0,1830.0,CUSTOMER_DISPENSING,DISP-00657,2026-04-17T01:00:00Z,PHARM-KA-2022-7212,pharmaflow-main,SYNTHETIC_OPERATIONAL_RECORD
MOV-000658,MED-0146,Cough Syrup (Ascoril-D) (Formula 146),VD102,DISPENSED,-15,100.5,1507.5,CUSTOMER_DISPENSING,DISP-00658,2026-08-06T04:00:00Z,PHARM-HIST-0001,pharmaflow-main,SYNTHETIC_OPERATIONAL_RECORD
MOV-000659,MED-0147,Oral Rehydration Salts (Electral ORS) (Formula 147),AMX204,DISPENSED,-20,33.0,660.0,CUSTOMER_DISPENSING,DISP-00659,2026-09-26T02:00:00Z,PHARM-KA-2022-7212,pharmaflow-main,SYNTHETIC_OPERATIONAL_RECORD
MOV-000660,MED-0148,Multivitamin + Zinc (Becadexamin) (Formula 148),CTZ302,DISPENSED,-20,42.0,840.0,CUSTOMER_DISPENSING,DISP-00660,2026-04-12T16:00:00Z,PHARM-HIST-0001,pharmaflow-main,SYNTHETIC_OPERATIONAL_RECORD
MOV-000661,MED-0149,Thyroxine Sodium 50mcg (Thyronorm 50) (Formula 149),DEMO-EXP-001,DISPENSED,-15,127.5,1912.5,CUSTOMER_DISPENSING,DISP-00661,2026-08-28T06:00:00Z,PHARM-KA-2022-7212,pharmaflow-main,SYNTHETIC_OPERATIONAL_RECORD
MOV-000662,MED-0150,Clopidogrel 75mg (Clopilet 75) (Formula 150),DEMO-EXP-002,DISPENSED,-15,135.0,2025.0,CUSTOMER_DISPENSING,DISP-00662,2026-06-28T01:00:00Z,PHARM-HIST-0001,pharmaflow-main,SYNTHETIC_OPERATIONAL_RECORD
MOV-000663,MED-0151,Paracetamol 500mg (Formula 151),LEV106,DISPENSED,-10,32.5,325.0,CUSTOMER_DISPENSING,DISP-00663,2026-06-03T10:00:00Z,PHARM-KA-2022-7212,pharmaflow-main,SYNTHETIC_OPERATIONAL_RECORD
MOV-000664,MED-0152,Paracetamol 650mg (Dolo 650) (Formula 152),AZI107,DISPENSED,-15,42.0,630.0,CUSTOMER_DISPENSING,DISP-00664,2026-07-09T17:00:00Z,PHARM-HIST-0001,pharmaflow-main,SYNTHETIC_OPERATIONAL_RECORD
MOV-000665,MED-0153,Vitamin D3 60K (Calcirol) (Formula 153),AZI108,DISPENSED,-10,77.5,775.0,CUSTOMER_DISPENSING,DISP-00665,2026-07-19T03:00:00Z,PHARM-KA-2022-7212,pharmaflow-main,SYNTHETIC_OPERATIONAL_RECORD
MOV-000666,MED-0154,Amoxicillin 500mg (Novamox) (Formula 154),MET109,DISPENSED,-5,110.0,550.0,CUSTOMER_DISPENSING,DISP-00666,2026-09-14T16:00:00Z,PHARM-HIST-0001,pharmaflow-main,SYNTHETIC_OPERATIONAL_RECORD
MOV-000667,MED-0155,Amoxicillin + Clavulanic Acid 625mg (Augmentin) (Formula 155),MET110,DISPENSED,-20,165.0,3300.0,CUSTOMER_DISPENSING,DISP-00667,2026-07-19T17:00:00Z,PHARM-KA-2022-7212,pharmaflow-main,SYNTHETIC_OPERATIONAL_RECORD
MOV-000668,MED-0156,Cetirizine 10mg (Cetzine) (Formula 156),PAN111,DISPENSED,-20,37.5,750.0,CUSTOMER_DISPENSING,DISP-00668,2026-04-28T07:00:00Z,PHARM-HIST-0001,pharmaflow-main,SYNTHETIC_OPERATIONAL_RECORD
MOV-000669,MED-0157,Levocetirizine 5mg (Levocet) (Formula 157),PAN112,DISPENSED,-20,53.0,1060.0,CUSTOMER_DISPENSING,DISP-00669,2026-08-18T04:00:00Z,PHARM-KA-2022-7212,pharmaflow-main,SYNTHETIC_OPERATIONAL_RECORD
MOV-000670,MED-0158,Azithromycin 250mg (Azee 250) (Formula 158),OME113,DISPENSED,-20,127.5,2550.0,CUSTOMER_DISPENSING,DISP-00670,2026-07-11T02:00:00Z,PHARM-HIST-0001,pharmaflow-main,SYNTHETIC_OPERATIONAL_RECORD
MOV-000671,MED-0159,Azithromycin 500mg (Azithral 500) (Formula 159),TEL114,DISPENSED,-20,185.0,3700.0,CUSTOMER_DISPENSING,DISP-00671,2026-07-08T07:00:00Z,PHARM-KA-2022-7212,pharmaflow-main,SYNTHETIC_OPERATIONAL_RECORD
MOV-000672,MED-0160,Metformin 500mg (Glycomet 500) (Formula 160),TEL115,DISPENSED,-10,57.5,575.0,CUSTOMER_DISPENSING,DISP-00672,2026-07-18T12:00:00Z,PHARM-HIST-0001,pharmaflow-main,SYNTHETIC_OPERATIONAL_RECORD
MOV-000673,MED-0161,Metformin 1000mg SR (Glucophage) (Formula 161),ATO116,DISPENSED,-5,83.0,415.0,CUSTOMER_DISPENSING,DISP-00673,2026-08-20T18:00:00Z,PHARM-KA-2022-7212,pharmaflow-main,SYNTHETIC_OPERATIONAL_RECORD
MOV-000674,MED-0162,Pantoprazole 40mg (Pan 40) (Formula 162),ROS117,DISPENSED,-15,85.0,1275.0,CUSTOMER_DISPENSING,DISP-00674,2026-05-31T14:00:00Z,PHARM-HIST-0001,pharmaflow-main,SYNTHETIC_OPERATIONAL_RECORD
MOV-000675,MED-0163,Pantoprazole + Domperidone (Pan-D) (Formula 163),CIP118,DISPENSED,-15,147.5,2212.5,CUSTOMER_DISPENSING,DISP-00675,2026-05-17T19:00:00Z,PHARM-KA-2022-7212,pharmaflow-main,SYNTHETIC_OPERATIONAL_RECORD
MOV-000676,MED-0164,Omeprazole 20mg (Omez) (Formula 164),OFL119,DISPENSED,-10,67.0,670.0,CUSTOMER_DISPENSING,DISP-00676,2026-06-28T17:00:00Z,PHARM-HIST-0001,pharmaflow-main,SYNTHETIC_OPERATIONAL_RECORD
MOV-000677,MED-0165,Telmisartan 40mg (Telma 40) (Formula 165),MON120,DISPENSED,-5,105.5,527.5,CUSTOMER_DISPENSING,DISP-00677,2026-08-19T10:00:00Z,PHARM-KA-2022-7212,pharmaflow-main,SYNTHETIC_OPERATIONAL_RECORD
MOV-000678,MED-0166,Telmisartan + Amlodipine (Telma-AM) (Formula 166),IBU121,DISPENSED,-5,150.0,750.0,CUSTOMER_DISPENSING,DISP-00678,2026-05-07T15:00:00Z,PHARM-HIST-0001,pharmaflow-main,SYNTHETIC_OPERATIONAL_RECORD
MOV-000679,MED-0167,Atorvastatin 10mg (Atorva 10) (Formula 167),ACE122,DISPENSED,-20,122.5,2450.0,CUSTOMER_DISPENSING,DISP-00679,2026-08-02T08:00:00Z,PHARM-KA-2022-7212,pharmaflow-main,SYNTHETIC_OPERATIONAL_RECORD
MOV-000680,MED-0168,Rosuvastatin 10mg (Rosuvas 10) (Formula 168),VIL123,DISPENSED,-15,150.0,2250.0,CUSTOMER_DISPENSING,DISP-00680,2026-05-25T01:00:00Z,PHARM-HIST-0001,pharmaflow-main,SYNTHETIC_OPERATIONAL_RECORD
MOV-000681,MED-0169,Ciprofloxacin 500mg (Ciplox 500) (Formula 169),RAB124,DISPENSED,-20,72.0,1440.0,CUSTOMER_DISPENSING,DISP-00681,2026-09-04T00:00:00Z,PHARM-KA-2022-7212,pharmaflow-main,SYNTHETIC_OPERATIONAL_RECORD
MOV-000682,MED-0170,Ofloxacin + Ornidazole (O2) (Formula 170),COU125,DISPENSED,-5,117.5,587.5,CUSTOMER_DISPENSING,DISP-00682,2026-07-24T17:00:00Z,PHARM-HIST-0001,pharmaflow-main,SYNTHETIC_OPERATIONAL_RECORD
MOV-000683,MED-0171,Montelukast + Levocetirizine (Montair-LC) (Formula 171),ORA126,DISPENSED,-5,163.0,815.0,CUSTOMER_DISPENSING,DISP-00683,2026-07-18T05:00:00Z,PHARM-KA-2022-7212,pharmaflow-main,SYNTHETIC_OPERATIONAL_RECORD
MOV-000684,MED-0172,Ibuprofen 400mg (Brufen 400) (Formula 172),MUL127,DISPENSED,-20,35.5,710.0,CUSTOMER_DISPENSING,DISP-00684,2026-09-28T05:00:00Z,PHARM-HIST-0001,pharmaflow-main,SYNTHETIC_OPERATIONAL_RECORD
MOV-000685,MED-0173,Aceclofenac + Paracetamol (Zerodol-P) (Formula 173),THY128,DISPENSED,-10,85.0,850.0,CUSTOMER_DISPENSING,DISP-00685,2026-04-21T04:00:00Z,PHARM-KA-2022-7212,pharmaflow-main,SYNTHETIC_OPERATIONAL_RECORD
MOV-000686,MED-0174,Vildagliptin + Metformin (Galvus Met) (Formula 174),CLO129,DISPENSED,-5,252.5,1262.5,CUSTOMER_DISPENSING,DISP-00686,2026-06-04T05:00:00Z,PHARM-HIST-0001,pharmaflow-main,SYNTHETIC_OPERATIONAL_RECORD
MOV-000687,MED-0175,Rabeprazole 20mg (Razo 20) (Formula 175),PAR130,DISPENSED,-10,127.0,1270.0,CUSTOMER_DISPENSING,DISP-00687,2026-08-07T05:00:00Z,PHARM-KA-2022-7212,pharmaflow-main,SYNTHETIC_OPERATIONAL_RECORD
MOV-000688,MED-0176,Cough Syrup (Ascoril-D) (Formula 176),PAR131,DISPENSED,-20,88.0,1760.0,CUSTOMER_DISPENSING,DISP-00688,2026-04-26T06:00:00Z,PHARM-HIST-0001,pharmaflow-main,SYNTHETIC_OPERATIONAL_RECORD
MOV-000689,MED-0177,Oral Rehydration Salts (Electral ORS) (Formula 177),VIT132,DISPENSED,-10,20.5,205.0,CUSTOMER_DISPENSING,DISP-00689,2026-10-05T03:00:00Z,PHARM-KA-2022-7212,pharmaflow-main,SYNTHETIC_OPERATIONAL_RECORD
MOV-000690,MED-0178,Multivitamin + Zinc (Becadexamin) (Formula 178),AMO133,DISPENSED,-10,47.0,470.0,CUSTOMER_DISPENSING,DISP-00690,2026-10-02T17:00:00Z,PHARM-HIST-0001,pharmaflow-main,SYNTHETIC_OPERATIONAL_RECORD
MOV-000691,MED-0179,Thyroxine Sodium 50mcg (Thyronorm 50) (Formula 179),AMO134,DISPENSED,-20,132.5,2650.0,CUSTOMER_DISPENSING,DISP-00691,2026-06-17T23:00:00Z,PHARM-KA-2022-7212,pharmaflow-main,SYNTHETIC_OPERATIONAL_RECORD
MOV-000692,MED-0180,Clopidogrel 75mg (Clopilet 75) (Formula 180),CET135,DISPENSED,-10,140.0,1400.0,CUSTOMER_DISPENSING,DISP-00692,2026-06-25T07:00:00Z,PHARM-HIST-0001,pharmaflow-main,SYNTHETIC_OPERATIONAL_RECORD
MOV-000693,MED-0181,Paracetamol 500mg (Formula 181),LEV136,DISPENSED,-20,37.5,750.0,CUSTOMER_DISPENSING,DISP-00693,2026-04-30T18:00:00Z,PHARM-KA-2022-7212,pharmaflow-main,SYNTHETIC_OPERATIONAL_RECORD
MOV-000694,MED-0182,Paracetamol 650mg (Dolo 650) (Formula 182),AZI137,DISPENSED,-20,47.0,940.0,CUSTOMER_DISPENSING,DISP-00694,2026-08-02T14:00:00Z,PHARM-HIST-0001,pharmaflow-main,SYNTHETIC_OPERATIONAL_RECORD
MOV-000695,MED-0183,Vitamin D3 60K (Calcirol) (Formula 183),AZI138,DISPENSED,-15,65.0,975.0,CUSTOMER_DISPENSING,DISP-00695,2026-08-01T23:00:00Z,PHARM-KA-2022-7212,pharmaflow-main,SYNTHETIC_OPERATIONAL_RECORD
MOV-000696,MED-0184,Amoxicillin 500mg (Novamox) (Formula 184),MET139,DISPENSED,-15,97.5,1462.5,CUSTOMER_DISPENSING,DISP-00696,2026-07-07T05:00:00Z,PHARM-HIST-0001,pharmaflow-main,SYNTHETIC_OPERATIONAL_RECORD
MOV-000697,MED-0185,Amoxicillin + Clavulanic Acid 625mg (Augmentin) (Formula 185),MET140,DISPENSED,-15,170.0,2550.0,CUSTOMER_DISPENSING,DISP-00697,2026-05-23T01:00:00Z,PHARM-KA-2022-7212,pharmaflow-main,SYNTHETIC_OPERATIONAL_RECORD
MOV-000698,MED-0186,Cetirizine 10mg (Cetzine) (Formula 186),PAN141,DISPENSED,-5,42.5,212.5,CUSTOMER_DISPENSING,DISP-00698,2026-04-14T08:00:00Z,PHARM-HIST-0001,pharmaflow-main,SYNTHETIC_OPERATIONAL_RECORD
MOV-000699,MED-0187,Levocetirizine 5mg (Levocet) (Formula 187),PAN142,DISPENSED,-15,58.0,870.0,CUSTOMER_DISPENSING,DISP-00699,2026-04-12T05:00:00Z,PHARM-KA-2022-7212,pharmaflow-main,SYNTHETIC_OPERATIONAL_RECORD
MOV-000700,MED-0188,Azithromycin 250mg (Azee 250) (Formula 188),OME143,DISPENSED,-10,132.5,1325.0,CUSTOMER_DISPENSING,DISP-00700,2026-09-13T20:00:00Z,PHARM-HIST-0001,pharmaflow-main,SYNTHETIC_OPERATIONAL_RECORD
MOV-000701,MED-0189,Azithromycin 500mg (Azithral 500) (Formula 189),TEL144,DISPENSED,-20,190.0,3800.0,CUSTOMER_DISPENSING,DISP-00701,2026-05-24T02:00:00Z,PHARM-KA-2022-7212,pharmaflow-main,SYNTHETIC_OPERATIONAL_RECORD
MOV-000702,MED-0190,Metformin 500mg (Glycomet 500) (Formula 190),TEL145,DISPENSED,-5,45.0,225.0,CUSTOMER_DISPENSING,DISP-00702,2026-05-07T05:00:00Z,PHARM-HIST-0001,pharmaflow-main,SYNTHETIC_OPERATIONAL_RECORD
MOV-000703,MED-0191,Metformin 1000mg SR (Glucophage) (Formula 191),ATO146,DISPENSED,-15,70.5,1057.5,CUSTOMER_DISPENSING,DISP-00703,2026-04-11T16:00:00Z,PHARM-KA-2022-7212,pharmaflow-main,SYNTHETIC_OPERATIONAL_RECORD
MOV-000704,MED-0192,Pantoprazole 40mg (Pan 40) (Formula 192),ROS147,DISPENSED,-10,90.0,900.0,CUSTOMER_DISPENSING,DISP-00704,2026-06-11T04:00:00Z,PHARM-HIST-0001,pharmaflow-main,SYNTHETIC_OPERATIONAL_RECORD
MOV-000705,MED-0193,Pantoprazole + Domperidone (Pan-D) (Formula 193),CIP148,DISPENSED,-5,152.5,762.5,CUSTOMER_DISPENSING,DISP-00705,2026-06-12T17:00:00Z,PHARM-KA-2022-7212,pharmaflow-main,SYNTHETIC_OPERATIONAL_RECORD
MOV-000706,MED-0194,Omeprazole 20mg (Omez) (Formula 194),OFL149,DISPENSED,-20,72.0,1440.0,CUSTOMER_DISPENSING,DISP-00706,2026-06-02T18:00:00Z,PHARM-HIST-0001,pharmaflow-main,SYNTHETIC_OPERATIONAL_RECORD
MOV-000707,MED-0195,Telmisartan 40mg (Telma 40) (Formula 195),MON150,DISPENSED,-20,110.5,2210.0,CUSTOMER_DISPENSING,DISP-00707,2026-09-22T07:00:00Z,PHARM-KA-2022-7212,pharmaflow-main,SYNTHETIC_OPERATIONAL_RECORD
MOV-000708,MED-0196,Telmisartan + Amlodipine (Telma-AM) (Formula 196),IBU151,DISPENSED,-5,155.0,775.0,CUSTOMER_DISPENSING,DISP-00708,2026-05-17T22:00:00Z,PHARM-HIST-0001,pharmaflow-main,SYNTHETIC_OPERATIONAL_RECORD
MOV-000709,MED-0197,Atorvastatin 10mg (Atorva 10) (Formula 197),ACE152,DISPENSED,-5,110.0,550.0,CUSTOMER_DISPENSING,DISP-00709,2026-07-11T21:00:00Z,PHARM-KA-2022-7212,pharmaflow-main,SYNTHETIC_OPERATIONAL_RECORD
MOV-000710,MED-0198,Rosuvastatin 10mg (Rosuvas 10) (Formula 198),VIL153,DISPENSED,-10,137.5,1375.0,CUSTOMER_DISPENSING,DISP-00710,2026-09-21T15:00:00Z,PHARM-HIST-0001,pharmaflow-main,SYNTHETIC_OPERATIONAL_RECORD
MOV-000711,MED-0199,Ciprofloxacin 500mg (Ciplox 500) (Formula 199),RAB154,DISPENSED,-15,77.0,1155.0,CUSTOMER_DISPENSING,DISP-00711,2026-09-21T13:00:00Z,PHARM-KA-2022-7212,pharmaflow-main,SYNTHETIC_OPERATIONAL_RECORD
MOV-000712,MED-0200,Ofloxacin + Ornidazole (O2) (Formula 200),COU155,DISPENSED,-15,122.5,1837.5,CUSTOMER_DISPENSING,DISP-00712,2026-05-16T04:00:00Z,PHARM-HIST-0001,pharmaflow-main,SYNTHETIC_OPERATIONAL_RECORD
MOV-000713,MED-0201,Montelukast + Levocetirizine (Montair-LC) (Formula 201),ORA156,DISPENSED,-5,168.0,840.0,CUSTOMER_DISPENSING,DISP-00713,2026-05-07T21:00:00Z,PHARM-KA-2022-7212,pharmaflow-main,SYNTHETIC_OPERATIONAL_RECORD
MOV-000714,MED-0202,Ibuprofen 400mg (Brufen 400) (Formula 202),MUL157,DISPENSED,-20,40.5,810.0,CUSTOMER_DISPENSING,DISP-00714,2026-04-11T08:00:00Z,PHARM-HIST-0001,pharmaflow-main,SYNTHETIC_OPERATIONAL_RECORD
MOV-000715,MED-0203,Aceclofenac + Paracetamol (Zerodol-P) (Formula 203),THY158,DISPENSED,-20,90.0,1800.0,CUSTOMER_DISPENSING,DISP-00715,2026-08-13T15:00:00Z,PHARM-KA-2022-7212,pharmaflow-main,SYNTHETIC_OPERATIONAL_RECORD
MOV-000716,MED-0204,Vildagliptin + Metformin (Galvus Met) (Formula 204),CLO159,DISPENSED,-20,240.0,4800.0,CUSTOMER_DISPENSING,DISP-00716,2026-07-20T19:00:00Z,PHARM-HIST-0001,pharmaflow-main,SYNTHETIC_OPERATIONAL_RECORD
MOV-000717,MED-0205,Rabeprazole 20mg (Razo 20) (Formula 205),PAR160,DISPENSED,-15,114.5,1717.5,CUSTOMER_DISPENSING,DISP-00717,2026-07-16T05:00:00Z,PHARM-KA-2022-7212,pharmaflow-main,SYNTHETIC_OPERATIONAL_RECORD
MOV-000718,MED-0206,Cough Syrup (Ascoril-D) (Formula 206),PAR161,DISPENSED,-20,93.0,1860.0,CUSTOMER_DISPENSING,DISP-00718,2026-09-01T19:00:00Z,PHARM-HIST-0001,pharmaflow-main,SYNTHETIC_OPERATIONAL_RECORD
MOV-000719,MED-0207,Oral Rehydration Salts (Electral ORS) (Formula 207),VIT162,DISPENSED,-15,25.5,382.5,CUSTOMER_DISPENSING,DISP-00719,2026-10-06T17:00:00Z,PHARM-KA-2022-7212,pharmaflow-main,SYNTHETIC_OPERATIONAL_RECORD
MOV-000720,MED-0208,Multivitamin + Zinc (Becadexamin) (Formula 208),AMO163,DISPENSED,-5,52.0,260.0,CUSTOMER_DISPENSING,DISP-00720,2026-07-08T18:00:00Z,PHARM-HIST-0001,pharmaflow-main,SYNTHETIC_OPERATIONAL_RECORD
MOV-000721,MED-0209,Thyroxine Sodium 50mcg (Thyronorm 50) (Formula 209),AMO164,DISPENSED,-5,137.5,687.5,CUSTOMER_DISPENSING,DISP-00721,2026-09-19T17:00:00Z,PHARM-KA-2022-7212,pharmaflow-main,SYNTHETIC_OPERATIONAL_RECORD
MOV-000722,MED-0210,Clopidogrel 75mg (Clopilet 75) (Formula 210),CET165,DISPENSED,-5,145.0,725.0,CUSTOMER_DISPENSING,DISP-00722,2026-05-25T23:00:00Z,PHARM-HIST-0001,pharmaflow-main,SYNTHETIC_OPERATIONAL_RECORD
MOV-000723,MED-0211,Paracetamol 500mg (Formula 211),LEV166,DISPENSED,-10,25.0,250.0,CUSTOMER_DISPENSING,DISP-00723,2026-08-20T05:00:00Z,PHARM-KA-2022-7212,pharmaflow-main,SYNTHETIC_OPERATIONAL_RECORD
MOV-000724,MED-0212,Paracetamol 650mg (Dolo 650) (Formula 212),AZI167,DISPENSED,-10,34.5,345.0,CUSTOMER_DISPENSING,DISP-00724,2026-08-23T12:00:00Z,PHARM-HIST-0001,pharmaflow-main,SYNTHETIC_OPERATIONAL_RECORD
MOV-000725,MED-0213,Vitamin D3 60K (Calcirol) (Formula 213),AZI168,DISPENSED,-20,70.0,1400.0,CUSTOMER_DISPENSING,DISP-00725,2026-09-08T02:00:00Z,PHARM-KA-2022-7212,pharmaflow-main,SYNTHETIC_OPERATIONAL_RECORD
MOV-000726,MED-0214,Amoxicillin 500mg (Novamox) (Formula 214),MET169,DISPENSED,-5,102.5,512.5,CUSTOMER_DISPENSING,DISP-00726,2026-09-14T00:00:00Z,PHARM-HIST-0001,pharmaflow-main,SYNTHETIC_OPERATIONAL_RECORD
MOV-000727,MED-0215,Amoxicillin + Clavulanic Acid 625mg (Augmentin) (Formula 215),MET170,DISPENSED,-20,175.0,3500.0,CUSTOMER_DISPENSING,DISP-00727,2026-06-26T00:00:00Z,PHARM-KA-2022-7212,pharmaflow-main,SYNTHETIC_OPERATIONAL_RECORD
MOV-000728,MED-0216,Cetirizine 10mg (Cetzine) (Formula 216),PAN171,DISPENSED,-20,47.5,950.0,CUSTOMER_DISPENSING,DISP-00728,2026-09-03T02:00:00Z,PHARM-HIST-0001,pharmaflow-main,SYNTHETIC_OPERATIONAL_RECORD
MOV-000729,MED-0217,Levocetirizine 5mg (Levocet) (Formula 217),PAN172,DISPENSED,-10,63.0,630.0,CUSTOMER_DISPENSING,DISP-00729,2026-09-14T03:00:00Z,PHARM-KA-2022-7212,pharmaflow-main,SYNTHETIC_OPERATIONAL_RECORD
MOV-000730,MED-0218,Azithromycin 250mg (Azee 250) (Formula 218),OME173,DISPENSED,-15,120.0,1800.0,CUSTOMER_DISPENSING,DISP-00730,2026-08-23T14:00:00Z,PHARM-HIST-0001,pharmaflow-main,SYNTHETIC_OPERATIONAL_RECORD
MOV-000731,MED-0219,Azithromycin 500mg (Azithral 500) (Formula 219),TEL174,DISPENSED,-20,177.5,3550.0,CUSTOMER_DISPENSING,DISP-00731,2026-08-04T21:00:00Z,PHARM-KA-2022-7212,pharmaflow-main,SYNTHETIC_OPERATIONAL_RECORD
MOV-000732,MED-0220,Metformin 500mg (Glycomet 500) (Formula 220),TEL175,DISPENSED,-5,50.0,250.0,CUSTOMER_DISPENSING,DISP-00732,2026-08-22T04:00:00Z,PHARM-HIST-0001,pharmaflow-main,SYNTHETIC_OPERATIONAL_RECORD
MOV-000733,MED-0221,Metformin 1000mg SR (Glucophage) (Formula 221),ATO176,DISPENSED,-20,75.5,1510.0,CUSTOMER_DISPENSING,DISP-00733,2026-08-18T05:00:00Z,PHARM-KA-2022-7212,pharmaflow-main,SYNTHETIC_OPERATIONAL_RECORD
MOV-000734,MED-0222,Pantoprazole 40mg (Pan 40) (Formula 222),ROS177,DISPENSED,-15,95.0,1425.0,CUSTOMER_DISPENSING,DISP-00734,2026-04-25T16:00:00Z,PHARM-HIST-0001,pharmaflow-main,SYNTHETIC_OPERATIONAL_RECORD
MOV-000735,MED-0223,Pantoprazole + Domperidone (Pan-D) (Formula 223),CIP178,DISPENSED,-5,157.5,787.5,CUSTOMER_DISPENSING,DISP-00735,2026-07-13T22:00:00Z,PHARM-KA-2022-7212,pharmaflow-main,SYNTHETIC_OPERATIONAL_RECORD
MOV-000736,MED-0224,Omeprazole 20mg (Omez) (Formula 224),OFL179,DISPENSED,-5,77.0,385.0,CUSTOMER_DISPENSING,DISP-00736,2026-05-27T04:00:00Z,PHARM-HIST-0001,pharmaflow-main,SYNTHETIC_OPERATIONAL_RECORD
MOV-000737,MED-0225,Telmisartan 40mg (Telma 40) (Formula 225),MON180,DISPENSED,-5,98.0,490.0,CUSTOMER_DISPENSING,DISP-00737,2026-05-06T11:00:00Z,PHARM-KA-2022-7212,pharmaflow-main,SYNTHETIC_OPERATIONAL_RECORD
MOV-000738,MED-0226,Telmisartan + Amlodipine (Telma-AM) (Formula 226),IBU181,DISPENSED,-5,142.5,712.5,CUSTOMER_DISPENSING,DISP-00738,2026-04-17T01:00:00Z,PHARM-HIST-0001,pharmaflow-main,SYNTHETIC_OPERATIONAL_RECORD
MOV-000739,MED-0227,Atorvastatin 10mg (Atorva 10) (Formula 227),ACE182,DISPENSED,-5,115.0,575.0,CUSTOMER_DISPENSING,DISP-00739,2026-08-26T12:00:00Z,PHARM-KA-2022-7212,pharmaflow-main,SYNTHETIC_OPERATIONAL_RECORD
MOV-000740,MED-0228,Rosuvastatin 10mg (Rosuvas 10) (Formula 228),VIL183,DISPENSED,-5,142.5,712.5,CUSTOMER_DISPENSING,DISP-00740,2026-10-07T02:00:00Z,PHARM-HIST-0001,pharmaflow-main,SYNTHETIC_OPERATIONAL_RECORD
MOV-000741,MED-0229,Ciprofloxacin 500mg (Ciplox 500) (Formula 229),RAB184,DISPENSED,-20,82.0,1640.0,CUSTOMER_DISPENSING,DISP-00741,2026-07-22T12:00:00Z,PHARM-KA-2022-7212,pharmaflow-main,SYNTHETIC_OPERATIONAL_RECORD
MOV-000742,MED-0230,Ofloxacin + Ornidazole (O2) (Formula 230),COU185,DISPENSED,-15,127.5,1912.5,CUSTOMER_DISPENSING,DISP-00742,2026-09-21T07:00:00Z,PHARM-HIST-0001,pharmaflow-main,SYNTHETIC_OPERATIONAL_RECORD
MOV-000743,MED-0231,Montelukast + Levocetirizine (Montair-LC) (Formula 231),ORA186,DISPENSED,-10,173.0,1730.0,CUSTOMER_DISPENSING,DISP-00743,2026-04-28T17:00:00Z,PHARM-KA-2022-7212,pharmaflow-main,SYNTHETIC_OPERATIONAL_RECORD
MOV-000744,MED-0232,Ibuprofen 400mg (Brufen 400) (Formula 232),MUL187,DISPENSED,-20,28.0,560.0,CUSTOMER_DISPENSING,DISP-00744,2026-08-22T19:00:00Z,PHARM-HIST-0001,pharmaflow-main,SYNTHETIC_OPERATIONAL_RECORD
MOV-000745,MED-0233,Aceclofenac + Paracetamol (Zerodol-P) (Formula 233),THY188,DISPENSED,-10,77.5,775.0,CUSTOMER_DISPENSING,DISP-00745,2026-07-12T09:00:00Z,PHARM-KA-2022-7212,pharmaflow-main,SYNTHETIC_OPERATIONAL_RECORD
MOV-000746,MED-0234,Vildagliptin + Metformin (Galvus Met) (Formula 234),CLO189,DISPENSED,-10,245.0,2450.0,CUSTOMER_DISPENSING,DISP-00746,2026-05-08T01:00:00Z,PHARM-HIST-0001,pharmaflow-main,SYNTHETIC_OPERATIONAL_RECORD
MOV-000747,MED-0235,Rabeprazole 20mg (Razo 20) (Formula 235),PAR190,DISPENSED,-10,119.5,1195.0,CUSTOMER_DISPENSING,DISP-00747,2026-06-17T14:00:00Z,PHARM-KA-2022-7212,pharmaflow-main,SYNTHETIC_OPERATIONAL_RECORD
MOV-000748,MED-0236,Cough Syrup (Ascoril-D) (Formula 236),PAR191,DISPENSED,-10,98.0,980.0,CUSTOMER_DISPENSING,DISP-00748,2026-06-01T08:00:00Z,PHARM-HIST-0001,pharmaflow-main,SYNTHETIC_OPERATIONAL_RECORD
MOV-000749,MED-0237,Oral Rehydration Salts (Electral ORS) (Formula 237),VIT192,DISPENSED,-20,30.5,610.0,CUSTOMER_DISPENSING,DISP-00749,2026-09-30T17:00:00Z,PHARM-KA-2022-7212,pharmaflow-main,SYNTHETIC_OPERATIONAL_RECORD
MOV-000750,MED-0238,Multivitamin + Zinc (Becadexamin) (Formula 238),AMO193,DISPENSED,-5,57.0,285.0,CUSTOMER_DISPENSING,DISP-00750,2026-05-24T09:00:00Z,PHARM-HIST-0001,pharmaflow-main,SYNTHETIC_OPERATIONAL_RECORD
MOV-000751,MED-0239,Thyroxine Sodium 50mcg (Thyronorm 50) (Formula 239),AMO194,DISPENSED,-15,125.0,1875.0,CUSTOMER_DISPENSING,DISP-00751,2026-07-26T09:00:00Z,PHARM-KA-2022-7212,pharmaflow-main,SYNTHETIC_OPERATIONAL_RECORD
MOV-000752,MED-0240,Clopidogrel 75mg (Clopilet 75) (Formula 240),CET195,DISPENSED,-15,132.5,1987.5,CUSTOMER_DISPENSING,DISP-00752,2026-04-17T07:00:00Z,PHARM-HIST-0001,pharmaflow-main,SYNTHETIC_OPERATIONAL_RECORD
MOV-000753,MED-0241,Paracetamol 500mg (Formula 241),LEV196,DISPENSED,-10,30.0,300.0,CUSTOMER_DISPENSING,DISP-00753,2026-09-12T21:00:00Z,PHARM-KA-2022-7212,pharmaflow-main,SYNTHETIC_OPERATIONAL_RECORD
MOV-000754,MED-0242,Paracetamol 650mg (Dolo 650) (Formula 242),AZI197,DISPENSED,-10,39.5,395.0,CUSTOMER_DISPENSING,DISP-00754,2026-05-07T08:00:00Z,PHARM-HIST-0001,pharmaflow-main,SYNTHETIC_OPERATIONAL_RECORD
MOV-000755,MED-0243,Vitamin D3 60K (Calcirol) (Formula 243),AZI198,DISPENSED,-15,75.0,1125.0,CUSTOMER_DISPENSING,DISP-00755,2026-06-13T15:00:00Z,PHARM-KA-2022-7212,pharmaflow-main,SYNTHETIC_OPERATIONAL_RECORD
MOV-000756,MED-0244,Amoxicillin 500mg (Novamox) (Formula 244),MET199,DISPENSED,-20,107.5,2150.0,CUSTOMER_DISPENSING,DISP-00756,2026-06-16T09:00:00Z,PHARM-HIST-0001,pharmaflow-main,SYNTHETIC_OPERATIONAL_RECORD
MOV-000757,MED-0245,Amoxicillin + Clavulanic Acid 625mg (Augmentin) (Formula 245),MET200,DISPENSED,-5,180.0,900.0,CUSTOMER_DISPENSING,DISP-00757,2026-07-14T05:00:00Z,PHARM-KA-2022-7212,pharmaflow-main,SYNTHETIC_OPERATIONAL_RECORD
MOV-000758,MED-0246,Cetirizine 10mg (Cetzine) (Formula 246),PAN201,DISPENSED,-15,35.0,525.0,CUSTOMER_DISPENSING,DISP-00758,2026-09-02T05:00:00Z,PHARM-HIST-0001,pharmaflow-main,SYNTHETIC_OPERATIONAL_RECORD
MOV-000759,MED-0247,Levocetirizine 5mg (Levocet) (Formula 247),PAN202,DISPENSED,-20,50.5,1010.0,CUSTOMER_DISPENSING,DISP-00759,2026-08-21T00:00:00Z,PHARM-KA-2022-7212,pharmaflow-main,SYNTHETIC_OPERATIONAL_RECORD
MOV-000760,MED-0248,Azithromycin 250mg (Azee 250) (Formula 248),OME203,DISPENSED,-5,125.0,625.0,CUSTOMER_DISPENSING,DISP-00760,2026-07-09T11:00:00Z,PHARM-HIST-0001,pharmaflow-main,SYNTHETIC_OPERATIONAL_RECORD
MOV-000761,MED-0249,Azithromycin 500mg (Azithral 500) (Formula 249),TEL204,DISPENSED,-20,182.5,3650.0,CUSTOMER_DISPENSING,DISP-00761,2026-04-22T14:00:00Z,PHARM-KA-2022-7212,pharmaflow-main,SYNTHETIC_OPERATIONAL_RECORD
MOV-000762,MED-0250,Metformin 500mg (Glycomet 500) (Formula 250),TEL205,DISPENSED,-5,55.0,275.0,CUSTOMER_DISPENSING,DISP-00762,2026-05-28T10:00:00Z,PHARM-HIST-0001,pharmaflow-main,SYNTHETIC_OPERATIONAL_RECORD
MOV-000763,MED-0251,Metformin 1000mg SR (Glucophage) (Formula 251),ATO206,DISPENSED,-15,80.5,1207.5,CUSTOMER_DISPENSING,DISP-00763,2026-05-26T18:00:00Z,PHARM-KA-2022-7212,pharmaflow-main,SYNTHETIC_OPERATIONAL_RECORD
MOV-000764,MED-0252,Pantoprazole 40mg (Pan 40) (Formula 252),ROS207,DISPENSED,-20,100.0,2000.0,CUSTOMER_DISPENSING,DISP-00764,2026-05-21T16:00:00Z,PHARM-HIST-0001,pharmaflow-main,SYNTHETIC_OPERATIONAL_RECORD
MOV-000765,MED-0253,Pantoprazole + Domperidone (Pan-D) (Formula 253),CIP208,DISPENSED,-10,145.0,1450.0,CUSTOMER_DISPENSING,DISP-00765,2026-07-28T02:00:00Z,PHARM-KA-2022-7212,pharmaflow-main,SYNTHETIC_OPERATIONAL_RECORD
MOV-000766,MED-0254,Omeprazole 20mg (Omez) (Formula 254),OFL209,DISPENSED,-10,64.5,645.0,CUSTOMER_DISPENSING,DISP-00766,2026-06-16T06:00:00Z,PHARM-HIST-0001,pharmaflow-main,SYNTHETIC_OPERATIONAL_RECORD
MOV-000767,MED-0255,Telmisartan 40mg (Telma 40) (Formula 255),MON210,DISPENSED,-15,103.0,1545.0,CUSTOMER_DISPENSING,DISP-00767,2026-04-30T23:00:00Z,PHARM-KA-2022-7212,pharmaflow-main,SYNTHETIC_OPERATIONAL_RECORD
MOV-000768,MED-0256,Telmisartan + Amlodipine (Telma-AM) (Formula 256),IBU211,DISPENSED,-20,147.5,2950.0,CUSTOMER_DISPENSING,DISP-00768,2026-06-19T00:00:00Z,PHARM-HIST-0001,pharmaflow-main,SYNTHETIC_OPERATIONAL_RECORD
MOV-000769,MED-0257,Atorvastatin 10mg (Atorva 10) (Formula 257),ACE212,DISPENSED,-5,120.0,600.0,CUSTOMER_DISPENSING,DISP-00769,2026-06-05T12:00:00Z,PHARM-KA-2022-7212,pharmaflow-main,SYNTHETIC_OPERATIONAL_RECORD
MOV-000770,MED-0258,Rosuvastatin 10mg (Rosuvas 10) (Formula 258),VIL213,DISPENSED,-20,147.5,2950.0,CUSTOMER_DISPENSING,DISP-00770,2026-09-12T02:00:00Z,PHARM-HIST-0001,pharmaflow-main,SYNTHETIC_OPERATIONAL_RECORD
MOV-000771,MED-0259,Ciprofloxacin 500mg (Ciplox 500) (Formula 259),RAB214,DISPENSED,-20,87.0,1740.0,CUSTOMER_DISPENSING,DISP-00771,2026-05-05T00:00:00Z,PHARM-KA-2022-7212,pharmaflow-main,SYNTHETIC_OPERATIONAL_RECORD
MOV-000772,MED-0260,Ofloxacin + Ornidazole (O2) (Formula 260),COU215,DISPENSED,-15,115.0,1725.0,CUSTOMER_DISPENSING,DISP-00772,2026-06-03T03:00:00Z,PHARM-HIST-0001,pharmaflow-main,SYNTHETIC_OPERATIONAL_RECORD
MOV-000773,MED-0261,Montelukast + Levocetirizine (Montair-LC) (Formula 261),ORA216,DISPENSED,-5,160.5,802.5,CUSTOMER_DISPENSING,DISP-00773,2026-05-26T11:00:00Z,PHARM-KA-2022-7212,pharmaflow-main,SYNTHETIC_OPERATIONAL_RECORD
MOV-000774,MED-0262,Ibuprofen 400mg (Brufen 400) (Formula 262),MUL217,DISPENSED,-10,33.0,330.0,CUSTOMER_DISPENSING,DISP-00774,2026-09-16T03:00:00Z,PHARM-HIST-0001,pharmaflow-main,SYNTHETIC_OPERATIONAL_RECORD
MOV-000775,MED-0263,Aceclofenac + Paracetamol (Zerodol-P) (Formula 263),THY218,DISPENSED,-10,82.5,825.0,CUSTOMER_DISPENSING,DISP-00775,2026-04-27T02:00:00Z,PHARM-KA-2022-7212,pharmaflow-main,SYNTHETIC_OPERATIONAL_RECORD
MOV-000776,MED-0264,Vildagliptin + Metformin (Galvus Met) (Formula 264),CLO219,DISPENSED,-5,250.0,1250.0,CUSTOMER_DISPENSING,DISP-00776,2026-05-25T12:00:00Z,PHARM-HIST-0001,pharmaflow-main,SYNTHETIC_OPERATIONAL_RECORD
MOV-000777,MED-0265,Rabeprazole 20mg (Razo 20) (Formula 265),PAR220,DISPENSED,-5,124.5,622.5,CUSTOMER_DISPENSING,DISP-00777,2026-07-23T00:00:00Z,PHARM-KA-2022-7212,pharmaflow-main,SYNTHETIC_OPERATIONAL_RECORD
MOV-000778,MED-0266,Cough Syrup (Ascoril-D) (Formula 266),PAR221,DISPENSED,-10,103.0,1030.0,CUSTOMER_DISPENSING,DISP-00778,2026-07-09T19:00:00Z,PHARM-HIST-0001,pharmaflow-main,SYNTHETIC_OPERATIONAL_RECORD
MOV-000779,MED-0267,Oral Rehydration Salts (Electral ORS) (Formula 267),VIT222,DISPENSED,-5,18.0,90.0,CUSTOMER_DISPENSING,DISP-00779,2026-04-15T23:00:00Z,PHARM-KA-2022-7212,pharmaflow-main,SYNTHETIC_OPERATIONAL_RECORD
MOV-000780,MED-0268,Multivitamin + Zinc (Becadexamin) (Formula 268),AMO223,DISPENSED,-10,44.5,445.0,CUSTOMER_DISPENSING,DISP-00780,2026-05-31T01:00:00Z,PHARM-HIST-0001,pharmaflow-main,SYNTHETIC_OPERATIONAL_RECORD
MOV-000781,MED-0269,Thyroxine Sodium 50mcg (Thyronorm 50) (Formula 269),AMO224,DISPENSED,-5,130.0,650.0,CUSTOMER_DISPENSING,DISP-00781,2026-08-15T09:00:00Z,PHARM-KA-2022-7212,pharmaflow-main,SYNTHETIC_OPERATIONAL_RECORD
MOV-000782,MED-0270,Clopidogrel 75mg (Clopilet 75) (Formula 270),CET225,DISPENSED,-20,137.5,2750.0,CUSTOMER_DISPENSING,DISP-00782,2026-08-22T05:00:00Z,PHARM-HIST-0001,pharmaflow-main,SYNTHETIC_OPERATIONAL_RECORD
MOV-000783,MED-0271,Paracetamol 500mg (Formula 271),LEV226,DISPENSED,-15,35.0,525.0,CUSTOMER_DISPENSING,DISP-00783,2026-09-19T14:00:00Z,PHARM-KA-2022-7212,pharmaflow-main,SYNTHETIC_OPERATIONAL_RECORD
MOV-000784,MED-0272,Paracetamol 650mg (Dolo 650) (Formula 272),AZI227,DISPENSED,-10,44.5,445.0,CUSTOMER_DISPENSING,DISP-00784,2026-06-04T06:00:00Z,PHARM-HIST-0001,pharmaflow-main,SYNTHETIC_OPERATIONAL_RECORD
MOV-000785,MED-0273,Vitamin D3 60K (Calcirol) (Formula 273),AZI228,DISPENSED,-5,80.0,400.0,CUSTOMER_DISPENSING,DISP-00785,2026-09-27T00:00:00Z,PHARM-KA-2022-7212,pharmaflow-main,SYNTHETIC_OPERATIONAL_RECORD
MOV-000786,MED-0274,Amoxicillin 500mg (Novamox) (Formula 274),MET229,DISPENSED,-10,95.0,950.0,CUSTOMER_DISPENSING,DISP-00786,2026-04-15T09:00:00Z,PHARM-HIST-0001,pharmaflow-main,SYNTHETIC_OPERATIONAL_RECORD
MOV-000787,MED-0275,Amoxicillin + Clavulanic Acid 625mg (Augmentin) (Formula 275),MET230,DISPENSED,-15,167.5,2512.5,CUSTOMER_DISPENSING,DISP-00787,2026-10-07T05:00:00Z,PHARM-KA-2022-7212,pharmaflow-main,SYNTHETIC_OPERATIONAL_RECORD
MOV-000788,MED-0276,Cetirizine 10mg (Cetzine) (Formula 276),PAN231,DISPENSED,-15,40.0,600.0,CUSTOMER_DISPENSING,DISP-00788,2026-08-24T00:00:00Z,PHARM-HIST-0001,pharmaflow-main,SYNTHETIC_OPERATIONAL_RECORD
MOV-000789,MED-0277,Levocetirizine 5mg (Levocet) (Formula 277),PAN232,DISPENSED,-10,55.5,555.0,CUSTOMER_DISPENSING,DISP-00789,2026-07-05T00:00:00Z,PHARM-KA-2022-7212,pharmaflow-main,SYNTHETIC_OPERATIONAL_RECORD
MOV-000790,MED-0278,Azithromycin 250mg (Azee 250) (Formula 278),OME233,DISPENSED,-5,130.0,650.0,CUSTOMER_DISPENSING,DISP-00790,2026-08-30T08:00:00Z,PHARM-HIST-0001,pharmaflow-main,SYNTHETIC_OPERATIONAL_RECORD
MOV-000791,MED-0279,Azithromycin 500mg (Azithral 500) (Formula 279),TEL234,DISPENSED,-10,187.5,1875.0,CUSTOMER_DISPENSING,DISP-00791,2026-05-01T15:00:00Z,PHARM-KA-2022-7212,pharmaflow-main,SYNTHETIC_OPERATIONAL_RECORD
MOV-000792,MED-0280,Metformin 500mg (Glycomet 500) (Formula 280),TEL235,DISPENSED,-15,60.0,900.0,CUSTOMER_DISPENSING,DISP-00792,2026-06-21T15:00:00Z,PHARM-HIST-0001,pharmaflow-main,SYNTHETIC_OPERATIONAL_RECORD
MOV-000793,MED-0281,Metformin 1000mg SR (Glucophage) (Formula 281),ATO236,DISPENSED,-15,68.0,1020.0,CUSTOMER_DISPENSING,DISP-00793,2026-08-16T16:00:00Z,PHARM-KA-2022-7212,pharmaflow-main,SYNTHETIC_OPERATIONAL_RECORD
MOV-000794,MED-0282,Pantoprazole 40mg (Pan 40) (Formula 282),ROS237,DISPENSED,-15,87.5,1312.5,CUSTOMER_DISPENSING,DISP-00794,2026-06-25T14:00:00Z,PHARM-HIST-0001,pharmaflow-main,SYNTHETIC_OPERATIONAL_RECORD
MOV-000795,MED-0283,Pantoprazole + Domperidone (Pan-D) (Formula 283),CIP238,DISPENSED,-5,150.0,750.0,CUSTOMER_DISPENSING,DISP-00795,2026-06-23T23:00:00Z,PHARM-KA-2022-7212,pharmaflow-main,SYNTHETIC_OPERATIONAL_RECORD
MOV-000796,MED-0284,Omeprazole 20mg (Omez) (Formula 284),OFL239,DISPENSED,-20,69.5,1390.0,CUSTOMER_DISPENSING,DISP-00796,2026-07-29T06:00:00Z,PHARM-HIST-0001,pharmaflow-main,SYNTHETIC_OPERATIONAL_RECORD
MOV-000797,MED-0285,Telmisartan 40mg (Telma 40) (Formula 285),MON240,DISPENSED,-20,108.0,2160.0,CUSTOMER_DISPENSING,DISP-00797,2026-08-04T17:00:00Z,PHARM-KA-2022-7212,pharmaflow-main,SYNTHETIC_OPERATIONAL_RECORD
MOV-000798,MED-0286,Telmisartan + Amlodipine (Telma-AM) (Formula 286),IBU241,DISPENSED,-5,152.5,762.5,CUSTOMER_DISPENSING,DISP-00798,2026-04-30T14:00:00Z,PHARM-HIST-0001,pharmaflow-main,SYNTHETIC_OPERATIONAL_RECORD
MOV-000799,MED-0287,Atorvastatin 10mg (Atorva 10) (Formula 287),ACE242,DISPENSED,-20,125.0,2500.0,CUSTOMER_DISPENSING,DISP-00799,2026-09-27T14:00:00Z,PHARM-KA-2022-7212,pharmaflow-main,SYNTHETIC_OPERATIONAL_RECORD
MOV-000800,MED-0288,Rosuvastatin 10mg (Rosuvas 10) (Formula 288),VIL243,DISPENSED,-20,135.0,2700.0,CUSTOMER_DISPENSING,DISP-00800,2026-09-05T15:00:00Z,PHARM-HIST-0001,pharmaflow-main,SYNTHETIC_OPERATIONAL_RECORD
MOV-000801,MED-0289,Ciprofloxacin 500mg (Ciplox 500) (Formula 289),RAB244,DISPENSED,-10,74.5,745.0,CUSTOMER_DISPENSING,DISP-00801,2026-09-19T16:00:00Z,PHARM-KA-2022-7212,pharmaflow-main,SYNTHETIC_OPERATIONAL_RECORD
MOV-000802,MED-0290,Ofloxacin + Ornidazole (O2) (Formula 290),COU245,DISPENSED,-5,120.0,600.0,CUSTOMER_DISPENSING,DISP-00802,2026-09-09T07:00:00Z,PHARM-HIST-0001,pharmaflow-main,SYNTHETIC_OPERATIONAL_RECORD
MOV-000803,MED-0291,Montelukast + Levocetirizine (Montair-LC) (Formula 291),ORA246,DISPENSED,-20,165.5,3310.0,CUSTOMER_DISPENSING,DISP-00803,2026-09-21T07:00:00Z,PHARM-KA-2022-7212,pharmaflow-main,SYNTHETIC_OPERATIONAL_RECORD
MOV-000804,MED-0292,Ibuprofen 400mg (Brufen 400) (Formula 292),MUL247,DISPENSED,-15,38.0,570.0,CUSTOMER_DISPENSING,DISP-00804,2026-08-26T13:00:00Z,PHARM-HIST-0001,pharmaflow-main,SYNTHETIC_OPERATIONAL_RECORD
MOV-000805,MED-0293,Aceclofenac + Paracetamol (Zerodol-P) (Formula 293),THY248,DISPENSED,-15,87.5,1312.5,CUSTOMER_DISPENSING,DISP-00805,2026-04-16T14:00:00Z,PHARM-KA-2022-7212,pharmaflow-main,SYNTHETIC_OPERATIONAL_RECORD
MOV-000806,MED-0294,Vildagliptin + Metformin (Galvus Met) (Formula 294),CLO249,DISPENSED,-20,255.0,5100.0,CUSTOMER_DISPENSING,DISP-00806,2026-07-27T19:00:00Z,PHARM-HIST-0001,pharmaflow-main,SYNTHETIC_OPERATIONAL_RECORD
MOV-000807,MED-0295,Rabeprazole 20mg (Razo 20) (Formula 295),PAR250,DISPENSED,-15,112.0,1680.0,CUSTOMER_DISPENSING,DISP-00807,2026-07-27T18:00:00Z,PHARM-KA-2022-7212,pharmaflow-main,SYNTHETIC_OPERATIONAL_RECORD
MOV-000808,MED-0296,Cough Syrup (Ascoril-D) (Formula 296),PAR251,DISPENSED,-15,90.5,1357.5,CUSTOMER_DISPENSING,DISP-00808,2026-09-11T09:00:00Z,PHARM-HIST-0001,pharmaflow-main,SYNTHETIC_OPERATIONAL_RECORD
MOV-000809,MED-0297,Oral Rehydration Salts (Electral ORS) (Formula 297),VIT252,DISPENSED,-20,23.0,460.0,CUSTOMER_DISPENSING,DISP-00809,2026-08-18T10:00:00Z,PHARM-KA-2022-7212,pharmaflow-main,SYNTHETIC_OPERATIONAL_RECORD
MOV-000810,MED-0298,Multivitamin + Zinc (Becadexamin) (Formula 298),AMO253,DISPENSED,-20,49.5,990.0,CUSTOMER_DISPENSING,DISP-00810,2026-08-18T08:00:00Z,PHARM-HIST-0001,pharmaflow-main,SYNTHETIC_OPERATIONAL_RECORD
MOV-000811,MED-0299,Thyroxine Sodium 50mcg (Thyronorm 50) (Formula 299),AMO254,DISPENSED,-5,135.0,675.0,CUSTOMER_DISPENSING,DISP-00811,2026-06-09T21:00:00Z,PHARM-KA-2022-7212,pharmaflow-main,SYNTHETIC_OPERATIONAL_RECORD
MOV-000812,MED-0300,Clopidogrel 75mg (Clopilet 75) (Formula 300),CET255,DISPENSED,-5,142.5,712.5,CUSTOMER_DISPENSING,DISP-00812,2026-09-10T05:00:00Z,PHARM-HIST-0001,pharmaflow-main,SYNTHETIC_OPERATIONAL_RECORD
MOV-000813,MED-0301,Paracetamol 500mg (Formula 301),LEV256,DISPENSED,-5,40.0,200.0,CUSTOMER_DISPENSING,DISP-00813,2026-07-01T07:00:00Z,PHARM-KA-2022-7212,pharmaflow-main,SYNTHETIC_OPERATIONAL_RECORD
MOV-000814,MED-0302,Paracetamol 650mg (Dolo 650) (Formula 302),AZI257,DISPENSED,-5,32.0,160.0,CUSTOMER_DISPENSING,DISP-00814,2026-04-14T10:00:00Z,PHARM-HIST-0001,pharmaflow-main,SYNTHETIC_OPERATIONAL_RECORD
MOV-000815,MED-0303,Vitamin D3 60K (Calcirol) (Formula 303),AZI258,DISPENSED,-10,67.5,675.0,CUSTOMER_DISPENSING,DISP-00815,2026-06-18T17:00:00Z,PHARM-KA-2022-7212,pharmaflow-main,SYNTHETIC_OPERATIONAL_RECORD
MOV-000816,MED-0304,Amoxicillin 500mg (Novamox) (Formula 304),MET259,DISPENSED,-15,100.0,1500.0,CUSTOMER_DISPENSING,DISP-00816,2026-06-17T13:00:00Z,PHARM-HIST-0001,pharmaflow-main,SYNTHETIC_OPERATIONAL_RECORD
MOV-000817,MED-0305,Amoxicillin + Clavulanic Acid 625mg (Augmentin) (Formula 305),MET260,DISPENSED,-10,172.5,1725.0,CUSTOMER_DISPENSING,DISP-00817,2026-06-16T17:00:00Z,PHARM-KA-2022-7212,pharmaflow-main,SYNTHETIC_OPERATIONAL_RECORD
MOV-000818,MED-0306,Cetirizine 10mg (Cetzine) (Formula 306),PAN261,DISPENSED,-5,45.0,225.0,CUSTOMER_DISPENSING,DISP-00818,2026-04-21T20:00:00Z,PHARM-HIST-0001,pharmaflow-main,SYNTHETIC_OPERATIONAL_RECORD
MOV-000819,MED-0307,Levocetirizine 5mg (Levocet) (Formula 307),PAN262,DISPENSED,-10,60.5,605.0,CUSTOMER_DISPENSING,DISP-00819,2026-08-15T13:00:00Z,PHARM-KA-2022-7212,pharmaflow-main,SYNTHETIC_OPERATIONAL_RECORD
MOV-000820,MED-0308,Azithromycin 250mg (Azee 250) (Formula 308),OME263,DISPENSED,-15,135.0,2025.0,CUSTOMER_DISPENSING,DISP-00820,2026-09-26T18:00:00Z,PHARM-HIST-0001,pharmaflow-main,SYNTHETIC_OPERATIONAL_RECORD
MOV-000821,MED-0309,Azithromycin 500mg (Azithral 500) (Formula 309),TEL264,DISPENSED,-5,175.0,875.0,CUSTOMER_DISPENSING,DISP-00821,2026-08-30T02:00:00Z,PHARM-KA-2022-7212,pharmaflow-main,SYNTHETIC_OPERATIONAL_RECORD
MOV-000822,MED-0310,Metformin 500mg (Glycomet 500) (Formula 310),TEL265,DISPENSED,-15,47.5,712.5,CUSTOMER_DISPENSING,DISP-00822,2026-08-25T01:00:00Z,PHARM-HIST-0001,pharmaflow-main,SYNTHETIC_OPERATIONAL_RECORD
MOV-000823,MED-0311,Metformin 1000mg SR (Glucophage) (Formula 311),ATO266,DISPENSED,-20,73.0,1460.0,CUSTOMER_DISPENSING,DISP-00823,2026-08-17T16:00:00Z,PHARM-KA-2022-7212,pharmaflow-main,SYNTHETIC_OPERATIONAL_RECORD
MOV-000824,MED-0312,Pantoprazole 40mg (Pan 40) (Formula 312),ROS267,DISPENSED,-5,92.5,462.5,CUSTOMER_DISPENSING,DISP-00824,2026-06-30T00:00:00Z,PHARM-HIST-0001,pharmaflow-main,SYNTHETIC_OPERATIONAL_RECORD
MOV-000825,MED-0313,Pantoprazole + Domperidone (Pan-D) (Formula 313),CIP268,DISPENSED,-10,155.0,1550.0,CUSTOMER_DISPENSING,DISP-00825,2026-07-25T20:00:00Z,PHARM-KA-2022-7212,pharmaflow-main,SYNTHETIC_OPERATIONAL_RECORD
MOV-000826,MED-0314,Omeprazole 20mg (Omez) (Formula 314),OFL269,DISPENSED,-5,74.5,372.5,CUSTOMER_DISPENSING,DISP-00826,2026-08-12T07:00:00Z,PHARM-HIST-0001,pharmaflow-main,SYNTHETIC_OPERATIONAL_RECORD
MOV-000827,MED-0315,Telmisartan 40mg (Telma 40) (Formula 315),MON270,DISPENSED,-10,113.0,1130.0,CUSTOMER_DISPENSING,DISP-00827,2026-07-14T15:00:00Z,PHARM-KA-2022-7212,pharmaflow-main,SYNTHETIC_OPERATIONAL_RECORD
MOV-000828,MED-0316,Telmisartan + Amlodipine (Telma-AM) (Formula 316),IBU271,DISPENSED,-20,140.0,2800.0,CUSTOMER_DISPENSING,DISP-00828,2026-10-01T22:00:00Z,PHARM-HIST-0001,pharmaflow-main,SYNTHETIC_OPERATIONAL_RECORD
MOV-000829,MED-0317,Atorvastatin 10mg (Atorva 10) (Formula 317),ACE272,DISPENSED,-5,112.5,562.5,CUSTOMER_DISPENSING,DISP-00829,2026-08-06T17:00:00Z,PHARM-KA-2022-7212,pharmaflow-main,SYNTHETIC_OPERATIONAL_RECORD
MOV-000830,MED-0318,Rosuvastatin 10mg (Rosuvas 10) (Formula 318),VIL273,DISPENSED,-15,140.0,2100.0,CUSTOMER_DISPENSING,DISP-00830,2026-05-19T07:00:00Z,PHARM-HIST-0001,pharmaflow-main,SYNTHETIC_OPERATIONAL_RECORD
MOV-000831,MED-0319,Ciprofloxacin 500mg (Ciplox 500) (Formula 319),RAB274,DISPENSED,-10,79.5,795.0,CUSTOMER_DISPENSING,DISP-00831,2026-05-21T02:00:00Z,PHARM-KA-2022-7212,pharmaflow-main,SYNTHETIC_OPERATIONAL_RECORD
MOV-000832,MED-0320,Ofloxacin + Ornidazole (O2) (Formula 320),COU275,DISPENSED,-5,125.0,625.0,CUSTOMER_DISPENSING,DISP-00832,2026-09-09T15:00:00Z,PHARM-HIST-0001,pharmaflow-main,SYNTHETIC_OPERATIONAL_RECORD
MOV-000833,MED-0321,Montelukast + Levocetirizine (Montair-LC) (Formula 321),ORA276,DISPENSED,-5,170.5,852.5,CUSTOMER_DISPENSING,DISP-00833,2026-06-25T20:00:00Z,PHARM-KA-2022-7212,pharmaflow-main,SYNTHETIC_OPERATIONAL_RECORD
MOV-000834,MED-0322,Ibuprofen 400mg (Brufen 400) (Formula 322),MUL277,DISPENSED,-5,43.0,215.0,CUSTOMER_DISPENSING,DISP-00834,2026-05-02T13:00:00Z,PHARM-HIST-0001,pharmaflow-main,SYNTHETIC_OPERATIONAL_RECORD
MOV-000835,MED-0323,Aceclofenac + Paracetamol (Zerodol-P) (Formula 323),THY278,DISPENSED,-10,75.0,750.0,CUSTOMER_DISPENSING,DISP-00835,2026-07-18T01:00:00Z,PHARM-KA-2022-7212,pharmaflow-main,SYNTHETIC_OPERATIONAL_RECORD
MOV-000836,MED-0324,Vildagliptin + Metformin (Galvus Met) (Formula 324),CLO279,DISPENSED,-5,242.5,1212.5,CUSTOMER_DISPENSING,DISP-00836,2026-09-02T09:00:00Z,PHARM-HIST-0001,pharmaflow-main,SYNTHETIC_OPERATIONAL_RECORD
MOV-000837,MED-0325,Rabeprazole 20mg (Razo 20) (Formula 325),PAR280,DISPENSED,-10,117.0,1170.0,CUSTOMER_DISPENSING,DISP-00837,2026-10-07T00:00:00Z,PHARM-KA-2022-7212,pharmaflow-main,SYNTHETIC_OPERATIONAL_RECORD
MOV-000838,MED-0326,Cough Syrup (Ascoril-D) (Formula 326),PAR281,DISPENSED,-5,95.5,477.5,CUSTOMER_DISPENSING,DISP-00838,2026-05-17T11:00:00Z,PHARM-HIST-0001,pharmaflow-main,SYNTHETIC_OPERATIONAL_RECORD
MOV-000839,MED-0327,Oral Rehydration Salts (Electral ORS) (Formula 327),VIT282,DISPENSED,-20,28.0,560.0,CUSTOMER_DISPENSING,DISP-00839,2026-05-16T09:00:00Z,PHARM-KA-2022-7212,pharmaflow-main,SYNTHETIC_OPERATIONAL_RECORD
MOV-000840,MED-0328,Multivitamin + Zinc (Becadexamin) (Formula 328),AMO283,DISPENSED,-10,54.5,545.0,CUSTOMER_DISPENSING,DISP-00840,2026-05-01T11:00:00Z,PHARM-HIST-0001,pharmaflow-main,SYNTHETIC_OPERATIONAL_RECORD
MOV-000841,MED-0329,Thyroxine Sodium 50mcg (Thyronorm 50) (Formula 329),AMO284,DISPENSED,-5,140.0,700.0,CUSTOMER_DISPENSING,DISP-00841,2026-10-02T16:00:00Z,PHARM-KA-2022-7212,pharmaflow-main,SYNTHETIC_OPERATIONAL_RECORD
MOV-000842,MED-0330,Clopidogrel 75mg (Clopilet 75) (Formula 330),CET285,DISPENSED,-20,130.0,2600.0,CUSTOMER_DISPENSING,DISP-00842,2026-05-14T16:00:00Z,PHARM-HIST-0001,pharmaflow-main,SYNTHETIC_OPERATIONAL_RECORD
MOV-000843,MED-0331,Paracetamol 500mg (Formula 331),LEV286,DISPENSED,-20,27.5,550.0,CUSTOMER_DISPENSING,DISP-00843,2026-07-27T15:00:00Z,PHARM-KA-2022-7212,pharmaflow-main,SYNTHETIC_OPERATIONAL_RECORD
MOV-000844,MED-0332,Paracetamol 650mg (Dolo 650) (Formula 332),AZI287,DISPENSED,-20,37.0,740.0,CUSTOMER_DISPENSING,DISP-00844,2026-06-14T13:00:00Z,PHARM-HIST-0001,pharmaflow-main,SYNTHETIC_OPERATIONAL_RECORD
MOV-000845,MED-0333,Vitamin D3 60K (Calcirol) (Formula 333),AZI288,DISPENSED,-10,72.5,725.0,CUSTOMER_DISPENSING,DISP-00845,2026-04-16T21:00:00Z,PHARM-KA-2022-7212,pharmaflow-main,SYNTHETIC_OPERATIONAL_RECORD
MOV-000846,MED-0334,Amoxicillin 500mg (Novamox) (Formula 334),MET289,DISPENSED,-15,105.0,1575.0,CUSTOMER_DISPENSING,DISP-00846,2026-07-11T16:00:00Z,PHARM-HIST-0001,pharmaflow-main,SYNTHETIC_OPERATIONAL_RECORD
MOV-000847,MED-0335,Amoxicillin + Clavulanic Acid 625mg (Augmentin) (Formula 335),MET290,DISPENSED,-20,177.5,3550.0,CUSTOMER_DISPENSING,DISP-00847,2026-06-08T08:00:00Z,PHARM-KA-2022-7212,pharmaflow-main,SYNTHETIC_OPERATIONAL_RECORD
MOV-000848,MED-0336,Cetirizine 10mg (Cetzine) (Formula 336),PAN291,DISPENSED,-20,50.0,1000.0,CUSTOMER_DISPENSING,DISP-00848,2026-05-24T01:00:00Z,PHARM-HIST-0001,pharmaflow-main,SYNTHETIC_OPERATIONAL_RECORD
MOV-000849,MED-0337,Levocetirizine 5mg (Levocet) (Formula 337),PAN292,DISPENSED,-10,48.0,480.0,CUSTOMER_DISPENSING,DISP-00849,2026-09-02T03:00:00Z,PHARM-KA-2022-7212,pharmaflow-main,SYNTHETIC_OPERATIONAL_RECORD
MOV-000850,MED-0338,Azithromycin 250mg (Azee 250) (Formula 338),OME293,DISPENSED,-10,122.5,1225.0,CUSTOMER_DISPENSING,DISP-00850,2026-07-01T04:00:00Z,PHARM-HIST-0001,pharmaflow-main,SYNTHETIC_OPERATIONAL_RECORD
MOV-000851,MED-0339,Azithromycin 500mg (Azithral 500) (Formula 339),TEL294,DISPENSED,-10,180.0,1800.0,CUSTOMER_DISPENSING,DISP-00851,2026-07-05T13:00:00Z,PHARM-KA-2022-7212,pharmaflow-main,SYNTHETIC_OPERATIONAL_RECORD
MOV-000852,MED-0340,Metformin 500mg (Glycomet 500) (Formula 340),TEL295,DISPENSED,-5,52.5,262.5,CUSTOMER_DISPENSING,DISP-00852,2026-06-20T03:00:00Z,PHARM-HIST-0001,pharmaflow-main,SYNTHETIC_OPERATIONAL_RECORD
MOV-000853,MED-0341,Metformin 1000mg SR (Glucophage) (Formula 341),ATO296,DISPENSED,-10,78.0,780.0,CUSTOMER_DISPENSING,DISP-00853,2026-09-27T22:00:00Z,PHARM-KA-2022-7212,pharmaflow-main,SYNTHETIC_OPERATIONAL_RECORD
MOV-000854,MED-0342,Pantoprazole 40mg (Pan 40) (Formula 342),ROS297,DISPENSED,-20,97.5,1950.0,CUSTOMER_DISPENSING,DISP-00854,2026-05-23T05:00:00Z,PHARM-HIST-0001,pharmaflow-main,SYNTHETIC_OPERATIONAL_RECORD
MOV-000855,MED-0343,Pantoprazole + Domperidone (Pan-D) (Formula 343),CIP298,DISPENSED,-20,160.0,3200.0,CUSTOMER_DISPENSING,DISP-00855,2026-09-05T16:00:00Z,PHARM-KA-2022-7212,pharmaflow-main,SYNTHETIC_OPERATIONAL_RECORD
MOV-000856,MED-0344,Omeprazole 20mg (Omez) (Formula 344),OFL299,DISPENSED,-15,62.0,930.0,CUSTOMER_DISPENSING,DISP-00856,2026-08-16T00:00:00Z,PHARM-HIST-0001,pharmaflow-main,SYNTHETIC_OPERATIONAL_RECORD
MOV-000857,MED-0345,Telmisartan 40mg (Telma 40) (Formula 345),MON300,DISPENSED,-20,100.5,2010.0,CUSTOMER_DISPENSING,DISP-00857,2026-06-23T22:00:00Z,PHARM-KA-2022-7212,pharmaflow-main,SYNTHETIC_OPERATIONAL_RECORD
MOV-000858,MED-0346,Telmisartan + Amlodipine (Telma-AM) (Formula 346),IBU301,DISPENSED,-20,145.0,2900.0,CUSTOMER_DISPENSING,DISP-00858,2026-06-17T00:00:00Z,PHARM-HIST-0001,pharmaflow-main,SYNTHETIC_OPERATIONAL_RECORD
MOV-000859,MED-0347,Atorvastatin 10mg (Atorva 10) (Formula 347),ACE302,DISPENSED,-20,117.5,2350.0,CUSTOMER_DISPENSING,DISP-00859,2026-07-07T02:00:00Z,PHARM-KA-2022-7212,pharmaflow-main,SYNTHETIC_OPERATIONAL_RECORD
MOV-000860,MED-0348,Rosuvastatin 10mg (Rosuvas 10) (Formula 348),VIL303,DISPENSED,-15,145.0,2175.0,CUSTOMER_DISPENSING,DISP-00860,2026-04-21T00:00:00Z,PHARM-HIST-0001,pharmaflow-main,SYNTHETIC_OPERATIONAL_RECORD
MOV-000861,MED-0349,Ciprofloxacin 500mg (Ciplox 500) (Formula 349),RAB304,DISPENSED,-10,84.5,845.0,CUSTOMER_DISPENSING,DISP-00861,2026-05-26T06:00:00Z,PHARM-KA-2022-7212,pharmaflow-main,SYNTHETIC_OPERATIONAL_RECORD
MOV-000862,MED-0350,Ofloxacin + Ornidazole (O2) (Formula 350),COU305,DISPENSED,-10,130.0,1300.0,CUSTOMER_DISPENSING,DISP-00862,2026-08-13T14:00:00Z,PHARM-HIST-0001,pharmaflow-main,SYNTHETIC_OPERATIONAL_RECORD
MOV-000863,MED-0351,Montelukast + Levocetirizine (Montair-LC) (Formula 351),ORA306,DISPENSED,-10,158.0,1580.0,CUSTOMER_DISPENSING,DISP-00863,2026-05-16T06:00:00Z,PHARM-KA-2022-7212,pharmaflow-main,SYNTHETIC_OPERATIONAL_RECORD
MOV-000864,MED-0352,Ibuprofen 400mg (Brufen 400) (Formula 352),MUL307,DISPENSED,-15,30.5,457.5,CUSTOMER_DISPENSING,DISP-00864,2026-06-11T19:00:00Z,PHARM-HIST-0001,pharmaflow-main,SYNTHETIC_OPERATIONAL_RECORD
MOV-000865,MED-0353,Aceclofenac + Paracetamol (Zerodol-P) (Formula 353),THY308,DISPENSED,-20,80.0,1600.0,CUSTOMER_DISPENSING,DISP-00865,2026-07-04T16:00:00Z,PHARM-KA-2022-7212,pharmaflow-main,SYNTHETIC_OPERATIONAL_RECORD
MOV-000866,MED-0354,Vildagliptin + Metformin (Galvus Met) (Formula 354),CLO309,DISPENSED,-15,247.5,3712.5,CUSTOMER_DISPENSING,DISP-00866,2026-08-15T00:00:00Z,PHARM-HIST-0001,pharmaflow-main,SYNTHETIC_OPERATIONAL_RECORD
MOV-000867,MED-0355,Rabeprazole 20mg (Razo 20) (Formula 355),PAR310,DISPENSED,-10,122.0,1220.0,CUSTOMER_DISPENSING,DISP-00867,2026-06-10T09:00:00Z,PHARM-KA-2022-7212,pharmaflow-main,SYNTHETIC_OPERATIONAL_RECORD
MOV-000868,MED-0356,Cough Syrup (Ascoril-D) (Formula 356),PAR311,DISPENSED,-20,100.5,2010.0,CUSTOMER_DISPENSING,DISP-00868,2026-07-23T17:00:00Z,PHARM-HIST-0001,pharmaflow-main,SYNTHETIC_OPERATIONAL_RECORD
MOV-000869,MED-0357,Oral Rehydration Salts (Electral ORS) (Formula 357),VIT312,DISPENSED,-20,33.0,660.0,CUSTOMER_DISPENSING,DISP-00869,2026-09-25T06:00:00Z,PHARM-KA-2022-7212,pharmaflow-main,SYNTHETIC_OPERATIONAL_RECORD
MOV-000870,MED-0358,Multivitamin + Zinc (Becadexamin) (Formula 358),AMO313,DISPENSED,-10,42.0,420.0,CUSTOMER_DISPENSING,DISP-00870,2026-07-13T19:00:00Z,PHARM-HIST-0001,pharmaflow-main,SYNTHETIC_OPERATIONAL_RECORD
MOV-000871,MED-0359,Thyroxine Sodium 50mcg (Thyronorm 50) (Formula 359),AMO314,DISPENSED,-10,127.5,1275.0,CUSTOMER_DISPENSING,DISP-00871,2026-04-23T00:00:00Z,PHARM-KA-2022-7212,pharmaflow-main,SYNTHETIC_OPERATIONAL_RECORD
MOV-000872,MED-0360,Clopidogrel 75mg (Clopilet 75) (Formula 360),CET315,DISPENSED,-20,135.0,2700.0,CUSTOMER_DISPENSING,DISP-00872,2026-08-22T22:00:00Z,PHARM-HIST-0001,pharmaflow-main,SYNTHETIC_OPERATIONAL_RECORD
MOV-000873,MED-0361,Paracetamol 500mg (Formula 361),LEV316,DISPENSED,-5,32.5,162.5,CUSTOMER_DISPENSING,DISP-00873,2026-04-14T06:00:00Z,PHARM-KA-2022-7212,pharmaflow-main,SYNTHETIC_OPERATIONAL_RECORD
MOV-000874,MED-0362,Paracetamol 650mg (Dolo 650) (Formula 362),AZI317,DISPENSED,-20,42.0,840.0,CUSTOMER_DISPENSING,DISP-00874,2026-05-15T15:00:00Z,PHARM-HIST-0001,pharmaflow-main,SYNTHETIC_OPERATIONAL_RECORD
MOV-000875,MED-0363,Vitamin D3 60K (Calcirol) (Formula 363),AZI318,DISPENSED,-10,77.5,775.0,CUSTOMER_DISPENSING,DISP-00875,2026-07-30T13:00:00Z,PHARM-KA-2022-7212,pharmaflow-main,SYNTHETIC_OPERATIONAL_RECORD
MOV-000876,MED-0364,Amoxicillin 500mg (Novamox) (Formula 364),MET319,DISPENSED,-10,110.0,1100.0,CUSTOMER_DISPENSING,DISP-00876,2026-04-27T00:00:00Z,PHARM-HIST-0001,pharmaflow-main,SYNTHETIC_OPERATIONAL_RECORD
MOV-000877,MED-0365,Amoxicillin + Clavulanic Acid 625mg (Augmentin) (Formula 365),MET320,DISPENSED,-10,165.0,1650.0,CUSTOMER_DISPENSING,DISP-00877,2026-08-30T23:00:00Z,PHARM-KA-2022-7212,pharmaflow-main,SYNTHETIC_OPERATIONAL_RECORD
MOV-000878,MED-0366,Cetirizine 10mg (Cetzine) (Formula 366),PAN321,DISPENSED,-15,37.5,562.5,CUSTOMER_DISPENSING,DISP-00878,2026-06-11T05:00:00Z,PHARM-HIST-0001,pharmaflow-main,SYNTHETIC_OPERATIONAL_RECORD
MOV-000879,MED-0367,Levocetirizine 5mg (Levocet) (Formula 367),PAN322,DISPENSED,-10,53.0,530.0,CUSTOMER_DISPENSING,DISP-00879,2026-06-06T02:00:00Z,PHARM-KA-2022-7212,pharmaflow-main,SYNTHETIC_OPERATIONAL_RECORD
MOV-000880,MED-0368,Azithromycin 250mg (Azee 250) (Formula 368),OME323,DISPENSED,-5,127.5,637.5,CUSTOMER_DISPENSING,DISP-00880,2026-04-18T09:00:00Z,PHARM-HIST-0001,pharmaflow-main,SYNTHETIC_OPERATIONAL_RECORD
MOV-000881,MED-0369,Azithromycin 500mg (Azithral 500) (Formula 369),TEL324,DISPENSED,-5,185.0,925.0,CUSTOMER_DISPENSING,DISP-00881,2026-09-17T12:00:00Z,PHARM-KA-2022-7212,pharmaflow-main,SYNTHETIC_OPERATIONAL_RECORD
MOV-000882,MED-0370,Metformin 500mg (Glycomet 500) (Formula 370),TEL325,DISPENSED,-5,57.5,287.5,CUSTOMER_DISPENSING,DISP-00882,2026-09-25T02:00:00Z,PHARM-HIST-0001,pharmaflow-main,SYNTHETIC_OPERATIONAL_RECORD
MOV-000883,MED-0371,Metformin 1000mg SR (Glucophage) (Formula 371),ATO326,DISPENSED,-5,83.0,415.0,CUSTOMER_DISPENSING,DISP-00883,2026-07-20T01:00:00Z,PHARM-KA-2022-7212,pharmaflow-main,SYNTHETIC_OPERATIONAL_RECORD
MOV-000884,MED-0372,Pantoprazole 40mg (Pan 40) (Formula 372),ROS327,DISPENSED,-10,85.0,850.0,CUSTOMER_DISPENSING,DISP-00884,2026-08-31T06:00:00Z,PHARM-HIST-0001,pharmaflow-main,SYNTHETIC_OPERATIONAL_RECORD
MOV-000885,MED-0373,Pantoprazole + Domperidone (Pan-D) (Formula 373),CIP328,DISPENSED,-15,147.5,2212.5,CUSTOMER_DISPENSING,DISP-00885,2026-09-22T01:00:00Z,PHARM-KA-2022-7212,pharmaflow-main,SYNTHETIC_OPERATIONAL_RECORD
MOV-000886,MED-0374,Omeprazole 20mg (Omez) (Formula 374),OFL329,DISPENSED,-15,67.0,1005.0,CUSTOMER_DISPENSING,DISP-00886,2026-05-11T22:00:00Z,PHARM-HIST-0001,pharmaflow-main,SYNTHETIC_OPERATIONAL_RECORD
MOV-000887,MED-0375,Telmisartan 40mg (Telma 40) (Formula 375),MON330,DISPENSED,-20,105.5,2110.0,CUSTOMER_DISPENSING,DISP-00887,2026-07-13T14:00:00Z,PHARM-KA-2022-7212,pharmaflow-main,SYNTHETIC_OPERATIONAL_RECORD
MOV-000888,MED-0376,Telmisartan + Amlodipine (Telma-AM) (Formula 376),IBU331,DISPENSED,-10,150.0,1500.0,CUSTOMER_DISPENSING,DISP-00888,2026-07-26T03:00:00Z,PHARM-HIST-0001,pharmaflow-main,SYNTHETIC_OPERATIONAL_RECORD
MOV-000889,MED-0377,Atorvastatin 10mg (Atorva 10) (Formula 377),ACE332,DISPENSED,-5,122.5,612.5,CUSTOMER_DISPENSING,DISP-00889,2026-05-18T07:00:00Z,PHARM-KA-2022-7212,pharmaflow-main,SYNTHETIC_OPERATIONAL_RECORD
MOV-000890,MED-0378,Rosuvastatin 10mg (Rosuvas 10) (Formula 378),VIL333,DISPENSED,-10,150.0,1500.0,CUSTOMER_DISPENSING,DISP-00890,2026-08-27T23:00:00Z,PHARM-HIST-0001,pharmaflow-main,SYNTHETIC_OPERATIONAL_RECORD
MOV-000891,MED-0379,Ciprofloxacin 500mg (Ciplox 500) (Formula 379),RAB334,DISPENSED,-5,72.0,360.0,CUSTOMER_DISPENSING,DISP-00891,2026-05-24T17:00:00Z,PHARM-KA-2022-7212,pharmaflow-main,SYNTHETIC_OPERATIONAL_RECORD
MOV-000892,MED-0380,Ofloxacin + Ornidazole (O2) (Formula 380),COU335,DISPENSED,-20,117.5,2350.0,CUSTOMER_DISPENSING,DISP-00892,2026-08-28T19:00:00Z,PHARM-HIST-0001,pharmaflow-main,SYNTHETIC_OPERATIONAL_RECORD
MOV-000893,MED-0381,Montelukast + Levocetirizine (Montair-LC) (Formula 381),ORA336,DISPENSED,-20,163.0,3260.0,CUSTOMER_DISPENSING,DISP-00893,2026-04-12T04:00:00Z,PHARM-KA-2022-7212,pharmaflow-main,SYNTHETIC_OPERATIONAL_RECORD
MOV-000894,MED-0382,Ibuprofen 400mg (Brufen 400) (Formula 382),MUL337,DISPENSED,-10,35.5,355.0,CUSTOMER_DISPENSING,DISP-00894,2026-09-08T15:00:00Z,PHARM-HIST-0001,pharmaflow-main,SYNTHETIC_OPERATIONAL_RECORD
MOV-000895,MED-0383,Aceclofenac + Paracetamol (Zerodol-P) (Formula 383),THY338,DISPENSED,-10,85.0,850.0,CUSTOMER_DISPENSING,DISP-00895,2026-06-17T09:00:00Z,PHARM-KA-2022-7212,pharmaflow-main,SYNTHETIC_OPERATIONAL_RECORD
MOV-000896,MED-0384,Vildagliptin + Metformin (Galvus Met) (Formula 384),CLO339,DISPENSED,-5,252.5,1262.5,CUSTOMER_DISPENSING,DISP-00896,2026-09-04T00:00:00Z,PHARM-HIST-0001,pharmaflow-main,SYNTHETIC_OPERATIONAL_RECORD
MOV-000897,MED-0385,Rabeprazole 20mg (Razo 20) (Formula 385),PAR340,DISPENSED,-20,127.0,2540.0,CUSTOMER_DISPENSING,DISP-00897,2026-07-02T21:00:00Z,PHARM-KA-2022-7212,pharmaflow-main,SYNTHETIC_OPERATIONAL_RECORD
MOV-000898,MED-0386,Cough Syrup (Ascoril-D) (Formula 386),PAR341,DISPENSED,-10,88.0,880.0,CUSTOMER_DISPENSING,DISP-00898,2026-10-02T18:00:00Z,PHARM-HIST-0001,pharmaflow-main,SYNTHETIC_OPERATIONAL_RECORD
MOV-000899,MED-0387,Oral Rehydration Salts (Electral ORS) (Formula 387),VIT342,DISPENSED,-15,20.5,307.5,CUSTOMER_DISPENSING,DISP-00899,2026-06-17T18:00:00Z,PHARM-KA-2022-7212,pharmaflow-main,SYNTHETIC_OPERATIONAL_RECORD
MOV-000900,MED-0388,Multivitamin + Zinc (Becadexamin) (Formula 388),AMO343,DISPENSED,-10,47.0,470.0,CUSTOMER_DISPENSING,DISP-00900,2026-06-16T12:00:00Z,PHARM-HIST-0001,pharmaflow-main,SYNTHETIC_OPERATIONAL_RECORD
MOV-000901,MED-0389,Thyroxine Sodium 50mcg (Thyronorm 50) (Formula 389),AMO344,DISPENSED,-20,132.5,2650.0,CUSTOMER_DISPENSING,DISP-00901,2026-04-19T18:00:00Z,PHARM-KA-2022-7212,pharmaflow-main,SYNTHETIC_OPERATIONAL_RECORD
MOV-000902,MED-0390,Clopidogrel 75mg (Clopilet 75) (Formula 390),CET345,DISPENSED,-15,140.0,2100.0,CUSTOMER_DISPENSING,DISP-00902,2026-07-14T10:00:00Z,PHARM-HIST-0001,pharmaflow-main,SYNTHETIC_OPERATIONAL_RECORD
MOV-000903,MED-0391,Paracetamol 500mg (Formula 391),LEV346,DISPENSED,-15,37.5,562.5,CUSTOMER_DISPENSING,DISP-00903,2026-09-21T07:00:00Z,PHARM-KA-2022-7212,pharmaflow-main,SYNTHETIC_OPERATIONAL_RECORD
MOV-000904,MED-0392,Paracetamol 650mg (Dolo 650) (Formula 392),AZI347,DISPENSED,-10,47.0,470.0,CUSTOMER_DISPENSING,DISP-00904,2026-05-02T03:00:00Z,PHARM-HIST-0001,pharmaflow-main,SYNTHETIC_OPERATIONAL_RECORD
MOV-000905,MED-0393,Vitamin D3 60K (Calcirol) (Formula 393),AZI348,DISPENSED,-20,65.0,1300.0,CUSTOMER_DISPENSING,DISP-00905,2026-08-31T09:00:00Z,PHARM-KA-2022-7212,pharmaflow-main,SYNTHETIC_OPERATIONAL_RECORD
MOV-000906,MED-0394,Amoxicillin 500mg (Novamox) (Formula 394),MET349,DISPENSED,-10,97.5,975.0,CUSTOMER_DISPENSING,DISP-00906,2026-04-29T02:00:00Z,PHARM-HIST-0001,pharmaflow-main,SYNTHETIC_OPERATIONAL_RECORD
MOV-000907,MED-0395,Amoxicillin + Clavulanic Acid 625mg (Augmentin) (Formula 395),MET350,DISPENSED,-15,170.0,2550.0,CUSTOMER_DISPENSING,DISP-00907,2026-09-17T01:00:00Z,PHARM-KA-2022-7212,pharmaflow-main,SYNTHETIC_OPERATIONAL_RECORD
MOV-000908,MED-0396,Cetirizine 10mg (Cetzine) (Formula 396),PAN351,DISPENSED,-20,42.5,850.0,CUSTOMER_DISPENSING,DISP-00908,2026-10-03T17:00:00Z,PHARM-HIST-0001,pharmaflow-main,SYNTHETIC_OPERATIONAL_RECORD
MOV-000909,MED-0397,Levocetirizine 5mg (Levocet) (Formula 397),PAN352,DISPENSED,-20,58.0,1160.0,CUSTOMER_DISPENSING,DISP-00909,2026-08-26T01:00:00Z,PHARM-KA-2022-7212,pharmaflow-main,SYNTHETIC_OPERATIONAL_RECORD
MOV-000910,MED-0398,Azithromycin 250mg (Azee 250) (Formula 398),OME353,DISPENSED,-15,132.5,1987.5,CUSTOMER_DISPENSING,DISP-00910,2026-08-19T20:00:00Z,PHARM-HIST-0001,pharmaflow-main,SYNTHETIC_OPERATIONAL_RECORD
MOV-000911,MED-0399,Azithromycin 500mg (Azithral 500) (Formula 399),TEL354,DISPENSED,-15,190.0,2850.0,CUSTOMER_DISPENSING,DISP-00911,2026-05-28T12:00:00Z,PHARM-KA-2022-7212,pharmaflow-main,SYNTHETIC_OPERATIONAL_RECORD
MOV-000912,MED-0400,Metformin 500mg (Glycomet 500) (Formula 400),TEL355,DISPENSED,-20,45.0,900.0,CUSTOMER_DISPENSING,DISP-00912,2026-07-19T07:00:00Z,PHARM-HIST-0001,pharmaflow-main,SYNTHETIC_OPERATIONAL_RECORD
MOV-000913,MED-0401,Metformin 1000mg SR (Glucophage) (Formula 401),ATO356,DISPENSED,-5,70.5,352.5,CUSTOMER_DISPENSING,DISP-00913,2026-04-25T05:00:00Z,PHARM-KA-2022-7212,pharmaflow-main,SYNTHETIC_OPERATIONAL_RECORD
MOV-000914,MED-0402,Pantoprazole 40mg (Pan 40) (Formula 402),ROS357,DISPENSED,-15,90.0,1350.0,CUSTOMER_DISPENSING,DISP-00914,2026-08-01T22:00:00Z,PHARM-HIST-0001,pharmaflow-main,SYNTHETIC_OPERATIONAL_RECORD
MOV-000915,MED-0403,Pantoprazole + Domperidone (Pan-D) (Formula 403),CIP358,DISPENSED,-20,152.5,3050.0,CUSTOMER_DISPENSING,DISP-00915,2026-07-14T11:00:00Z,PHARM-KA-2022-7212,pharmaflow-main,SYNTHETIC_OPERATIONAL_RECORD
MOV-000916,MED-0404,Omeprazole 20mg (Omez) (Formula 404),OFL359,DISPENSED,-15,72.0,1080.0,CUSTOMER_DISPENSING,DISP-00916,2026-04-22T22:00:00Z,PHARM-HIST-0001,pharmaflow-main,SYNTHETIC_OPERATIONAL_RECORD
MOV-000917,MED-0405,Telmisartan 40mg (Telma 40) (Formula 405),MON360,DISPENSED,-5,110.5,552.5,CUSTOMER_DISPENSING,DISP-00917,2026-07-14T19:00:00Z,PHARM-KA-2022-7212,pharmaflow-main,SYNTHETIC_OPERATIONAL_RECORD
MOV-000918,MED-0406,Telmisartan + Amlodipine (Telma-AM) (Formula 406),IBU361,DISPENSED,-5,155.0,775.0,CUSTOMER_DISPENSING,DISP-00918,2026-09-04T17:00:00Z,PHARM-HIST-0001,pharmaflow-main,SYNTHETIC_OPERATIONAL_RECORD
MOV-000919,MED-0407,Atorvastatin 10mg (Atorva 10) (Formula 407),ACE362,DISPENSED,-5,110.0,550.0,CUSTOMER_DISPENSING,DISP-00919,2026-05-15T12:00:00Z,PHARM-KA-2022-7212,pharmaflow-main,SYNTHETIC_OPERATIONAL_RECORD
MOV-000920,MED-0408,Rosuvastatin 10mg (Rosuvas 10) (Formula 408),VIL363,DISPENSED,-15,137.5,2062.5,CUSTOMER_DISPENSING,DISP-00920,2026-07-03T06:00:00Z,PHARM-HIST-0001,pharmaflow-main,SYNTHETIC_OPERATIONAL_RECORD
MOV-000921,MED-0409,Ciprofloxacin 500mg (Ciplox 500) (Formula 409),RAB364,DISPENSED,-20,77.0,1540.0,CUSTOMER_DISPENSING,DISP-00921,2026-07-03T00:00:00Z,PHARM-KA-2022-7212,pharmaflow-main,SYNTHETIC_OPERATIONAL_RECORD
MOV-000922,MED-0410,Ofloxacin + Ornidazole (O2) (Formula 410),COU365,DISPENSED,-5,122.5,612.5,CUSTOMER_DISPENSING,DISP-00922,2026-04-13T15:00:00Z,PHARM-HIST-0001,pharmaflow-main,SYNTHETIC_OPERATIONAL_RECORD
MOV-000923,MED-0411,Montelukast + Levocetirizine (Montair-LC) (Formula 411),ORA366,DISPENSED,-15,168.0,2520.0,CUSTOMER_DISPENSING,DISP-00923,2026-04-13T00:00:00Z,PHARM-KA-2022-7212,pharmaflow-main,SYNTHETIC_OPERATIONAL_RECORD
MOV-000924,MED-0412,Ibuprofen 400mg (Brufen 400) (Formula 412),MUL367,DISPENSED,-15,40.5,607.5,CUSTOMER_DISPENSING,DISP-00924,2026-07-06T20:00:00Z,PHARM-HIST-0001,pharmaflow-main,SYNTHETIC_OPERATIONAL_RECORD
MOV-000925,MED-0413,Aceclofenac + Paracetamol (Zerodol-P) (Formula 413),THY368,DISPENSED,-20,90.0,1800.0,CUSTOMER_DISPENSING,DISP-00925,2026-06-25T14:00:00Z,PHARM-KA-2022-7212,pharmaflow-main,SYNTHETIC_OPERATIONAL_RECORD
MOV-000926,MED-0414,Vildagliptin + Metformin (Galvus Met) (Formula 414),CLO369,DISPENSED,-15,240.0,3600.0,CUSTOMER_DISPENSING,DISP-00926,2026-09-05T01:00:00Z,PHARM-HIST-0001,pharmaflow-main,SYNTHETIC_OPERATIONAL_RECORD
MOV-000927,MED-0415,Rabeprazole 20mg (Razo 20) (Formula 415),PAR370,DISPENSED,-15,114.5,1717.5,CUSTOMER_DISPENSING,DISP-00927,2026-05-20T06:00:00Z,PHARM-KA-2022-7212,pharmaflow-main,SYNTHETIC_OPERATIONAL_RECORD
MOV-000928,MED-0416,Cough Syrup (Ascoril-D) (Formula 416),PAR371,DISPENSED,-20,93.0,1860.0,CUSTOMER_DISPENSING,DISP-00928,2026-07-28T04:00:00Z,PHARM-HIST-0001,pharmaflow-main,SYNTHETIC_OPERATIONAL_RECORD
MOV-000929,MED-0417,Oral Rehydration Salts (Electral ORS) (Formula 417),VIT372,DISPENSED,-5,25.5,127.5,CUSTOMER_DISPENSING,DISP-00929,2026-06-14T15:00:00Z,PHARM-KA-2022-7212,pharmaflow-main,SYNTHETIC_OPERATIONAL_RECORD
MOV-000930,MED-0418,Multivitamin + Zinc (Becadexamin) (Formula 418),AMO373,DISPENSED,-5,52.0,260.0,CUSTOMER_DISPENSING,DISP-00930,2026-04-21T02:00:00Z,PHARM-HIST-0001,pharmaflow-main,SYNTHETIC_OPERATIONAL_RECORD
MOV-000931,MED-0419,Thyroxine Sodium 50mcg (Thyronorm 50) (Formula 419),AMO374,DISPENSED,-5,137.5,687.5,CUSTOMER_DISPENSING,DISP-00931,2026-10-03T08:00:00Z,PHARM-KA-2022-7212,pharmaflow-main,SYNTHETIC_OPERATIONAL_RECORD
MOV-000932,MED-0420,Clopidogrel 75mg (Clopilet 75) (Formula 420),CET375,DISPENSED,-5,145.0,725.0,CUSTOMER_DISPENSING,DISP-00932,2026-08-07T10:00:00Z,PHARM-HIST-0001,pharmaflow-main,SYNTHETIC_OPERATIONAL_RECORD
MOV-000933,MED-0421,Paracetamol 500mg (Formula 421),LEV376,DISPENSED,-10,25.0,250.0,CUSTOMER_DISPENSING,DISP-00933,2026-07-05T10:00:00Z,PHARM-KA-2022-7212,pharmaflow-main,SYNTHETIC_OPERATIONAL_RECORD
MOV-000934,MED-0422,Paracetamol 650mg (Dolo 650) (Formula 422),AZI377,DISPENSED,-10,34.5,345.0,CUSTOMER_DISPENSING,DISP-00934,2026-05-15T05:00:00Z,PHARM-HIST-0001,pharmaflow-main,SYNTHETIC_OPERATIONAL_RECORD
MOV-000935,MED-0423,Vitamin D3 60K (Calcirol) (Formula 423),AZI378,DISPENSED,-5,70.0,350.0,CUSTOMER_DISPENSING,DISP-00935,2026-09-19T12:00:00Z,PHARM-KA-2022-7212,pharmaflow-main,SYNTHETIC_OPERATIONAL_RECORD
MOV-000936,MED-0424,Amoxicillin 500mg (Novamox) (Formula 424),MET379,DISPENSED,-5,102.5,512.5,CUSTOMER_DISPENSING,DISP-00936,2026-07-12T17:00:00Z,PHARM-HIST-0001,pharmaflow-main,SYNTHETIC_OPERATIONAL_RECORD
MOV-000937,MED-0425,Amoxicillin + Clavulanic Acid 625mg (Augmentin) (Formula 425),MET380,DISPENSED,-5,175.0,875.0,CUSTOMER_DISPENSING,DISP-00937,2026-08-29T18:00:00Z,PHARM-KA-2022-7212,pharmaflow-main,SYNTHETIC_OPERATIONAL_RECORD
MOV-000938,MED-0426,Cetirizine 10mg (Cetzine) (Formula 426),PAN381,DISPENSED,-20,47.5,950.0,CUSTOMER_DISPENSING,DISP-00938,2026-04-30T02:00:00Z,PHARM-HIST-0001,pharmaflow-main,SYNTHETIC_OPERATIONAL_RECORD
MOV-000939,MED-0427,Levocetirizine 5mg (Levocet) (Formula 427),PAN382,DISPENSED,-5,63.0,315.0,CUSTOMER_DISPENSING,DISP-00939,2026-05-05T09:00:00Z,PHARM-KA-2022-7212,pharmaflow-main,SYNTHETIC_OPERATIONAL_RECORD
MOV-000940,MED-0428,Azithromycin 250mg (Azee 250) (Formula 428),OME383,DISPENSED,-5,120.0,600.0,CUSTOMER_DISPENSING,DISP-00940,2026-04-11T08:00:00Z,PHARM-HIST-0001,pharmaflow-main,SYNTHETIC_OPERATIONAL_RECORD
MOV-000941,MED-0429,Azithromycin 500mg (Azithral 500) (Formula 429),TEL384,DISPENSED,-10,177.5,1775.0,CUSTOMER_DISPENSING,DISP-00941,2026-09-18T07:00:00Z,PHARM-KA-2022-7212,pharmaflow-main,SYNTHETIC_OPERATIONAL_RECORD
MOV-000942,MED-0430,Metformin 500mg (Glycomet 500) (Formula 430),TEL385,DISPENSED,-5,50.0,250.0,CUSTOMER_DISPENSING,DISP-00942,2026-09-15T12:00:00Z,PHARM-HIST-0001,pharmaflow-main,SYNTHETIC_OPERATIONAL_RECORD
MOV-000943,MED-0431,Metformin 1000mg SR (Glucophage) (Formula 431),ATO386,DISPENSED,-20,75.5,1510.0,CUSTOMER_DISPENSING,DISP-00943,2026-04-16T05:00:00Z,PHARM-KA-2022-7212,pharmaflow-main,SYNTHETIC_OPERATIONAL_RECORD
MOV-000944,MED-0432,Pantoprazole 40mg (Pan 40) (Formula 432),ROS387,DISPENSED,-10,95.0,950.0,CUSTOMER_DISPENSING,DISP-00944,2026-09-25T14:00:00Z,PHARM-HIST-0001,pharmaflow-main,SYNTHETIC_OPERATIONAL_RECORD
MOV-000945,MED-0433,Pantoprazole + Domperidone (Pan-D) (Formula 433),CIP388,DISPENSED,-5,157.5,787.5,CUSTOMER_DISPENSING,DISP-00945,2026-07-01T02:00:00Z,PHARM-KA-2022-7212,pharmaflow-main,SYNTHETIC_OPERATIONAL_RECORD
MOV-000946,MED-0434,Omeprazole 20mg (Omez) (Formula 434),OFL389,DISPENSED,-10,77.0,770.0,CUSTOMER_DISPENSING,DISP-00946,2026-06-09T06:00:00Z,PHARM-HIST-0001,pharmaflow-main,SYNTHETIC_OPERATIONAL_RECORD
MOV-000947,MED-0435,Telmisartan 40mg (Telma 40) (Formula 435),MON390,DISPENSED,-20,98.0,1960.0,CUSTOMER_DISPENSING,DISP-00947,2026-05-06T14:00:00Z,PHARM-KA-2022-7212,pharmaflow-main,SYNTHETIC_OPERATIONAL_RECORD
MOV-000948,MED-0436,Telmisartan + Amlodipine (Telma-AM) (Formula 436),IBU391,DISPENSED,-10,142.5,1425.0,CUSTOMER_DISPENSING,DISP-00948,2026-06-10T03:00:00Z,PHARM-HIST-0001,pharmaflow-main,SYNTHETIC_OPERATIONAL_RECORD
MOV-000949,MED-0437,Atorvastatin 10mg (Atorva 10) (Formula 437),ACE392,DISPENSED,-5,115.0,575.0,CUSTOMER_DISPENSING,DISP-00949,2026-06-17T07:00:00Z,PHARM-KA-2022-7212,pharmaflow-main,SYNTHETIC_OPERATIONAL_RECORD
MOV-000950,MED-0438,Rosuvastatin 10mg (Rosuvas 10) (Formula 438),VIL393,DISPENSED,-5,142.5,712.5,CUSTOMER_DISPENSING,DISP-00950,2026-09-18T07:00:00Z,PHARM-HIST-0001,pharmaflow-main,SYNTHETIC_OPERATIONAL_RECORD
MOV-000951,MED-0439,Ciprofloxacin 500mg (Ciplox 500) (Formula 439),RAB394,DISPENSED,-10,82.0,820.0,CUSTOMER_DISPENSING,DISP-00951,2026-08-02T08:00:00Z,PHARM-KA-2022-7212,pharmaflow-main,SYNTHETIC_OPERATIONAL_RECORD
MOV-000952,MED-0440,Ofloxacin + Ornidazole (O2) (Formula 440),COU395,DISPENSED,-10,127.5,1275.0,CUSTOMER_DISPENSING,DISP-00952,2026-04-12T09:00:00Z,PHARM-HIST-0001,pharmaflow-main,SYNTHETIC_OPERATIONAL_RECORD
MOV-000953,MED-0441,Montelukast + Levocetirizine (Montair-LC) (Formula 441),ORA396,DISPENSED,-5,173.0,865.0,CUSTOMER_DISPENSING,DISP-00953,2026-08-21T07:00:00Z,PHARM-KA-2022-7212,pharmaflow-main,SYNTHETIC_OPERATIONAL_RECORD
MOV-000954,MED-0442,Ibuprofen 400mg (Brufen 400) (Formula 442),MUL397,DISPENSED,-15,28.0,420.0,CUSTOMER_DISPENSING,DISP-00954,2026-08-11T07:00:00Z,PHARM-HIST-0001,pharmaflow-main,SYNTHETIC_OPERATIONAL_RECORD
MOV-000955,MED-0443,Aceclofenac + Paracetamol (Zerodol-P) (Formula 443),THY398,DISPENSED,-20,77.5,1550.0,CUSTOMER_DISPENSING,DISP-00955,2026-04-28T18:00:00Z,PHARM-KA-2022-7212,pharmaflow-main,SYNTHETIC_OPERATIONAL_RECORD
MOV-000956,MED-0444,Vildagliptin + Metformin (Galvus Met) (Formula 444),CLO399,DISPENSED,-15,245.0,3675.0,CUSTOMER_DISPENSING,DISP-00956,2026-05-07T23:00:00Z,PHARM-HIST-0001,pharmaflow-main,SYNTHETIC_OPERATIONAL_RECORD
MOV-000957,MED-0445,Rabeprazole 20mg (Razo 20) (Formula 445),PAR400,DISPENSED,-15,119.5,1792.5,CUSTOMER_DISPENSING,DISP-00957,2026-08-13T23:00:00Z,PHARM-KA-2022-7212,pharmaflow-main,SYNTHETIC_OPERATIONAL_RECORD
MOV-000958,MED-0446,Cough Syrup (Ascoril-D) (Formula 446),PAR401,DISPENSED,-15,98.0,1470.0,CUSTOMER_DISPENSING,DISP-00958,2026-07-11T13:00:00Z,PHARM-HIST-0001,pharmaflow-main,SYNTHETIC_OPERATIONAL_RECORD
MOV-000959,MED-0447,Oral Rehydration Salts (Electral ORS) (Formula 447),VIT402,DISPENSED,-10,30.5,305.0,CUSTOMER_DISPENSING,DISP-00959,2026-05-26T12:00:00Z,PHARM-KA-2022-7212,pharmaflow-main,SYNTHETIC_OPERATIONAL_RECORD
MOV-000960,MED-0448,Multivitamin + Zinc (Becadexamin) (Formula 448),AMO403,DISPENSED,-15,57.0,855.0,CUSTOMER_DISPENSING,DISP-00960,2026-07-28T07:00:00Z,PHARM-HIST-0001,pharmaflow-main,SYNTHETIC_OPERATIONAL_RECORD
MOV-000961,MED-0449,Thyroxine Sodium 50mcg (Thyronorm 50) (Formula 449),AMO404,DISPENSED,-5,125.0,625.0,CUSTOMER_DISPENSING,DISP-00961,2026-09-23T10:00:00Z,PHARM-KA-2022-7212,pharmaflow-main,SYNTHETIC_OPERATIONAL_RECORD
MOV-000962,MED-0450,Clopidogrel 75mg (Clopilet 75) (Formula 450),CET405,DISPENSED,-20,132.5,2650.0,CUSTOMER_DISPENSING,DISP-00962,2026-07-11T13:00:00Z,PHARM-HIST-0001,pharmaflow-main,SYNTHETIC_OPERATIONAL_RECORD
MOV-000963,MED-0451,Paracetamol 500mg (Formula 451),LEV406,DISPENSED,-5,30.0,150.0,CUSTOMER_DISPENSING,DISP-00963,2026-05-02T23:00:00Z,PHARM-KA-2022-7212,pharmaflow-main,SYNTHETIC_OPERATIONAL_RECORD
MOV-000964,MED-0452,Paracetamol 650mg (Dolo 650) (Formula 452),AZI407,DISPENSED,-5,39.5,197.5,CUSTOMER_DISPENSING,DISP-00964,2026-04-18T14:00:00Z,PHARM-HIST-0001,pharmaflow-main,SYNTHETIC_OPERATIONAL_RECORD
MOV-000965,MED-0453,Vitamin D3 60K (Calcirol) (Formula 453),AZI408,DISPENSED,-20,75.0,1500.0,CUSTOMER_DISPENSING,DISP-00965,2026-10-04T13:00:00Z,PHARM-KA-2022-7212,pharmaflow-main,SYNTHETIC_OPERATIONAL_RECORD
MOV-000966,MED-0454,Amoxicillin 500mg (Novamox) (Formula 454),MET409,DISPENSED,-5,107.5,537.5,CUSTOMER_DISPENSING,DISP-00966,2026-07-18T18:00:00Z,PHARM-HIST-0001,pharmaflow-main,SYNTHETIC_OPERATIONAL_RECORD
MOV-000967,MED-0455,Amoxicillin + Clavulanic Acid 625mg (Augmentin) (Formula 455),MET410,DISPENSED,-15,180.0,2700.0,CUSTOMER_DISPENSING,DISP-00967,2026-04-12T15:00:00Z,PHARM-KA-2022-7212,pharmaflow-main,SYNTHETIC_OPERATIONAL_RECORD
MOV-000968,MED-0456,Cetirizine 10mg (Cetzine) (Formula 456),PAN411,DISPENSED,-5,35.0,175.0,CUSTOMER_DISPENSING,DISP-00968,2026-05-16T04:00:00Z,PHARM-HIST-0001,pharmaflow-main,SYNTHETIC_OPERATIONAL_RECORD
MOV-000969,MED-0457,Levocetirizine 5mg (Levocet) (Formula 457),PAN412,DISPENSED,-15,50.5,757.5,CUSTOMER_DISPENSING,DISP-00969,2026-06-15T01:00:00Z,PHARM-KA-2022-7212,pharmaflow-main,SYNTHETIC_OPERATIONAL_RECORD
MOV-000970,MED-0458,Azithromycin 250mg (Azee 250) (Formula 458),OME413,DISPENSED,-20,125.0,2500.0,CUSTOMER_DISPENSING,DISP-00970,2026-07-05T21:00:00Z,PHARM-HIST-0001,pharmaflow-main,SYNTHETIC_OPERATIONAL_RECORD
MOV-000971,MED-0459,Azithromycin 500mg (Azithral 500) (Formula 459),TEL414,DISPENSED,-15,182.5,2737.5,CUSTOMER_DISPENSING,DISP-00971,2026-06-05T02:00:00Z,PHARM-KA-2022-7212,pharmaflow-main,SYNTHETIC_OPERATIONAL_RECORD
MOV-000972,MED-0460,Metformin 500mg (Glycomet 500) (Formula 460),TEL415,DISPENSED,-10,55.0,550.0,CUSTOMER_DISPENSING,DISP-00972,2026-08-10T18:00:00Z,PHARM-HIST-0001,pharmaflow-main,SYNTHETIC_OPERATIONAL_RECORD
MOV-000973,MED-0461,Metformin 1000mg SR (Glucophage) (Formula 461),ATO416,DISPENSED,-10,80.5,805.0,CUSTOMER_DISPENSING,DISP-00973,2026-09-27T14:00:00Z,PHARM-KA-2022-7212,pharmaflow-main,SYNTHETIC_OPERATIONAL_RECORD
MOV-000974,MED-0462,Pantoprazole 40mg (Pan 40) (Formula 462),ROS417,DISPENSED,-15,100.0,1500.0,CUSTOMER_DISPENSING,DISP-00974,2026-06-25T22:00:00Z,PHARM-HIST-0001,pharmaflow-main,SYNTHETIC_OPERATIONAL_RECORD
MOV-000975,MED-0463,Pantoprazole + Domperidone (Pan-D) (Formula 463),CIP418,DISPENSED,-20,145.0,2900.0,CUSTOMER_DISPENSING,DISP-00975,2026-07-17T00:00:00Z,PHARM-KA-2022-7212,pharmaflow-main,SYNTHETIC_OPERATIONAL_RECORD
MOV-000976,MED-0464,Omeprazole 20mg (Omez) (Formula 464),OFL419,DISPENSED,-20,64.5,1290.0,CUSTOMER_DISPENSING,DISP-00976,2026-06-11T22:00:00Z,PHARM-HIST-0001,pharmaflow-main,SYNTHETIC_OPERATIONAL_RECORD
MOV-000977,MED-0465,Telmisartan 40mg (Telma 40) (Formula 465),MON420,DISPENSED,-10,103.0,1030.0,CUSTOMER_DISPENSING,DISP-00977,2026-09-01T13:00:00Z,PHARM-KA-2022-7212,pharmaflow-main,SYNTHETIC_OPERATIONAL_RECORD
MOV-000978,MED-0466,Telmisartan + Amlodipine (Telma-AM) (Formula 466),IBU421,DISPENSED,-20,147.5,2950.0,CUSTOMER_DISPENSING,DISP-00978,2026-06-23T12:00:00Z,PHARM-HIST-0001,pharmaflow-main,SYNTHETIC_OPERATIONAL_RECORD
MOV-000979,MED-0467,Atorvastatin 10mg (Atorva 10) (Formula 467),ACE422,DISPENSED,-10,120.0,1200.0,CUSTOMER_DISPENSING,DISP-00979,2026-07-19T00:00:00Z,PHARM-KA-2022-7212,pharmaflow-main,SYNTHETIC_OPERATIONAL_RECORD
MOV-000980,MED-0468,Rosuvastatin 10mg (Rosuvas 10) (Formula 468),VIL423,DISPENSED,-10,147.5,1475.0,CUSTOMER_DISPENSING,DISP-00980,2026-06-28T01:00:00Z,PHARM-HIST-0001,pharmaflow-main,SYNTHETIC_OPERATIONAL_RECORD
MOV-000981,MED-0469,Ciprofloxacin 500mg (Ciplox 500) (Formula 469),RAB424,DISPENSED,-5,87.0,435.0,CUSTOMER_DISPENSING,DISP-00981,2026-06-18T15:00:00Z,PHARM-KA-2022-7212,pharmaflow-main,SYNTHETIC_OPERATIONAL_RECORD
MOV-000982,MED-0470,Ofloxacin + Ornidazole (O2) (Formula 470),COU425,DISPENSED,-10,115.0,1150.0,CUSTOMER_DISPENSING,DISP-00982,2026-08-30T18:00:00Z,PHARM-HIST-0001,pharmaflow-main,SYNTHETIC_OPERATIONAL_RECORD
MOV-000983,MED-0471,Montelukast + Levocetirizine (Montair-LC) (Formula 471),ORA426,DISPENSED,-10,160.5,1605.0,CUSTOMER_DISPENSING,DISP-00983,2026-08-14T09:00:00Z,PHARM-KA-2022-7212,pharmaflow-main,SYNTHETIC_OPERATIONAL_RECORD
MOV-000984,MED-0472,Ibuprofen 400mg (Brufen 400) (Formula 472),MUL427,DISPENSED,-5,33.0,165.0,CUSTOMER_DISPENSING,DISP-00984,2026-06-29T21:00:00Z,PHARM-HIST-0001,pharmaflow-main,SYNTHETIC_OPERATIONAL_RECORD
MOV-000985,MED-0473,Aceclofenac + Paracetamol (Zerodol-P) (Formula 473),PCT101,DISPENSED,-10,82.5,825.0,CUSTOMER_DISPENSING,DISP-00985,2026-07-31T02:00:00Z,PHARM-KA-2022-7212,pharmaflow-main,SYNTHETIC_OPERATIONAL_RECORD
MOV-000986,MED-0474,Vildagliptin + Metformin (Galvus Met) (Formula 474),VD102,DISPENSED,-10,250.0,2500.0,CUSTOMER_DISPENSING,DISP-00986,2026-10-02T21:00:00Z,PHARM-HIST-0001,pharmaflow-main,SYNTHETIC_OPERATIONAL_RECORD
MOV-000987,MED-0475,Rabeprazole 20mg (Razo 20) (Formula 475),AMX204,DISPENSED,-20,124.5,2490.0,CUSTOMER_DISPENSING,DISP-00987,2026-08-29T03:00:00Z,PHARM-KA-2022-7212,pharmaflow-main,SYNTHETIC_OPERATIONAL_RECORD
MOV-000988,MED-0476,Cough Syrup (Ascoril-D) (Formula 476),CTZ302,DISPENSED,-15,103.0,1545.0,CUSTOMER_DISPENSING,DISP-00988,2026-08-11T06:00:00Z,PHARM-HIST-0001,pharmaflow-main,SYNTHETIC_OPERATIONAL_RECORD
MOV-000989,MED-0477,Oral Rehydration Salts (Electral ORS) (Formula 477),DEMO-EXP-001,DISPENSED,-20,18.0,360.0,CUSTOMER_DISPENSING,DISP-00989,2026-05-05T13:00:00Z,PHARM-KA-2022-7212,pharmaflow-main,SYNTHETIC_OPERATIONAL_RECORD
MOV-000990,MED-0478,Multivitamin + Zinc (Becadexamin) (Formula 478),DEMO-EXP-002,DISPENSED,-20,44.5,890.0,CUSTOMER_DISPENSING,DISP-00990,2026-06-19T23:00:00Z,PHARM-HIST-0001,pharmaflow-main,SYNTHETIC_OPERATIONAL_RECORD
MOV-000991,MED-0479,Thyroxine Sodium 50mcg (Thyronorm 50) (Formula 479),LEV106,DISPENSED,-10,130.0,1300.0,CUSTOMER_DISPENSING,DISP-00991,2026-06-05T15:00:00Z,PHARM-KA-2022-7212,pharmaflow-main,SYNTHETIC_OPERATIONAL_RECORD
MOV-000992,MED-0480,Clopidogrel 75mg (Clopilet 75) (Formula 480),AZI107,DISPENSED,-5,137.5,687.5,CUSTOMER_DISPENSING,DISP-00992,2026-07-10T09:00:00Z,PHARM-HIST-0001,pharmaflow-main,SYNTHETIC_OPERATIONAL_RECORD
MOV-000993,MED-0481,Paracetamol 500mg (Formula 481),AZI108,DISPENSED,-5,35.0,175.0,CUSTOMER_DISPENSING,DISP-00993,2026-07-17T14:00:00Z,PHARM-KA-2022-7212,pharmaflow-main,SYNTHETIC_OPERATIONAL_RECORD
MOV-000994,MED-0482,Paracetamol 650mg (Dolo 650) (Formula 482),MET109,DISPENSED,-20,44.5,890.0,CUSTOMER_DISPENSING,DISP-00994,2026-05-06T03:00:00Z,PHARM-HIST-0001,pharmaflow-main,SYNTHETIC_OPERATIONAL_RECORD
MOV-000995,MED-0483,Vitamin D3 60K (Calcirol) (Formula 483),MET110,DISPENSED,-10,80.0,800.0,CUSTOMER_DISPENSING,DISP-00995,2026-08-08T20:00:00Z,PHARM-KA-2022-7212,pharmaflow-main,SYNTHETIC_OPERATIONAL_RECORD
MOV-000996,MED-0484,Amoxicillin 500mg (Novamox) (Formula 484),PAN111,DISPENSED,-20,95.0,1900.0,CUSTOMER_DISPENSING,DISP-00996,2026-08-13T23:00:00Z,PHARM-HIST-0001,pharmaflow-main,SYNTHETIC_OPERATIONAL_RECORD
MOV-000997,MED-0485,Amoxicillin + Clavulanic Acid 625mg (Augmentin) (Formula 485),PAN112,DISPENSED,-20,167.5,3350.0,CUSTOMER_DISPENSING,DISP-00997,2026-10-05T03:00:00Z,PHARM-KA-2022-7212,pharmaflow-main,SYNTHETIC_OPERATIONAL_RECORD
MOV-000998,MED-0486,Cetirizine 10mg (Cetzine) (Formula 486),OME113,DISPENSED,-10,40.0,400.0,CUSTOMER_DISPENSING,DISP-00998,2026-07-13T16:00:00Z,PHARM-HIST-0001,pharmaflow-main,SYNTHETIC_OPERATIONAL_RECORD
MOV-000999,MED-0487,Levocetirizine 5mg (Levocet) (Formula 487),TEL114,DISPENSED,-15,55.5,832.5,CUSTOMER_DISPENSING,DISP-00999,2026-04-15T17:00:00Z,PHARM-KA-2022-7212,pharmaflow-main,SYNTHETIC_OPERATIONAL_RECORD
MOV-001000,MED-0488,Azithromycin 250mg (Azee 250) (Formula 488),TEL115,DISPENSED,-20,130.0,2600.0,CUSTOMER_DISPENSING,DISP-01000,2026-05-05T09:00:00Z,PHARM-HIST-0001,pharmaflow-main,SYNTHETIC_OPERATIONAL_RECORD
MOV-001001,MED-0489,Azithromycin 500mg (Azithral 500) (Formula 489),ATO116,DISPENSED,-10,187.5,1875.0,CUSTOMER_DISPENSING,DISP-01001,2026-05-26T03:00:00Z,PHARM-KA-2022-7212,pharmaflow-main,SYNTHETIC_OPERATIONAL_RECORD
MOV-001002,MED-0490,Metformin 500mg (Glycomet 500) (Formula 490),ROS117,DISPENSED,-15,60.0,900.0,CUSTOMER_DISPENSING,DISP-01002,2026-07-04T14:00:00Z,PHARM-HIST-0001,pharmaflow-main,SYNTHETIC_OPERATIONAL_RECORD
MOV-001003,MED-0491,Metformin 1000mg SR (Glucophage) (Formula 491),CIP118,DISPENSED,-10,68.0,680.0,CUSTOMER_DISPENSING,DISP-01003,2026-07-05T18:00:00Z,PHARM-KA-2022-7212,pharmaflow-main,SYNTHETIC_OPERATIONAL_RECORD
MOV-001004,MED-0492,Pantoprazole 40mg (Pan 40) (Formula 492),OFL119,DISPENSED,-20,87.5,1750.0,CUSTOMER_DISPENSING,DISP-01004,2026-09-22T12:00:00Z,PHARM-HIST-0001,pharmaflow-main,SYNTHETIC_OPERATIONAL_RECORD
MOV-001005,MED-0493,Pantoprazole + Domperidone (Pan-D) (Formula 493),MON120,DISPENSED,-20,150.0,3000.0,CUSTOMER_DISPENSING,DISP-01005,2026-07-05T23:00:00Z,PHARM-KA-2022-7212,pharmaflow-main,SYNTHETIC_OPERATIONAL_RECORD
MOV-001006,MED-0494,Omeprazole 20mg (Omez) (Formula 494),IBU121,DISPENSED,-10,69.5,695.0,CUSTOMER_DISPENSING,DISP-01006,2026-08-16T02:00:00Z,PHARM-HIST-0001,pharmaflow-main,SYNTHETIC_OPERATIONAL_RECORD
MOV-001007,MED-0495,Telmisartan 40mg (Telma 40) (Formula 495),ACE122,DISPENSED,-10,108.0,1080.0,CUSTOMER_DISPENSING,DISP-01007,2026-07-19T16:00:00Z,PHARM-KA-2022-7212,pharmaflow-main,SYNTHETIC_OPERATIONAL_RECORD
MOV-001008,MED-0496,Telmisartan + Amlodipine (Telma-AM) (Formula 496),VIL123,DISPENSED,-20,152.5,3050.0,CUSTOMER_DISPENSING,DISP-01008,2026-07-28T19:00:00Z,PHARM-HIST-0001,pharmaflow-main,SYNTHETIC_OPERATIONAL_RECORD
MOV-001009,MED-0497,Atorvastatin 10mg (Atorva 10) (Formula 497),RAB124,DISPENSED,-15,125.0,1875.0,CUSTOMER_DISPENSING,DISP-01009,2026-05-14T02:00:00Z,PHARM-KA-2022-7212,pharmaflow-main,SYNTHETIC_OPERATIONAL_RECORD
MOV-001010,MED-0498,Rosuvastatin 10mg (Rosuvas 10) (Formula 498),COU125,DISPENSED,-10,135.0,1350.0,CUSTOMER_DISPENSING,DISP-01010,2026-09-06T02:00:00Z,PHARM-HIST-0001,pharmaflow-main,SYNTHETIC_OPERATIONAL_RECORD
MOV-001011,MED-0499,Ciprofloxacin 500mg (Ciplox 500) (Formula 499),ORA126,DISPENSED,-10,74.5,745.0,CUSTOMER_DISPENSING,DISP-01011,2026-05-09T17:00:00Z,PHARM-KA-2022-7212,pharmaflow-main,SYNTHETIC_OPERATIONAL_RECORD
MOV-001012,MED-0500,Ofloxacin + Ornidazole (O2) (Formula 500),MUL127,DISPENSED,-10,120.0,1200.0,CUSTOMER_DISPENSING,DISP-01012,2026-08-05T21:00:00Z,PHARM-HIST-0001,pharmaflow-main,SYNTHETIC_OPERATIONAL_RECORD
MOV-001013,MED-0501,Montelukast + Levocetirizine (Montair-LC) (Formula 501),THY128,DISPENSED,-20,165.5,3310.0,CUSTOMER_DISPENSING,DISP-01013,2026-10-04T02:00:00Z,PHARM-KA-2022-7212,pharmaflow-main,SYNTHETIC_OPERATIONAL_RECORD
MOV-001014,MED-0502,Ibuprofen 400mg (Brufen 400) (Formula 502),CLO129,DISPENSED,-5,38.0,190.0,CUSTOMER_DISPENSING,DISP-01014,2026-07-02T08:00:00Z,PHARM-HIST-0001,pharmaflow-main,SYNTHETIC_OPERATIONAL_RECORD
MOV-001015,MED-0503,Aceclofenac + Paracetamol (Zerodol-P) (Formula 503),PAR130,DISPENSED,-15,87.5,1312.5,CUSTOMER_DISPENSING,DISP-01015,2026-09-17T20:00:00Z,PHARM-KA-2022-7212,pharmaflow-main,SYNTHETIC_OPERATIONAL_RECORD
MOV-001016,MED-0504,Vildagliptin + Metformin (Galvus Met) (Formula 504),PAR131,DISPENSED,-20,255.0,5100.0,CUSTOMER_DISPENSING,DISP-01016,2026-06-11T17:00:00Z,PHARM-HIST-0001,pharmaflow-main,SYNTHETIC_OPERATIONAL_RECORD
MOV-001017,MED-0505,Rabeprazole 20mg (Razo 20) (Formula 505),VIT132,DISPENSED,-15,112.0,1680.0,CUSTOMER_DISPENSING,DISP-01017,2026-09-20T22:00:00Z,PHARM-KA-2022-7212,pharmaflow-main,SYNTHETIC_OPERATIONAL_RECORD
MOV-001018,MED-0506,Cough Syrup (Ascoril-D) (Formula 506),AMO133,DISPENSED,-20,90.5,1810.0,CUSTOMER_DISPENSING,DISP-01018,2026-08-20T04:00:00Z,PHARM-HIST-0001,pharmaflow-main,SYNTHETIC_OPERATIONAL_RECORD
MOV-001019,MED-0507,Oral Rehydration Salts (Electral ORS) (Formula 507),AMO134,DISPENSED,-10,23.0,230.0,CUSTOMER_DISPENSING,DISP-01019,2026-07-07T11:00:00Z,PHARM-KA-2022-7212,pharmaflow-main,SYNTHETIC_OPERATIONAL_RECORD
MOV-001020,MED-0508,Multivitamin + Zinc (Becadexamin) (Formula 508),CET135,DISPENSED,-20,49.5,990.0,CUSTOMER_DISPENSING,DISP-01020,2026-08-06T05:00:00Z,PHARM-HIST-0001,pharmaflow-main,SYNTHETIC_OPERATIONAL_RECORD
MOV-001021,MED-0509,Thyroxine Sodium 50mcg (Thyronorm 50) (Formula 509),LEV136,DISPENSED,-5,135.0,675.0,CUSTOMER_DISPENSING,DISP-01021,2026-07-17T01:00:00Z,PHARM-KA-2022-7212,pharmaflow-main,SYNTHETIC_OPERATIONAL_RECORD
MOV-001022,MED-0510,Clopidogrel 75mg (Clopilet 75) (Formula 510),AZI137,DISPENSED,-20,142.5,2850.0,CUSTOMER_DISPENSING,DISP-01022,2026-05-18T08:00:00Z,PHARM-HIST-0001,pharmaflow-main,SYNTHETIC_OPERATIONAL_RECORD
MOV-001023,MED-0511,Paracetamol 500mg (Formula 511),AZI138,DISPENSED,-15,40.0,600.0,CUSTOMER_DISPENSING,DISP-01023,2026-07-18T21:00:00Z,PHARM-KA-2022-7212,pharmaflow-main,SYNTHETIC_OPERATIONAL_RECORD
MOV-001024,MED-0512,Paracetamol 650mg (Dolo 650) (Formula 512),MET139,DISPENSED,-15,32.0,480.0,CUSTOMER_DISPENSING,DISP-01024,2026-05-06T19:00:00Z,PHARM-HIST-0001,pharmaflow-main,SYNTHETIC_OPERATIONAL_RECORD
MOV-001025,MED-0001,Paracetamol 500mg,MET140,DISPENSED,-10,25.0,250.0,CUSTOMER_DISPENSING,DISP-01025,2026-04-26T06:00:00Z,PHARM-KA-2022-7212,pharmaflow-main,SYNTHETIC_OPERATIONAL_RECORD
MOV-001026,MED-0002,Paracetamol 650mg (Dolo 650),PAN141,DISPENSED,-5,34.5,172.5,CUSTOMER_DISPENSING,DISP-01026,2026-07-24T13:00:00Z,PHARM-HIST-0001,pharmaflow-main,SYNTHETIC_OPERATIONAL_RECORD
MOV-001027,MED-0003,Vitamin D3 60K (Calcirol),PAN142,DISPENSED,-5,70.0,350.0,CUSTOMER_DISPENSING,DISP-01027,2026-08-19T20:00:00Z,PHARM-KA-2022-7212,pharmaflow-main,SYNTHETIC_OPERATIONAL_RECORD
MOV-001028,MED-0004,Amoxicillin 500mg (Novamox),OME143,DISPENSED,-15,102.5,1537.5,CUSTOMER_DISPENSING,DISP-01028,2026-08-06T00:00:00Z,PHARM-HIST-0001,pharmaflow-main,SYNTHETIC_OPERATIONAL_RECORD
MOV-001029,MED-0005,Amoxicillin + Clavulanic Acid 625mg (Augmentin),TEL144,DISPENSED,-20,175.0,3500.0,CUSTOMER_DISPENSING,DISP-01029,2026-04-12T12:00:00Z,PHARM-KA-2022-7212,pharmaflow-main,SYNTHETIC_OPERATIONAL_RECORD
MOV-001030,MED-0006,Cetirizine 10mg (Cetzine),TEL145,DISPENSED,-15,47.5,712.5,CUSTOMER_DISPENSING,DISP-01030,2026-08-03T06:00:00Z,PHARM-HIST-0001,pharmaflow-main,SYNTHETIC_OPERATIONAL_RECORD
MOV-001031,MED-0007,Levocetirizine 5mg (Levocet),ATO146,DISPENSED,-10,63.0,630.0,CUSTOMER_DISPENSING,DISP-01031,2026-07-25T12:00:00Z,PHARM-KA-2022-7212,pharmaflow-main,SYNTHETIC_OPERATIONAL_RECORD
MOV-001032,MED-0008,Azithromycin 250mg (Azee 250),ROS147,DISPENSED,-5,120.0,600.0,CUSTOMER_DISPENSING,DISP-01032,2026-04-24T16:00:00Z,PHARM-HIST-0001,pharmaflow-main,SYNTHETIC_OPERATIONAL_RECORD
MOV-001033,MED-0009,Azithromycin 500mg (Azithral 500),CIP148,DISPENSED,-20,177.5,3550.0,CUSTOMER_DISPENSING,DISP-01033,2026-09-18T01:00:00Z,PHARM-KA-2022-7212,pharmaflow-main,SYNTHETIC_OPERATIONAL_RECORD
MOV-001034,MED-0010,Metformin 500mg (Glycomet 500),OFL149,DISPENSED,-20,50.0,1000.0,CUSTOMER_DISPENSING,DISP-01034,2026-08-31T22:00:00Z,PHARM-HIST-0001,pharmaflow-main,SYNTHETIC_OPERATIONAL_RECORD
MOV-001035,MED-0011,Metformin 1000mg SR (Glucophage),MON150,DISPENSED,-20,75.5,1510.0,CUSTOMER_DISPENSING,DISP-01035,2026-05-19T07:00:00Z,PHARM-KA-2022-7212,pharmaflow-main,SYNTHETIC_OPERATIONAL_RECORD
MOV-001036,MED-0012,Pantoprazole 40mg (Pan 40),IBU151,DISPENSED,-20,95.0,1900.0,CUSTOMER_DISPENSING,DISP-01036,2026-07-20T09:00:00Z,PHARM-HIST-0001,pharmaflow-main,SYNTHETIC_OPERATIONAL_RECORD
MOV-001037,MED-0013,Pantoprazole + Domperidone (Pan-D),ACE152,DISPENSED,-15,157.5,2362.5,CUSTOMER_DISPENSING,DISP-01037,2026-06-14T04:00:00Z,PHARM-KA-2022-7212,pharmaflow-main,SYNTHETIC_OPERATIONAL_RECORD
MOV-001038,MED-0014,Omeprazole 20mg (Omez),VIL153,DISPENSED,-10,77.0,770.0,CUSTOMER_DISPENSING,DISP-01038,2026-04-10T17:00:00Z,PHARM-HIST-0001,pharmaflow-main,SYNTHETIC_OPERATIONAL_RECORD
MOV-001039,MED-0015,Telmisartan 40mg (Telma 40),RAB154,DISPENSED,-20,98.0,1960.0,CUSTOMER_DISPENSING,DISP-01039,2026-07-28T07:00:00Z,PHARM-KA-2022-7212,pharmaflow-main,SYNTHETIC_OPERATIONAL_RECORD
MOV-001040,MED-0016,Telmisartan + Amlodipine (Telma-AM),COU155,DISPENSED,-10,142.5,1425.0,CUSTOMER_DISPENSING,DISP-01040,2026-07-18T12:00:00Z,PHARM-HIST-0001,pharmaflow-main,SYNTHETIC_OPERATIONAL_RECORD
MOV-001041,MED-0017,Atorvastatin 10mg (Atorva 10),ORA156,DISPENSED,-5,115.0,575.0,CUSTOMER_DISPENSING,DISP-01041,2026-09-25T02:00:00Z,PHARM-KA-2022-7212,pharmaflow-main,SYNTHETIC_OPERATIONAL_RECORD
MOV-001042,MED-0018,Rosuvastatin 10mg (Rosuvas 10),MUL157,DISPENSED,-20,142.5,2850.0,CUSTOMER_DISPENSING,DISP-01042,2026-07-06T08:00:00Z,PHARM-HIST-0001,pharmaflow-main,SYNTHETIC_OPERATIONAL_RECORD
MOV-001043,MED-0019,Ciprofloxacin 500mg (Ciplox 500),THY158,DISPENSED,-15,82.0,1230.0,CUSTOMER_DISPENSING,DISP-01043,2026-07-03T19:00:00Z,PHARM-KA-2022-7212,pharmaflow-main,SYNTHETIC_OPERATIONAL_RECORD
MOV-001044,MED-0020,Ofloxacin + Ornidazole (O2),CLO159,DISPENSED,-5,127.5,637.5,CUSTOMER_DISPENSING,DISP-01044,2026-04-30T23:00:00Z,PHARM-HIST-0001,pharmaflow-main,SYNTHETIC_OPERATIONAL_RECORD
MOV-001045,MED-0021,Montelukast + Levocetirizine (Montair-LC),PAR160,DISPENSED,-15,173.0,2595.0,CUSTOMER_DISPENSING,DISP-01045,2026-06-29T07:00:00Z,PHARM-KA-2022-7212,pharmaflow-main,SYNTHETIC_OPERATIONAL_RECORD
MOV-001046,MED-0022,Ibuprofen 400mg (Brufen 400),PAR161,DISPENSED,-15,28.0,420.0,CUSTOMER_DISPENSING,DISP-01046,2026-05-05T11:00:00Z,PHARM-HIST-0001,pharmaflow-main,SYNTHETIC_OPERATIONAL_RECORD
MOV-001047,MED-0023,Aceclofenac + Paracetamol (Zerodol-P),VIT162,DISPENSED,-15,77.5,1162.5,CUSTOMER_DISPENSING,DISP-01047,2026-07-17T18:00:00Z,PHARM-KA-2022-7212,pharmaflow-main,SYNTHETIC_OPERATIONAL_RECORD
MOV-001048,MED-0024,Vildagliptin + Metformin (Galvus Met),AMO163,DISPENSED,-5,245.0,1225.0,CUSTOMER_DISPENSING,DISP-01048,2026-05-31T11:00:00Z,PHARM-HIST-0001,pharmaflow-main,SYNTHETIC_OPERATIONAL_RECORD
MOV-001049,MED-0025,Rabeprazole 20mg (Razo 20),AMO164,DISPENSED,-10,119.5,1195.0,CUSTOMER_DISPENSING,DISP-01049,2026-06-03T10:00:00Z,PHARM-KA-2022-7212,pharmaflow-main,SYNTHETIC_OPERATIONAL_RECORD
MOV-001050,MED-0026,Cough Syrup (Ascoril-D),CET165,DISPENSED,-5,98.0,490.0,CUSTOMER_DISPENSING,DISP-01050,2026-09-03T08:00:00Z,PHARM-HIST-0001,pharmaflow-main,SYNTHETIC_OPERATIONAL_RECORD
MOV-001051,MED-0027,Oral Rehydration Salts (Electral ORS),LEV166,DISPENSED,-5,30.5,152.5,CUSTOMER_DISPENSING,DISP-01051,2026-05-28T07:00:00Z,PHARM-KA-2022-7212,pharmaflow-main,SYNTHETIC_OPERATIONAL_RECORD
MOV-001052,MED-0028,Multivitamin + Zinc (Becadexamin),AZI167,DISPENSED,-10,57.0,570.0,CUSTOMER_DISPENSING,DISP-01052,2026-09-15T01:00:00Z,PHARM-HIST-0001,pharmaflow-main,SYNTHETIC_OPERATIONAL_RECORD
MOV-001053,MED-0029,Thyroxine Sodium 50mcg (Thyronorm 50),AZI168,DISPENSED,-15,125.0,1875.0,CUSTOMER_DISPENSING,DISP-01053,2026-07-14T10:00:00Z,PHARM-KA-2022-7212,pharmaflow-main,SYNTHETIC_OPERATIONAL_RECORD
MOV-001054,MED-0030,Clopidogrel 75mg (Clopilet 75),MET169,DISPENSED,-20,132.5,2650.0,CUSTOMER_DISPENSING,DISP-01054,2026-07-13T10:00:00Z,PHARM-HIST-0001,pharmaflow-main,SYNTHETIC_OPERATIONAL_RECORD
MOV-001055,MED-0031,Paracetamol 500mg (Formula 31),MET170,DISPENSED,-20,30.0,600.0,CUSTOMER_DISPENSING,DISP-01055,2026-06-27T19:00:00Z,PHARM-KA-2022-7212,pharmaflow-main,SYNTHETIC_OPERATIONAL_RECORD
MOV-001056,MED-0032,Paracetamol 650mg (Dolo 650) (Formula 32),PAN171,DISPENSED,-5,39.5,197.5,CUSTOMER_DISPENSING,DISP-01056,2026-05-26T23:00:00Z,PHARM-HIST-0001,pharmaflow-main,SYNTHETIC_OPERATIONAL_RECORD
MOV-001057,MED-0033,Vitamin D3 60K (Calcirol) (Formula 33),PAN172,DISPENSED,-20,75.0,1500.0,CUSTOMER_DISPENSING,DISP-01057,2026-04-14T08:00:00Z,PHARM-KA-2022-7212,pharmaflow-main,SYNTHETIC_OPERATIONAL_RECORD
MOV-001058,MED-0034,Amoxicillin 500mg (Novamox) (Formula 34),OME173,DISPENSED,-5,107.5,537.5,CUSTOMER_DISPENSING,DISP-01058,2026-08-15T22:00:00Z,PHARM-HIST-0001,pharmaflow-main,SYNTHETIC_OPERATIONAL_RECORD
MOV-001059,MED-0035,Amoxicillin + Clavulanic Acid 625mg (Augmentin) (Formula 35),TEL174,DISPENSED,-10,180.0,1800.0,CUSTOMER_DISPENSING,DISP-01059,2026-09-09T04:00:00Z,PHARM-KA-2022-7212,pharmaflow-main,SYNTHETIC_OPERATIONAL_RECORD
MOV-001060,MED-0036,Cetirizine 10mg (Cetzine) (Formula 36),TEL175,DISPENSED,-10,35.0,350.0,CUSTOMER_DISPENSING,DISP-01060,2026-08-08T11:00:00Z,PHARM-HIST-0001,pharmaflow-main,SYNTHETIC_OPERATIONAL_RECORD
MOV-001061,MED-0037,Levocetirizine 5mg (Levocet) (Formula 37),ATO176,DISPENSED,-5,50.5,252.5,CUSTOMER_DISPENSING,DISP-01061,2026-09-24T16:00:00Z,PHARM-KA-2022-7212,pharmaflow-main,SYNTHETIC_OPERATIONAL_RECORD
MOV-001062,MED-0038,Azithromycin 250mg (Azee 250) (Formula 38),ROS177,DISPENSED,-10,125.0,1250.0,CUSTOMER_DISPENSING,DISP-01062,2026-06-08T11:00:00Z,PHARM-HIST-0001,pharmaflow-main,SYNTHETIC_OPERATIONAL_RECORD
MOV-001063,MED-0039,Azithromycin 500mg (Azithral 500) (Formula 39),CIP178,DISPENSED,-5,182.5,912.5,CUSTOMER_DISPENSING,DISP-01063,2026-08-13T05:00:00Z,PHARM-KA-2022-7212,pharmaflow-main,SYNTHETIC_OPERATIONAL_RECORD
MOV-001064,MED-0040,Metformin 500mg (Glycomet 500) (Formula 40),OFL179,DISPENSED,-10,55.0,550.0,CUSTOMER_DISPENSING,DISP-01064,2026-09-02T20:00:00Z,PHARM-HIST-0001,pharmaflow-main,SYNTHETIC_OPERATIONAL_RECORD
MOV-001065,MED-0041,Metformin 1000mg SR (Glucophage) (Formula 41),MON180,DISPENSED,-15,80.5,1207.5,CUSTOMER_DISPENSING,DISP-01065,2026-07-18T00:00:00Z,PHARM-KA-2022-7212,pharmaflow-main,SYNTHETIC_OPERATIONAL_RECORD
MOV-001066,MED-0042,Pantoprazole 40mg (Pan 40) (Formula 42),IBU181,DISPENSED,-20,100.0,2000.0,CUSTOMER_DISPENSING,DISP-01066,2026-10-03T20:00:00Z,PHARM-HIST-0001,pharmaflow-main,SYNTHETIC_OPERATIONAL_RECORD
MOV-001067,MED-0043,Pantoprazole + Domperidone (Pan-D) (Formula 43),ACE182,DISPENSED,-15,145.0,2175.0,CUSTOMER_DISPENSING,DISP-01067,2026-06-04T12:00:00Z,PHARM-KA-2022-7212,pharmaflow-main,SYNTHETIC_OPERATIONAL_RECORD
MOV-001068,MED-0044,Omeprazole 20mg (Omez) (Formula 44),VIL183,DISPENSED,-20,64.5,1290.0,CUSTOMER_DISPENSING,DISP-01068,2026-05-21T10:00:00Z,PHARM-HIST-0001,pharmaflow-main,SYNTHETIC_OPERATIONAL_RECORD
MOV-001069,MED-0045,Telmisartan 40mg (Telma 40) (Formula 45),RAB184,DISPENSED,-5,103.0,515.0,CUSTOMER_DISPENSING,DISP-01069,2026-08-17T18:00:00Z,PHARM-KA-2022-7212,pharmaflow-main,SYNTHETIC_OPERATIONAL_RECORD
MOV-001070,MED-0046,Telmisartan + Amlodipine (Telma-AM) (Formula 46),COU185,DISPENSED,-5,147.5,737.5,CUSTOMER_DISPENSING,DISP-01070,2026-08-16T05:00:00Z,PHARM-HIST-0001,pharmaflow-main,SYNTHETIC_OPERATIONAL_RECORD
MOV-001071,MED-0047,Atorvastatin 10mg (Atorva 10) (Formula 47),ORA186,DISPENSED,-20,120.0,2400.0,CUSTOMER_DISPENSING,DISP-01071,2026-10-07T01:00:00Z,PHARM-KA-2022-7212,pharmaflow-main,SYNTHETIC_OPERATIONAL_RECORD
MOV-001072,MED-0048,Rosuvastatin 10mg (Rosuvas 10) (Formula 48),MUL187,DISPENSED,-5,147.5,737.5,CUSTOMER_DISPENSING,DISP-01072,2026-05-13T01:00:00Z,PHARM-HIST-0001,pharmaflow-main,SYNTHETIC_OPERATIONAL_RECORD
MOV-001073,MED-0049,Ciprofloxacin 500mg (Ciplox 500) (Formula 49),THY188,DISPENSED,-10,87.0,870.0,CUSTOMER_DISPENSING,DISP-01073,2026-06-29T06:00:00Z,PHARM-KA-2022-7212,pharmaflow-main,SYNTHETIC_OPERATIONAL_RECORD
MOV-001074,MED-0050,Ofloxacin + Ornidazole (O2) (Formula 50),CLO189,DISPENSED,-10,115.0,1150.0,CUSTOMER_DISPENSING,DISP-01074,2026-05-24T12:00:00Z,PHARM-HIST-0001,pharmaflow-main,SYNTHETIC_OPERATIONAL_RECORD
MOV-001075,MED-0051,Montelukast + Levocetirizine (Montair-LC) (Formula 51),PAR190,DISPENSED,-15,160.5,2407.5,CUSTOMER_DISPENSING,DISP-01075,2026-07-31T19:00:00Z,PHARM-KA-2022-7212,pharmaflow-main,SYNTHETIC_OPERATIONAL_RECORD
MOV-001076,MED-0052,Ibuprofen 400mg (Brufen 400) (Formula 52),PAR191,DISPENSED,-15,33.0,495.0,CUSTOMER_DISPENSING,DISP-01076,2026-05-31T00:00:00Z,PHARM-HIST-0001,pharmaflow-main,SYNTHETIC_OPERATIONAL_RECORD
MOV-001077,MED-0053,Aceclofenac + Paracetamol (Zerodol-P) (Formula 53),VIT192,DISPENSED,-10,82.5,825.0,CUSTOMER_DISPENSING,DISP-01077,2026-08-17T17:00:00Z,PHARM-KA-2022-7212,pharmaflow-main,SYNTHETIC_OPERATIONAL_RECORD
MOV-001078,MED-0054,Vildagliptin + Metformin (Galvus Met) (Formula 54),AMO193,DISPENSED,-15,250.0,3750.0,CUSTOMER_DISPENSING,DISP-01078,2026-07-15T06:00:00Z,PHARM-HIST-0001,pharmaflow-main,SYNTHETIC_OPERATIONAL_RECORD
MOV-001079,MED-0055,Rabeprazole 20mg (Razo 20) (Formula 55),AMO194,DISPENSED,-15,124.5,1867.5,CUSTOMER_DISPENSING,DISP-01079,2026-08-03T00:00:00Z,PHARM-KA-2022-7212,pharmaflow-main,SYNTHETIC_OPERATIONAL_RECORD
MOV-001080,MED-0056,Cough Syrup (Ascoril-D) (Formula 56),CET195,DISPENSED,-5,103.0,515.0,CUSTOMER_DISPENSING,DISP-01080,2026-04-25T03:00:00Z,PHARM-HIST-0001,pharmaflow-main,SYNTHETIC_OPERATIONAL_RECORD
MOV-001081,MED-0057,Oral Rehydration Salts (Electral ORS) (Formula 57),LEV196,DISPENSED,-20,18.0,360.0,CUSTOMER_DISPENSING,DISP-01081,2026-09-30T22:00:00Z,PHARM-KA-2022-7212,pharmaflow-main,SYNTHETIC_OPERATIONAL_RECORD
MOV-001082,MED-0058,Multivitamin + Zinc (Becadexamin) (Formula 58),AZI197,DISPENSED,-20,44.5,890.0,CUSTOMER_DISPENSING,DISP-01082,2026-08-17T07:00:00Z,PHARM-HIST-0001,pharmaflow-main,SYNTHETIC_OPERATIONAL_RECORD
MOV-001083,MED-0059,Thyroxine Sodium 50mcg (Thyronorm 50) (Formula 59),AZI198,DISPENSED,-5,130.0,650.0,CUSTOMER_DISPENSING,DISP-01083,2026-09-28T00:00:00Z,PHARM-KA-2022-7212,pharmaflow-main,SYNTHETIC_OPERATIONAL_RECORD
MOV-001084,MED-0060,Clopidogrel 75mg (Clopilet 75) (Formula 60),MET199,DISPENSED,-5,137.5,687.5,CUSTOMER_DISPENSING,DISP-01084,2026-08-17T06:00:00Z,PHARM-HIST-0001,pharmaflow-main,SYNTHETIC_OPERATIONAL_RECORD
MOV-001085,MED-0061,Paracetamol 500mg (Formula 61),MET200,DISPENSED,-15,35.0,525.0,CUSTOMER_DISPENSING,DISP-01085,2026-04-14T15:00:00Z,PHARM-KA-2022-7212,pharmaflow-main,SYNTHETIC_OPERATIONAL_RECORD
MOV-001086,MED-0062,Paracetamol 650mg (Dolo 650) (Formula 62),PAN201,DISPENSED,-10,44.5,445.0,CUSTOMER_DISPENSING,DISP-01086,2026-05-10T03:00:00Z,PHARM-HIST-0001,pharmaflow-main,SYNTHETIC_OPERATIONAL_RECORD
MOV-001087,MED-0063,Vitamin D3 60K (Calcirol) (Formula 63),PAN202,DISPENSED,-15,80.0,1200.0,CUSTOMER_DISPENSING,DISP-01087,2026-06-12T11:00:00Z,PHARM-KA-2022-7212,pharmaflow-main,SYNTHETIC_OPERATIONAL_RECORD
MOV-001088,MED-0064,Amoxicillin 500mg (Novamox) (Formula 64),OME203,DISPENSED,-10,95.0,950.0,CUSTOMER_DISPENSING,DISP-01088,2026-05-16T04:00:00Z,PHARM-HIST-0001,pharmaflow-main,SYNTHETIC_OPERATIONAL_RECORD
MOV-001089,MED-0065,Amoxicillin + Clavulanic Acid 625mg (Augmentin) (Formula 65),TEL204,DISPENSED,-10,167.5,1675.0,CUSTOMER_DISPENSING,DISP-01089,2026-05-31T12:00:00Z,PHARM-KA-2022-7212,pharmaflow-main,SYNTHETIC_OPERATIONAL_RECORD
MOV-001090,MED-0066,Cetirizine 10mg (Cetzine) (Formula 66),TEL205,DISPENSED,-15,40.0,600.0,CUSTOMER_DISPENSING,DISP-01090,2026-10-05T06:00:00Z,PHARM-HIST-0001,pharmaflow-main,SYNTHETIC_OPERATIONAL_RECORD
MOV-001091,MED-0067,Levocetirizine 5mg (Levocet) (Formula 67),ATO206,DISPENSED,-10,55.5,555.0,CUSTOMER_DISPENSING,DISP-01091,2026-07-15T06:00:00Z,PHARM-KA-2022-7212,pharmaflow-main,SYNTHETIC_OPERATIONAL_RECORD
MOV-001092,MED-0068,Azithromycin 250mg (Azee 250) (Formula 68),ROS207,DISPENSED,-20,130.0,2600.0,CUSTOMER_DISPENSING,DISP-01092,2026-06-30T13:00:00Z,PHARM-HIST-0001,pharmaflow-main,SYNTHETIC_OPERATIONAL_RECORD
MOV-001093,MED-0069,Azithromycin 500mg (Azithral 500) (Formula 69),CIP208,DISPENSED,-15,187.5,2812.5,CUSTOMER_DISPENSING,DISP-01093,2026-06-13T00:00:00Z,PHARM-KA-2022-7212,pharmaflow-main,SYNTHETIC_OPERATIONAL_RECORD
MOV-001094,MED-0070,Metformin 500mg (Glycomet 500) (Formula 70),OFL209,DISPENSED,-10,60.0,600.0,CUSTOMER_DISPENSING,DISP-01094,2026-06-04T21:00:00Z,PHARM-HIST-0001,pharmaflow-main,SYNTHETIC_OPERATIONAL_RECORD
MOV-001095,MED-0071,Metformin 1000mg SR (Glucophage) (Formula 71),MON210,DISPENSED,-15,68.0,1020.0,CUSTOMER_DISPENSING,DISP-01095,2026-04-21T05:00:00Z,PHARM-KA-2022-7212,pharmaflow-main,SYNTHETIC_OPERATIONAL_RECORD
MOV-001096,MED-0072,Pantoprazole 40mg (Pan 40) (Formula 72),IBU211,DISPENSED,-5,87.5,437.5,CUSTOMER_DISPENSING,DISP-01096,2026-05-04T09:00:00Z,PHARM-HIST-0001,pharmaflow-main,SYNTHETIC_OPERATIONAL_RECORD
MOV-001097,MED-0073,Pantoprazole + Domperidone (Pan-D) (Formula 73),ACE212,DISPENSED,-5,150.0,750.0,CUSTOMER_DISPENSING,DISP-01097,2026-09-30T17:00:00Z,PHARM-KA-2022-7212,pharmaflow-main,SYNTHETIC_OPERATIONAL_RECORD
MOV-001098,MED-0074,Omeprazole 20mg (Omez) (Formula 74),VIL213,DISPENSED,-5,69.5,347.5,CUSTOMER_DISPENSING,DISP-01098,2026-10-06T04:00:00Z,PHARM-HIST-0001,pharmaflow-main,SYNTHETIC_OPERATIONAL_RECORD
MOV-001099,MED-0075,Telmisartan 40mg (Telma 40) (Formula 75),RAB214,DISPENSED,-5,108.0,540.0,CUSTOMER_DISPENSING,DISP-01099,2026-07-22T22:00:00Z,PHARM-KA-2022-7212,pharmaflow-main,SYNTHETIC_OPERATIONAL_RECORD
MOV-001100,MED-0076,Telmisartan + Amlodipine (Telma-AM) (Formula 76),COU215,DISPENSED,-20,152.5,3050.0,CUSTOMER_DISPENSING,DISP-01100,2026-05-16T07:00:00Z,PHARM-HIST-0001,pharmaflow-main,SYNTHETIC_OPERATIONAL_RECORD
MOV-001101,MED-0077,Atorvastatin 10mg (Atorva 10) (Formula 77),ORA216,DISPENSED,-5,125.0,625.0,CUSTOMER_DISPENSING,DISP-01101,2026-09-25T01:00:00Z,PHARM-KA-2022-7212,pharmaflow-main,SYNTHETIC_OPERATIONAL_RECORD
MOV-001102,MED-0078,Rosuvastatin 10mg (Rosuvas 10) (Formula 78),MUL217,DISPENSED,-10,135.0,1350.0,CUSTOMER_DISPENSING,DISP-01102,2026-04-26T06:00:00Z,PHARM-HIST-0001,pharmaflow-main,SYNTHETIC_OPERATIONAL_RECORD
MOV-001103,MED-0079,Ciprofloxacin 500mg (Ciplox 500) (Formula 79),THY218,DISPENSED,-20,74.5,1490.0,CUSTOMER_DISPENSING,DISP-01103,2026-07-05T10:00:00Z,PHARM-KA-2022-7212,pharmaflow-main,SYNTHETIC_OPERATIONAL_RECORD
MOV-001104,MED-0080,Ofloxacin + Ornidazole (O2) (Formula 80),CLO219,DISPENSED,-15,120.0,1800.0,CUSTOMER_DISPENSING,DISP-01104,2026-06-23T16:00:00Z,PHARM-HIST-0001,pharmaflow-main,SYNTHETIC_OPERATIONAL_RECORD
MOV-001105,MED-0081,Montelukast + Levocetirizine (Montair-LC) (Formula 81),PAR220,DISPENSED,-5,165.5,827.5,CUSTOMER_DISPENSING,DISP-01105,2026-07-24T11:00:00Z,PHARM-KA-2022-7212,pharmaflow-main,SYNTHETIC_OPERATIONAL_RECORD
MOV-001106,MED-0082,Ibuprofen 400mg (Brufen 400) (Formula 82),PAR221,DISPENSED,-5,38.0,190.0,CUSTOMER_DISPENSING,DISP-01106,2026-07-23T08:00:00Z,PHARM-HIST-0001,pharmaflow-main,SYNTHETIC_OPERATIONAL_RECORD
MOV-001107,MED-0083,Aceclofenac + Paracetamol (Zerodol-P) (Formula 83),VIT222,DISPENSED,-15,87.5,1312.5,CUSTOMER_DISPENSING,DISP-01107,2026-06-14T06:00:00Z,PHARM-KA-2022-7212,pharmaflow-main,SYNTHETIC_OPERATIONAL_RECORD
MOV-001108,MED-0084,Vildagliptin + Metformin (Galvus Met) (Formula 84),AMO223,DISPENSED,-5,255.0,1275.0,CUSTOMER_DISPENSING,DISP-01108,2026-04-28T13:00:00Z,PHARM-HIST-0001,pharmaflow-main,SYNTHETIC_OPERATIONAL_RECORD
MOV-001109,MED-0085,Rabeprazole 20mg (Razo 20) (Formula 85),AMO224,DISPENSED,-5,112.0,560.0,CUSTOMER_DISPENSING,DISP-01109,2026-06-09T07:00:00Z,PHARM-KA-2022-7212,pharmaflow-main,SYNTHETIC_OPERATIONAL_RECORD
MOV-001110,MED-0086,Cough Syrup (Ascoril-D) (Formula 86),CET225,DISPENSED,-5,90.5,452.5,CUSTOMER_DISPENSING,DISP-01110,2026-09-10T10:00:00Z,PHARM-HIST-0001,pharmaflow-main,SYNTHETIC_OPERATIONAL_RECORD
MOV-001111,MED-0087,Oral Rehydration Salts (Electral ORS) (Formula 87),LEV226,DISPENSED,-10,23.0,230.0,CUSTOMER_DISPENSING,DISP-01111,2026-06-13T18:00:00Z,PHARM-KA-2022-7212,pharmaflow-main,SYNTHETIC_OPERATIONAL_RECORD
MOV-001112,MED-0088,Multivitamin + Zinc (Becadexamin) (Formula 88),AZI227,DISPENSED,-15,49.5,742.5,CUSTOMER_DISPENSING,DISP-01112,2026-07-31T12:00:00Z,PHARM-HIST-0001,pharmaflow-main,SYNTHETIC_OPERATIONAL_RECORD
MOV-001113,MED-0089,Thyroxine Sodium 50mcg (Thyronorm 50) (Formula 89),AZI228,DISPENSED,-20,135.0,2700.0,CUSTOMER_DISPENSING,DISP-01113,2026-09-21T13:00:00Z,PHARM-KA-2022-7212,pharmaflow-main,SYNTHETIC_OPERATIONAL_RECORD
MOV-001114,MED-0090,Clopidogrel 75mg (Clopilet 75) (Formula 90),MET229,DISPENSED,-10,142.5,1425.0,CUSTOMER_DISPENSING,DISP-01114,2026-08-14T10:00:00Z,PHARM-HIST-0001,pharmaflow-main,SYNTHETIC_OPERATIONAL_RECORD
MOV-001115,MED-0091,Paracetamol 500mg (Formula 91),MET230,DISPENSED,-20,40.0,800.0,CUSTOMER_DISPENSING,DISP-01115,2026-04-18T00:00:00Z,PHARM-KA-2022-7212,pharmaflow-main,SYNTHETIC_OPERATIONAL_RECORD
MOV-001116,MED-0092,Paracetamol 650mg (Dolo 650) (Formula 92),PAN231,DISPENSED,-5,32.0,160.0,CUSTOMER_DISPENSING,DISP-01116,2026-09-28T21:00:00Z,PHARM-HIST-0001,pharmaflow-main,SYNTHETIC_OPERATIONAL_RECORD
MOV-001117,MED-0093,Vitamin D3 60K (Calcirol) (Formula 93),PAN232,DISPENSED,-20,67.5,1350.0,CUSTOMER_DISPENSING,DISP-01117,2026-06-10T23:00:00Z,PHARM-KA-2022-7212,pharmaflow-main,SYNTHETIC_OPERATIONAL_RECORD
MOV-001118,MED-0094,Amoxicillin 500mg (Novamox) (Formula 94),OME233,DISPENSED,-10,100.0,1000.0,CUSTOMER_DISPENSING,DISP-01118,2026-10-04T18:00:00Z,PHARM-HIST-0001,pharmaflow-main,SYNTHETIC_OPERATIONAL_RECORD
MOV-001119,MED-0095,Amoxicillin + Clavulanic Acid 625mg (Augmentin) (Formula 95),TEL234,DISPENSED,-5,172.5,862.5,CUSTOMER_DISPENSING,DISP-01119,2026-04-23T10:00:00Z,PHARM-KA-2022-7212,pharmaflow-main,SYNTHETIC_OPERATIONAL_RECORD
MOV-001120,MED-0096,Cetirizine 10mg (Cetzine) (Formula 96),TEL235,DISPENSED,-15,45.0,675.0,CUSTOMER_DISPENSING,DISP-01120,2026-07-27T13:00:00Z,PHARM-HIST-0001,pharmaflow-main,SYNTHETIC_OPERATIONAL_RECORD
MOV-001121,MED-0097,Levocetirizine 5mg (Levocet) (Formula 97),ATO236,DISPENSED,-20,60.5,1210.0,CUSTOMER_DISPENSING,DISP-01121,2026-08-18T04:00:00Z,PHARM-KA-2022-7212,pharmaflow-main,SYNTHETIC_OPERATIONAL_RECORD
MOV-001122,MED-0098,Azithromycin 250mg (Azee 250) (Formula 98),ROS237,DISPENSED,-5,135.0,675.0,CUSTOMER_DISPENSING,DISP-01122,2026-04-20T04:00:00Z,PHARM-HIST-0001,pharmaflow-main,SYNTHETIC_OPERATIONAL_RECORD
MOV-001123,MED-0099,Azithromycin 500mg (Azithral 500) (Formula 99),CIP238,DISPENSED,-10,175.0,1750.0,CUSTOMER_DISPENSING,DISP-01123,2026-08-08T14:00:00Z,PHARM-KA-2022-7212,pharmaflow-main,SYNTHETIC_OPERATIONAL_RECORD
MOV-001124,MED-0100,Metformin 500mg (Glycomet 500) (Formula 100),OFL239,DISPENSED,-20,47.5,950.0,CUSTOMER_DISPENSING,DISP-01124,2026-10-07T16:00:00Z,PHARM-HIST-0001,pharmaflow-main,SYNTHETIC_OPERATIONAL_RECORD
MOV-001125,MED-0101,Metformin 1000mg SR (Glucophage) (Formula 101),MON240,DISPENSED,-5,73.0,365.0,CUSTOMER_DISPENSING,DISP-01125,2026-05-16T23:00:00Z,PHARM-KA-2022-7212,pharmaflow-main,SYNTHETIC_OPERATIONAL_RECORD
MOV-001126,MED-0102,Pantoprazole 40mg (Pan 40) (Formula 102),IBU241,DISPENSED,-20,92.5,1850.0,CUSTOMER_DISPENSING,DISP-01126,2026-08-09T14:00:00Z,PHARM-HIST-0001,pharmaflow-main,SYNTHETIC_OPERATIONAL_RECORD
MOV-001127,MED-0103,Pantoprazole + Domperidone (Pan-D) (Formula 103),ACE242,DISPENSED,-5,155.0,775.0,CUSTOMER_DISPENSING,DISP-01127,2026-07-27T01:00:00Z,PHARM-KA-2022-7212,pharmaflow-main,SYNTHETIC_OPERATIONAL_RECORD
MOV-001128,MED-0104,Omeprazole 20mg (Omez) (Formula 104),VIL243,DISPENSED,-5,74.5,372.5,CUSTOMER_DISPENSING,DISP-01128,2026-05-08T01:00:00Z,PHARM-HIST-0001,pharmaflow-main,SYNTHETIC_OPERATIONAL_RECORD
MOV-001129,MED-0105,Telmisartan 40mg (Telma 40) (Formula 105),RAB244,DISPENSED,-20,113.0,2260.0,CUSTOMER_DISPENSING,DISP-01129,2026-06-09T19:00:00Z,PHARM-KA-2022-7212,pharmaflow-main,SYNTHETIC_OPERATIONAL_RECORD
MOV-001130,MED-0106,Telmisartan + Amlodipine (Telma-AM) (Formula 106),COU245,DISPENSED,-10,140.0,1400.0,CUSTOMER_DISPENSING,DISP-01130,2026-07-04T15:00:00Z,PHARM-HIST-0001,pharmaflow-main,SYNTHETIC_OPERATIONAL_RECORD
MOV-001131,MED-0107,Atorvastatin 10mg (Atorva 10) (Formula 107),ORA246,DISPENSED,-15,112.5,1687.5,CUSTOMER_DISPENSING,DISP-01131,2026-05-19T19:00:00Z,PHARM-KA-2022-7212,pharmaflow-main,SYNTHETIC_OPERATIONAL_RECORD
MOV-001132,MED-0108,Rosuvastatin 10mg (Rosuvas 10) (Formula 108),MUL247,DISPENSED,-10,140.0,1400.0,CUSTOMER_DISPENSING,DISP-01132,2026-07-17T13:00:00Z,PHARM-HIST-0001,pharmaflow-main,SYNTHETIC_OPERATIONAL_RECORD
MOV-001133,MED-0109,Ciprofloxacin 500mg (Ciplox 500) (Formula 109),THY248,DISPENSED,-15,79.5,1192.5,CUSTOMER_DISPENSING,DISP-01133,2026-06-26T07:00:00Z,PHARM-KA-2022-7212,pharmaflow-main,SYNTHETIC_OPERATIONAL_RECORD
MOV-001134,MED-0110,Ofloxacin + Ornidazole (O2) (Formula 110),CLO249,DISPENSED,-20,125.0,2500.0,CUSTOMER_DISPENSING,DISP-01134,2026-07-04T22:00:00Z,PHARM-HIST-0001,pharmaflow-main,SYNTHETIC_OPERATIONAL_RECORD
MOV-001135,MED-0111,Montelukast + Levocetirizine (Montair-LC) (Formula 111),PAR250,DISPENSED,-15,170.5,2557.5,CUSTOMER_DISPENSING,DISP-01135,2026-07-26T08:00:00Z,PHARM-KA-2022-7212,pharmaflow-main,SYNTHETIC_OPERATIONAL_RECORD
MOV-001136,MED-0112,Ibuprofen 400mg (Brufen 400) (Formula 112),PAR251,DISPENSED,-20,43.0,860.0,CUSTOMER_DISPENSING,DISP-01136,2026-04-18T19:00:00Z,PHARM-HIST-0001,pharmaflow-main,SYNTHETIC_OPERATIONAL_RECORD
MOV-001137,MED-0113,Aceclofenac + Paracetamol (Zerodol-P) (Formula 113),VIT252,DISPENSED,-20,75.0,1500.0,CUSTOMER_DISPENSING,DISP-01137,2026-07-07T23:00:00Z,PHARM-KA-2022-7212,pharmaflow-main,SYNTHETIC_OPERATIONAL_RECORD
MOV-001138,MED-0114,Vildagliptin + Metformin (Galvus Met) (Formula 114),AMO253,DISPENSED,-5,242.5,1212.5,CUSTOMER_DISPENSING,DISP-01138,2026-05-07T04:00:00Z,PHARM-HIST-0001,pharmaflow-main,SYNTHETIC_OPERATIONAL_RECORD
MOV-001139,MED-0115,Rabeprazole 20mg (Razo 20) (Formula 115),AMO254,DISPENSED,-10,117.0,1170.0,CUSTOMER_DISPENSING,DISP-01139,2026-07-15T01:00:00Z,PHARM-KA-2022-7212,pharmaflow-main,SYNTHETIC_OPERATIONAL_RECORD
MOV-001140,MED-0116,Cough Syrup (Ascoril-D) (Formula 116),CET255,DISPENSED,-20,95.5,1910.0,CUSTOMER_DISPENSING,DISP-01140,2026-06-14T19:00:00Z,PHARM-HIST-0001,pharmaflow-main,SYNTHETIC_OPERATIONAL_RECORD
MOV-001141,MED-0117,Oral Rehydration Salts (Electral ORS) (Formula 117),LEV256,DISPENSED,-10,28.0,280.0,CUSTOMER_DISPENSING,DISP-01141,2026-09-28T02:00:00Z,PHARM-KA-2022-7212,pharmaflow-main,SYNTHETIC_OPERATIONAL_RECORD
MOV-001142,MED-0118,Multivitamin + Zinc (Becadexamin) (Formula 118),AZI257,DISPENSED,-10,54.5,545.0,CUSTOMER_DISPENSING,DISP-01142,2026-05-08T02:00:00Z,PHARM-HIST-0001,pharmaflow-main,SYNTHETIC_OPERATIONAL_RECORD
MOV-001143,MED-0119,Thyroxine Sodium 50mcg (Thyronorm 50) (Formula 119),AZI258,DISPENSED,-10,140.0,1400.0,CUSTOMER_DISPENSING,DISP-01143,2026-05-15T08:00:00Z,PHARM-KA-2022-7212,pharmaflow-main,SYNTHETIC_OPERATIONAL_RECORD
MOV-001144,MED-0120,Clopidogrel 75mg (Clopilet 75) (Formula 120),MET259,DISPENSED,-10,130.0,1300.0,CUSTOMER_DISPENSING,DISP-01144,2026-04-14T00:00:00Z,PHARM-HIST-0001,pharmaflow-main,SYNTHETIC_OPERATIONAL_RECORD
MOV-001145,MED-0121,Paracetamol 500mg (Formula 121),MET260,DISPENSED,-5,27.5,137.5,CUSTOMER_DISPENSING,DISP-01145,2026-06-23T09:00:00Z,PHARM-KA-2022-7212,pharmaflow-main,SYNTHETIC_OPERATIONAL_RECORD
MOV-001146,MED-0122,Paracetamol 650mg (Dolo 650) (Formula 122),PAN261,DISPENSED,-5,37.0,185.0,CUSTOMER_DISPENSING,DISP-01146,2026-05-28T09:00:00Z,PHARM-HIST-0001,pharmaflow-main,SYNTHETIC_OPERATIONAL_RECORD
MOV-001147,MED-0123,Vitamin D3 60K (Calcirol) (Formula 123),PAN262,DISPENSED,-5,72.5,362.5,CUSTOMER_DISPENSING,DISP-01147,2026-08-03T19:00:00Z,PHARM-KA-2022-7212,pharmaflow-main,SYNTHETIC_OPERATIONAL_RECORD
MOV-001148,MED-0124,Amoxicillin 500mg (Novamox) (Formula 124),OME263,DISPENSED,-10,105.0,1050.0,CUSTOMER_DISPENSING,DISP-01148,2026-08-10T15:00:00Z,PHARM-HIST-0001,pharmaflow-main,SYNTHETIC_OPERATIONAL_RECORD
MOV-001149,MED-0125,Amoxicillin + Clavulanic Acid 625mg (Augmentin) (Formula 125),TEL264,DISPENSED,-15,177.5,2662.5,CUSTOMER_DISPENSING,DISP-01149,2026-06-05T09:00:00Z,PHARM-KA-2022-7212,pharmaflow-main,SYNTHETIC_OPERATIONAL_RECORD
MOV-001150,MED-0126,Cetirizine 10mg (Cetzine) (Formula 126),TEL265,DISPENSED,-15,50.0,750.0,CUSTOMER_DISPENSING,DISP-01150,2026-07-04T19:00:00Z,PHARM-HIST-0001,pharmaflow-main,SYNTHETIC_OPERATIONAL_RECORD
MOV-001151,MED-0127,Levocetirizine 5mg (Levocet) (Formula 127),ATO266,DISPENSED,-20,48.0,960.0,CUSTOMER_DISPENSING,DISP-01151,2026-05-27T15:00:00Z,PHARM-KA-2022-7212,pharmaflow-main,SYNTHETIC_OPERATIONAL_RECORD
MOV-001152,MED-0128,Azithromycin 250mg (Azee 250) (Formula 128),ROS267,DISPENSED,-20,122.5,2450.0,CUSTOMER_DISPENSING,DISP-01152,2026-08-12T18:00:00Z,PHARM-HIST-0001,pharmaflow-main,SYNTHETIC_OPERATIONAL_RECORD
MOV-001153,MED-0129,Azithromycin 500mg (Azithral 500) (Formula 129),CIP268,DISPENSED,-15,180.0,2700.0,CUSTOMER_DISPENSING,DISP-01153,2026-06-25T14:00:00Z,PHARM-KA-2022-7212,pharmaflow-main,SYNTHETIC_OPERATIONAL_RECORD
MOV-001154,MED-0130,Metformin 500mg (Glycomet 500) (Formula 130),OFL269,DISPENSED,-5,52.5,262.5,CUSTOMER_DISPENSING,DISP-01154,2026-08-11T16:00:00Z,PHARM-HIST-0001,pharmaflow-main,SYNTHETIC_OPERATIONAL_RECORD
MOV-001155,MED-0131,Metformin 1000mg SR (Glucophage) (Formula 131),MON270,DISPENSED,-20,78.0,1560.0,CUSTOMER_DISPENSING,DISP-01155,2026-08-29T14:00:00Z,PHARM-KA-2022-7212,pharmaflow-main,SYNTHETIC_OPERATIONAL_RECORD
MOV-001156,MED-0132,Pantoprazole 40mg (Pan 40) (Formula 132),IBU271,DISPENSED,-10,97.5,975.0,CUSTOMER_DISPENSING,DISP-01156,2026-10-07T20:00:00Z,PHARM-HIST-0001,pharmaflow-main,SYNTHETIC_OPERATIONAL_RECORD
MOV-001157,MED-0133,Pantoprazole + Domperidone (Pan-D) (Formula 133),ACE272,DISPENSED,-5,160.0,800.0,CUSTOMER_DISPENSING,DISP-01157,2026-06-04T08:00:00Z,PHARM-KA-2022-7212,pharmaflow-main,SYNTHETIC_OPERATIONAL_RECORD
MOV-001158,MED-0134,Omeprazole 20mg (Omez) (Formula 134),VIL273,DISPENSED,-5,62.0,310.0,CUSTOMER_DISPENSING,DISP-01158,2026-04-14T03:00:00Z,PHARM-HIST-0001,pharmaflow-main,SYNTHETIC_OPERATIONAL_RECORD
MOV-001159,MED-0135,Telmisartan 40mg (Telma 40) (Formula 135),RAB274,DISPENSED,-10,100.5,1005.0,CUSTOMER_DISPENSING,DISP-01159,2026-06-27T03:00:00Z,PHARM-KA-2022-7212,pharmaflow-main,SYNTHETIC_OPERATIONAL_RECORD
MOV-001160,MED-0136,Telmisartan + Amlodipine (Telma-AM) (Formula 136),COU275,DISPENSED,-10,145.0,1450.0,CUSTOMER_DISPENSING,DISP-01160,2026-05-22T16:00:00Z,PHARM-HIST-0001,pharmaflow-main,SYNTHETIC_OPERATIONAL_RECORD
MOV-001161,MED-0137,Atorvastatin 10mg (Atorva 10) (Formula 137),ORA276,DISPENSED,-5,117.5,587.5,CUSTOMER_DISPENSING,DISP-01161,2026-08-21T12:00:00Z,PHARM-KA-2022-7212,pharmaflow-main,SYNTHETIC_OPERATIONAL_RECORD
MOV-001162,MED-0138,Rosuvastatin 10mg (Rosuvas 10) (Formula 138),MUL277,DISPENSED,-5,145.0,725.0,CUSTOMER_DISPENSING,DISP-01162,2026-10-01T03:00:00Z,PHARM-HIST-0001,pharmaflow-main,SYNTHETIC_OPERATIONAL_RECORD
MOV-001163,MED-0139,Ciprofloxacin 500mg (Ciplox 500) (Formula 139),THY278,DISPENSED,-5,84.5,422.5,CUSTOMER_DISPENSING,DISP-01163,2026-08-16T07:00:00Z,PHARM-KA-2022-7212,pharmaflow-main,SYNTHETIC_OPERATIONAL_RECORD
MOV-001164,MED-0140,Ofloxacin + Ornidazole (O2) (Formula 140),CLO279,DISPENSED,-5,130.0,650.0,CUSTOMER_DISPENSING,DISP-01164,2026-09-21T04:00:00Z,PHARM-HIST-0001,pharmaflow-main,SYNTHETIC_OPERATIONAL_RECORD
MOV-001165,MED-0141,Montelukast + Levocetirizine (Montair-LC) (Formula 141),PAR280,DISPENSED,-20,158.0,3160.0,CUSTOMER_DISPENSING,DISP-01165,2026-09-07T23:00:00Z,PHARM-KA-2022-7212,pharmaflow-main,SYNTHETIC_OPERATIONAL_RECORD
MOV-001166,MED-0142,Ibuprofen 400mg (Brufen 400) (Formula 142),PAR281,DISPENSED,-15,30.5,457.5,CUSTOMER_DISPENSING,DISP-01166,2026-04-22T00:00:00Z,PHARM-HIST-0001,pharmaflow-main,SYNTHETIC_OPERATIONAL_RECORD
MOV-001167,MED-0143,Aceclofenac + Paracetamol (Zerodol-P) (Formula 143),VIT282,DISPENSED,-5,80.0,400.0,CUSTOMER_DISPENSING,DISP-01167,2026-04-12T17:00:00Z,PHARM-KA-2022-7212,pharmaflow-main,SYNTHETIC_OPERATIONAL_RECORD
MOV-001168,MED-0144,Vildagliptin + Metformin (Galvus Met) (Formula 144),AMO283,DISPENSED,-15,247.5,3712.5,CUSTOMER_DISPENSING,DISP-01168,2026-07-13T00:00:00Z,PHARM-HIST-0001,pharmaflow-main,SYNTHETIC_OPERATIONAL_RECORD
MOV-001169,MED-0145,Rabeprazole 20mg (Razo 20) (Formula 145),AMO284,DISPENSED,-15,122.0,1830.0,CUSTOMER_DISPENSING,DISP-01169,2026-08-16T03:00:00Z,PHARM-KA-2022-7212,pharmaflow-main,SYNTHETIC_OPERATIONAL_RECORD
MOV-001170,MED-0146,Cough Syrup (Ascoril-D) (Formula 146),CET285,DISPENSED,-20,100.5,2010.0,CUSTOMER_DISPENSING,DISP-01170,2026-05-02T18:00:00Z,PHARM-HIST-0001,pharmaflow-main,SYNTHETIC_OPERATIONAL_RECORD
MOV-001171,MED-0147,Oral Rehydration Salts (Electral ORS) (Formula 147),LEV286,DISPENSED,-20,33.0,660.0,CUSTOMER_DISPENSING,DISP-01171,2026-04-28T17:00:00Z,PHARM-KA-2022-7212,pharmaflow-main,SYNTHETIC_OPERATIONAL_RECORD
MOV-001172,MED-0148,Multivitamin + Zinc (Becadexamin) (Formula 148),AZI287,DISPENSED,-5,42.0,210.0,CUSTOMER_DISPENSING,DISP-01172,2026-04-17T21:00:00Z,PHARM-HIST-0001,pharmaflow-main,SYNTHETIC_OPERATIONAL_RECORD
MOV-001173,MED-0149,Thyroxine Sodium 50mcg (Thyronorm 50) (Formula 149),AZI288,DISPENSED,-5,127.5,637.5,CUSTOMER_DISPENSING,DISP-01173,2026-06-03T02:00:00Z,PHARM-KA-2022-7212,pharmaflow-main,SYNTHETIC_OPERATIONAL_RECORD
MOV-001174,MED-0150,Clopidogrel 75mg (Clopilet 75) (Formula 150),MET289,DISPENSED,-15,135.0,2025.0,CUSTOMER_DISPENSING,DISP-01174,2026-10-01T04:00:00Z,PHARM-HIST-0001,pharmaflow-main,SYNTHETIC_OPERATIONAL_RECORD
MOV-001175,MED-0151,Paracetamol 500mg (Formula 151),MET290,DISPENSED,-20,32.5,650.0,CUSTOMER_DISPENSING,DISP-01175,2026-07-01T19:00:00Z,PHARM-KA-2022-7212,pharmaflow-main,SYNTHETIC_OPERATIONAL_RECORD
MOV-001176,MED-0152,Paracetamol 650mg (Dolo 650) (Formula 152),PAN291,DISPENSED,-5,42.0,210.0,CUSTOMER_DISPENSING,DISP-01176,2026-06-21T14:00:00Z,PHARM-HIST-0001,pharmaflow-main,SYNTHETIC_OPERATIONAL_RECORD
MOV-001177,MED-0153,Vitamin D3 60K (Calcirol) (Formula 153),PAN292,DISPENSED,-15,77.5,1162.5,CUSTOMER_DISPENSING,DISP-01177,2026-04-15T21:00:00Z,PHARM-KA-2022-7212,pharmaflow-main,SYNTHETIC_OPERATIONAL_RECORD
MOV-001178,MED-0154,Amoxicillin 500mg (Novamox) (Formula 154),OME293,DISPENSED,-5,110.0,550.0,CUSTOMER_DISPENSING,DISP-01178,2026-07-03T11:00:00Z,PHARM-HIST-0001,pharmaflow-main,SYNTHETIC_OPERATIONAL_RECORD
MOV-001179,MED-0155,Amoxicillin + Clavulanic Acid 625mg (Augmentin) (Formula 155),TEL294,DISPENSED,-20,165.0,3300.0,CUSTOMER_DISPENSING,DISP-01179,2026-09-15T21:00:00Z,PHARM-KA-2022-7212,pharmaflow-main,SYNTHETIC_OPERATIONAL_RECORD
MOV-001180,MED-0156,Cetirizine 10mg (Cetzine) (Formula 156),TEL295,DISPENSED,-15,37.5,562.5,CUSTOMER_DISPENSING,DISP-01180,2026-05-22T10:00:00Z,PHARM-HIST-0001,pharmaflow-main,SYNTHETIC_OPERATIONAL_RECORD
MOV-001181,MED-0157,Levocetirizine 5mg (Levocet) (Formula 157),ATO296,DISPENSED,-5,53.0,265.0,CUSTOMER_DISPENSING,DISP-01181,2026-08-06T13:00:00Z,PHARM-KA-2022-7212,pharmaflow-main,SYNTHETIC_OPERATIONAL_RECORD
MOV-001182,MED-0158,Azithromycin 250mg (Azee 250) (Formula 158),ROS297,DISPENSED,-5,127.5,637.5,CUSTOMER_DISPENSING,DISP-01182,2026-06-14T00:00:00Z,PHARM-HIST-0001,pharmaflow-main,SYNTHETIC_OPERATIONAL_RECORD
MOV-001183,MED-0159,Azithromycin 500mg (Azithral 500) (Formula 159),CIP298,DISPENSED,-15,185.0,2775.0,CUSTOMER_DISPENSING,DISP-01183,2026-08-07T17:00:00Z,PHARM-KA-2022-7212,pharmaflow-main,SYNTHETIC_OPERATIONAL_RECORD
MOV-001184,MED-0160,Metformin 500mg (Glycomet 500) (Formula 160),OFL299,DISPENSED,-20,57.5,1150.0,CUSTOMER_DISPENSING,DISP-01184,2026-09-30T02:00:00Z,PHARM-HIST-0001,pharmaflow-main,SYNTHETIC_OPERATIONAL_RECORD
MOV-001185,MED-0161,Metformin 1000mg SR (Glucophage) (Formula 161),MON300,DISPENSED,-15,83.0,1245.0,CUSTOMER_DISPENSING,DISP-01185,2026-05-19T14:00:00Z,PHARM-KA-2022-7212,pharmaflow-main,SYNTHETIC_OPERATIONAL_RECORD
MOV-001186,MED-0162,Pantoprazole 40mg (Pan 40) (Formula 162),IBU301,DISPENSED,-20,85.0,1700.0,CUSTOMER_DISPENSING,DISP-01186,2026-08-13T17:00:00Z,PHARM-HIST-0001,pharmaflow-main,SYNTHETIC_OPERATIONAL_RECORD
MOV-001187,MED-0163,Pantoprazole + Domperidone (Pan-D) (Formula 163),ACE302,DISPENSED,-20,147.5,2950.0,CUSTOMER_DISPENSING,DISP-01187,2026-09-14T12:00:00Z,PHARM-KA-2022-7212,pharmaflow-main,SYNTHETIC_OPERATIONAL_RECORD
MOV-001188,MED-0164,Omeprazole 20mg (Omez) (Formula 164),VIL303,DISPENSED,-10,67.0,670.0,CUSTOMER_DISPENSING,DISP-01188,2026-05-09T15:00:00Z,PHARM-HIST-0001,pharmaflow-main,SYNTHETIC_OPERATIONAL_RECORD
MOV-001189,MED-0165,Telmisartan 40mg (Telma 40) (Formula 165),RAB304,DISPENSED,-5,105.5,527.5,CUSTOMER_DISPENSING,DISP-01189,2026-05-31T22:00:00Z,PHARM-KA-2022-7212,pharmaflow-main,SYNTHETIC_OPERATIONAL_RECORD
MOV-001190,MED-0166,Telmisartan + Amlodipine (Telma-AM) (Formula 166),COU305,DISPENSED,-5,150.0,750.0,CUSTOMER_DISPENSING,DISP-01190,2026-06-02T07:00:00Z,PHARM-HIST-0001,pharmaflow-main,SYNTHETIC_OPERATIONAL_RECORD
MOV-001191,MED-0167,Atorvastatin 10mg (Atorva 10) (Formula 167),ORA306,DISPENSED,-20,122.5,2450.0,CUSTOMER_DISPENSING,DISP-01191,2026-07-29T14:00:00Z,PHARM-KA-2022-7212,pharmaflow-main,SYNTHETIC_OPERATIONAL_RECORD
MOV-001192,MED-0168,Rosuvastatin 10mg (Rosuvas 10) (Formula 168),MUL307,DISPENSED,-20,150.0,3000.0,CUSTOMER_DISPENSING,DISP-01192,2026-05-23T16:00:00Z,PHARM-HIST-0001,pharmaflow-main,SYNTHETIC_OPERATIONAL_RECORD
MOV-001193,MED-0169,Ciprofloxacin 500mg (Ciplox 500) (Formula 169),THY308,DISPENSED,-5,72.0,360.0,CUSTOMER_DISPENSING,DISP-01193,2026-08-04T18:00:00Z,PHARM-KA-2022-7212,pharmaflow-main,SYNTHETIC_OPERATIONAL_RECORD
MOV-001194,MED-0170,Ofloxacin + Ornidazole (O2) (Formula 170),CLO309,DISPENSED,-5,117.5,587.5,CUSTOMER_DISPENSING,DISP-01194,2026-04-12T20:00:00Z,PHARM-HIST-0001,pharmaflow-main,SYNTHETIC_OPERATIONAL_RECORD
MOV-001195,MED-0171,Montelukast + Levocetirizine (Montair-LC) (Formula 171),PAR310,DISPENSED,-20,163.0,3260.0,CUSTOMER_DISPENSING,DISP-01195,2026-08-24T22:00:00Z,PHARM-KA-2022-7212,pharmaflow-main,SYNTHETIC_OPERATIONAL_RECORD
MOV-001196,MED-0172,Ibuprofen 400mg (Brufen 400) (Formula 172),PAR311,DISPENSED,-15,35.5,532.5,CUSTOMER_DISPENSING,DISP-01196,2026-08-28T11:00:00Z,PHARM-HIST-0001,pharmaflow-main,SYNTHETIC_OPERATIONAL_RECORD
MOV-001197,MED-0173,Aceclofenac + Paracetamol (Zerodol-P) (Formula 173),VIT312,DISPENSED,-15,85.0,1275.0,CUSTOMER_DISPENSING,DISP-01197,2026-05-08T02:00:00Z,PHARM-KA-2022-7212,pharmaflow-main,SYNTHETIC_OPERATIONAL_RECORD
MOV-001198,MED-0174,Vildagliptin + Metformin (Galvus Met) (Formula 174),AMO313,DISPENSED,-20,252.5,5050.0,CUSTOMER_DISPENSING,DISP-01198,2026-09-09T15:00:00Z,PHARM-HIST-0001,pharmaflow-main,SYNTHETIC_OPERATIONAL_RECORD
MOV-001199,MED-0175,Rabeprazole 20mg (Razo 20) (Formula 175),AMO314,DISPENSED,-10,127.0,1270.0,CUSTOMER_DISPENSING,DISP-01199,2026-09-19T06:00:00Z,PHARM-KA-2022-7212,pharmaflow-main,SYNTHETIC_OPERATIONAL_RECORD
MOV-001200,MED-0176,Cough Syrup (Ascoril-D) (Formula 176),CET315,DISPENSED,-20,88.0,1760.0,CUSTOMER_DISPENSING,DISP-01200,2026-06-06T05:00:00Z,PHARM-HIST-0001,pharmaflow-main,SYNTHETIC_OPERATIONAL_RECORD
MOV-001201,MED-0177,Oral Rehydration Salts (Electral ORS) (Formula 177),LEV316,DISPENSED,-5,20.5,102.5,CUSTOMER_DISPENSING,DISP-01201,2026-06-30T13:00:00Z,PHARM-KA-2022-7212,pharmaflow-main,SYNTHETIC_OPERATIONAL_RECORD
MOV-001202,MED-0178,Multivitamin + Zinc (Becadexamin) (Formula 178),AZI317,DISPENSED,-10,47.0,470.0,CUSTOMER_DISPENSING,DISP-01202,2026-07-04T11:00:00Z,PHARM-HIST-0001,pharmaflow-main,SYNTHETIC_OPERATIONAL_RECORD
MOV-001203,MED-0179,Thyroxine Sodium 50mcg (Thyronorm 50) (Formula 179),AZI318,DISPENSED,-15,132.5,1987.5,CUSTOMER_DISPENSING,DISP-01203,2026-08-23T05:00:00Z,PHARM-KA-2022-7212,pharmaflow-main,SYNTHETIC_OPERATIONAL_RECORD
MOV-001204,MED-0180,Clopidogrel 75mg (Clopilet 75) (Formula 180),MET319,DISPENSED,-15,140.0,2100.0,CUSTOMER_DISPENSING,DISP-01204,2026-04-16T18:00:00Z,PHARM-HIST-0001,pharmaflow-main,SYNTHETIC_OPERATIONAL_RECORD
MOV-001205,MED-0181,Paracetamol 500mg (Formula 181),MET320,DISPENSED,-20,37.5,750.0,CUSTOMER_DISPENSING,DISP-01205,2026-08-10T14:00:00Z,PHARM-KA-2022-7212,pharmaflow-main,SYNTHETIC_OPERATIONAL_RECORD
MOV-001206,MED-0182,Paracetamol 650mg (Dolo 650) (Formula 182),PAN321,DISPENSED,-20,47.0,940.0,CUSTOMER_DISPENSING,DISP-01206,2026-04-12T09:00:00Z,PHARM-HIST-0001,pharmaflow-main,SYNTHETIC_OPERATIONAL_RECORD
MOV-001207,MED-0183,Vitamin D3 60K (Calcirol) (Formula 183),PAN322,DISPENSED,-5,65.0,325.0,CUSTOMER_DISPENSING,DISP-01207,2026-08-27T08:00:00Z,PHARM-KA-2022-7212,pharmaflow-main,SYNTHETIC_OPERATIONAL_RECORD
MOV-001208,MED-0184,Amoxicillin 500mg (Novamox) (Formula 184),OME323,DISPENSED,-10,97.5,975.0,CUSTOMER_DISPENSING,DISP-01208,2026-05-06T18:00:00Z,PHARM-HIST-0001,pharmaflow-main,SYNTHETIC_OPERATIONAL_RECORD
MOV-001209,MED-0185,Amoxicillin + Clavulanic Acid 625mg (Augmentin) (Formula 185),TEL324,DISPENSED,-5,170.0,850.0,CUSTOMER_DISPENSING,DISP-01209,2026-06-17T21:00:00Z,PHARM-KA-2022-7212,pharmaflow-main,SYNTHETIC_OPERATIONAL_RECORD
MOV-001210,MED-0186,Cetirizine 10mg (Cetzine) (Formula 186),TEL325,DISPENSED,-15,42.5,637.5,CUSTOMER_DISPENSING,DISP-01210,2026-04-12T23:00:00Z,PHARM-HIST-0001,pharmaflow-main,SYNTHETIC_OPERATIONAL_RECORD
MOV-001211,MED-0187,Levocetirizine 5mg (Levocet) (Formula 187),ATO326,DISPENSED,-5,58.0,290.0,CUSTOMER_DISPENSING,DISP-01211,2026-05-26T14:00:00Z,PHARM-KA-2022-7212,pharmaflow-main,SYNTHETIC_OPERATIONAL_RECORD
MOV-001212,MED-0188,Azithromycin 250mg (Azee 250) (Formula 188),ROS327,DISPENSED,-15,132.5,1987.5,CUSTOMER_DISPENSING,DISP-01212,2026-04-28T19:00:00Z,PHARM-HIST-0001,pharmaflow-main,SYNTHETIC_OPERATIONAL_RECORD
MOV-001213,MED-0189,Azithromycin 500mg (Azithral 500) (Formula 189),CIP328,DISPENSED,-5,190.0,950.0,CUSTOMER_DISPENSING,DISP-01213,2026-06-22T21:00:00Z,PHARM-KA-2022-7212,pharmaflow-main,SYNTHETIC_OPERATIONAL_RECORD
MOV-001214,MED-0190,Metformin 500mg (Glycomet 500) (Formula 190),OFL329,DISPENSED,-5,45.0,225.0,CUSTOMER_DISPENSING,DISP-01214,2026-07-28T23:00:00Z,PHARM-HIST-0001,pharmaflow-main,SYNTHETIC_OPERATIONAL_RECORD
MOV-001215,MED-0191,Metformin 1000mg SR (Glucophage) (Formula 191),MON330,DISPENSED,-20,70.5,1410.0,CUSTOMER_DISPENSING,DISP-01215,2026-09-21T10:00:00Z,PHARM-KA-2022-7212,pharmaflow-main,SYNTHETIC_OPERATIONAL_RECORD
MOV-001216,MED-0192,Pantoprazole 40mg (Pan 40) (Formula 192),IBU331,DISPENSED,-5,90.0,450.0,CUSTOMER_DISPENSING,DISP-01216,2026-08-01T15:00:00Z,PHARM-HIST-0001,pharmaflow-main,SYNTHETIC_OPERATIONAL_RECORD
MOV-001217,MED-0193,Pantoprazole + Domperidone (Pan-D) (Formula 193),ACE332,DISPENSED,-15,152.5,2287.5,CUSTOMER_DISPENSING,DISP-01217,2026-06-09T00:00:00Z,PHARM-KA-2022-7212,pharmaflow-main,SYNTHETIC_OPERATIONAL_RECORD
MOV-001218,MED-0194,Omeprazole 20mg (Omez) (Formula 194),VIL333,DISPENSED,-10,72.0,720.0,CUSTOMER_DISPENSING,DISP-01218,2026-09-03T09:00:00Z,PHARM-HIST-0001,pharmaflow-main,SYNTHETIC_OPERATIONAL_RECORD
MOV-001219,MED-0195,Telmisartan 40mg (Telma 40) (Formula 195),RAB334,DISPENSED,-5,110.5,552.5,CUSTOMER_DISPENSING,DISP-01219,2026-08-28T10:00:00Z,PHARM-KA-2022-7212,pharmaflow-main,SYNTHETIC_OPERATIONAL_RECORD
MOV-001220,MED-0196,Telmisartan + Amlodipine (Telma-AM) (Formula 196),COU335,DISPENSED,-10,155.0,1550.0,CUSTOMER_DISPENSING,DISP-01220,2026-04-21T06:00:00Z,PHARM-HIST-0001,pharmaflow-main,SYNTHETIC_OPERATIONAL_RECORD
MOV-001221,MED-0197,Atorvastatin 10mg (Atorva 10) (Formula 197),ORA336,DISPENSED,-20,110.0,2200.0,CUSTOMER_DISPENSING,DISP-01221,2026-04-22T19:00:00Z,PHARM-KA-2022-7212,pharmaflow-main,SYNTHETIC_OPERATIONAL_RECORD
MOV-001222,MED-0198,Rosuvastatin 10mg (Rosuvas 10) (Formula 198),MUL337,DISPENSED,-15,137.5,2062.5,CUSTOMER_DISPENSING,DISP-01222,2026-05-19T04:00:00Z,PHARM-HIST-0001,pharmaflow-main,SYNTHETIC_OPERATIONAL_RECORD
MOV-001223,MED-0199,Ciprofloxacin 500mg (Ciplox 500) (Formula 199),THY338,DISPENSED,-20,77.0,1540.0,CUSTOMER_DISPENSING,DISP-01223,2026-09-20T15:00:00Z,PHARM-KA-2022-7212,pharmaflow-main,SYNTHETIC_OPERATIONAL_RECORD
MOV-001224,MED-0200,Ofloxacin + Ornidazole (O2) (Formula 200),CLO339,DISPENSED,-10,122.5,1225.0,CUSTOMER_DISPENSING,DISP-01224,2026-05-11T23:00:00Z,PHARM-HIST-0001,pharmaflow-main,SYNTHETIC_OPERATIONAL_RECORD
MOV-001225,MED-0201,Montelukast + Levocetirizine (Montair-LC) (Formula 201),PAR340,DISPENSED,-5,168.0,840.0,CUSTOMER_DISPENSING,DISP-01225,2026-05-18T11:00:00Z,PHARM-KA-2022-7212,pharmaflow-main,SYNTHETIC_OPERATIONAL_RECORD
MOV-001226,MED-0202,Ibuprofen 400mg (Brufen 400) (Formula 202),PAR341,DISPENSED,-10,40.5,405.0,CUSTOMER_DISPENSING,DISP-01226,2026-08-18T08:00:00Z,PHARM-HIST-0001,pharmaflow-main,SYNTHETIC_OPERATIONAL_RECORD
MOV-001227,MED-0203,Aceclofenac + Paracetamol (Zerodol-P) (Formula 203),VIT342,DISPENSED,-15,90.0,1350.0,CUSTOMER_DISPENSING,DISP-01227,2026-09-03T13:00:00Z,PHARM-KA-2022-7212,pharmaflow-main,SYNTHETIC_OPERATIONAL_RECORD
MOV-001228,MED-0204,Vildagliptin + Metformin (Galvus Met) (Formula 204),AMO343,DISPENSED,-20,240.0,4800.0,CUSTOMER_DISPENSING,DISP-01228,2026-10-06T01:00:00Z,PHARM-HIST-0001,pharmaflow-main,SYNTHETIC_OPERATIONAL_RECORD
MOV-001229,MED-0205,Rabeprazole 20mg (Razo 20) (Formula 205),AMO344,DISPENSED,-5,114.5,572.5,CUSTOMER_DISPENSING,DISP-01229,2026-05-31T12:00:00Z,PHARM-KA-2022-7212,pharmaflow-main,SYNTHETIC_OPERATIONAL_RECORD
MOV-001230,MED-0206,Cough Syrup (Ascoril-D) (Formula 206),CET345,DISPENSED,-5,93.0,465.0,CUSTOMER_DISPENSING,DISP-01230,2026-05-26T15:00:00Z,PHARM-HIST-0001,pharmaflow-main,SYNTHETIC_OPERATIONAL_RECORD
MOV-001231,MED-0207,Oral Rehydration Salts (Electral ORS) (Formula 207),LEV346,DISPENSED,-15,25.5,382.5,CUSTOMER_DISPENSING,DISP-01231,2026-05-11T20:00:00Z,PHARM-KA-2022-7212,pharmaflow-main,SYNTHETIC_OPERATIONAL_RECORD
MOV-001232,MED-0208,Multivitamin + Zinc (Becadexamin) (Formula 208),AZI347,DISPENSED,-5,52.0,260.0,CUSTOMER_DISPENSING,DISP-01232,2026-07-23T08:00:00Z,PHARM-HIST-0001,pharmaflow-main,SYNTHETIC_OPERATIONAL_RECORD
MOV-001233,MED-0209,Thyroxine Sodium 50mcg (Thyronorm 50) (Formula 209),AZI348,DISPENSED,-15,137.5,2062.5,CUSTOMER_DISPENSING,DISP-01233,2026-08-06T21:00:00Z,PHARM-KA-2022-7212,pharmaflow-main,SYNTHETIC_OPERATIONAL_RECORD
MOV-001234,MED-0210,Clopidogrel 75mg (Clopilet 75) (Formula 210),MET349,DISPENSED,-10,145.0,1450.0,CUSTOMER_DISPENSING,DISP-01234,2026-08-20T15:00:00Z,PHARM-HIST-0001,pharmaflow-main,SYNTHETIC_OPERATIONAL_RECORD
MOV-001235,MED-0211,Paracetamol 500mg (Formula 211),MET350,DISPENSED,-20,25.0,500.0,CUSTOMER_DISPENSING,DISP-01235,2026-06-07T21:00:00Z,PHARM-KA-2022-7212,pharmaflow-main,SYNTHETIC_OPERATIONAL_RECORD
MOV-001236,MED-0212,Paracetamol 650mg (Dolo 650) (Formula 212),PAN351,DISPENSED,-10,34.5,345.0,CUSTOMER_DISPENSING,DISP-01236,2026-09-13T07:00:00Z,PHARM-HIST-0001,pharmaflow-main,SYNTHETIC_OPERATIONAL_RECORD
MOV-001237,MED-0213,Vitamin D3 60K (Calcirol) (Formula 213),PAN352,DISPENSED,-20,70.0,1400.0,CUSTOMER_DISPENSING,DISP-01237,2026-05-19T16:00:00Z,PHARM-KA-2022-7212,pharmaflow-main,SYNTHETIC_OPERATIONAL_RECORD
MOV-001238,MED-0214,Amoxicillin 500mg (Novamox) (Formula 214),OME353,DISPENSED,-5,102.5,512.5,CUSTOMER_DISPENSING,DISP-01238,2026-08-31T15:00:00Z,PHARM-HIST-0001,pharmaflow-main,SYNTHETIC_OPERATIONAL_RECORD
MOV-001239,MED-0215,Amoxicillin + Clavulanic Acid 625mg (Augmentin) (Formula 215),TEL354,DISPENSED,-10,175.0,1750.0,CUSTOMER_DISPENSING,DISP-01239,2026-05-31T08:00:00Z,PHARM-KA-2022-7212,pharmaflow-main,SYNTHETIC_OPERATIONAL_RECORD
MOV-001240,MED-0216,Cetirizine 10mg (Cetzine) (Formula 216),TEL355,DISPENSED,-5,47.5,237.5,CUSTOMER_DISPENSING,DISP-01240,2026-06-07T20:00:00Z,PHARM-HIST-0001,pharmaflow-main,SYNTHETIC_OPERATIONAL_RECORD
MOV-001241,MED-0217,Levocetirizine 5mg (Levocet) (Formula 217),ATO356,DISPENSED,-5,63.0,315.0,CUSTOMER_DISPENSING,DISP-01241,2026-05-17T07:00:00Z,PHARM-KA-2022-7212,pharmaflow-main,SYNTHETIC_OPERATIONAL_RECORD
MOV-001242,MED-0218,Azithromycin 250mg (Azee 250) (Formula 218),ROS357,DISPENSED,-10,120.0,1200.0,CUSTOMER_DISPENSING,DISP-01242,2026-04-30T23:00:00Z,PHARM-HIST-0001,pharmaflow-main,SYNTHETIC_OPERATIONAL_RECORD
MOV-001243,MED-0219,Azithromycin 500mg (Azithral 500) (Formula 219),CIP358,DISPENSED,-15,177.5,2662.5,CUSTOMER_DISPENSING,DISP-01243,2026-08-12T04:00:00Z,PHARM-KA-2022-7212,pharmaflow-main,SYNTHETIC_OPERATIONAL_RECORD
MOV-001244,MED-0220,Metformin 500mg (Glycomet 500) (Formula 220),OFL359,DISPENSED,-20,50.0,1000.0,CUSTOMER_DISPENSING,DISP-01244,2026-09-22T23:00:00Z,PHARM-HIST-0001,pharmaflow-main,SYNTHETIC_OPERATIONAL_RECORD
MOV-001245,MED-0221,Metformin 1000mg SR (Glucophage) (Formula 221),MON360,DISPENSED,-5,75.5,377.5,CUSTOMER_DISPENSING,DISP-01245,2026-07-18T00:00:00Z,PHARM-KA-2022-7212,pharmaflow-main,SYNTHETIC_OPERATIONAL_RECORD
MOV-001246,MED-0222,Pantoprazole 40mg (Pan 40) (Formula 222),IBU361,DISPENSED,-5,95.0,475.0,CUSTOMER_DISPENSING,DISP-01246,2026-08-19T15:00:00Z,PHARM-HIST-0001,pharmaflow-main,SYNTHETIC_OPERATIONAL_RECORD
MOV-001247,MED-0223,Pantoprazole + Domperidone (Pan-D) (Formula 223),ACE362,DISPENSED,-15,157.5,2362.5,CUSTOMER_DISPENSING,DISP-01247,2026-06-29T22:00:00Z,PHARM-KA-2022-7212,pharmaflow-main,SYNTHETIC_OPERATIONAL_RECORD
MOV-001248,MED-0224,Omeprazole 20mg (Omez) (Formula 224),VIL363,DISPENSED,-10,77.0,770.0,CUSTOMER_DISPENSING,DISP-01248,2026-09-05T21:00:00Z,PHARM-HIST-0001,pharmaflow-main,SYNTHETIC_OPERATIONAL_RECORD
MOV-001249,MED-0225,Telmisartan 40mg (Telma 40) (Formula 225),RAB364,DISPENSED,-20,98.0,1960.0,CUSTOMER_DISPENSING,DISP-01249,2026-04-25T16:00:00Z,PHARM-KA-2022-7212,pharmaflow-main,SYNTHETIC_OPERATIONAL_RECORD
MOV-001250,MED-0226,Telmisartan + Amlodipine (Telma-AM) (Formula 226),COU365,DISPENSED,-10,142.5,1425.0,CUSTOMER_DISPENSING,DISP-01250,2026-08-07T17:00:00Z,PHARM-HIST-0001,pharmaflow-main,SYNTHETIC_OPERATIONAL_RECORD
MOV-001251,MED-0227,Atorvastatin 10mg (Atorva 10) (Formula 227),ORA366,DISPENSED,-15,115.0,1725.0,CUSTOMER_DISPENSING,DISP-01251,2026-06-03T10:00:00Z,PHARM-KA-2022-7212,pharmaflow-main,SYNTHETIC_OPERATIONAL_RECORD
MOV-001252,MED-0228,Rosuvastatin 10mg (Rosuvas 10) (Formula 228),MUL367,DISPENSED,-20,142.5,2850.0,CUSTOMER_DISPENSING,DISP-01252,2026-05-08T12:00:00Z,PHARM-HIST-0001,pharmaflow-main,SYNTHETIC_OPERATIONAL_RECORD
MOV-001253,MED-0229,Ciprofloxacin 500mg (Ciplox 500) (Formula 229),THY368,DISPENSED,-20,82.0,1640.0,CUSTOMER_DISPENSING,DISP-01253,2026-09-21T19:00:00Z,PHARM-KA-2022-7212,pharmaflow-main,SYNTHETIC_OPERATIONAL_RECORD
MOV-001254,MED-0230,Ofloxacin + Ornidazole (O2) (Formula 230),CLO369,DISPENSED,-5,127.5,637.5,CUSTOMER_DISPENSING,DISP-01254,2026-04-11T08:00:00Z,PHARM-HIST-0001,pharmaflow-main,SYNTHETIC_OPERATIONAL_RECORD
MOV-001255,MED-0231,Montelukast + Levocetirizine (Montair-LC) (Formula 231),PAR370,DISPENSED,-5,173.0,865.0,CUSTOMER_DISPENSING,DISP-01255,2026-07-06T04:00:00Z,PHARM-KA-2022-7212,pharmaflow-main,SYNTHETIC_OPERATIONAL_RECORD
MOV-001256,MED-0232,Ibuprofen 400mg (Brufen 400) (Formula 232),PAR371,DISPENSED,-20,28.0,560.0,CUSTOMER_DISPENSING,DISP-01256,2026-07-28T22:00:00Z,PHARM-HIST-0001,pharmaflow-main,SYNTHETIC_OPERATIONAL_RECORD
MOV-001257,MED-0233,Aceclofenac + Paracetamol (Zerodol-P) (Formula 233),VIT372,DISPENSED,-15,77.5,1162.5,CUSTOMER_DISPENSING,DISP-01257,2026-07-22T19:00:00Z,PHARM-KA-2022-7212,pharmaflow-main,SYNTHETIC_OPERATIONAL_RECORD
MOV-001258,MED-0234,Vildagliptin + Metformin (Galvus Met) (Formula 234),AMO373,DISPENSED,-15,245.0,3675.0,CUSTOMER_DISPENSING,DISP-01258,2026-07-21T21:00:00Z,PHARM-HIST-0001,pharmaflow-main,SYNTHETIC_OPERATIONAL_RECORD
MOV-001259,MED-0235,Rabeprazole 20mg (Razo 20) (Formula 235),AMO374,DISPENSED,-20,119.5,2390.0,CUSTOMER_DISPENSING,DISP-01259,2026-07-01T14:00:00Z,PHARM-KA-2022-7212,pharmaflow-main,SYNTHETIC_OPERATIONAL_RECORD
MOV-001260,MED-0236,Cough Syrup (Ascoril-D) (Formula 236),CET375,DISPENSED,-10,98.0,980.0,CUSTOMER_DISPENSING,DISP-01260,2026-06-10T02:00:00Z,PHARM-HIST-0001,pharmaflow-main,SYNTHETIC_OPERATIONAL_RECORD
MOV-001261,MED-0237,Oral Rehydration Salts (Electral ORS) (Formula 237),LEV376,DISPENSED,-5,30.5,152.5,CUSTOMER_DISPENSING,DISP-01261,2026-04-13T21:00:00Z,PHARM-KA-2022-7212,pharmaflow-main,SYNTHETIC_OPERATIONAL_RECORD
MOV-001262,MED-0238,Multivitamin + Zinc (Becadexamin) (Formula 238),AZI377,DISPENSED,-15,57.0,855.0,CUSTOMER_DISPENSING,DISP-01262,2026-05-24T20:00:00Z,PHARM-HIST-0001,pharmaflow-main,SYNTHETIC_OPERATIONAL_RECORD
MOV-001263,MED-0239,Thyroxine Sodium 50mcg (Thyronorm 50) (Formula 239),AZI378,DISPENSED,-5,125.0,625.0,CUSTOMER_DISPENSING,DISP-01263,2026-08-04T16:00:00Z,PHARM-KA-2022-7212,pharmaflow-main,SYNTHETIC_OPERATIONAL_RECORD
MOV-001264,MED-0240,Clopidogrel 75mg (Clopilet 75) (Formula 240),MET379,DISPENSED,-15,132.5,1987.5,CUSTOMER_DISPENSING,DISP-01264,2026-07-31T03:00:00Z,PHARM-HIST-0001,pharmaflow-main,SYNTHETIC_OPERATIONAL_RECORD
MOV-001265,MED-0241,Paracetamol 500mg (Formula 241),MET380,DISPENSED,-10,30.0,300.0,CUSTOMER_DISPENSING,DISP-01265,2026-07-20T02:00:00Z,PHARM-KA-2022-7212,pharmaflow-main,SYNTHETIC_OPERATIONAL_RECORD
MOV-001266,MED-0242,Paracetamol 650mg (Dolo 650) (Formula 242),PAN381,DISPENSED,-10,39.5,395.0,CUSTOMER_DISPENSING,DISP-01266,2026-05-17T06:00:00Z,PHARM-HIST-0001,pharmaflow-main,SYNTHETIC_OPERATIONAL_RECORD
MOV-001267,MED-0243,Vitamin D3 60K (Calcirol) (Formula 243),PAN382,DISPENSED,-15,75.0,1125.0,CUSTOMER_DISPENSING,DISP-01267,2026-07-22T06:00:00Z,PHARM-KA-2022-7212,pharmaflow-main,SYNTHETIC_OPERATIONAL_RECORD
MOV-001268,MED-0244,Amoxicillin 500mg (Novamox) (Formula 244),OME383,DISPENSED,-15,107.5,1612.5,CUSTOMER_DISPENSING,DISP-01268,2026-05-28T15:00:00Z,PHARM-HIST-0001,pharmaflow-main,SYNTHETIC_OPERATIONAL_RECORD
MOV-001269,MED-0245,Amoxicillin + Clavulanic Acid 625mg (Augmentin) (Formula 245),TEL384,DISPENSED,-20,180.0,3600.0,CUSTOMER_DISPENSING,DISP-01269,2026-07-29T04:00:00Z,PHARM-KA-2022-7212,pharmaflow-main,SYNTHETIC_OPERATIONAL_RECORD
MOV-001270,MED-0246,Cetirizine 10mg (Cetzine) (Formula 246),TEL385,DISPENSED,-20,35.0,700.0,CUSTOMER_DISPENSING,DISP-01270,2026-04-19T15:00:00Z,PHARM-HIST-0001,pharmaflow-main,SYNTHETIC_OPERATIONAL_RECORD
MOV-001271,MED-0247,Levocetirizine 5mg (Levocet) (Formula 247),ATO386,DISPENSED,-10,50.5,505.0,CUSTOMER_DISPENSING,DISP-01271,2026-05-05T08:00:00Z,PHARM-KA-2022-7212,pharmaflow-main,SYNTHETIC_OPERATIONAL_RECORD
MOV-001272,MED-0248,Azithromycin 250mg (Azee 250) (Formula 248),ROS387,DISPENSED,-15,125.0,1875.0,CUSTOMER_DISPENSING,DISP-01272,2026-08-20T15:00:00Z,PHARM-HIST-0001,pharmaflow-main,SYNTHETIC_OPERATIONAL_RECORD
MOV-001273,MED-0249,Azithromycin 500mg (Azithral 500) (Formula 249),CIP388,DISPENSED,-15,182.5,2737.5,CUSTOMER_DISPENSING,DISP-01273,2026-05-22T19:00:00Z,PHARM-KA-2022-7212,pharmaflow-main,SYNTHETIC_OPERATIONAL_RECORD
MOV-001274,MED-0250,Metformin 500mg (Glycomet 500) (Formula 250),OFL389,DISPENSED,-15,55.0,825.0,CUSTOMER_DISPENSING,DISP-01274,2026-08-16T22:00:00Z,PHARM-HIST-0001,pharmaflow-main,SYNTHETIC_OPERATIONAL_RECORD
MOV-001275,MED-0251,Metformin 1000mg SR (Glucophage) (Formula 251),MON390,DISPENSED,-10,80.5,805.0,CUSTOMER_DISPENSING,DISP-01275,2026-09-07T13:00:00Z,PHARM-KA-2022-7212,pharmaflow-main,SYNTHETIC_OPERATIONAL_RECORD
MOV-001276,MED-0252,Pantoprazole 40mg (Pan 40) (Formula 252),IBU391,DISPENSED,-15,100.0,1500.0,CUSTOMER_DISPENSING,DISP-01276,2026-04-28T05:00:00Z,PHARM-HIST-0001,pharmaflow-main,SYNTHETIC_OPERATIONAL_RECORD
MOV-001277,MED-0253,Pantoprazole + Domperidone (Pan-D) (Formula 253),ACE392,DISPENSED,-10,145.0,1450.0,CUSTOMER_DISPENSING,DISP-01277,2026-05-07T16:00:00Z,PHARM-KA-2022-7212,pharmaflow-main,SYNTHETIC_OPERATIONAL_RECORD
MOV-001278,MED-0254,Omeprazole 20mg (Omez) (Formula 254),VIL393,DISPENSED,-15,64.5,967.5,CUSTOMER_DISPENSING,DISP-01278,2026-08-22T16:00:00Z,PHARM-HIST-0001,pharmaflow-main,SYNTHETIC_OPERATIONAL_RECORD
MOV-001279,MED-0255,Telmisartan 40mg (Telma 40) (Formula 255),RAB394,DISPENSED,-20,103.0,2060.0,CUSTOMER_DISPENSING,DISP-01279,2026-07-05T05:00:00Z,PHARM-KA-2022-7212,pharmaflow-main,SYNTHETIC_OPERATIONAL_RECORD
MOV-001280,MED-0256,Telmisartan + Amlodipine (Telma-AM) (Formula 256),COU395,DISPENSED,-20,147.5,2950.0,CUSTOMER_DISPENSING,DISP-01280,2026-06-06T14:00:00Z,PHARM-HIST-0001,pharmaflow-main,SYNTHETIC_OPERATIONAL_RECORD
MOV-001281,MED-0257,Atorvastatin 10mg (Atorva 10) (Formula 257),ORA396,DISPENSED,-15,120.0,1800.0,CUSTOMER_DISPENSING,DISP-01281,2026-05-15T22:00:00Z,PHARM-KA-2022-7212,pharmaflow-main,SYNTHETIC_OPERATIONAL_RECORD
MOV-001282,MED-0258,Rosuvastatin 10mg (Rosuvas 10) (Formula 258),MUL397,DISPENSED,-15,147.5,2212.5,CUSTOMER_DISPENSING,DISP-01282,2026-09-01T04:00:00Z,PHARM-HIST-0001,pharmaflow-main,SYNTHETIC_OPERATIONAL_RECORD
MOV-001283,MED-0259,Ciprofloxacin 500mg (Ciplox 500) (Formula 259),THY398,DISPENSED,-5,87.0,435.0,CUSTOMER_DISPENSING,DISP-01283,2026-08-05T09:00:00Z,PHARM-KA-2022-7212,pharmaflow-main,SYNTHETIC_OPERATIONAL_RECORD
MOV-001284,MED-0260,Ofloxacin + Ornidazole (O2) (Formula 260),CLO399,DISPENSED,-20,115.0,2300.0,CUSTOMER_DISPENSING,DISP-01284,2026-05-21T00:00:00Z,PHARM-HIST-0001,pharmaflow-main,SYNTHETIC_OPERATIONAL_RECORD
MOV-001285,MED-0261,Montelukast + Levocetirizine (Montair-LC) (Formula 261),PAR400,DISPENSED,-5,160.5,802.5,CUSTOMER_DISPENSING,DISP-01285,2026-09-21T06:00:00Z,PHARM-KA-2022-7212,pharmaflow-main,SYNTHETIC_OPERATIONAL_RECORD
MOV-001286,MED-0262,Ibuprofen 400mg (Brufen 400) (Formula 262),PAR401,DISPENSED,-15,33.0,495.0,CUSTOMER_DISPENSING,DISP-01286,2026-06-03T22:00:00Z,PHARM-HIST-0001,pharmaflow-main,SYNTHETIC_OPERATIONAL_RECORD
MOV-001287,MED-0263,Aceclofenac + Paracetamol (Zerodol-P) (Formula 263),VIT402,DISPENSED,-15,82.5,1237.5,CUSTOMER_DISPENSING,DISP-01287,2026-05-30T18:00:00Z,PHARM-KA-2022-7212,pharmaflow-main,SYNTHETIC_OPERATIONAL_RECORD
MOV-001288,MED-0264,Vildagliptin + Metformin (Galvus Met) (Formula 264),AMO403,DISPENSED,-20,250.0,5000.0,CUSTOMER_DISPENSING,DISP-01288,2026-08-19T04:00:00Z,PHARM-HIST-0001,pharmaflow-main,SYNTHETIC_OPERATIONAL_RECORD
MOV-001289,MED-0265,Rabeprazole 20mg (Razo 20) (Formula 265),AMO404,DISPENSED,-5,124.5,622.5,CUSTOMER_DISPENSING,DISP-01289,2026-06-20T16:00:00Z,PHARM-KA-2022-7212,pharmaflow-main,SYNTHETIC_OPERATIONAL_RECORD
MOV-001290,MED-0266,Cough Syrup (Ascoril-D) (Formula 266),CET405,DISPENSED,-20,103.0,2060.0,CUSTOMER_DISPENSING,DISP-01290,2026-05-09T09:00:00Z,PHARM-HIST-0001,pharmaflow-main,SYNTHETIC_OPERATIONAL_RECORD
MOV-001291,MED-0267,Oral Rehydration Salts (Electral ORS) (Formula 267),LEV406,DISPENSED,-20,18.0,360.0,CUSTOMER_DISPENSING,DISP-01291,2026-06-19T00:00:00Z,PHARM-KA-2022-7212,pharmaflow-main,SYNTHETIC_OPERATIONAL_RECORD
MOV-001292,MED-0268,Multivitamin + Zinc (Becadexamin) (Formula 268),AZI407,DISPENSED,-15,44.5,667.5,CUSTOMER_DISPENSING,DISP-01292,2026-09-08T08:00:00Z,PHARM-HIST-0001,pharmaflow-main,SYNTHETIC_OPERATIONAL_RECORD
MOV-001293,MED-0269,Thyroxine Sodium 50mcg (Thyronorm 50) (Formula 269),AZI408,DISPENSED,-10,130.0,1300.0,CUSTOMER_DISPENSING,DISP-01293,2026-09-07T01:00:00Z,PHARM-KA-2022-7212,pharmaflow-main,SYNTHETIC_OPERATIONAL_RECORD
MOV-001294,MED-0270,Clopidogrel 75mg (Clopilet 75) (Formula 270),MET409,DISPENSED,-5,137.5,687.5,CUSTOMER_DISPENSING,DISP-01294,2026-09-28T10:00:00Z,PHARM-HIST-0001,pharmaflow-main,SYNTHETIC_OPERATIONAL_RECORD
MOV-001295,MED-0271,Paracetamol 500mg (Formula 271),MET410,DISPENSED,-15,35.0,525.0,CUSTOMER_DISPENSING,DISP-01295,2026-09-10T19:00:00Z,PHARM-KA-2022-7212,pharmaflow-main,SYNTHETIC_OPERATIONAL_RECORD
MOV-001296,MED-0272,Paracetamol 650mg (Dolo 650) (Formula 272),PAN411,DISPENSED,-15,44.5,667.5,CUSTOMER_DISPENSING,DISP-01296,2026-09-06T09:00:00Z,PHARM-HIST-0001,pharmaflow-main,SYNTHETIC_OPERATIONAL_RECORD
MOV-001297,MED-0273,Vitamin D3 60K (Calcirol) (Formula 273),PAN412,DISPENSED,-20,80.0,1600.0,CUSTOMER_DISPENSING,DISP-01297,2026-08-17T11:00:00Z,PHARM-KA-2022-7212,pharmaflow-main,SYNTHETIC_OPERATIONAL_RECORD
MOV-001298,MED-0274,Amoxicillin 500mg (Novamox) (Formula 274),OME413,DISPENSED,-5,95.0,475.0,CUSTOMER_DISPENSING,DISP-01298,2026-10-06T09:00:00Z,PHARM-HIST-0001,pharmaflow-main,SYNTHETIC_OPERATIONAL_RECORD
MOV-001299,MED-0275,Amoxicillin + Clavulanic Acid 625mg (Augmentin) (Formula 275),TEL414,DISPENSED,-15,167.5,2512.5,CUSTOMER_DISPENSING,DISP-01299,2026-05-01T13:00:00Z,PHARM-KA-2022-7212,pharmaflow-main,SYNTHETIC_OPERATIONAL_RECORD
MOV-001300,MED-0276,Cetirizine 10mg (Cetzine) (Formula 276),TEL415,DISPENSED,-15,40.0,600.0,CUSTOMER_DISPENSING,DISP-01300,2026-07-27T23:00:00Z,PHARM-HIST-0001,pharmaflow-main,SYNTHETIC_OPERATIONAL_RECORD
MOV-001301,MED-0277,Levocetirizine 5mg (Levocet) (Formula 277),ATO416,DISPENSED,-10,55.5,555.0,CUSTOMER_DISPENSING,DISP-01301,2026-08-10T05:00:00Z,PHARM-KA-2022-7212,pharmaflow-main,SYNTHETIC_OPERATIONAL_RECORD
MOV-001302,MED-0278,Azithromycin 250mg (Azee 250) (Formula 278),ROS417,DISPENSED,-15,130.0,1950.0,CUSTOMER_DISPENSING,DISP-01302,2026-05-20T01:00:00Z,PHARM-HIST-0001,pharmaflow-main,SYNTHETIC_OPERATIONAL_RECORD
MOV-001303,MED-0279,Azithromycin 500mg (Azithral 500) (Formula 279),CIP418,DISPENSED,-10,187.5,1875.0,CUSTOMER_DISPENSING,DISP-01303,2026-08-31T12:00:00Z,PHARM-KA-2022-7212,pharmaflow-main,SYNTHETIC_OPERATIONAL_RECORD
MOV-001304,MED-0280,Metformin 500mg (Glycomet 500) (Formula 280),OFL419,DISPENSED,-15,60.0,900.0,CUSTOMER_DISPENSING,DISP-01304,2026-08-13T07:00:00Z,PHARM-HIST-0001,pharmaflow-main,SYNTHETIC_OPERATIONAL_RECORD
MOV-001305,MED-0281,Metformin 1000mg SR (Glucophage) (Formula 281),MON420,DISPENSED,-20,68.0,1360.0,CUSTOMER_DISPENSING,DISP-01305,2026-08-16T19:00:00Z,PHARM-KA-2022-7212,pharmaflow-main,SYNTHETIC_OPERATIONAL_RECORD
MOV-001306,MED-0282,Pantoprazole 40mg (Pan 40) (Formula 282),IBU421,DISPENSED,-5,87.5,437.5,CUSTOMER_DISPENSING,DISP-01306,2026-08-28T10:00:00Z,PHARM-HIST-0001,pharmaflow-main,SYNTHETIC_OPERATIONAL_RECORD
MOV-001307,MED-0283,Pantoprazole + Domperidone (Pan-D) (Formula 283),ACE422,DISPENSED,-15,150.0,2250.0,CUSTOMER_DISPENSING,DISP-01307,2026-06-06T09:00:00Z,PHARM-KA-2022-7212,pharmaflow-main,SYNTHETIC_OPERATIONAL_RECORD
MOV-001308,MED-0284,Omeprazole 20mg (Omez) (Formula 284),VIL423,DISPENSED,-5,69.5,347.5,CUSTOMER_DISPENSING,DISP-01308,2026-08-05T23:00:00Z,PHARM-HIST-0001,pharmaflow-main,SYNTHETIC_OPERATIONAL_RECORD
MOV-001309,MED-0285,Telmisartan 40mg (Telma 40) (Formula 285),RAB424,DISPENSED,-10,108.0,1080.0,CUSTOMER_DISPENSING,DISP-01309,2026-08-07T22:00:00Z,PHARM-KA-2022-7212,pharmaflow-main,SYNTHETIC_OPERATIONAL_RECORD
MOV-001310,MED-0286,Telmisartan + Amlodipine (Telma-AM) (Formula 286),COU425,DISPENSED,-10,152.5,1525.0,CUSTOMER_DISPENSING,DISP-01310,2026-08-25T05:00:00Z,PHARM-HIST-0001,pharmaflow-main,SYNTHETIC_OPERATIONAL_RECORD
MOV-001311,MED-0287,Atorvastatin 10mg (Atorva 10) (Formula 287),ORA426,DISPENSED,-15,125.0,1875.0,CUSTOMER_DISPENSING,DISP-01311,2026-09-11T12:00:00Z,PHARM-KA-2022-7212,pharmaflow-main,SYNTHETIC_OPERATIONAL_RECORD
MOV-001312,MED-0288,Rosuvastatin 10mg (Rosuvas 10) (Formula 288),MUL427,DISPENSED,-10,135.0,1350.0,CUSTOMER_DISPENSING,DISP-01312,2026-04-20T03:00:00Z,PHARM-HIST-0001,pharmaflow-main,SYNTHETIC_OPERATIONAL_RECORD
MOV-001313,MED-0289,Ciprofloxacin 500mg (Ciplox 500) (Formula 289),PCT101,DISPENSED,-20,74.5,1490.0,CUSTOMER_DISPENSING,DISP-01313,2026-05-12T17:00:00Z,PHARM-KA-2022-7212,pharmaflow-main,SYNTHETIC_OPERATIONAL_RECORD
MOV-001314,MED-0290,Ofloxacin + Ornidazole (O2) (Formula 290),VD102,DISPENSED,-20,120.0,2400.0,CUSTOMER_DISPENSING,DISP-01314,2026-06-16T06:00:00Z,PHARM-HIST-0001,pharmaflow-main,SYNTHETIC_OPERATIONAL_RECORD
MOV-001315,MED-0291,Montelukast + Levocetirizine (Montair-LC) (Formula 291),AMX204,DISPENSED,-10,165.5,1655.0,CUSTOMER_DISPENSING,DISP-01315,2026-09-13T10:00:00Z,PHARM-KA-2022-7212,pharmaflow-main,SYNTHETIC_OPERATIONAL_RECORD
MOV-001316,MED-0292,Ibuprofen 400mg (Brufen 400) (Formula 292),CTZ302,DISPENSED,-20,38.0,760.0,CUSTOMER_DISPENSING,DISP-01316,2026-06-16T22:00:00Z,PHARM-HIST-0001,pharmaflow-main,SYNTHETIC_OPERATIONAL_RECORD
MOV-001317,MED-0293,Aceclofenac + Paracetamol (Zerodol-P) (Formula 293),DEMO-EXP-001,DISPENSED,-10,87.5,875.0,CUSTOMER_DISPENSING,DISP-01317,2026-07-01T17:00:00Z,PHARM-KA-2022-7212,pharmaflow-main,SYNTHETIC_OPERATIONAL_RECORD
MOV-001318,MED-0294,Vildagliptin + Metformin (Galvus Met) (Formula 294),DEMO-EXP-002,DISPENSED,-20,255.0,5100.0,CUSTOMER_DISPENSING,DISP-01318,2026-10-02T19:00:00Z,PHARM-HIST-0001,pharmaflow-main,SYNTHETIC_OPERATIONAL_RECORD
MOV-001319,MED-0295,Rabeprazole 20mg (Razo 20) (Formula 295),LEV106,DISPENSED,-15,112.0,1680.0,CUSTOMER_DISPENSING,DISP-01319,2026-08-16T15:00:00Z,PHARM-KA-2022-7212,pharmaflow-main,SYNTHETIC_OPERATIONAL_RECORD
MOV-001320,MED-0296,Cough Syrup (Ascoril-D) (Formula 296),AZI107,DISPENSED,-20,90.5,1810.0,CUSTOMER_DISPENSING,DISP-01320,2026-06-18T20:00:00Z,PHARM-HIST-0001,pharmaflow-main,SYNTHETIC_OPERATIONAL_RECORD
MOV-001321,MED-0297,Oral Rehydration Salts (Electral ORS) (Formula 297),AZI108,DISPENSED,-15,23.0,345.0,CUSTOMER_DISPENSING,DISP-01321,2026-07-18T12:00:00Z,PHARM-KA-2022-7212,pharmaflow-main,SYNTHETIC_OPERATIONAL_RECORD
MOV-001322,MED-0298,Multivitamin + Zinc (Becadexamin) (Formula 298),MET109,DISPENSED,-20,49.5,990.0,CUSTOMER_DISPENSING,DISP-01322,2026-05-31T17:00:00Z,PHARM-HIST-0001,pharmaflow-main,SYNTHETIC_OPERATIONAL_RECORD
MOV-001323,MED-0299,Thyroxine Sodium 50mcg (Thyronorm 50) (Formula 299),MET110,DISPENSED,-20,135.0,2700.0,CUSTOMER_DISPENSING,DISP-01323,2026-06-16T17:00:00Z,PHARM-KA-2022-7212,pharmaflow-main,SYNTHETIC_OPERATIONAL_RECORD
MOV-001324,MED-0300,Clopidogrel 75mg (Clopilet 75) (Formula 300),PAN111,DISPENSED,-10,142.5,1425.0,CUSTOMER_DISPENSING,DISP-01324,2026-07-05T08:00:00Z,PHARM-HIST-0001,pharmaflow-main,SYNTHETIC_OPERATIONAL_RECORD
MOV-001325,MED-0301,Paracetamol 500mg (Formula 301),PAN112,DISPENSED,-5,40.0,200.0,CUSTOMER_DISPENSING,DISP-01325,2026-05-07T14:00:00Z,PHARM-KA-2022-7212,pharmaflow-main,SYNTHETIC_OPERATIONAL_RECORD
MOV-001326,MED-0302,Paracetamol 650mg (Dolo 650) (Formula 302),OME113,DISPENSED,-20,32.0,640.0,CUSTOMER_DISPENSING,DISP-01326,2026-08-26T00:00:00Z,PHARM-HIST-0001,pharmaflow-main,SYNTHETIC_OPERATIONAL_RECORD
MOV-001327,MED-0303,Vitamin D3 60K (Calcirol) (Formula 303),TEL114,DISPENSED,-10,67.5,675.0,CUSTOMER_DISPENSING,DISP-01327,2026-08-14T02:00:00Z,PHARM-KA-2022-7212,pharmaflow-main,SYNTHETIC_OPERATIONAL_RECORD
MOV-001328,MED-0304,Amoxicillin 500mg (Novamox) (Formula 304),TEL115,DISPENSED,-15,100.0,1500.0,CUSTOMER_DISPENSING,DISP-01328,2026-06-27T04:00:00Z,PHARM-HIST-0001,pharmaflow-main,SYNTHETIC_OPERATIONAL_RECORD
MOV-001329,MED-0305,Amoxicillin + Clavulanic Acid 625mg (Augmentin) (Formula 305),ATO116,DISPENSED,-10,172.5,1725.0,CUSTOMER_DISPENSING,DISP-01329,2026-07-26T05:00:00Z,PHARM-KA-2022-7212,pharmaflow-main,SYNTHETIC_OPERATIONAL_RECORD
MOV-001330,MED-0306,Cetirizine 10mg (Cetzine) (Formula 306),ROS117,DISPENSED,-20,45.0,900.0,CUSTOMER_DISPENSING,DISP-01330,2026-05-07T21:00:00Z,PHARM-HIST-0001,pharmaflow-main,SYNTHETIC_OPERATIONAL_RECORD
MOV-001331,MED-0307,Levocetirizine 5mg (Levocet) (Formula 307),CIP118,DISPENSED,-5,60.5,302.5,CUSTOMER_DISPENSING,DISP-01331,2026-04-15T18:00:00Z,PHARM-KA-2022-7212,pharmaflow-main,SYNTHETIC_OPERATIONAL_RECORD
MOV-001332,MED-0308,Azithromycin 250mg (Azee 250) (Formula 308),OFL119,DISPENSED,-10,135.0,1350.0,CUSTOMER_DISPENSING,DISP-01332,2026-04-25T14:00:00Z,PHARM-HIST-0001,pharmaflow-main,SYNTHETIC_OPERATIONAL_RECORD
MOV-001333,MED-0309,Azithromycin 500mg (Azithral 500) (Formula 309),MON120,DISPENSED,-5,175.0,875.0,CUSTOMER_DISPENSING,DISP-01333,2026-06-14T14:00:00Z,PHARM-KA-2022-7212,pharmaflow-main,SYNTHETIC_OPERATIONAL_RECORD
MOV-001334,MED-0310,Metformin 500mg (Glycomet 500) (Formula 310),IBU121,DISPENSED,-5,47.5,237.5,CUSTOMER_DISPENSING,DISP-01334,2026-06-30T18:00:00Z,PHARM-HIST-0001,pharmaflow-main,SYNTHETIC_OPERATIONAL_RECORD
MOV-001335,MED-0311,Metformin 1000mg SR (Glucophage) (Formula 311),ACE122,DISPENSED,-15,73.0,1095.0,CUSTOMER_DISPENSING,DISP-01335,2026-07-08T00:00:00Z,PHARM-KA-2022-7212,pharmaflow-main,SYNTHETIC_OPERATIONAL_RECORD
MOV-001336,MED-0312,Pantoprazole 40mg (Pan 40) (Formula 312),VIL123,DISPENSED,-5,92.5,462.5,CUSTOMER_DISPENSING,DISP-01336,2026-06-04T23:00:00Z,PHARM-HIST-0001,pharmaflow-main,SYNTHETIC_OPERATIONAL_RECORD
MOV-001337,MED-0313,Pantoprazole + Domperidone (Pan-D) (Formula 313),RAB124,DISPENSED,-20,155.0,3100.0,CUSTOMER_DISPENSING,DISP-01337,2026-06-22T10:00:00Z,PHARM-KA-2022-7212,pharmaflow-main,SYNTHETIC_OPERATIONAL_RECORD
MOV-001338,MED-0314,Omeprazole 20mg (Omez) (Formula 314),COU125,DISPENSED,-20,74.5,1490.0,CUSTOMER_DISPENSING,DISP-01338,2026-08-04T01:00:00Z,PHARM-HIST-0001,pharmaflow-main,SYNTHETIC_OPERATIONAL_RECORD
MOV-001339,MED-0315,Telmisartan 40mg (Telma 40) (Formula 315),ORA126,DISPENSED,-10,113.0,1130.0,CUSTOMER_DISPENSING,DISP-01339,2026-08-01T01:00:00Z,PHARM-KA-2022-7212,pharmaflow-main,SYNTHETIC_OPERATIONAL_RECORD
MOV-001340,MED-0316,Telmisartan + Amlodipine (Telma-AM) (Formula 316),MUL127,DISPENSED,-15,140.0,2100.0,CUSTOMER_DISPENSING,DISP-01340,2026-06-08T07:00:00Z,PHARM-HIST-0001,pharmaflow-main,SYNTHETIC_OPERATIONAL_RECORD
MOV-001341,MED-0317,Atorvastatin 10mg (Atorva 10) (Formula 317),THY128,DISPENSED,-10,112.5,1125.0,CUSTOMER_DISPENSING,DISP-01341,2026-08-12T18:00:00Z,PHARM-KA-2022-7212,pharmaflow-main,SYNTHETIC_OPERATIONAL_RECORD
MOV-001342,MED-0318,Rosuvastatin 10mg (Rosuvas 10) (Formula 318),CLO129,DISPENSED,-10,140.0,1400.0,CUSTOMER_DISPENSING,DISP-01342,2026-09-29T00:00:00Z,PHARM-HIST-0001,pharmaflow-main,SYNTHETIC_OPERATIONAL_RECORD
MOV-001343,MED-0319,Ciprofloxacin 500mg (Ciplox 500) (Formula 319),PAR130,DISPENSED,-15,79.5,1192.5,CUSTOMER_DISPENSING,DISP-01343,2026-09-26T05:00:00Z,PHARM-KA-2022-7212,pharmaflow-main,SYNTHETIC_OPERATIONAL_RECORD
MOV-001344,MED-0320,Ofloxacin + Ornidazole (O2) (Formula 320),PAR131,DISPENSED,-5,125.0,625.0,CUSTOMER_DISPENSING,DISP-01344,2026-08-29T10:00:00Z,PHARM-HIST-0001,pharmaflow-main,SYNTHETIC_OPERATIONAL_RECORD
MOV-001345,MED-0321,Montelukast + Levocetirizine (Montair-LC) (Formula 321),VIT132,DISPENSED,-5,170.5,852.5,CUSTOMER_DISPENSING,DISP-01345,2026-08-05T10:00:00Z,PHARM-KA-2022-7212,pharmaflow-main,SYNTHETIC_OPERATIONAL_RECORD
MOV-001346,MED-0322,Ibuprofen 400mg (Brufen 400) (Formula 322),AMO133,DISPENSED,-15,43.0,645.0,CUSTOMER_DISPENSING,DISP-01346,2026-06-15T08:00:00Z,PHARM-HIST-0001,pharmaflow-main,SYNTHETIC_OPERATIONAL_RECORD
MOV-001347,MED-0323,Aceclofenac + Paracetamol (Zerodol-P) (Formula 323),AMO134,DISPENSED,-15,75.0,1125.0,CUSTOMER_DISPENSING,DISP-01347,2026-09-01T23:00:00Z,PHARM-KA-2022-7212,pharmaflow-main,SYNTHETIC_OPERATIONAL_RECORD
MOV-001348,MED-0324,Vildagliptin + Metformin (Galvus Met) (Formula 324),CET135,DISPENSED,-15,242.5,3637.5,CUSTOMER_DISPENSING,DISP-01348,2026-08-22T05:00:00Z,PHARM-HIST-0001,pharmaflow-main,SYNTHETIC_OPERATIONAL_RECORD
MOV-001349,MED-0325,Rabeprazole 20mg (Razo 20) (Formula 325),LEV136,DISPENSED,-20,117.0,2340.0,CUSTOMER_DISPENSING,DISP-01349,2026-07-21T07:00:00Z,PHARM-KA-2022-7212,pharmaflow-main,SYNTHETIC_OPERATIONAL_RECORD
MOV-001350,MED-0326,Cough Syrup (Ascoril-D) (Formula 326),AZI137,DISPENSED,-5,95.5,477.5,CUSTOMER_DISPENSING,DISP-01350,2026-08-10T10:00:00Z,PHARM-HIST-0001,pharmaflow-main,SYNTHETIC_OPERATIONAL_RECORD
MOV-001351,MED-0327,Oral Rehydration Salts (Electral ORS) (Formula 327),AZI138,DISPENSED,-5,28.0,140.0,CUSTOMER_DISPENSING,DISP-01351,2026-05-14T16:00:00Z,PHARM-KA-2022-7212,pharmaflow-main,SYNTHETIC_OPERATIONAL_RECORD
MOV-001352,MED-0328,Multivitamin + Zinc (Becadexamin) (Formula 328),MET139,DISPENSED,-10,54.5,545.0,CUSTOMER_DISPENSING,DISP-01352,2026-07-26T19:00:00Z,PHARM-HIST-0001,pharmaflow-main,SYNTHETIC_OPERATIONAL_RECORD
MOV-001353,MED-0329,Thyroxine Sodium 50mcg (Thyronorm 50) (Formula 329),MET140,DISPENSED,-20,140.0,2800.0,CUSTOMER_DISPENSING,DISP-01353,2026-06-22T07:00:00Z,PHARM-KA-2022-7212,pharmaflow-main,SYNTHETIC_OPERATIONAL_RECORD
MOV-001354,MED-0330,Clopidogrel 75mg (Clopilet 75) (Formula 330),PAN141,DISPENSED,-10,130.0,1300.0,CUSTOMER_DISPENSING,DISP-01354,2026-10-04T06:00:00Z,PHARM-HIST-0001,pharmaflow-main,SYNTHETIC_OPERATIONAL_RECORD
MOV-001355,MED-0331,Paracetamol 500mg (Formula 331),PAN142,DISPENSED,-5,27.5,137.5,CUSTOMER_DISPENSING,DISP-01355,2026-09-21T09:00:00Z,PHARM-KA-2022-7212,pharmaflow-main,SYNTHETIC_OPERATIONAL_RECORD
MOV-001356,MED-0332,Paracetamol 650mg (Dolo 650) (Formula 332),OME143,DISPENSED,-15,37.0,555.0,CUSTOMER_DISPENSING,DISP-01356,2026-08-23T19:00:00Z,PHARM-HIST-0001,pharmaflow-main,SYNTHETIC_OPERATIONAL_RECORD
MOV-001357,MED-0333,Vitamin D3 60K (Calcirol) (Formula 333),TEL144,DISPENSED,-5,72.5,362.5,CUSTOMER_DISPENSING,DISP-01357,2026-06-11T19:00:00Z,PHARM-KA-2022-7212,pharmaflow-main,SYNTHETIC_OPERATIONAL_RECORD
MOV-001358,MED-0334,Amoxicillin 500mg (Novamox) (Formula 334),TEL145,DISPENSED,-15,105.0,1575.0,CUSTOMER_DISPENSING,DISP-01358,2026-08-24T08:00:00Z,PHARM-HIST-0001,pharmaflow-main,SYNTHETIC_OPERATIONAL_RECORD
MOV-001359,MED-0335,Amoxicillin + Clavulanic Acid 625mg (Augmentin) (Formula 335),ATO146,DISPENSED,-10,177.5,1775.0,CUSTOMER_DISPENSING,DISP-01359,2026-08-07T12:00:00Z,PHARM-KA-2022-7212,pharmaflow-main,SYNTHETIC_OPERATIONAL_RECORD
MOV-001360,MED-0336,Cetirizine 10mg (Cetzine) (Formula 336),ROS147,DISPENSED,-15,50.0,750.0,CUSTOMER_DISPENSING,DISP-01360,2026-08-26T04:00:00Z,PHARM-HIST-0001,pharmaflow-main,SYNTHETIC_OPERATIONAL_RECORD
MOV-001361,MED-0337,Levocetirizine 5mg (Levocet) (Formula 337),CIP148,DISPENSED,-5,48.0,240.0,CUSTOMER_DISPENSING,DISP-01361,2026-06-01T20:00:00Z,PHARM-KA-2022-7212,pharmaflow-main,SYNTHETIC_OPERATIONAL_RECORD
MOV-001362,MED-0338,Azithromycin 250mg (Azee 250) (Formula 338),OFL149,DISPENSED,-5,122.5,612.5,CUSTOMER_DISPENSING,DISP-01362,2026-06-30T08:00:00Z,PHARM-HIST-0001,pharmaflow-main,SYNTHETIC_OPERATIONAL_RECORD
MOV-001363,MED-0339,Azithromycin 500mg (Azithral 500) (Formula 339),MON150,DISPENSED,-10,180.0,1800.0,CUSTOMER_DISPENSING,DISP-01363,2026-09-25T21:00:00Z,PHARM-KA-2022-7212,pharmaflow-main,SYNTHETIC_OPERATIONAL_RECORD
MOV-001364,MED-0340,Metformin 500mg (Glycomet 500) (Formula 340),IBU151,DISPENSED,-10,52.5,525.0,CUSTOMER_DISPENSING,DISP-01364,2026-09-05T05:00:00Z,PHARM-HIST-0001,pharmaflow-main,SYNTHETIC_OPERATIONAL_RECORD
MOV-001365,MED-0341,Metformin 1000mg SR (Glucophage) (Formula 341),ACE152,DISPENSED,-15,78.0,1170.0,CUSTOMER_DISPENSING,DISP-01365,2026-05-15T04:00:00Z,PHARM-KA-2022-7212,pharmaflow-main,SYNTHETIC_OPERATIONAL_RECORD
MOV-001366,MED-0342,Pantoprazole 40mg (Pan 40) (Formula 342),VIL153,DISPENSED,-20,97.5,1950.0,CUSTOMER_DISPENSING,DISP-01366,2026-08-06T22:00:00Z,PHARM-HIST-0001,pharmaflow-main,SYNTHETIC_OPERATIONAL_RECORD
MOV-001367,MED-0343,Pantoprazole + Domperidone (Pan-D) (Formula 343),RAB154,DISPENSED,-10,160.0,1600.0,CUSTOMER_DISPENSING,DISP-01367,2026-09-09T14:00:00Z,PHARM-KA-2022-7212,pharmaflow-main,SYNTHETIC_OPERATIONAL_RECORD
MOV-001368,MED-0344,Omeprazole 20mg (Omez) (Formula 344),COU155,DISPENSED,-10,62.0,620.0,CUSTOMER_DISPENSING,DISP-01368,2026-08-27T16:00:00Z,PHARM-HIST-0001,pharmaflow-main,SYNTHETIC_OPERATIONAL_RECORD
MOV-001369,MED-0345,Telmisartan 40mg (Telma 40) (Formula 345),ORA156,DISPENSED,-5,100.5,502.5,CUSTOMER_DISPENSING,DISP-01369,2026-09-21T00:00:00Z,PHARM-KA-2022-7212,pharmaflow-main,SYNTHETIC_OPERATIONAL_RECORD
MOV-001370,MED-0346,Telmisartan + Amlodipine (Telma-AM) (Formula 346),MUL157,DISPENSED,-10,145.0,1450.0,CUSTOMER_DISPENSING,DISP-01370,2026-10-08T03:00:00Z,PHARM-HIST-0001,pharmaflow-main,SYNTHETIC_OPERATIONAL_RECORD
MOV-001371,MED-0347,Atorvastatin 10mg (Atorva 10) (Formula 347),THY158,DISPENSED,-20,117.5,2350.0,CUSTOMER_DISPENSING,DISP-01371,2026-05-25T21:00:00Z,PHARM-KA-2022-7212,pharmaflow-main,SYNTHETIC_OPERATIONAL_RECORD
MOV-001372,MED-0348,Rosuvastatin 10mg (Rosuvas 10) (Formula 348),CLO159,DISPENSED,-20,145.0,2900.0,CUSTOMER_DISPENSING,DISP-01372,2026-05-20T19:00:00Z,PHARM-HIST-0001,pharmaflow-main,SYNTHETIC_OPERATIONAL_RECORD
MOV-001373,MED-0349,Ciprofloxacin 500mg (Ciplox 500) (Formula 349),PAR160,DISPENSED,-20,84.5,1690.0,CUSTOMER_DISPENSING,DISP-01373,2026-05-26T22:00:00Z,PHARM-KA-2022-7212,pharmaflow-main,SYNTHETIC_OPERATIONAL_RECORD
MOV-001374,MED-0350,Ofloxacin + Ornidazole (O2) (Formula 350),PAR161,DISPENSED,-15,130.0,1950.0,CUSTOMER_DISPENSING,DISP-01374,2026-05-05T18:00:00Z,PHARM-HIST-0001,pharmaflow-main,SYNTHETIC_OPERATIONAL_RECORD
MOV-001375,MED-0351,Montelukast + Levocetirizine (Montair-LC) (Formula 351),VIT162,DISPENSED,-20,158.0,3160.0,CUSTOMER_DISPENSING,DISP-01375,2026-08-04T20:00:00Z,PHARM-KA-2022-7212,pharmaflow-main,SYNTHETIC_OPERATIONAL_RECORD
MOV-001376,MED-0352,Ibuprofen 400mg (Brufen 400) (Formula 352),AMO163,DISPENSED,-20,30.5,610.0,CUSTOMER_DISPENSING,DISP-01376,2026-08-26T20:00:00Z,PHARM-HIST-0001,pharmaflow-main,SYNTHETIC_OPERATIONAL_RECORD
MOV-001377,MED-0353,Aceclofenac + Paracetamol (Zerodol-P) (Formula 353),AMO164,DISPENSED,-20,80.0,1600.0,CUSTOMER_DISPENSING,DISP-01377,2026-09-06T11:00:00Z,PHARM-KA-2022-7212,pharmaflow-main,SYNTHETIC_OPERATIONAL_RECORD
MOV-001378,MED-0354,Vildagliptin + Metformin (Galvus Met) (Formula 354),CET165,DISPENSED,-10,247.5,2475.0,CUSTOMER_DISPENSING,DISP-01378,2026-09-19T17:00:00Z,PHARM-HIST-0001,pharmaflow-main,SYNTHETIC_OPERATIONAL_RECORD
MOV-001379,MED-0355,Rabeprazole 20mg (Razo 20) (Formula 355),LEV166,DISPENSED,-15,122.0,1830.0,CUSTOMER_DISPENSING,DISP-01379,2026-07-24T09:00:00Z,PHARM-KA-2022-7212,pharmaflow-main,SYNTHETIC_OPERATIONAL_RECORD
MOV-001380,MED-0356,Cough Syrup (Ascoril-D) (Formula 356),AZI167,DISPENSED,-20,100.5,2010.0,CUSTOMER_DISPENSING,DISP-01380,2026-07-03T00:00:00Z,PHARM-HIST-0001,pharmaflow-main,SYNTHETIC_OPERATIONAL_RECORD
MOV-001381,MED-0357,Oral Rehydration Salts (Electral ORS) (Formula 357),AZI168,DISPENSED,-15,33.0,495.0,CUSTOMER_DISPENSING,DISP-01381,2026-07-05T12:00:00Z,PHARM-KA-2022-7212,pharmaflow-main,SYNTHETIC_OPERATIONAL_RECORD
MOV-001382,MED-0358,Multivitamin + Zinc (Becadexamin) (Formula 358),MET169,DISPENSED,-15,42.0,630.0,CUSTOMER_DISPENSING,DISP-01382,2026-06-06T06:00:00Z,PHARM-HIST-0001,pharmaflow-main,SYNTHETIC_OPERATIONAL_RECORD
MOV-001383,MED-0359,Thyroxine Sodium 50mcg (Thyronorm 50) (Formula 359),MET170,DISPENSED,-5,127.5,637.5,CUSTOMER_DISPENSING,DISP-01383,2026-08-13T23:00:00Z,PHARM-KA-2022-7212,pharmaflow-main,SYNTHETIC_OPERATIONAL_RECORD
MOV-001384,MED-0360,Clopidogrel 75mg (Clopilet 75) (Formula 360),PAN171,DISPENSED,-10,135.0,1350.0,CUSTOMER_DISPENSING,DISP-01384,2026-06-14T18:00:00Z,PHARM-HIST-0001,pharmaflow-main,SYNTHETIC_OPERATIONAL_RECORD
MOV-001385,MED-0361,Paracetamol 500mg (Formula 361),PAN172,DISPENSED,-10,32.5,325.0,CUSTOMER_DISPENSING,DISP-01385,2026-04-25T03:00:00Z,PHARM-KA-2022-7212,pharmaflow-main,SYNTHETIC_OPERATIONAL_RECORD
MOV-001386,MED-0362,Paracetamol 650mg (Dolo 650) (Formula 362),OME173,DISPENSED,-20,42.0,840.0,CUSTOMER_DISPENSING,DISP-01386,2026-08-07T08:00:00Z,PHARM-HIST-0001,pharmaflow-main,SYNTHETIC_OPERATIONAL_RECORD
MOV-001387,MED-0363,Vitamin D3 60K (Calcirol) (Formula 363),TEL174,DISPENSED,-5,77.5,387.5,CUSTOMER_DISPENSING,DISP-01387,2026-08-10T22:00:00Z,PHARM-KA-2022-7212,pharmaflow-main,SYNTHETIC_OPERATIONAL_RECORD
MOV-001388,MED-0364,Amoxicillin 500mg (Novamox) (Formula 364),TEL175,DISPENSED,-15,110.0,1650.0,CUSTOMER_DISPENSING,DISP-01388,2026-06-06T00:00:00Z,PHARM-HIST-0001,pharmaflow-main,SYNTHETIC_OPERATIONAL_RECORD
MOV-001389,MED-0365,Amoxicillin + Clavulanic Acid 625mg (Augmentin) (Formula 365),ATO176,DISPENSED,-20,165.0,3300.0,CUSTOMER_DISPENSING,DISP-01389,2026-06-11T01:00:00Z,PHARM-KA-2022-7212,pharmaflow-main,SYNTHETIC_OPERATIONAL_RECORD
MOV-001390,MED-0366,Cetirizine 10mg (Cetzine) (Formula 366),ROS177,DISPENSED,-10,37.5,375.0,CUSTOMER_DISPENSING,DISP-01390,2026-06-12T08:00:00Z,PHARM-HIST-0001,pharmaflow-main,SYNTHETIC_OPERATIONAL_RECORD
MOV-001391,MED-0367,Levocetirizine 5mg (Levocet) (Formula 367),CIP178,DISPENSED,-20,53.0,1060.0,CUSTOMER_DISPENSING,DISP-01391,2026-09-25T05:00:00Z,PHARM-KA-2022-7212,pharmaflow-main,SYNTHETIC_OPERATIONAL_RECORD
MOV-001392,MED-0368,Azithromycin 250mg (Azee 250) (Formula 368),OFL179,DISPENSED,-10,127.5,1275.0,CUSTOMER_DISPENSING,DISP-01392,2026-04-28T09:00:00Z,PHARM-HIST-0001,pharmaflow-main,SYNTHETIC_OPERATIONAL_RECORD
MOV-001393,MED-0369,Azithromycin 500mg (Azithral 500) (Formula 369),MON180,DISPENSED,-15,185.0,2775.0,CUSTOMER_DISPENSING,DISP-01393,2026-07-05T11:00:00Z,PHARM-KA-2022-7212,pharmaflow-main,SYNTHETIC_OPERATIONAL_RECORD
MOV-001394,MED-0370,Metformin 500mg (Glycomet 500) (Formula 370),IBU181,DISPENSED,-15,57.5,862.5,CUSTOMER_DISPENSING,DISP-01394,2026-06-11T00:00:00Z,PHARM-HIST-0001,pharmaflow-main,SYNTHETIC_OPERATIONAL_RECORD
MOV-001395,MED-0371,Metformin 1000mg SR (Glucophage) (Formula 371),ACE182,DISPENSED,-20,83.0,1660.0,CUSTOMER_DISPENSING,DISP-01395,2026-09-18T17:00:00Z,PHARM-KA-2022-7212,pharmaflow-main,SYNTHETIC_OPERATIONAL_RECORD
MOV-001396,MED-0372,Pantoprazole 40mg (Pan 40) (Formula 372),VIL183,DISPENSED,-15,85.0,1275.0,CUSTOMER_DISPENSING,DISP-01396,2026-07-09T20:00:00Z,PHARM-HIST-0001,pharmaflow-main,SYNTHETIC_OPERATIONAL_RECORD
MOV-001397,MED-0373,Pantoprazole + Domperidone (Pan-D) (Formula 373),RAB184,DISPENSED,-20,147.5,2950.0,CUSTOMER_DISPENSING,DISP-01397,2026-09-27T21:00:00Z,PHARM-KA-2022-7212,pharmaflow-main,SYNTHETIC_OPERATIONAL_RECORD
MOV-001398,MED-0374,Omeprazole 20mg (Omez) (Formula 374),COU185,DISPENSED,-5,67.0,335.0,CUSTOMER_DISPENSING,DISP-01398,2026-07-10T02:00:00Z,PHARM-HIST-0001,pharmaflow-main,SYNTHETIC_OPERATIONAL_RECORD
MOV-001399,MED-0375,Telmisartan 40mg (Telma 40) (Formula 375),ORA186,DISPENSED,-10,105.5,1055.0,CUSTOMER_DISPENSING,DISP-01399,2026-07-20T20:00:00Z,PHARM-KA-2022-7212,pharmaflow-main,SYNTHETIC_OPERATIONAL_RECORD
MOV-001400,MED-0376,Telmisartan + Amlodipine (Telma-AM) (Formula 376),MUL187,DISPENSED,-10,150.0,1500.0,CUSTOMER_DISPENSING,DISP-01400,2026-10-06T09:00:00Z,PHARM-HIST-0001,pharmaflow-main,SYNTHETIC_OPERATIONAL_RECORD
MOV-001401,MED-0377,Atorvastatin 10mg (Atorva 10) (Formula 377),THY188,DISPENSED,-10,122.5,1225.0,CUSTOMER_DISPENSING,DISP-01401,2026-05-18T04:00:00Z,PHARM-KA-2022-7212,pharmaflow-main,SYNTHETIC_OPERATIONAL_RECORD
MOV-001402,MED-0378,Rosuvastatin 10mg (Rosuvas 10) (Formula 378),CLO189,DISPENSED,-5,150.0,750.0,CUSTOMER_DISPENSING,DISP-01402,2026-10-01T20:00:00Z,PHARM-HIST-0001,pharmaflow-main,SYNTHETIC_OPERATIONAL_RECORD
MOV-001403,MED-0379,Ciprofloxacin 500mg (Ciplox 500) (Formula 379),PAR190,DISPENSED,-10,72.0,720.0,CUSTOMER_DISPENSING,DISP-01403,2026-04-29T20:00:00Z,PHARM-KA-2022-7212,pharmaflow-main,SYNTHETIC_OPERATIONAL_RECORD
MOV-001404,MED-0380,Ofloxacin + Ornidazole (O2) (Formula 380),PAR191,DISPENSED,-15,117.5,1762.5,CUSTOMER_DISPENSING,DISP-01404,2026-10-01T22:00:00Z,PHARM-HIST-0001,pharmaflow-main,SYNTHETIC_OPERATIONAL_RECORD
MOV-001405,MED-0381,Montelukast + Levocetirizine (Montair-LC) (Formula 381),VIT192,DISPENSED,-20,163.0,3260.0,CUSTOMER_DISPENSING,DISP-01405,2026-07-14T17:00:00Z,PHARM-KA-2022-7212,pharmaflow-main,SYNTHETIC_OPERATIONAL_RECORD
MOV-001406,MED-0382,Ibuprofen 400mg (Brufen 400) (Formula 382),AMO193,DISPENSED,-20,35.5,710.0,CUSTOMER_DISPENSING,DISP-01406,2026-07-11T17:00:00Z,PHARM-HIST-0001,pharmaflow-main,SYNTHETIC_OPERATIONAL_RECORD
MOV-001407,MED-0383,Aceclofenac + Paracetamol (Zerodol-P) (Formula 383),AMO194,DISPENSED,-15,85.0,1275.0,CUSTOMER_DISPENSING,DISP-01407,2026-07-28T01:00:00Z,PHARM-KA-2022-7212,pharmaflow-main,SYNTHETIC_OPERATIONAL_RECORD
MOV-001408,MED-0384,Vildagliptin + Metformin (Galvus Met) (Formula 384),CET195,DISPENSED,-5,252.5,1262.5,CUSTOMER_DISPENSING,DISP-01408,2026-05-28T18:00:00Z,PHARM-HIST-0001,pharmaflow-main,SYNTHETIC_OPERATIONAL_RECORD
MOV-001409,MED-0385,Rabeprazole 20mg (Razo 20) (Formula 385),LEV196,DISPENSED,-5,127.0,635.0,CUSTOMER_DISPENSING,DISP-01409,2026-06-17T21:00:00Z,PHARM-KA-2022-7212,pharmaflow-main,SYNTHETIC_OPERATIONAL_RECORD
MOV-001410,MED-0386,Cough Syrup (Ascoril-D) (Formula 386),AZI197,DISPENSED,-20,88.0,1760.0,CUSTOMER_DISPENSING,DISP-01410,2026-05-30T11:00:00Z,PHARM-HIST-0001,pharmaflow-main,SYNTHETIC_OPERATIONAL_RECORD
MOV-001411,MED-0387,Oral Rehydration Salts (Electral ORS) (Formula 387),AZI198,DISPENSED,-5,20.5,102.5,CUSTOMER_DISPENSING,DISP-01411,2026-08-30T00:00:00Z,PHARM-KA-2022-7212,pharmaflow-main,SYNTHETIC_OPERATIONAL_RECORD
MOV-001412,MED-0388,Multivitamin + Zinc (Becadexamin) (Formula 388),MET199,DISPENSED,-15,47.0,705.0,CUSTOMER_DISPENSING,DISP-01412,2026-04-21T14:00:00Z,PHARM-HIST-0001,pharmaflow-main,SYNTHETIC_OPERATIONAL_RECORD
MOV-001413,MED-0389,Thyroxine Sodium 50mcg (Thyronorm 50) (Formula 389),MET200,DISPENSED,-20,132.5,2650.0,CUSTOMER_DISPENSING,DISP-01413,2026-04-29T04:00:00Z,PHARM-KA-2022-7212,pharmaflow-main,SYNTHETIC_OPERATIONAL_RECORD
MOV-001414,MED-0390,Clopidogrel 75mg (Clopilet 75) (Formula 390),PAN201,DISPENSED,-10,140.0,1400.0,CUSTOMER_DISPENSING,DISP-01414,2026-09-02T06:00:00Z,PHARM-HIST-0001,pharmaflow-main,SYNTHETIC_OPERATIONAL_RECORD
MOV-001415,MED-0391,Paracetamol 500mg (Formula 391),PAN202,DISPENSED,-5,37.5,187.5,CUSTOMER_DISPENSING,DISP-01415,2026-05-04T00:00:00Z,PHARM-KA-2022-7212,pharmaflow-main,SYNTHETIC_OPERATIONAL_RECORD
MOV-001416,MED-0392,Paracetamol 650mg (Dolo 650) (Formula 392),OME203,DISPENSED,-15,47.0,705.0,CUSTOMER_DISPENSING,DISP-01416,2026-06-30T05:00:00Z,PHARM-HIST-0001,pharmaflow-main,SYNTHETIC_OPERATIONAL_RECORD
MOV-001417,MED-0393,Vitamin D3 60K (Calcirol) (Formula 393),TEL204,DISPENSED,-5,65.0,325.0,CUSTOMER_DISPENSING,DISP-01417,2026-09-27T03:00:00Z,PHARM-KA-2022-7212,pharmaflow-main,SYNTHETIC_OPERATIONAL_RECORD
MOV-001418,MED-0394,Amoxicillin 500mg (Novamox) (Formula 394),TEL205,DISPENSED,-5,97.5,487.5,CUSTOMER_DISPENSING,DISP-01418,2026-09-04T06:00:00Z,PHARM-HIST-0001,pharmaflow-main,SYNTHETIC_OPERATIONAL_RECORD
MOV-001419,MED-0395,Amoxicillin + Clavulanic Acid 625mg (Augmentin) (Formula 395),ATO206,DISPENSED,-20,170.0,3400.0,CUSTOMER_DISPENSING,DISP-01419,2026-05-16T06:00:00Z,PHARM-KA-2022-7212,pharmaflow-main,SYNTHETIC_OPERATIONAL_RECORD
MOV-001420,MED-0396,Cetirizine 10mg (Cetzine) (Formula 396),ROS207,DISPENSED,-20,42.5,850.0,CUSTOMER_DISPENSING,DISP-01420,2026-08-30T23:00:00Z,PHARM-HIST-0001,pharmaflow-main,SYNTHETIC_OPERATIONAL_RECORD
MOV-001421,MED-0397,Levocetirizine 5mg (Levocet) (Formula 397),CIP208,DISPENSED,-15,58.0,870.0,CUSTOMER_DISPENSING,DISP-01421,2026-08-16T12:00:00Z,PHARM-KA-2022-7212,pharmaflow-main,SYNTHETIC_OPERATIONAL_RECORD
MOV-001422,MED-0398,Azithromycin 250mg (Azee 250) (Formula 398),OFL209,DISPENSED,-5,132.5,662.5,CUSTOMER_DISPENSING,DISP-01422,2026-08-28T11:00:00Z,PHARM-HIST-0001,pharmaflow-main,SYNTHETIC_OPERATIONAL_RECORD
MOV-001423,MED-0399,Azithromycin 500mg (Azithral 500) (Formula 399),MON210,DISPENSED,-15,190.0,2850.0,CUSTOMER_DISPENSING,DISP-01423,2026-06-07T10:00:00Z,PHARM-KA-2022-7212,pharmaflow-main,SYNTHETIC_OPERATIONAL_RECORD
MOV-001424,MED-0400,Metformin 500mg (Glycomet 500) (Formula 400),IBU211,DISPENSED,-10,45.0,450.0,CUSTOMER_DISPENSING,DISP-01424,2026-06-11T07:00:00Z,PHARM-HIST-0001,pharmaflow-main,SYNTHETIC_OPERATIONAL_RECORD
MOV-001425,MED-0401,Metformin 1000mg SR (Glucophage) (Formula 401),ACE212,DISPENSED,-20,70.5,1410.0,CUSTOMER_DISPENSING,DISP-01425,2026-09-09T10:00:00Z,PHARM-KA-2022-7212,pharmaflow-main,SYNTHETIC_OPERATIONAL_RECORD
MOV-001426,MED-0402,Pantoprazole 40mg (Pan 40) (Formula 402),VIL213,DISPENSED,-20,90.0,1800.0,CUSTOMER_DISPENSING,DISP-01426,2026-07-12T17:00:00Z,PHARM-HIST-0001,pharmaflow-main,SYNTHETIC_OPERATIONAL_RECORD
MOV-001427,MED-0403,Pantoprazole + Domperidone (Pan-D) (Formula 403),RAB214,DISPENSED,-15,152.5,2287.5,CUSTOMER_DISPENSING,DISP-01427,2026-06-10T04:00:00Z,PHARM-KA-2022-7212,pharmaflow-main,SYNTHETIC_OPERATIONAL_RECORD
MOV-001428,MED-0404,Omeprazole 20mg (Omez) (Formula 404),COU215,DISPENSED,-15,72.0,1080.0,CUSTOMER_DISPENSING,DISP-01428,2026-04-29T15:00:00Z,PHARM-HIST-0001,pharmaflow-main,SYNTHETIC_OPERATIONAL_RECORD
MOV-001429,MED-0405,Telmisartan 40mg (Telma 40) (Formula 405),ORA216,DISPENSED,-15,110.5,1657.5,CUSTOMER_DISPENSING,DISP-01429,2026-05-27T08:00:00Z,PHARM-KA-2022-7212,pharmaflow-main,SYNTHETIC_OPERATIONAL_RECORD
MOV-001430,MED-0406,Telmisartan + Amlodipine (Telma-AM) (Formula 406),MUL217,DISPENSED,-15,155.0,2325.0,CUSTOMER_DISPENSING,DISP-01430,2026-05-09T05:00:00Z,PHARM-HIST-0001,pharmaflow-main,SYNTHETIC_OPERATIONAL_RECORD
MOV-001431,MED-0407,Atorvastatin 10mg (Atorva 10) (Formula 407),THY218,DISPENSED,-10,110.0,1100.0,CUSTOMER_DISPENSING,DISP-01431,2026-10-02T23:00:00Z,PHARM-KA-2022-7212,pharmaflow-main,SYNTHETIC_OPERATIONAL_RECORD
MOV-001432,MED-0408,Rosuvastatin 10mg (Rosuvas 10) (Formula 408),CLO219,DISPENSED,-20,137.5,2750.0,CUSTOMER_DISPENSING,DISP-01432,2026-07-31T02:00:00Z,PHARM-HIST-0001,pharmaflow-main,SYNTHETIC_OPERATIONAL_RECORD
MOV-001433,MED-0409,Ciprofloxacin 500mg (Ciplox 500) (Formula 409),PAR220,DISPENSED,-15,77.0,1155.0,CUSTOMER_DISPENSING,DISP-01433,2026-06-02T13:00:00Z,PHARM-KA-2022-7212,pharmaflow-main,SYNTHETIC_OPERATIONAL_RECORD
MOV-001434,MED-0410,Ofloxacin + Ornidazole (O2) (Formula 410),PAR221,DISPENSED,-20,122.5,2450.0,CUSTOMER_DISPENSING,DISP-01434,2026-09-24T18:00:00Z,PHARM-HIST-0001,pharmaflow-main,SYNTHETIC_OPERATIONAL_RECORD
MOV-001435,MED-0411,Montelukast + Levocetirizine (Montair-LC) (Formula 411),VIT222,DISPENSED,-15,168.0,2520.0,CUSTOMER_DISPENSING,DISP-01435,2026-08-04T09:00:00Z,PHARM-KA-2022-7212,pharmaflow-main,SYNTHETIC_OPERATIONAL_RECORD
MOV-001436,MED-0412,Ibuprofen 400mg (Brufen 400) (Formula 412),AMO223,DISPENSED,-10,40.5,405.0,CUSTOMER_DISPENSING,DISP-01436,2026-05-19T05:00:00Z,PHARM-HIST-0001,pharmaflow-main,SYNTHETIC_OPERATIONAL_RECORD
MOV-001437,MED-0413,Aceclofenac + Paracetamol (Zerodol-P) (Formula 413),AMO224,DISPENSED,-10,90.0,900.0,CUSTOMER_DISPENSING,DISP-01437,2026-08-05T22:00:00Z,PHARM-KA-2022-7212,pharmaflow-main,SYNTHETIC_OPERATIONAL_RECORD
MOV-001438,MED-0414,Vildagliptin + Metformin (Galvus Met) (Formula 414),CET225,DISPENSED,-10,240.0,2400.0,CUSTOMER_DISPENSING,DISP-01438,2026-09-12T14:00:00Z,PHARM-HIST-0001,pharmaflow-main,SYNTHETIC_OPERATIONAL_RECORD
MOV-001439,MED-0415,Rabeprazole 20mg (Razo 20) (Formula 415),LEV226,DISPENSED,-15,114.5,1717.5,CUSTOMER_DISPENSING,DISP-01439,2026-06-24T13:00:00Z,PHARM-KA-2022-7212,pharmaflow-main,SYNTHETIC_OPERATIONAL_RECORD
MOV-001440,MED-0416,Cough Syrup (Ascoril-D) (Formula 416),AZI227,DISPENSED,-20,93.0,1860.0,CUSTOMER_DISPENSING,DISP-01440,2026-06-22T18:00:00Z,PHARM-HIST-0001,pharmaflow-main,SYNTHETIC_OPERATIONAL_RECORD
MOV-001441,MED-0417,Oral Rehydration Salts (Electral ORS) (Formula 417),AZI228,DISPENSED,-15,25.5,382.5,CUSTOMER_DISPENSING,DISP-01441,2026-07-24T10:00:00Z,PHARM-KA-2022-7212,pharmaflow-main,SYNTHETIC_OPERATIONAL_RECORD
MOV-001442,MED-0418,Multivitamin + Zinc (Becadexamin) (Formula 418),MET229,DISPENSED,-10,52.0,520.0,CUSTOMER_DISPENSING,DISP-01442,2026-08-27T17:00:00Z,PHARM-HIST-0001,pharmaflow-main,SYNTHETIC_OPERATIONAL_RECORD
MOV-001443,MED-0419,Thyroxine Sodium 50mcg (Thyronorm 50) (Formula 419),MET230,DISPENSED,-20,137.5,2750.0,CUSTOMER_DISPENSING,DISP-01443,2026-04-22T10:00:00Z,PHARM-KA-2022-7212,pharmaflow-main,SYNTHETIC_OPERATIONAL_RECORD
MOV-001444,MED-0420,Clopidogrel 75mg (Clopilet 75) (Formula 420),PAN231,DISPENSED,-15,145.0,2175.0,CUSTOMER_DISPENSING,DISP-01444,2026-09-23T23:00:00Z,PHARM-HIST-0001,pharmaflow-main,SYNTHETIC_OPERATIONAL_RECORD
MOV-001445,MED-0421,Paracetamol 500mg (Formula 421),PAN232,DISPENSED,-20,25.0,500.0,CUSTOMER_DISPENSING,DISP-01445,2026-06-20T08:00:00Z,PHARM-KA-2022-7212,pharmaflow-main,SYNTHETIC_OPERATIONAL_RECORD
MOV-001446,MED-0422,Paracetamol 650mg (Dolo 650) (Formula 422),OME233,DISPENSED,-20,34.5,690.0,CUSTOMER_DISPENSING,DISP-01446,2026-06-09T12:00:00Z,PHARM-HIST-0001,pharmaflow-main,SYNTHETIC_OPERATIONAL_RECORD
MOV-001447,MED-0423,Vitamin D3 60K (Calcirol) (Formula 423),TEL234,DISPENSED,-15,70.0,1050.0,CUSTOMER_DISPENSING,DISP-01447,2026-07-06T09:00:00Z,PHARM-KA-2022-7212,pharmaflow-main,SYNTHETIC_OPERATIONAL_RECORD
MOV-001448,MED-0424,Amoxicillin 500mg (Novamox) (Formula 424),TEL235,DISPENSED,-15,102.5,1537.5,CUSTOMER_DISPENSING,DISP-01448,2026-08-08T21:00:00Z,PHARM-HIST-0001,pharmaflow-main,SYNTHETIC_OPERATIONAL_RECORD
MOV-001449,MED-0425,Amoxicillin + Clavulanic Acid 625mg (Augmentin) (Formula 425),ATO236,DISPENSED,-20,175.0,3500.0,CUSTOMER_DISPENSING,DISP-01449,2026-06-28T18:00:00Z,PHARM-KA-2022-7212,pharmaflow-main,SYNTHETIC_OPERATIONAL_RECORD
MOV-001450,MED-0426,Cetirizine 10mg (Cetzine) (Formula 426),ROS237,DISPENSED,-10,47.5,475.0,CUSTOMER_DISPENSING,DISP-01450,2026-06-26T23:00:00Z,PHARM-HIST-0001,pharmaflow-main,SYNTHETIC_OPERATIONAL_RECORD
MOV-001451,MED-0427,Levocetirizine 5mg (Levocet) (Formula 427),CIP238,DISPENSED,-10,63.0,630.0,CUSTOMER_DISPENSING,DISP-01451,2026-07-27T05:00:00Z,PHARM-KA-2022-7212,pharmaflow-main,SYNTHETIC_OPERATIONAL_RECORD
MOV-001452,MED-0428,Azithromycin 250mg (Azee 250) (Formula 428),OFL239,DISPENSED,-10,120.0,1200.0,CUSTOMER_DISPENSING,DISP-01452,2026-07-14T07:00:00Z,PHARM-HIST-0001,pharmaflow-main,SYNTHETIC_OPERATIONAL_RECORD
MOV-001453,MED-0429,Azithromycin 500mg (Azithral 500) (Formula 429),MON240,DISPENSED,-15,177.5,2662.5,CUSTOMER_DISPENSING,DISP-01453,2026-05-10T00:00:00Z,PHARM-KA-2022-7212,pharmaflow-main,SYNTHETIC_OPERATIONAL_RECORD
MOV-001454,MED-0430,Metformin 500mg (Glycomet 500) (Formula 430),IBU241,DISPENSED,-5,50.0,250.0,CUSTOMER_DISPENSING,DISP-01454,2026-09-13T10:00:00Z,PHARM-HIST-0001,pharmaflow-main,SYNTHETIC_OPERATIONAL_RECORD
MOV-001455,MED-0431,Metformin 1000mg SR (Glucophage) (Formula 431),ACE242,DISPENSED,-5,75.5,377.5,CUSTOMER_DISPENSING,DISP-01455,2026-10-06T08:00:00Z,PHARM-KA-2022-7212,pharmaflow-main,SYNTHETIC_OPERATIONAL_RECORD
MOV-001456,MED-0432,Pantoprazole 40mg (Pan 40) (Formula 432),VIL243,DISPENSED,-20,95.0,1900.0,CUSTOMER_DISPENSING,DISP-01456,2026-06-04T10:00:00Z,PHARM-HIST-0001,pharmaflow-main,SYNTHETIC_OPERATIONAL_RECORD
MOV-001457,MED-0433,Pantoprazole + Domperidone (Pan-D) (Formula 433),RAB244,DISPENSED,-10,157.5,1575.0,CUSTOMER_DISPENSING,DISP-01457,2026-09-25T12:00:00Z,PHARM-KA-2022-7212,pharmaflow-main,SYNTHETIC_OPERATIONAL_RECORD
MOV-001458,MED-0434,Omeprazole 20mg (Omez) (Formula 434),COU245,DISPENSED,-20,77.0,1540.0,CUSTOMER_DISPENSING,DISP-01458,2026-08-24T11:00:00Z,PHARM-HIST-0001,pharmaflow-main,SYNTHETIC_OPERATIONAL_RECORD
MOV-001459,MED-0435,Telmisartan 40mg (Telma 40) (Formula 435),ORA246,DISPENSED,-10,98.0,980.0,CUSTOMER_DISPENSING,DISP-01459,2026-07-26T01:00:00Z,PHARM-KA-2022-7212,pharmaflow-main,SYNTHETIC_OPERATIONAL_RECORD
MOV-001460,MED-0436,Telmisartan + Amlodipine (Telma-AM) (Formula 436),MUL247,DISPENSED,-15,142.5,2137.5,CUSTOMER_DISPENSING,DISP-01460,2026-04-20T18:00:00Z,PHARM-HIST-0001,pharmaflow-main,SYNTHETIC_OPERATIONAL_RECORD
MOV-001461,MED-0437,Atorvastatin 10mg (Atorva 10) (Formula 437),THY248,DISPENSED,-5,115.0,575.0,CUSTOMER_DISPENSING,DISP-01461,2026-09-28T07:00:00Z,PHARM-KA-2022-7212,pharmaflow-main,SYNTHETIC_OPERATIONAL_RECORD
MOV-001462,MED-0438,Rosuvastatin 10mg (Rosuvas 10) (Formula 438),CLO249,DISPENSED,-15,142.5,2137.5,CUSTOMER_DISPENSING,DISP-01462,2026-07-16T09:00:00Z,PHARM-HIST-0001,pharmaflow-main,SYNTHETIC_OPERATIONAL_RECORD
MOV-001463,MED-0439,Ciprofloxacin 500mg (Ciplox 500) (Formula 439),PAR250,DISPENSED,-5,82.0,410.0,CUSTOMER_DISPENSING,DISP-01463,2026-05-12T10:00:00Z,PHARM-KA-2022-7212,pharmaflow-main,SYNTHETIC_OPERATIONAL_RECORD
MOV-001464,MED-0440,Ofloxacin + Ornidazole (O2) (Formula 440),PAR251,DISPENSED,-5,127.5,637.5,CUSTOMER_DISPENSING,DISP-01464,2026-05-04T12:00:00Z,PHARM-HIST-0001,pharmaflow-main,SYNTHETIC_OPERATIONAL_RECORD
MOV-001465,MED-0441,Montelukast + Levocetirizine (Montair-LC) (Formula 441),VIT252,DISPENSED,-10,173.0,1730.0,CUSTOMER_DISPENSING,DISP-01465,2026-08-26T00:00:00Z,PHARM-KA-2022-7212,pharmaflow-main,SYNTHETIC_OPERATIONAL_RECORD
MOV-001466,MED-0442,Ibuprofen 400mg (Brufen 400) (Formula 442),AMO253,DISPENSED,-20,28.0,560.0,CUSTOMER_DISPENSING,DISP-01466,2026-09-11T04:00:00Z,PHARM-HIST-0001,pharmaflow-main,SYNTHETIC_OPERATIONAL_RECORD
MOV-001467,MED-0443,Aceclofenac + Paracetamol (Zerodol-P) (Formula 443),AMO254,DISPENSED,-15,77.5,1162.5,CUSTOMER_DISPENSING,DISP-01467,2026-05-03T20:00:00Z,PHARM-KA-2022-7212,pharmaflow-main,SYNTHETIC_OPERATIONAL_RECORD
MOV-001468,MED-0444,Vildagliptin + Metformin (Galvus Met) (Formula 444),CET255,DISPENSED,-5,245.0,1225.0,CUSTOMER_DISPENSING,DISP-01468,2026-05-05T03:00:00Z,PHARM-HIST-0001,pharmaflow-main,SYNTHETIC_OPERATIONAL_RECORD
MOV-001469,MED-0445,Rabeprazole 20mg (Razo 20) (Formula 445),LEV256,DISPENSED,-10,119.5,1195.0,CUSTOMER_DISPENSING,DISP-01469,2026-09-21T22:00:00Z,PHARM-KA-2022-7212,pharmaflow-main,SYNTHETIC_OPERATIONAL_RECORD
MOV-001470,MED-0446,Cough Syrup (Ascoril-D) (Formula 446),AZI257,DISPENSED,-15,98.0,1470.0,CUSTOMER_DISPENSING,DISP-01470,2026-08-28T16:00:00Z,PHARM-HIST-0001,pharmaflow-main,SYNTHETIC_OPERATIONAL_RECORD
MOV-001471,MED-0447,Oral Rehydration Salts (Electral ORS) (Formula 447),AZI258,DISPENSED,-5,30.5,152.5,CUSTOMER_DISPENSING,DISP-01471,2026-06-02T17:00:00Z,PHARM-KA-2022-7212,pharmaflow-main,SYNTHETIC_OPERATIONAL_RECORD
MOV-001472,MED-0448,Multivitamin + Zinc (Becadexamin) (Formula 448),MET259,DISPENSED,-10,57.0,570.0,CUSTOMER_DISPENSING,DISP-01472,2026-04-15T03:00:00Z,PHARM-HIST-0001,pharmaflow-main,SYNTHETIC_OPERATIONAL_RECORD
MOV-001473,MED-0449,Thyroxine Sodium 50mcg (Thyronorm 50) (Formula 449),MET260,DISPENSED,-5,125.0,625.0,CUSTOMER_DISPENSING,DISP-01473,2026-06-30T02:00:00Z,PHARM-KA-2022-7212,pharmaflow-main,SYNTHETIC_OPERATIONAL_RECORD
MOV-001474,MED-0450,Clopidogrel 75mg (Clopilet 75) (Formula 450),PAN261,DISPENSED,-10,132.5,1325.0,CUSTOMER_DISPENSING,DISP-01474,2026-04-13T21:00:00Z,PHARM-HIST-0001,pharmaflow-main,SYNTHETIC_OPERATIONAL_RECORD
MOV-001475,MED-0451,Paracetamol 500mg (Formula 451),PAN262,DISPENSED,-20,30.0,600.0,CUSTOMER_DISPENSING,DISP-01475,2026-07-08T20:00:00Z,PHARM-KA-2022-7212,pharmaflow-main,SYNTHETIC_OPERATIONAL_RECORD
MOV-001476,MED-0452,Paracetamol 650mg (Dolo 650) (Formula 452),OME263,DISPENSED,-15,39.5,592.5,CUSTOMER_DISPENSING,DISP-01476,2026-07-24T16:00:00Z,PHARM-HIST-0001,pharmaflow-main,SYNTHETIC_OPERATIONAL_RECORD
MOV-001477,MED-0453,Vitamin D3 60K (Calcirol) (Formula 453),TEL264,DISPENSED,-20,75.0,1500.0,CUSTOMER_DISPENSING,DISP-01477,2026-06-23T05:00:00Z,PHARM-KA-2022-7212,pharmaflow-main,SYNTHETIC_OPERATIONAL_RECORD
MOV-001478,MED-0454,Amoxicillin 500mg (Novamox) (Formula 454),TEL265,DISPENSED,-15,107.5,1612.5,CUSTOMER_DISPENSING,DISP-01478,2026-04-21T02:00:00Z,PHARM-HIST-0001,pharmaflow-main,SYNTHETIC_OPERATIONAL_RECORD
MOV-001479,MED-0455,Amoxicillin + Clavulanic Acid 625mg (Augmentin) (Formula 455),ATO266,DISPENSED,-10,180.0,1800.0,CUSTOMER_DISPENSING,DISP-01479,2026-08-07T22:00:00Z,PHARM-KA-2022-7212,pharmaflow-main,SYNTHETIC_OPERATIONAL_RECORD
MOV-001480,MED-0456,Cetirizine 10mg (Cetzine) (Formula 456),ROS267,DISPENSED,-10,35.0,350.0,CUSTOMER_DISPENSING,DISP-01480,2026-04-11T08:00:00Z,PHARM-HIST-0001,pharmaflow-main,SYNTHETIC_OPERATIONAL_RECORD
MOV-001481,MED-0457,Levocetirizine 5mg (Levocet) (Formula 457),CIP268,DISPENSED,-5,50.5,252.5,CUSTOMER_DISPENSING,DISP-01481,2026-09-18T11:00:00Z,PHARM-KA-2022-7212,pharmaflow-main,SYNTHETIC_OPERATIONAL_RECORD
MOV-001482,MED-0458,Azithromycin 250mg (Azee 250) (Formula 458),OFL269,DISPENSED,-5,125.0,625.0,CUSTOMER_DISPENSING,DISP-01482,2026-09-01T09:00:00Z,PHARM-HIST-0001,pharmaflow-main,SYNTHETIC_OPERATIONAL_RECORD
MOV-001483,MED-0459,Azithromycin 500mg (Azithral 500) (Formula 459),MON270,DISPENSED,-20,182.5,3650.0,CUSTOMER_DISPENSING,DISP-01483,2026-09-06T08:00:00Z,PHARM-KA-2022-7212,pharmaflow-main,SYNTHETIC_OPERATIONAL_RECORD
MOV-001484,MED-0460,Metformin 500mg (Glycomet 500) (Formula 460),IBU271,DISPENSED,-5,55.0,275.0,CUSTOMER_DISPENSING,DISP-01484,2026-07-28T02:00:00Z,PHARM-HIST-0001,pharmaflow-main,SYNTHETIC_OPERATIONAL_RECORD
MOV-001485,MED-0461,Metformin 1000mg SR (Glucophage) (Formula 461),ACE272,DISPENSED,-15,80.5,1207.5,CUSTOMER_DISPENSING,DISP-01485,2026-05-13T05:00:00Z,PHARM-KA-2022-7212,pharmaflow-main,SYNTHETIC_OPERATIONAL_RECORD
MOV-001486,MED-0462,Pantoprazole 40mg (Pan 40) (Formula 462),VIL273,DISPENSED,-20,100.0,2000.0,CUSTOMER_DISPENSING,DISP-01486,2026-06-18T23:00:00Z,PHARM-HIST-0001,pharmaflow-main,SYNTHETIC_OPERATIONAL_RECORD
MOV-001487,MED-0463,Pantoprazole + Domperidone (Pan-D) (Formula 463),RAB274,DISPENSED,-5,145.0,725.0,CUSTOMER_DISPENSING,DISP-01487,2026-04-26T15:00:00Z,PHARM-KA-2022-7212,pharmaflow-main,SYNTHETIC_OPERATIONAL_RECORD
MOV-001488,MED-0464,Omeprazole 20mg (Omez) (Formula 464),COU275,DISPENSED,-15,64.5,967.5,CUSTOMER_DISPENSING,DISP-01488,2026-08-15T21:00:00Z,PHARM-HIST-0001,pharmaflow-main,SYNTHETIC_OPERATIONAL_RECORD
MOV-001489,MED-0465,Telmisartan 40mg (Telma 40) (Formula 465),ORA276,DISPENSED,-5,103.0,515.0,CUSTOMER_DISPENSING,DISP-01489,2026-07-07T07:00:00Z,PHARM-KA-2022-7212,pharmaflow-main,SYNTHETIC_OPERATIONAL_RECORD
MOV-001490,MED-0466,Telmisartan + Amlodipine (Telma-AM) (Formula 466),MUL277,DISPENSED,-20,147.5,2950.0,CUSTOMER_DISPENSING,DISP-01490,2026-08-20T01:00:00Z,PHARM-HIST-0001,pharmaflow-main,SYNTHETIC_OPERATIONAL_RECORD
MOV-001491,MED-0467,Atorvastatin 10mg (Atorva 10) (Formula 467),THY278,DISPENSED,-5,120.0,600.0,CUSTOMER_DISPENSING,DISP-01491,2026-09-26T11:00:00Z,PHARM-KA-2022-7212,pharmaflow-main,SYNTHETIC_OPERATIONAL_RECORD
MOV-001492,MED-0468,Rosuvastatin 10mg (Rosuvas 10) (Formula 468),CLO279,DISPENSED,-15,147.5,2212.5,CUSTOMER_DISPENSING,DISP-01492,2026-07-01T07:00:00Z,PHARM-HIST-0001,pharmaflow-main,SYNTHETIC_OPERATIONAL_RECORD
MOV-001493,MED-0469,Ciprofloxacin 500mg (Ciplox 500) (Formula 469),PAR280,DISPENSED,-20,87.0,1740.0,CUSTOMER_DISPENSING,DISP-01493,2026-06-11T15:00:00Z,PHARM-KA-2022-7212,pharmaflow-main,SYNTHETIC_OPERATIONAL_RECORD
MOV-001494,MED-0470,Ofloxacin + Ornidazole (O2) (Formula 470),PAR281,DISPENSED,-20,115.0,2300.0,CUSTOMER_DISPENSING,DISP-01494,2026-07-17T22:00:00Z,PHARM-HIST-0001,pharmaflow-main,SYNTHETIC_OPERATIONAL_RECORD
MOV-001495,MED-0471,Montelukast + Levocetirizine (Montair-LC) (Formula 471),VIT282,DISPENSED,-10,160.5,1605.0,CUSTOMER_DISPENSING,DISP-01495,2026-07-16T13:00:00Z,PHARM-KA-2022-7212,pharmaflow-main,SYNTHETIC_OPERATIONAL_RECORD
MOV-001496,MED-0472,Ibuprofen 400mg (Brufen 400) (Formula 472),AMO283,DISPENSED,-20,33.0,660.0,CUSTOMER_DISPENSING,DISP-01496,2026-04-23T02:00:00Z,PHARM-HIST-0001,pharmaflow-main,SYNTHETIC_OPERATIONAL_RECORD
MOV-001497,MED-0473,Aceclofenac + Paracetamol (Zerodol-P) (Formula 473),AMO284,DISPENSED,-10,82.5,825.0,CUSTOMER_DISPENSING,DISP-01497,2026-10-07T07:00:00Z,PHARM-KA-2022-7212,pharmaflow-main,SYNTHETIC_OPERATIONAL_RECORD
MOV-001498,MED-0474,Vildagliptin + Metformin (Galvus Met) (Formula 474),CET285,DISPENSED,-15,250.0,3750.0,CUSTOMER_DISPENSING,DISP-01498,2026-06-24T10:00:00Z,PHARM-HIST-0001,pharmaflow-main,SYNTHETIC_OPERATIONAL_RECORD
MOV-001499,MED-0475,Rabeprazole 20mg (Razo 20) (Formula 475),LEV286,DISPENSED,-20,124.5,2490.0,CUSTOMER_DISPENSING,DISP-01499,2026-07-15T08:00:00Z,PHARM-KA-2022-7212,pharmaflow-main,SYNTHETIC_OPERATIONAL_RECORD
MOV-001500,MED-0476,Cough Syrup (Ascoril-D) (Formula 476),AZI287,DISPENSED,-5,103.0,515.0,CUSTOMER_DISPENSING,DISP-01500,2026-09-03T05:00:00Z,PHARM-HIST-0001,pharmaflow-main,SYNTHETIC_OPERATIONAL_RECORD
MOV-001501,MED-0477,Oral Rehydration Salts (Electral ORS) (Formula 477),AZI288,STOCK_RECEIVED,300,18.0,5400.0,SUPPLIER_INVOICE,INV-SUPP-0001,2026-05-06T21:00:00Z,PHARM-KA-2022-7212,pharmaflow-main,SYNTHETIC_OPERATIONAL_RECORD
MOV-001502,MED-0478,Multivitamin + Zinc (Becadexamin) (Formula 478),MET289,STOCK_RECEIVED,200,44.5,8900.0,SUPPLIER_INVOICE,INV-SUPP-0002,2026-08-17T13:00:00Z,PHARM-HIST-0001,pharmaflow-main,SYNTHETIC_OPERATIONAL_RECORD
MOV-001503,MED-0479,Thyroxine Sodium 50mcg (Thyronorm 50) (Formula 479),MET290,STOCK_RECEIVED,100,130.0,13000.0,SUPPLIER_INVOICE,INV-SUPP-0003,2026-06-24T11:00:00Z,PHARM-KA-2022-7212,pharmaflow-main,SYNTHETIC_OPERATIONAL_RECORD
MOV-001504,MED-0480,Clopidogrel 75mg (Clopilet 75) (Formula 480),PAN291,STOCK_RECEIVED,100,137.5,13750.0,SUPPLIER_INVOICE,INV-SUPP-0004,2026-04-30T01:00:00Z,PHARM-HIST-0001,pharmaflow-main,SYNTHETIC_OPERATIONAL_RECORD
MOV-001505,MED-0481,Paracetamol 500mg (Formula 481),PAN292,STOCK_RECEIVED,300,35.0,10500.0,SUPPLIER_INVOICE,INV-SUPP-0005,2026-07-12T17:00:00Z,PHARM-KA-2022-7212,pharmaflow-main,SYNTHETIC_OPERATIONAL_RECORD
MOV-001506,MED-0482,Paracetamol 650mg (Dolo 650) (Formula 482),OME293,STOCK_RECEIVED,200,44.5,8900.0,SUPPLIER_INVOICE,INV-SUPP-0006,2026-07-14T12:00:00Z,PHARM-HIST-0001,pharmaflow-main,SYNTHETIC_OPERATIONAL_RECORD
MOV-001507,MED-0483,Vitamin D3 60K (Calcirol) (Formula 483),TEL294,STOCK_RECEIVED,100,80.0,8000.0,SUPPLIER_INVOICE,INV-SUPP-0007,2026-06-06T20:00:00Z,PHARM-KA-2022-7212,pharmaflow-main,SYNTHETIC_OPERATIONAL_RECORD
MOV-001508,MED-0484,Amoxicillin 500mg (Novamox) (Formula 484),TEL295,STOCK_RECEIVED,100,95.0,9500.0,SUPPLIER_INVOICE,INV-SUPP-0008,2026-08-15T08:00:00Z,PHARM-HIST-0001,pharmaflow-main,SYNTHETIC_OPERATIONAL_RECORD
MOV-001509,MED-0485,Amoxicillin + Clavulanic Acid 625mg (Augmentin) (Formula 485),ATO296,STOCK_RECEIVED,200,167.5,33500.0,SUPPLIER_INVOICE,INV-SUPP-0009,2026-04-16T15:00:00Z,PHARM-KA-2022-7212,pharmaflow-main,SYNTHETIC_OPERATIONAL_RECORD
MOV-001510,MED-0486,Cetirizine 10mg (Cetzine) (Formula 486),ROS297,STOCK_RECEIVED,300,40.0,12000.0,SUPPLIER_INVOICE,INV-SUPP-0010,2026-06-01T04:00:00Z,PHARM-HIST-0001,pharmaflow-main,SYNTHETIC_OPERATIONAL_RECORD
MOV-001511,MED-0487,Levocetirizine 5mg (Levocet) (Formula 487),CIP298,STOCK_RECEIVED,300,55.5,16650.0,SUPPLIER_INVOICE,INV-SUPP-0011,2026-06-29T20:00:00Z,PHARM-KA-2022-7212,pharmaflow-main,SYNTHETIC_OPERATIONAL_RECORD
MOV-001512,MED-0488,Azithromycin 250mg (Azee 250) (Formula 488),OFL299,STOCK_RECEIVED,300,130.0,39000.0,SUPPLIER_INVOICE,INV-SUPP-0012,2026-05-04T17:00:00Z,PHARM-HIST-0001,pharmaflow-main,SYNTHETIC_OPERATIONAL_RECORD
MOV-001513,MED-0489,Azithromycin 500mg (Azithral 500) (Formula 489),MON300,STOCK_RECEIVED,100,187.5,18750.0,SUPPLIER_INVOICE,INV-SUPP-0013,2026-06-18T13:00:00Z,PHARM-KA-2022-7212,pharmaflow-main,SYNTHETIC_OPERATIONAL_RECORD
MOV-001514,MED-0490,Metformin 500mg (Glycomet 500) (Formula 490),IBU301,STOCK_RECEIVED,100,60.0,6000.0,SUPPLIER_INVOICE,INV-SUPP-0014,2026-06-13T13:00:00Z,PHARM-HIST-0001,pharmaflow-main,SYNTHETIC_OPERATIONAL_RECORD
MOV-001515,MED-0491,Metformin 1000mg SR (Glucophage) (Formula 491),ACE302,STOCK_RECEIVED,300,68.0,20400.0,SUPPLIER_INVOICE,INV-SUPP-0015,2026-05-21T03:00:00Z,PHARM-KA-2022-7212,pharmaflow-main,SYNTHETIC_OPERATIONAL_RECORD
MOV-001516,MED-0492,Pantoprazole 40mg (Pan 40) (Formula 492),VIL303,STOCK_RECEIVED,300,87.5,26250.0,SUPPLIER_INVOICE,INV-SUPP-0016,2026-06-14T11:00:00Z,PHARM-HIST-0001,pharmaflow-main,SYNTHETIC_OPERATIONAL_RECORD
MOV-001517,MED-0493,Pantoprazole + Domperidone (Pan-D) (Formula 493),RAB304,STOCK_RECEIVED,200,150.0,30000.0,SUPPLIER_INVOICE,INV-SUPP-0017,2026-07-15T12:00:00Z,PHARM-KA-2022-7212,pharmaflow-main,SYNTHETIC_OPERATIONAL_RECORD
MOV-001518,MED-0494,Omeprazole 20mg (Omez) (Formula 494),COU305,STOCK_RECEIVED,200,69.5,13900.0,SUPPLIER_INVOICE,INV-SUPP-0018,2026-05-10T16:00:00Z,PHARM-HIST-0001,pharmaflow-main,SYNTHETIC_OPERATIONAL_RECORD
MOV-001519,MED-0495,Telmisartan 40mg (Telma 40) (Formula 495),ORA306,STOCK_RECEIVED,100,108.0,10800.0,SUPPLIER_INVOICE,INV-SUPP-0019,2026-06-08T23:00:00Z,PHARM-KA-2022-7212,pharmaflow-main,SYNTHETIC_OPERATIONAL_RECORD
MOV-001520,MED-0496,Telmisartan + Amlodipine (Telma-AM) (Formula 496),MUL307,STOCK_RECEIVED,200,152.5,30500.0,SUPPLIER_INVOICE,INV-SUPP-0020,2026-05-05T18:00:00Z,PHARM-HIST-0001,pharmaflow-main,SYNTHETIC_OPERATIONAL_RECORD
MOV-001521,MED-0497,Atorvastatin 10mg (Atorva 10) (Formula 497),THY308,STOCK_RECEIVED,100,125.0,12500.0,SUPPLIER_INVOICE,INV-SUPP-0021,2026-07-19T18:00:00Z,PHARM-KA-2022-7212,pharmaflow-main,SYNTHETIC_OPERATIONAL_RECORD
MOV-001522,MED-0498,Rosuvastatin 10mg (Rosuvas 10) (Formula 498),CLO309,STOCK_RECEIVED,100,135.0,13500.0,SUPPLIER_INVOICE,INV-SUPP-0022,2026-06-15T04:00:00Z,PHARM-HIST-0001,pharmaflow-main,SYNTHETIC_OPERATIONAL_RECORD
MOV-001523,MED-0499,Ciprofloxacin 500mg (Ciplox 500) (Formula 499),PAR310,STOCK_RECEIVED,200,74.5,14900.0,SUPPLIER_INVOICE,INV-SUPP-0023,2026-04-25T11:00:00Z,PHARM-KA-2022-7212,pharmaflow-main,SYNTHETIC_OPERATIONAL_RECORD
MOV-001524,MED-0500,Ofloxacin + Ornidazole (O2) (Formula 500),PAR311,STOCK_RECEIVED,100,120.0,12000.0,SUPPLIER_INVOICE,INV-SUPP-0024,2026-04-19T18:00:00Z,PHARM-HIST-0001,pharmaflow-main,SYNTHETIC_OPERATIONAL_RECORD
MOV-001525,MED-0501,Montelukast + Levocetirizine (Montair-LC) (Formula 501),VIT312,STOCK_RECEIVED,200,165.5,33100.0,SUPPLIER_INVOICE,INV-SUPP-0025,2026-06-29T04:00:00Z,PHARM-KA-2022-7212,pharmaflow-main,SYNTHETIC_OPERATIONAL_RECORD
MOV-001526,MED-0502,Ibuprofen 400mg (Brufen 400) (Formula 502),AMO313,STOCK_RECEIVED,100,38.0,3800.0,SUPPLIER_INVOICE,INV-SUPP-0026,2026-05-26T05:00:00Z,PHARM-HIST-0001,pharmaflow-main,SYNTHETIC_OPERATIONAL_RECORD
MOV-001527,MED-0503,Aceclofenac + Paracetamol (Zerodol-P) (Formula 503),AMO314,STOCK_RECEIVED,100,87.5,8750.0,SUPPLIER_INVOICE,INV-SUPP-0027,2026-08-12T22:00:00Z,PHARM-KA-2022-7212,pharmaflow-main,SYNTHETIC_OPERATIONAL_RECORD
MOV-001528,MED-0504,Vildagliptin + Metformin (Galvus Met) (Formula 504),CET315,STOCK_RECEIVED,100,255.0,25500.0,SUPPLIER_INVOICE,INV-SUPP-0028,2026-06-29T12:00:00Z,PHARM-HIST-0001,pharmaflow-main,SYNTHETIC_OPERATIONAL_RECORD
MOV-001529,MED-0505,Rabeprazole 20mg (Razo 20) (Formula 505),LEV316,STOCK_RECEIVED,200,112.0,22400.0,SUPPLIER_INVOICE,INV-SUPP-0029,2026-09-26T10:00:00Z,PHARM-KA-2022-7212,pharmaflow-main,SYNTHETIC_OPERATIONAL_RECORD
MOV-001530,MED-0506,Cough Syrup (Ascoril-D) (Formula 506),AZI317,STOCK_RECEIVED,200,90.5,18100.0,SUPPLIER_INVOICE,INV-SUPP-0030,2026-05-23T19:00:00Z,PHARM-HIST-0001,pharmaflow-main,SYNTHETIC_OPERATIONAL_RECORD
MOV-001531,MED-0507,Oral Rehydration Salts (Electral ORS) (Formula 507),AZI318,STOCK_RECEIVED,200,23.0,4600.0,SUPPLIER_INVOICE,INV-SUPP-0031,2026-10-03T20:00:00Z,PHARM-KA-2022-7212,pharmaflow-main,SYNTHETIC_OPERATIONAL_RECORD
MOV-001532,MED-0508,Multivitamin + Zinc (Becadexamin) (Formula 508),MET319,STOCK_RECEIVED,300,49.5,14850.0,SUPPLIER_INVOICE,INV-SUPP-0032,2026-04-28T03:00:00Z,PHARM-HIST-0001,pharmaflow-main,SYNTHETIC_OPERATIONAL_RECORD
MOV-001533,MED-0509,Thyroxine Sodium 50mcg (Thyronorm 50) (Formula 509),MET320,STOCK_RECEIVED,300,135.0,40500.0,SUPPLIER_INVOICE,INV-SUPP-0033,2026-04-22T11:00:00Z,PHARM-KA-2022-7212,pharmaflow-main,SYNTHETIC_OPERATIONAL_RECORD
MOV-001534,MED-0510,Clopidogrel 75mg (Clopilet 75) (Formula 510),PAN321,STOCK_RECEIVED,200,142.5,28500.0,SUPPLIER_INVOICE,INV-SUPP-0034,2026-05-13T06:00:00Z,PHARM-HIST-0001,pharmaflow-main,SYNTHETIC_OPERATIONAL_RECORD
MOV-001535,MED-0511,Paracetamol 500mg (Formula 511),PAN322,STOCK_RECEIVED,300,40.0,12000.0,SUPPLIER_INVOICE,INV-SUPP-0035,2026-04-21T19:00:00Z,PHARM-KA-2022-7212,pharmaflow-main,SYNTHETIC_OPERATIONAL_RECORD
MOV-001536,MED-0512,Paracetamol 650mg (Dolo 650) (Formula 512),OME323,STOCK_RECEIVED,200,32.0,6400.0,SUPPLIER_INVOICE,INV-SUPP-0036,2026-09-09T05:00:00Z,PHARM-HIST-0001,pharmaflow-main,SYNTHETIC_OPERATIONAL_RECORD
MOV-001537,MED-0001,Paracetamol 500mg,TEL324,STOCK_RECEIVED,200,25.0,5000.0,SUPPLIER_INVOICE,INV-SUPP-0037,2026-05-17T13:00:00Z,PHARM-KA-2022-7212,pharmaflow-main,SYNTHETIC_OPERATIONAL_RECORD
MOV-001538,MED-0002,Paracetamol 650mg (Dolo 650),TEL325,STOCK_RECEIVED,200,34.5,6900.0,SUPPLIER_INVOICE,INV-SUPP-0038,2026-08-23T19:00:00Z,PHARM-HIST-0001,pharmaflow-main,SYNTHETIC_OPERATIONAL_RECORD
MOV-001539,MED-0003,Vitamin D3 60K (Calcirol),ATO326,STOCK_RECEIVED,300,70.0,21000.0,SUPPLIER_INVOICE,INV-SUPP-0039,2026-08-18T12:00:00Z,PHARM-KA-2022-7212,pharmaflow-main,SYNTHETIC_OPERATIONAL_RECORD
MOV-001540,MED-0004,Amoxicillin 500mg (Novamox),ROS327,STOCK_RECEIVED,300,102.5,30750.0,SUPPLIER_INVOICE,INV-SUPP-0040,2026-06-21T10:00:00Z,PHARM-HIST-0001,pharmaflow-main,SYNTHETIC_OPERATIONAL_RECORD
MOV-001541,MED-0005,Amoxicillin + Clavulanic Acid 625mg (Augmentin),CIP328,STOCK_RECEIVED,200,175.0,35000.0,SUPPLIER_INVOICE,INV-SUPP-0041,2026-04-26T05:00:00Z,PHARM-KA-2022-7212,pharmaflow-main,SYNTHETIC_OPERATIONAL_RECORD
MOV-001542,MED-0006,Cetirizine 10mg (Cetzine),OFL329,STOCK_RECEIVED,200,47.5,9500.0,SUPPLIER_INVOICE,INV-SUPP-0042,2026-10-03T09:00:00Z,PHARM-HIST-0001,pharmaflow-main,SYNTHETIC_OPERATIONAL_RECORD
MOV-001543,MED-0007,Levocetirizine 5mg (Levocet),MON330,STOCK_RECEIVED,100,63.0,6300.0,SUPPLIER_INVOICE,INV-SUPP-0043,2026-08-03T07:00:00Z,PHARM-KA-2022-7212,pharmaflow-main,SYNTHETIC_OPERATIONAL_RECORD
MOV-001544,MED-0008,Azithromycin 250mg (Azee 250),IBU331,STOCK_RECEIVED,300,120.0,36000.0,SUPPLIER_INVOICE,INV-SUPP-0044,2026-07-25T15:00:00Z,PHARM-HIST-0001,pharmaflow-main,SYNTHETIC_OPERATIONAL_RECORD
MOV-001545,MED-0009,Azithromycin 500mg (Azithral 500),ACE332,STOCK_RECEIVED,200,177.5,35500.0,SUPPLIER_INVOICE,INV-SUPP-0045,2026-06-24T07:00:00Z,PHARM-KA-2022-7212,pharmaflow-main,SYNTHETIC_OPERATIONAL_RECORD
MOV-001546,MED-0010,Metformin 500mg (Glycomet 500),VIL333,STOCK_RECEIVED,200,50.0,10000.0,SUPPLIER_INVOICE,INV-SUPP-0046,2026-08-16T13:00:00Z,PHARM-HIST-0001,pharmaflow-main,SYNTHETIC_OPERATIONAL_RECORD
MOV-001547,MED-0011,Metformin 1000mg SR (Glucophage),RAB334,STOCK_RECEIVED,100,75.5,7550.0,SUPPLIER_INVOICE,INV-SUPP-0047,2026-07-08T09:00:00Z,PHARM-KA-2022-7212,pharmaflow-main,SYNTHETIC_OPERATIONAL_RECORD
MOV-001548,MED-0012,Pantoprazole 40mg (Pan 40),COU335,STOCK_RECEIVED,200,95.0,19000.0,SUPPLIER_INVOICE,INV-SUPP-0048,2026-07-20T19:00:00Z,PHARM-HIST-0001,pharmaflow-main,SYNTHETIC_OPERATIONAL_RECORD
MOV-001549,MED-0013,Pantoprazole + Domperidone (Pan-D),ORA336,STOCK_RECEIVED,300,157.5,47250.0,SUPPLIER_INVOICE,INV-SUPP-0049,2026-05-20T16:00:00Z,PHARM-KA-2022-7212,pharmaflow-main,SYNTHETIC_OPERATIONAL_RECORD
MOV-001550,MED-0014,Omeprazole 20mg (Omez),MUL337,STOCK_RECEIVED,100,77.0,7700.0,SUPPLIER_INVOICE,INV-SUPP-0050,2026-09-19T08:00:00Z,PHARM-HIST-0001,pharmaflow-main,SYNTHETIC_OPERATIONAL_RECORD
MOV-001551,MED-0015,Telmisartan 40mg (Telma 40),THY338,STOCK_RECEIVED,100,98.0,9800.0,SUPPLIER_INVOICE,INV-SUPP-0051,2026-10-08T05:00:00Z,PHARM-KA-2022-7212,pharmaflow-main,SYNTHETIC_OPERATIONAL_RECORD
MOV-001552,MED-0016,Telmisartan + Amlodipine (Telma-AM),CLO339,STOCK_RECEIVED,100,142.5,14250.0,SUPPLIER_INVOICE,INV-SUPP-0052,2026-07-31T07:00:00Z,PHARM-HIST-0001,pharmaflow-main,SYNTHETIC_OPERATIONAL_RECORD
MOV-001553,MED-0017,Atorvastatin 10mg (Atorva 10),PAR340,STOCK_RECEIVED,100,115.0,11500.0,SUPPLIER_INVOICE,INV-SUPP-0053,2026-06-15T02:00:00Z,PHARM-KA-2022-7212,pharmaflow-main,SYNTHETIC_OPERATIONAL_RECORD
MOV-001554,MED-0018,Rosuvastatin 10mg (Rosuvas 10),PAR341,STOCK_RECEIVED,100,142.5,14250.0,SUPPLIER_INVOICE,INV-SUPP-0054,2026-06-01T19:00:00Z,PHARM-HIST-0001,pharmaflow-main,SYNTHETIC_OPERATIONAL_RECORD
MOV-001555,MED-0019,Ciprofloxacin 500mg (Ciplox 500),VIT342,STOCK_RECEIVED,200,82.0,16400.0,SUPPLIER_INVOICE,INV-SUPP-0055,2026-05-31T09:00:00Z,PHARM-KA-2022-7212,pharmaflow-main,SYNTHETIC_OPERATIONAL_RECORD
MOV-001556,MED-0020,Ofloxacin + Ornidazole (O2),AMO343,STOCK_RECEIVED,200,127.5,25500.0,SUPPLIER_INVOICE,INV-SUPP-0056,2026-04-19T17:00:00Z,PHARM-HIST-0001,pharmaflow-main,SYNTHETIC_OPERATIONAL_RECORD
MOV-001557,MED-0021,Montelukast + Levocetirizine (Montair-LC),AMO344,STOCK_RECEIVED,200,173.0,34600.0,SUPPLIER_INVOICE,INV-SUPP-0057,2026-09-17T01:00:00Z,PHARM-KA-2022-7212,pharmaflow-main,SYNTHETIC_OPERATIONAL_RECORD
MOV-001558,MED-0022,Ibuprofen 400mg (Brufen 400),CET345,STOCK_RECEIVED,100,28.0,2800.0,SUPPLIER_INVOICE,INV-SUPP-0058,2026-07-10T07:00:00Z,PHARM-HIST-0001,pharmaflow-main,SYNTHETIC_OPERATIONAL_RECORD
MOV-001559,MED-0023,Aceclofenac + Paracetamol (Zerodol-P),LEV346,STOCK_RECEIVED,200,77.5,15500.0,SUPPLIER_INVOICE,INV-SUPP-0059,2026-08-20T19:00:00Z,PHARM-KA-2022-7212,pharmaflow-main,SYNTHETIC_OPERATIONAL_RECORD
MOV-001560,MED-0024,Vildagliptin + Metformin (Galvus Met),AZI347,STOCK_RECEIVED,200,245.0,49000.0,SUPPLIER_INVOICE,INV-SUPP-0060,2026-10-03T17:00:00Z,PHARM-HIST-0001,pharmaflow-main,SYNTHETIC_OPERATIONAL_RECORD
MOV-001561,MED-0025,Rabeprazole 20mg (Razo 20),AZI348,STOCK_RECEIVED,100,119.5,11950.0,SUPPLIER_INVOICE,INV-SUPP-0061,2026-09-22T07:00:00Z,PHARM-KA-2022-7212,pharmaflow-main,SYNTHETIC_OPERATIONAL_RECORD
MOV-001562,MED-0026,Cough Syrup (Ascoril-D),MET349,STOCK_RECEIVED,100,98.0,9800.0,SUPPLIER_INVOICE,INV-SUPP-0062,2026-07-13T07:00:00Z,PHARM-HIST-0001,pharmaflow-main,SYNTHETIC_OPERATIONAL_RECORD
MOV-001563,MED-0027,Oral Rehydration Salts (Electral ORS),MET350,STOCK_RECEIVED,300,30.5,9150.0,SUPPLIER_INVOICE,INV-SUPP-0063,2026-04-14T19:00:00Z,PHARM-KA-2022-7212,pharmaflow-main,SYNTHETIC_OPERATIONAL_RECORD
MOV-001564,MED-0028,Multivitamin + Zinc (Becadexamin),PAN351,STOCK_RECEIVED,100,57.0,5700.0,SUPPLIER_INVOICE,INV-SUPP-0064,2026-06-07T16:00:00Z,PHARM-HIST-0001,pharmaflow-main,SYNTHETIC_OPERATIONAL_RECORD
MOV-001565,MED-0029,Thyroxine Sodium 50mcg (Thyronorm 50),PAN352,STOCK_RECEIVED,200,125.0,25000.0,SUPPLIER_INVOICE,INV-SUPP-0065,2026-10-01T02:00:00Z,PHARM-KA-2022-7212,pharmaflow-main,SYNTHETIC_OPERATIONAL_RECORD
MOV-001566,MED-0030,Clopidogrel 75mg (Clopilet 75),OME353,STOCK_RECEIVED,200,132.5,26500.0,SUPPLIER_INVOICE,INV-SUPP-0066,2026-06-20T09:00:00Z,PHARM-HIST-0001,pharmaflow-main,SYNTHETIC_OPERATIONAL_RECORD
MOV-001567,MED-0031,Paracetamol 500mg (Formula 31),TEL354,STOCK_RECEIVED,300,30.0,9000.0,SUPPLIER_INVOICE,INV-SUPP-0067,2026-06-27T06:00:00Z,PHARM-KA-2022-7212,pharmaflow-main,SYNTHETIC_OPERATIONAL_RECORD
MOV-001568,MED-0032,Paracetamol 650mg (Dolo 650) (Formula 32),TEL355,STOCK_RECEIVED,100,39.5,3950.0,SUPPLIER_INVOICE,INV-SUPP-0068,2026-08-20T17:00:00Z,PHARM-HIST-0001,pharmaflow-main,SYNTHETIC_OPERATIONAL_RECORD
MOV-001569,MED-0033,Vitamin D3 60K (Calcirol) (Formula 33),ATO356,STOCK_RECEIVED,300,75.0,22500.0,SUPPLIER_INVOICE,INV-SUPP-0069,2026-06-06T18:00:00Z,PHARM-KA-2022-7212,pharmaflow-main,SYNTHETIC_OPERATIONAL_RECORD
MOV-001570,MED-0034,Amoxicillin 500mg (Novamox) (Formula 34),ROS357,STOCK_RECEIVED,300,107.5,32250.0,SUPPLIER_INVOICE,INV-SUPP-0070,2026-04-13T10:00:00Z,PHARM-HIST-0001,pharmaflow-main,SYNTHETIC_OPERATIONAL_RECORD
MOV-001571,MED-0035,Amoxicillin + Clavulanic Acid 625mg (Augmentin) (Formula 35),CIP358,STOCK_RECEIVED,300,180.0,54000.0,SUPPLIER_INVOICE,INV-SUPP-0071,2026-08-10T15:00:00Z,PHARM-KA-2022-7212,pharmaflow-main,SYNTHETIC_OPERATIONAL_RECORD
MOV-001572,MED-0036,Cetirizine 10mg (Cetzine) (Formula 36),OFL359,STOCK_RECEIVED,200,35.0,7000.0,SUPPLIER_INVOICE,INV-SUPP-0072,2026-05-18T22:00:00Z,PHARM-HIST-0001,pharmaflow-main,SYNTHETIC_OPERATIONAL_RECORD
MOV-001573,MED-0037,Levocetirizine 5mg (Levocet) (Formula 37),MON360,STOCK_RECEIVED,200,50.5,10100.0,SUPPLIER_INVOICE,INV-SUPP-0073,2026-07-17T16:00:00Z,PHARM-KA-2022-7212,pharmaflow-main,SYNTHETIC_OPERATIONAL_RECORD
MOV-001574,MED-0038,Azithromycin 250mg (Azee 250) (Formula 38),IBU361,STOCK_RECEIVED,200,125.0,25000.0,SUPPLIER_INVOICE,INV-SUPP-0074,2026-08-19T11:00:00Z,PHARM-HIST-0001,pharmaflow-main,SYNTHETIC_OPERATIONAL_RECORD
MOV-001575,MED-0039,Azithromycin 500mg (Azithral 500) (Formula 39),ACE362,STOCK_RECEIVED,100,182.5,18250.0,SUPPLIER_INVOICE,INV-SUPP-0075,2026-06-15T06:00:00Z,PHARM-KA-2022-7212,pharmaflow-main,SYNTHETIC_OPERATIONAL_RECORD
MOV-001576,MED-0040,Metformin 500mg (Glycomet 500) (Formula 40),VIL363,STOCK_RECEIVED,100,55.0,5500.0,SUPPLIER_INVOICE,INV-SUPP-0076,2026-05-15T01:00:00Z,PHARM-HIST-0001,pharmaflow-main,SYNTHETIC_OPERATIONAL_RECORD
MOV-001577,MED-0041,Metformin 1000mg SR (Glucophage) (Formula 41),RAB364,STOCK_RECEIVED,100,80.5,8050.0,SUPPLIER_INVOICE,INV-SUPP-0077,2026-04-21T01:00:00Z,PHARM-KA-2022-7212,pharmaflow-main,SYNTHETIC_OPERATIONAL_RECORD
MOV-001578,MED-0042,Pantoprazole 40mg (Pan 40) (Formula 42),COU365,STOCK_RECEIVED,300,100.0,30000.0,SUPPLIER_INVOICE,INV-SUPP-0078,2026-07-13T23:00:00Z,PHARM-HIST-0001,pharmaflow-main,SYNTHETIC_OPERATIONAL_RECORD
MOV-001579,MED-0043,Pantoprazole + Domperidone (Pan-D) (Formula 43),ORA366,STOCK_RECEIVED,300,145.0,43500.0,SUPPLIER_INVOICE,INV-SUPP-0079,2026-10-07T02:00:00Z,PHARM-KA-2022-7212,pharmaflow-main,SYNTHETIC_OPERATIONAL_RECORD
MOV-001580,MED-0044,Omeprazole 20mg (Omez) (Formula 44),MUL367,STOCK_RECEIVED,200,64.5,12900.0,SUPPLIER_INVOICE,INV-SUPP-0080,2026-09-17T08:00:00Z,PHARM-HIST-0001,pharmaflow-main,SYNTHETIC_OPERATIONAL_RECORD
MOV-001581,MED-0045,Telmisartan 40mg (Telma 40) (Formula 45),THY368,STOCK_RECEIVED,100,103.0,10300.0,SUPPLIER_INVOICE,INV-SUPP-0081,2026-05-08T20:00:00Z,PHARM-KA-2022-7212,pharmaflow-main,SYNTHETIC_OPERATIONAL_RECORD
MOV-001582,MED-0046,Telmisartan + Amlodipine (Telma-AM) (Formula 46),CLO369,STOCK_RECEIVED,300,147.5,44250.0,SUPPLIER_INVOICE,INV-SUPP-0082,2026-09-08T18:00:00Z,PHARM-HIST-0001,pharmaflow-main,SYNTHETIC_OPERATIONAL_RECORD
MOV-001583,MED-0047,Atorvastatin 10mg (Atorva 10) (Formula 47),PAR370,STOCK_RECEIVED,100,120.0,12000.0,SUPPLIER_INVOICE,INV-SUPP-0083,2026-06-08T21:00:00Z,PHARM-KA-2022-7212,pharmaflow-main,SYNTHETIC_OPERATIONAL_RECORD
MOV-001584,MED-0048,Rosuvastatin 10mg (Rosuvas 10) (Formula 48),PAR371,STOCK_RECEIVED,300,147.5,44250.0,SUPPLIER_INVOICE,INV-SUPP-0084,2026-05-19T13:00:00Z,PHARM-HIST-0001,pharmaflow-main,SYNTHETIC_OPERATIONAL_RECORD
MOV-001585,MED-0049,Ciprofloxacin 500mg (Ciplox 500) (Formula 49),VIT372,STOCK_RECEIVED,200,87.0,17400.0,SUPPLIER_INVOICE,INV-SUPP-0085,2026-09-07T17:00:00Z,PHARM-KA-2022-7212,pharmaflow-main,SYNTHETIC_OPERATIONAL_RECORD
MOV-001586,MED-0050,Ofloxacin + Ornidazole (O2) (Formula 50),AMO373,STOCK_RECEIVED,100,115.0,11500.0,SUPPLIER_INVOICE,INV-SUPP-0086,2026-04-28T02:00:00Z,PHARM-HIST-0001,pharmaflow-main,SYNTHETIC_OPERATIONAL_RECORD
MOV-001587,MED-0051,Montelukast + Levocetirizine (Montair-LC) (Formula 51),AMO374,STOCK_RECEIVED,100,160.5,16050.0,SUPPLIER_INVOICE,INV-SUPP-0087,2026-07-20T19:00:00Z,PHARM-KA-2022-7212,pharmaflow-main,SYNTHETIC_OPERATIONAL_RECORD
MOV-001588,MED-0052,Ibuprofen 400mg (Brufen 400) (Formula 52),CET375,STOCK_RECEIVED,200,33.0,6600.0,SUPPLIER_INVOICE,INV-SUPP-0088,2026-07-25T11:00:00Z,PHARM-HIST-0001,pharmaflow-main,SYNTHETIC_OPERATIONAL_RECORD
MOV-001589,MED-0053,Aceclofenac + Paracetamol (Zerodol-P) (Formula 53),LEV376,STOCK_RECEIVED,100,82.5,8250.0,SUPPLIER_INVOICE,INV-SUPP-0089,2026-09-24T03:00:00Z,PHARM-KA-2022-7212,pharmaflow-main,SYNTHETIC_OPERATIONAL_RECORD
MOV-001590,MED-0054,Vildagliptin + Metformin (Galvus Met) (Formula 54),AZI377,STOCK_RECEIVED,300,250.0,75000.0,SUPPLIER_INVOICE,INV-SUPP-0090,2026-09-02T14:00:00Z,PHARM-HIST-0001,pharmaflow-main,SYNTHETIC_OPERATIONAL_RECORD
MOV-001591,MED-0055,Rabeprazole 20mg (Razo 20) (Formula 55),AZI378,STOCK_RECEIVED,200,124.5,24900.0,SUPPLIER_INVOICE,INV-SUPP-0091,2026-07-03T08:00:00Z,PHARM-KA-2022-7212,pharmaflow-main,SYNTHETIC_OPERATIONAL_RECORD
MOV-001592,MED-0056,Cough Syrup (Ascoril-D) (Formula 56),MET379,STOCK_RECEIVED,200,103.0,20600.0,SUPPLIER_INVOICE,INV-SUPP-0092,2026-07-12T23:00:00Z,PHARM-HIST-0001,pharmaflow-main,SYNTHETIC_OPERATIONAL_RECORD
MOV-001593,MED-0057,Oral Rehydration Salts (Electral ORS) (Formula 57),MET380,STOCK_RECEIVED,100,18.0,1800.0,SUPPLIER_INVOICE,INV-SUPP-0093,2026-05-26T01:00:00Z,PHARM-KA-2022-7212,pharmaflow-main,SYNTHETIC_OPERATIONAL_RECORD
MOV-001594,MED-0058,Multivitamin + Zinc (Becadexamin) (Formula 58),PAN381,STOCK_RECEIVED,100,44.5,4450.0,SUPPLIER_INVOICE,INV-SUPP-0094,2026-06-03T03:00:00Z,PHARM-HIST-0001,pharmaflow-main,SYNTHETIC_OPERATIONAL_RECORD
MOV-001595,MED-0059,Thyroxine Sodium 50mcg (Thyronorm 50) (Formula 59),PAN382,STOCK_RECEIVED,300,130.0,39000.0,SUPPLIER_INVOICE,INV-SUPP-0095,2026-07-23T23:00:00Z,PHARM-KA-2022-7212,pharmaflow-main,SYNTHETIC_OPERATIONAL_RECORD
MOV-001596,MED-0060,Clopidogrel 75mg (Clopilet 75) (Formula 60),OME383,STOCK_RECEIVED,100,137.5,13750.0,SUPPLIER_INVOICE,INV-SUPP-0096,2026-10-02T03:00:00Z,PHARM-HIST-0001,pharmaflow-main,SYNTHETIC_OPERATIONAL_RECORD
MOV-001597,MED-0061,Paracetamol 500mg (Formula 61),TEL384,STOCK_RECEIVED,200,35.0,7000.0,SUPPLIER_INVOICE,INV-SUPP-0097,2026-08-21T14:00:00Z,PHARM-KA-2022-7212,pharmaflow-main,SYNTHETIC_OPERATIONAL_RECORD
MOV-001598,MED-0062,Paracetamol 650mg (Dolo 650) (Formula 62),TEL385,STOCK_RECEIVED,100,44.5,4450.0,SUPPLIER_INVOICE,INV-SUPP-0098,2026-09-02T20:00:00Z,PHARM-HIST-0001,pharmaflow-main,SYNTHETIC_OPERATIONAL_RECORD
MOV-001599,MED-0063,Vitamin D3 60K (Calcirol) (Formula 63),ATO386,STOCK_RECEIVED,300,80.0,24000.0,SUPPLIER_INVOICE,INV-SUPP-0099,2026-05-08T09:00:00Z,PHARM-KA-2022-7212,pharmaflow-main,SYNTHETIC_OPERATIONAL_RECORD
MOV-001600,MED-0064,Amoxicillin 500mg (Novamox) (Formula 64),ROS387,STOCK_RECEIVED,200,95.0,19000.0,SUPPLIER_INVOICE,INV-SUPP-0100,2026-09-09T09:00:00Z,PHARM-HIST-0001,pharmaflow-main,SYNTHETIC_OPERATIONAL_RECORD
MOV-001601,MED-0065,Amoxicillin + Clavulanic Acid 625mg (Augmentin) (Formula 65),CIP388,STOCK_RECEIVED,200,167.5,33500.0,SUPPLIER_INVOICE,INV-SUPP-0101,2026-07-15T02:00:00Z,PHARM-KA-2022-7212,pharmaflow-main,SYNTHETIC_OPERATIONAL_RECORD
MOV-001602,MED-0066,Cetirizine 10mg (Cetzine) (Formula 66),OFL389,STOCK_RECEIVED,100,40.0,4000.0,SUPPLIER_INVOICE,INV-SUPP-0102,2026-08-22T18:00:00Z,PHARM-HIST-0001,pharmaflow-main,SYNTHETIC_OPERATIONAL_RECORD
MOV-001603,MED-0067,Levocetirizine 5mg (Levocet) (Formula 67),MON390,STOCK_RECEIVED,100,55.5,5550.0,SUPPLIER_INVOICE,INV-SUPP-0103,2026-05-12T10:00:00Z,PHARM-KA-2022-7212,pharmaflow-main,SYNTHETIC_OPERATIONAL_RECORD
MOV-001604,MED-0068,Azithromycin 250mg (Azee 250) (Formula 68),IBU391,STOCK_RECEIVED,100,130.0,13000.0,SUPPLIER_INVOICE,INV-SUPP-0104,2026-09-26T04:00:00Z,PHARM-HIST-0001,pharmaflow-main,SYNTHETIC_OPERATIONAL_RECORD
MOV-001605,MED-0069,Azithromycin 500mg (Azithral 500) (Formula 69),ACE392,STOCK_RECEIVED,200,187.5,37500.0,SUPPLIER_INVOICE,INV-SUPP-0105,2026-05-20T19:00:00Z,PHARM-KA-2022-7212,pharmaflow-main,SYNTHETIC_OPERATIONAL_RECORD
MOV-001606,MED-0070,Metformin 500mg (Glycomet 500) (Formula 70),VIL393,STOCK_RECEIVED,100,60.0,6000.0,SUPPLIER_INVOICE,INV-SUPP-0106,2026-05-20T18:00:00Z,PHARM-HIST-0001,pharmaflow-main,SYNTHETIC_OPERATIONAL_RECORD
MOV-001607,MED-0071,Metformin 1000mg SR (Glucophage) (Formula 71),RAB394,STOCK_RECEIVED,300,68.0,20400.0,SUPPLIER_INVOICE,INV-SUPP-0107,2026-05-22T03:00:00Z,PHARM-KA-2022-7212,pharmaflow-main,SYNTHETIC_OPERATIONAL_RECORD
MOV-001608,MED-0072,Pantoprazole 40mg (Pan 40) (Formula 72),COU395,STOCK_RECEIVED,300,87.5,26250.0,SUPPLIER_INVOICE,INV-SUPP-0108,2026-04-23T03:00:00Z,PHARM-HIST-0001,pharmaflow-main,SYNTHETIC_OPERATIONAL_RECORD
MOV-001609,MED-0073,Pantoprazole + Domperidone (Pan-D) (Formula 73),ORA396,STOCK_RECEIVED,100,150.0,15000.0,SUPPLIER_INVOICE,INV-SUPP-0109,2026-06-27T11:00:00Z,PHARM-KA-2022-7212,pharmaflow-main,SYNTHETIC_OPERATIONAL_RECORD
MOV-001610,MED-0074,Omeprazole 20mg (Omez) (Formula 74),MUL397,STOCK_RECEIVED,200,69.5,13900.0,SUPPLIER_INVOICE,INV-SUPP-0110,2026-06-23T10:00:00Z,PHARM-HIST-0001,pharmaflow-main,SYNTHETIC_OPERATIONAL_RECORD
MOV-001611,MED-0075,Telmisartan 40mg (Telma 40) (Formula 75),THY398,STOCK_RECEIVED,300,108.0,32400.0,SUPPLIER_INVOICE,INV-SUPP-0111,2026-07-15T04:00:00Z,PHARM-KA-2022-7212,pharmaflow-main,SYNTHETIC_OPERATIONAL_RECORD
MOV-001612,MED-0076,Telmisartan + Amlodipine (Telma-AM) (Formula 76),CLO399,STOCK_RECEIVED,300,152.5,45750.0,SUPPLIER_INVOICE,INV-SUPP-0112,2026-09-25T08:00:00Z,PHARM-HIST-0001,pharmaflow-main,SYNTHETIC_OPERATIONAL_RECORD
MOV-001613,MED-0077,Atorvastatin 10mg (Atorva 10) (Formula 77),PAR400,STOCK_RECEIVED,100,125.0,12500.0,SUPPLIER_INVOICE,INV-SUPP-0113,2026-09-13T18:00:00Z,PHARM-KA-2022-7212,pharmaflow-main,SYNTHETIC_OPERATIONAL_RECORD
MOV-001614,MED-0078,Rosuvastatin 10mg (Rosuvas 10) (Formula 78),PAR401,STOCK_RECEIVED,100,135.0,13500.0,SUPPLIER_INVOICE,INV-SUPP-0114,2026-09-10T21:00:00Z,PHARM-HIST-0001,pharmaflow-main,SYNTHETIC_OPERATIONAL_RECORD
MOV-001615,MED-0079,Ciprofloxacin 500mg (Ciplox 500) (Formula 79),VIT402,STOCK_RECEIVED,100,74.5,7450.0,SUPPLIER_INVOICE,INV-SUPP-0115,2026-06-10T01:00:00Z,PHARM-KA-2022-7212,pharmaflow-main,SYNTHETIC_OPERATIONAL_RECORD
MOV-001616,MED-0080,Ofloxacin + Ornidazole (O2) (Formula 80),AMO403,STOCK_RECEIVED,200,120.0,24000.0,SUPPLIER_INVOICE,INV-SUPP-0116,2026-05-23T09:00:00Z,PHARM-HIST-0001,pharmaflow-main,SYNTHETIC_OPERATIONAL_RECORD
MOV-001617,MED-0081,Montelukast + Levocetirizine (Montair-LC) (Formula 81),AMO404,STOCK_RECEIVED,200,165.5,33100.0,SUPPLIER_INVOICE,INV-SUPP-0117,2026-08-28T18:00:00Z,PHARM-KA-2022-7212,pharmaflow-main,SYNTHETIC_OPERATIONAL_RECORD
MOV-001618,MED-0082,Ibuprofen 400mg (Brufen 400) (Formula 82),CET405,STOCK_RECEIVED,300,38.0,11400.0,SUPPLIER_INVOICE,INV-SUPP-0118,2026-08-06T10:00:00Z,PHARM-HIST-0001,pharmaflow-main,SYNTHETIC_OPERATIONAL_RECORD
MOV-001619,MED-0083,Aceclofenac + Paracetamol (Zerodol-P) (Formula 83),LEV406,STOCK_RECEIVED,200,87.5,17500.0,SUPPLIER_INVOICE,INV-SUPP-0119,2026-08-26T07:00:00Z,PHARM-KA-2022-7212,pharmaflow-main,SYNTHETIC_OPERATIONAL_RECORD
MOV-001620,MED-0084,Vildagliptin + Metformin (Galvus Met) (Formula 84),AZI407,STOCK_RECEIVED,300,255.0,76500.0,SUPPLIER_INVOICE,INV-SUPP-0120,2026-05-15T14:00:00Z,PHARM-HIST-0001,pharmaflow-main,SYNTHETIC_OPERATIONAL_RECORD
MOV-001621,MED-0085,Rabeprazole 20mg (Razo 20) (Formula 85),AZI408,STOCK_RECEIVED,100,112.0,11200.0,SUPPLIER_INVOICE,INV-SUPP-0121,2026-04-30T12:00:00Z,PHARM-KA-2022-7212,pharmaflow-main,SYNTHETIC_OPERATIONAL_RECORD
MOV-001622,MED-0086,Cough Syrup (Ascoril-D) (Formula 86),MET409,STOCK_RECEIVED,200,90.5,18100.0,SUPPLIER_INVOICE,INV-SUPP-0122,2026-08-13T13:00:00Z,PHARM-HIST-0001,pharmaflow-main,SYNTHETIC_OPERATIONAL_RECORD
MOV-001623,MED-0087,Oral Rehydration Salts (Electral ORS) (Formula 87),MET410,STOCK_RECEIVED,300,23.0,6900.0,SUPPLIER_INVOICE,INV-SUPP-0123,2026-09-06T07:00:00Z,PHARM-KA-2022-7212,pharmaflow-main,SYNTHETIC_OPERATIONAL_RECORD
MOV-001624,MED-0088,Multivitamin + Zinc (Becadexamin) (Formula 88),PAN411,STOCK_RECEIVED,300,49.5,14850.0,SUPPLIER_INVOICE,INV-SUPP-0124,2026-04-16T20:00:00Z,PHARM-HIST-0001,pharmaflow-main,SYNTHETIC_OPERATIONAL_RECORD
MOV-001625,MED-0089,Thyroxine Sodium 50mcg (Thyronorm 50) (Formula 89),PAN412,STOCK_RECEIVED,100,135.0,13500.0,SUPPLIER_INVOICE,INV-SUPP-0125,2026-06-26T12:00:00Z,PHARM-KA-2022-7212,pharmaflow-main,SYNTHETIC_OPERATIONAL_RECORD
MOV-001626,MED-0090,Clopidogrel 75mg (Clopilet 75) (Formula 90),OME413,STOCK_RECEIVED,300,142.5,42750.0,SUPPLIER_INVOICE,INV-SUPP-0126,2026-05-28T04:00:00Z,PHARM-HIST-0001,pharmaflow-main,SYNTHETIC_OPERATIONAL_RECORD
MOV-001627,MED-0091,Paracetamol 500mg (Formula 91),TEL414,STOCK_RECEIVED,300,40.0,12000.0,SUPPLIER_INVOICE,INV-SUPP-0127,2026-08-20T21:00:00Z,PHARM-KA-2022-7212,pharmaflow-main,SYNTHETIC_OPERATIONAL_RECORD
MOV-001628,MED-0092,Paracetamol 650mg (Dolo 650) (Formula 92),TEL415,STOCK_RECEIVED,300,32.0,9600.0,SUPPLIER_INVOICE,INV-SUPP-0128,2026-08-09T11:00:00Z,PHARM-HIST-0001,pharmaflow-main,SYNTHETIC_OPERATIONAL_RECORD
MOV-001629,MED-0093,Vitamin D3 60K (Calcirol) (Formula 93),ATO416,STOCK_RECEIVED,200,67.5,13500.0,SUPPLIER_INVOICE,INV-SUPP-0129,2026-08-14T17:00:00Z,PHARM-KA-2022-7212,pharmaflow-main,SYNTHETIC_OPERATIONAL_RECORD
MOV-001630,MED-0094,Amoxicillin 500mg (Novamox) (Formula 94),ROS417,STOCK_RECEIVED,300,100.0,30000.0,SUPPLIER_INVOICE,INV-SUPP-0130,2026-07-01T06:00:00Z,PHARM-HIST-0001,pharmaflow-main,SYNTHETIC_OPERATIONAL_RECORD
MOV-001631,MED-0095,Amoxicillin + Clavulanic Acid 625mg (Augmentin) (Formula 95),CIP418,STOCK_RECEIVED,300,172.5,51750.0,SUPPLIER_INVOICE,INV-SUPP-0131,2026-07-26T01:00:00Z,PHARM-KA-2022-7212,pharmaflow-main,SYNTHETIC_OPERATIONAL_RECORD
MOV-001632,MED-0096,Cetirizine 10mg (Cetzine) (Formula 96),OFL419,STOCK_RECEIVED,100,45.0,4500.0,SUPPLIER_INVOICE,INV-SUPP-0132,2026-06-26T18:00:00Z,PHARM-HIST-0001,pharmaflow-main,SYNTHETIC_OPERATIONAL_RECORD
MOV-001633,MED-0097,Levocetirizine 5mg (Levocet) (Formula 97),MON420,STOCK_RECEIVED,200,60.5,12100.0,SUPPLIER_INVOICE,INV-SUPP-0133,2026-05-13T03:00:00Z,PHARM-KA-2022-7212,pharmaflow-main,SYNTHETIC_OPERATIONAL_RECORD
MOV-001634,MED-0098,Azithromycin 250mg (Azee 250) (Formula 98),IBU421,STOCK_RECEIVED,200,135.0,27000.0,SUPPLIER_INVOICE,INV-SUPP-0134,2026-08-05T17:00:00Z,PHARM-HIST-0001,pharmaflow-main,SYNTHETIC_OPERATIONAL_RECORD
MOV-001635,MED-0099,Azithromycin 500mg (Azithral 500) (Formula 99),ACE422,STOCK_RECEIVED,100,175.0,17500.0,SUPPLIER_INVOICE,INV-SUPP-0135,2026-04-10T23:00:00Z,PHARM-KA-2022-7212,pharmaflow-main,SYNTHETIC_OPERATIONAL_RECORD
MOV-001636,MED-0100,Metformin 500mg (Glycomet 500) (Formula 100),VIL423,STOCK_RECEIVED,200,47.5,9500.0,SUPPLIER_INVOICE,INV-SUPP-0136,2026-04-25T17:00:00Z,PHARM-HIST-0001,pharmaflow-main,SYNTHETIC_OPERATIONAL_RECORD
MOV-001637,MED-0101,Metformin 1000mg SR (Glucophage) (Formula 101),RAB424,STOCK_RECEIVED,200,73.0,14600.0,SUPPLIER_INVOICE,INV-SUPP-0137,2026-10-08T09:00:00Z,PHARM-KA-2022-7212,pharmaflow-main,SYNTHETIC_OPERATIONAL_RECORD
MOV-001638,MED-0102,Pantoprazole 40mg (Pan 40) (Formula 102),COU425,STOCK_RECEIVED,200,92.5,18500.0,SUPPLIER_INVOICE,INV-SUPP-0138,2026-05-10T06:00:00Z,PHARM-HIST-0001,pharmaflow-main,SYNTHETIC_OPERATIONAL_RECORD
MOV-001639,MED-0103,Pantoprazole + Domperidone (Pan-D) (Formula 103),ORA426,STOCK_RECEIVED,300,155.0,46500.0,SUPPLIER_INVOICE,INV-SUPP-0139,2026-08-04T14:00:00Z,PHARM-KA-2022-7212,pharmaflow-main,SYNTHETIC_OPERATIONAL_RECORD
MOV-001640,MED-0104,Omeprazole 20mg (Omez) (Formula 104),MUL427,STOCK_RECEIVED,100,74.5,7450.0,SUPPLIER_INVOICE,INV-SUPP-0140,2026-05-14T07:00:00Z,PHARM-HIST-0001,pharmaflow-main,SYNTHETIC_OPERATIONAL_RECORD
MOV-001641,MED-0105,Telmisartan 40mg (Telma 40) (Formula 105),PCT101,STOCK_RECEIVED,300,113.0,33900.0,SUPPLIER_INVOICE,INV-SUPP-0141,2026-05-13T09:00:00Z,PHARM-KA-2022-7212,pharmaflow-main,SYNTHETIC_OPERATIONAL_RECORD
MOV-001642,MED-0106,Telmisartan + Amlodipine (Telma-AM) (Formula 106),VD102,STOCK_RECEIVED,300,140.0,42000.0,SUPPLIER_INVOICE,INV-SUPP-0142,2026-08-06T08:00:00Z,PHARM-HIST-0001,pharmaflow-main,SYNTHETIC_OPERATIONAL_RECORD
MOV-001643,MED-0107,Atorvastatin 10mg (Atorva 10) (Formula 107),AMX204,STOCK_RECEIVED,300,112.5,33750.0,SUPPLIER_INVOICE,INV-SUPP-0143,2026-09-28T05:00:00Z,PHARM-KA-2022-7212,pharmaflow-main,SYNTHETIC_OPERATIONAL_RECORD
MOV-001644,MED-0108,Rosuvastatin 10mg (Rosuvas 10) (Formula 108),CTZ302,STOCK_RECEIVED,100,140.0,14000.0,SUPPLIER_INVOICE,INV-SUPP-0144,2026-09-26T13:00:00Z,PHARM-HIST-0001,pharmaflow-main,SYNTHETIC_OPERATIONAL_RECORD
MOV-001645,MED-0109,Ciprofloxacin 500mg (Ciplox 500) (Formula 109),DEMO-EXP-001,STOCK_RECEIVED,100,79.5,7950.0,SUPPLIER_INVOICE,INV-SUPP-0145,2026-04-16T00:00:00Z,PHARM-KA-2022-7212,pharmaflow-main,SYNTHETIC_OPERATIONAL_RECORD
MOV-001646,MED-0110,Ofloxacin + Ornidazole (O2) (Formula 110),DEMO-EXP-002,STOCK_RECEIVED,100,125.0,12500.0,SUPPLIER_INVOICE,INV-SUPP-0146,2026-08-14T04:00:00Z,PHARM-HIST-0001,pharmaflow-main,SYNTHETIC_OPERATIONAL_RECORD
MOV-001647,MED-0111,Montelukast + Levocetirizine (Montair-LC) (Formula 111),LEV106,STOCK_RECEIVED,100,170.5,17050.0,SUPPLIER_INVOICE,INV-SUPP-0147,2026-05-14T12:00:00Z,PHARM-KA-2022-7212,pharmaflow-main,SYNTHETIC_OPERATIONAL_RECORD
MOV-001648,MED-0112,Ibuprofen 400mg (Brufen 400) (Formula 112),AZI107,STOCK_RECEIVED,300,43.0,12900.0,SUPPLIER_INVOICE,INV-SUPP-0148,2026-08-15T14:00:00Z,PHARM-HIST-0001,pharmaflow-main,SYNTHETIC_OPERATIONAL_RECORD
MOV-001649,MED-0113,Aceclofenac + Paracetamol (Zerodol-P) (Formula 113),AZI108,STOCK_RECEIVED,100,75.0,7500.0,SUPPLIER_INVOICE,INV-SUPP-0149,2026-04-13T12:00:00Z,PHARM-KA-2022-7212,pharmaflow-main,SYNTHETIC_OPERATIONAL_RECORD
MOV-001650,MED-0114,Vildagliptin + Metformin (Galvus Met) (Formula 114),MET109,STOCK_RECEIVED,200,242.5,48500.0,SUPPLIER_INVOICE,INV-SUPP-0150,2026-09-11T02:00:00Z,PHARM-HIST-0001,pharmaflow-main,SYNTHETIC_OPERATIONAL_RECORD
MOV-001651,MED-0115,Rabeprazole 20mg (Razo 20) (Formula 115),MET110,STOCK_RECEIVED,100,117.0,11700.0,SUPPLIER_INVOICE,INV-SUPP-0001,2026-06-16T08:00:00Z,PHARM-KA-2022-7212,pharmaflow-main,SYNTHETIC_OPERATIONAL_RECORD
MOV-001652,MED-0116,Cough Syrup (Ascoril-D) (Formula 116),PAN111,STOCK_RECEIVED,100,95.5,9550.0,SUPPLIER_INVOICE,INV-SUPP-0002,2026-04-26T09:00:00Z,PHARM-HIST-0001,pharmaflow-main,SYNTHETIC_OPERATIONAL_RECORD
MOV-001653,MED-0117,Oral Rehydration Salts (Electral ORS) (Formula 117),PAN112,STOCK_RECEIVED,200,28.0,5600.0,SUPPLIER_INVOICE,INV-SUPP-0003,2026-07-16T23:00:00Z,PHARM-KA-2022-7212,pharmaflow-main,SYNTHETIC_OPERATIONAL_RECORD
MOV-001654,MED-0118,Multivitamin + Zinc (Becadexamin) (Formula 118),OME113,STOCK_RECEIVED,200,54.5,10900.0,SUPPLIER_INVOICE,INV-SUPP-0004,2026-04-22T20:00:00Z,PHARM-HIST-0001,pharmaflow-main,SYNTHETIC_OPERATIONAL_RECORD
MOV-001655,MED-0119,Thyroxine Sodium 50mcg (Thyronorm 50) (Formula 119),TEL114,STOCK_RECEIVED,300,140.0,42000.0,SUPPLIER_INVOICE,INV-SUPP-0005,2026-07-29T22:00:00Z,PHARM-KA-2022-7212,pharmaflow-main,SYNTHETIC_OPERATIONAL_RECORD
MOV-001656,MED-0120,Clopidogrel 75mg (Clopilet 75) (Formula 120),TEL115,STOCK_RECEIVED,300,130.0,39000.0,SUPPLIER_INVOICE,INV-SUPP-0006,2026-08-17T16:00:00Z,PHARM-HIST-0001,pharmaflow-main,SYNTHETIC_OPERATIONAL_RECORD
MOV-001657,MED-0121,Paracetamol 500mg (Formula 121),ATO116,STOCK_RECEIVED,100,27.5,2750.0,SUPPLIER_INVOICE,INV-SUPP-0007,2026-08-17T00:00:00Z,PHARM-KA-2022-7212,pharmaflow-main,SYNTHETIC_OPERATIONAL_RECORD
MOV-001658,MED-0122,Paracetamol 650mg (Dolo 650) (Formula 122),ROS117,STOCK_RECEIVED,200,37.0,7400.0,SUPPLIER_INVOICE,INV-SUPP-0008,2026-08-20T15:00:00Z,PHARM-HIST-0001,pharmaflow-main,SYNTHETIC_OPERATIONAL_RECORD
MOV-001659,MED-0123,Vitamin D3 60K (Calcirol) (Formula 123),CIP118,STOCK_RECEIVED,300,72.5,21750.0,SUPPLIER_INVOICE,INV-SUPP-0009,2026-08-06T21:00:00Z,PHARM-KA-2022-7212,pharmaflow-main,SYNTHETIC_OPERATIONAL_RECORD
MOV-001660,MED-0124,Amoxicillin 500mg (Novamox) (Formula 124),OFL119,STOCK_RECEIVED,200,105.0,21000.0,SUPPLIER_INVOICE,INV-SUPP-0010,2026-07-29T23:00:00Z,PHARM-HIST-0001,pharmaflow-main,SYNTHETIC_OPERATIONAL_RECORD
MOV-001661,MED-0125,Amoxicillin + Clavulanic Acid 625mg (Augmentin) (Formula 125),MON120,STOCK_RECEIVED,100,177.5,17750.0,SUPPLIER_INVOICE,INV-SUPP-0011,2026-08-05T12:00:00Z,PHARM-KA-2022-7212,pharmaflow-main,SYNTHETIC_OPERATIONAL_RECORD
MOV-001662,MED-0126,Cetirizine 10mg (Cetzine) (Formula 126),IBU121,STOCK_RECEIVED,200,50.0,10000.0,SUPPLIER_INVOICE,INV-SUPP-0012,2026-06-12T07:00:00Z,PHARM-HIST-0001,pharmaflow-main,SYNTHETIC_OPERATIONAL_RECORD
MOV-001663,MED-0127,Levocetirizine 5mg (Levocet) (Formula 127),ACE122,STOCK_RECEIVED,100,48.0,4800.0,SUPPLIER_INVOICE,INV-SUPP-0013,2026-09-22T13:00:00Z,PHARM-KA-2022-7212,pharmaflow-main,SYNTHETIC_OPERATIONAL_RECORD
MOV-001664,MED-0128,Azithromycin 250mg (Azee 250) (Formula 128),VIL123,STOCK_RECEIVED,200,122.5,24500.0,SUPPLIER_INVOICE,INV-SUPP-0014,2026-05-27T03:00:00Z,PHARM-HIST-0001,pharmaflow-main,SYNTHETIC_OPERATIONAL_RECORD
MOV-001665,MED-0129,Azithromycin 500mg (Azithral 500) (Formula 129),RAB124,STOCK_RECEIVED,100,180.0,18000.0,SUPPLIER_INVOICE,INV-SUPP-0015,2026-06-25T09:00:00Z,PHARM-KA-2022-7212,pharmaflow-main,SYNTHETIC_OPERATIONAL_RECORD
MOV-001666,MED-0130,Metformin 500mg (Glycomet 500) (Formula 130),COU125,STOCK_RECEIVED,200,52.5,10500.0,SUPPLIER_INVOICE,INV-SUPP-0016,2026-09-02T03:00:00Z,PHARM-HIST-0001,pharmaflow-main,SYNTHETIC_OPERATIONAL_RECORD
MOV-001667,MED-0131,Metformin 1000mg SR (Glucophage) (Formula 131),ORA126,STOCK_RECEIVED,200,78.0,15600.0,SUPPLIER_INVOICE,INV-SUPP-0017,2026-08-23T23:00:00Z,PHARM-KA-2022-7212,pharmaflow-main,SYNTHETIC_OPERATIONAL_RECORD
MOV-001668,MED-0132,Pantoprazole 40mg (Pan 40) (Formula 132),MUL127,STOCK_RECEIVED,100,97.5,9750.0,SUPPLIER_INVOICE,INV-SUPP-0018,2026-06-08T20:00:00Z,PHARM-HIST-0001,pharmaflow-main,SYNTHETIC_OPERATIONAL_RECORD
MOV-001669,MED-0133,Pantoprazole + Domperidone (Pan-D) (Formula 133),THY128,STOCK_RECEIVED,100,160.0,16000.0,SUPPLIER_INVOICE,INV-SUPP-0019,2026-05-10T22:00:00Z,PHARM-KA-2022-7212,pharmaflow-main,SYNTHETIC_OPERATIONAL_RECORD
MOV-001670,MED-0134,Omeprazole 20mg (Omez) (Formula 134),CLO129,STOCK_RECEIVED,200,62.0,12400.0,SUPPLIER_INVOICE,INV-SUPP-0020,2026-07-22T16:00:00Z,PHARM-HIST-0001,pharmaflow-main,SYNTHETIC_OPERATIONAL_RECORD
MOV-001671,MED-0135,Telmisartan 40mg (Telma 40) (Formula 135),PAR130,STOCK_RECEIVED,100,100.5,10050.0,SUPPLIER_INVOICE,INV-SUPP-0021,2026-06-15T06:00:00Z,PHARM-KA-2022-7212,pharmaflow-main,SYNTHETIC_OPERATIONAL_RECORD
MOV-001672,MED-0136,Telmisartan + Amlodipine (Telma-AM) (Formula 136),PAR131,STOCK_RECEIVED,300,145.0,43500.0,SUPPLIER_INVOICE,INV-SUPP-0022,2026-07-29T21:00:00Z,PHARM-HIST-0001,pharmaflow-main,SYNTHETIC_OPERATIONAL_RECORD
MOV-001673,MED-0137,Atorvastatin 10mg (Atorva 10) (Formula 137),VIT132,STOCK_RECEIVED,200,117.5,23500.0,SUPPLIER_INVOICE,INV-SUPP-0023,2026-07-31T07:00:00Z,PHARM-KA-2022-7212,pharmaflow-main,SYNTHETIC_OPERATIONAL_RECORD
MOV-001674,MED-0138,Rosuvastatin 10mg (Rosuvas 10) (Formula 138),AMO133,STOCK_RECEIVED,200,145.0,29000.0,SUPPLIER_INVOICE,INV-SUPP-0024,2026-08-12T22:00:00Z,PHARM-HIST-0001,pharmaflow-main,SYNTHETIC_OPERATIONAL_RECORD
MOV-001675,MED-0139,Ciprofloxacin 500mg (Ciplox 500) (Formula 139),AMO134,STOCK_RECEIVED,100,84.5,8450.0,SUPPLIER_INVOICE,INV-SUPP-0025,2026-10-04T05:00:00Z,PHARM-KA-2022-7212,pharmaflow-main,SYNTHETIC_OPERATIONAL_RECORD
MOV-001676,MED-0140,Ofloxacin + Ornidazole (O2) (Formula 140),CET135,STOCK_RECEIVED,300,130.0,39000.0,SUPPLIER_INVOICE,INV-SUPP-0026,2026-06-06T00:00:00Z,PHARM-HIST-0001,pharmaflow-main,SYNTHETIC_OPERATIONAL_RECORD
MOV-001677,MED-0141,Montelukast + Levocetirizine (Montair-LC) (Formula 141),LEV136,STOCK_RECEIVED,100,158.0,15800.0,SUPPLIER_INVOICE,INV-SUPP-0027,2026-05-19T20:00:00Z,PHARM-KA-2022-7212,pharmaflow-main,SYNTHETIC_OPERATIONAL_RECORD
MOV-001678,MED-0142,Ibuprofen 400mg (Brufen 400) (Formula 142),AZI137,STOCK_RECEIVED,300,30.5,9150.0,SUPPLIER_INVOICE,INV-SUPP-0028,2026-09-01T09:00:00Z,PHARM-HIST-0001,pharmaflow-main,SYNTHETIC_OPERATIONAL_RECORD
MOV-001679,MED-0143,Aceclofenac + Paracetamol (Zerodol-P) (Formula 143),AZI138,STOCK_RECEIVED,200,80.0,16000.0,SUPPLIER_INVOICE,INV-SUPP-0029,2026-07-05T20:00:00Z,PHARM-KA-2022-7212,pharmaflow-main,SYNTHETIC_OPERATIONAL_RECORD
MOV-001680,MED-0144,Vildagliptin + Metformin (Galvus Met) (Formula 144),MET139,STOCK_RECEIVED,200,247.5,49500.0,SUPPLIER_INVOICE,INV-SUPP-0030,2026-04-15T09:00:00Z,PHARM-HIST-0001,pharmaflow-main,SYNTHETIC_OPERATIONAL_RECORD
MOV-001681,MED-0145,Rabeprazole 20mg (Razo 20) (Formula 145),MET140,STOCK_RECEIVED,200,122.0,24400.0,SUPPLIER_INVOICE,INV-SUPP-0031,2026-04-22T20:00:00Z,PHARM-KA-2022-7212,pharmaflow-main,SYNTHETIC_OPERATIONAL_RECORD
MOV-001682,MED-0146,Cough Syrup (Ascoril-D) (Formula 146),PAN141,STOCK_RECEIVED,200,100.5,20100.0,SUPPLIER_INVOICE,INV-SUPP-0032,2026-06-27T12:00:00Z,PHARM-HIST-0001,pharmaflow-main,SYNTHETIC_OPERATIONAL_RECORD
MOV-001683,MED-0147,Oral Rehydration Salts (Electral ORS) (Formula 147),PAN142,STOCK_RECEIVED,100,33.0,3300.0,SUPPLIER_INVOICE,INV-SUPP-0033,2026-05-16T09:00:00Z,PHARM-KA-2022-7212,pharmaflow-main,SYNTHETIC_OPERATIONAL_RECORD
MOV-001684,MED-0148,Multivitamin + Zinc (Becadexamin) (Formula 148),OME143,STOCK_RECEIVED,100,42.0,4200.0,SUPPLIER_INVOICE,INV-SUPP-0034,2026-07-28T04:00:00Z,PHARM-HIST-0001,pharmaflow-main,SYNTHETIC_OPERATIONAL_RECORD
MOV-001685,MED-0149,Thyroxine Sodium 50mcg (Thyronorm 50) (Formula 149),TEL144,STOCK_RECEIVED,100,127.5,12750.0,SUPPLIER_INVOICE,INV-SUPP-0035,2026-04-19T19:00:00Z,PHARM-KA-2022-7212,pharmaflow-main,SYNTHETIC_OPERATIONAL_RECORD
MOV-001686,MED-0150,Clopidogrel 75mg (Clopilet 75) (Formula 150),TEL145,STOCK_RECEIVED,300,135.0,40500.0,SUPPLIER_INVOICE,INV-SUPP-0036,2026-05-13T20:00:00Z,PHARM-HIST-0001,pharmaflow-main,SYNTHETIC_OPERATIONAL_RECORD
MOV-001687,MED-0151,Paracetamol 500mg (Formula 151),ATO146,STOCK_RECEIVED,100,32.5,3250.0,SUPPLIER_INVOICE,INV-SUPP-0037,2026-04-30T21:00:00Z,PHARM-KA-2022-7212,pharmaflow-main,SYNTHETIC_OPERATIONAL_RECORD
MOV-001688,MED-0152,Paracetamol 650mg (Dolo 650) (Formula 152),ROS147,STOCK_RECEIVED,300,42.0,12600.0,SUPPLIER_INVOICE,INV-SUPP-0038,2026-10-08T08:00:00Z,PHARM-HIST-0001,pharmaflow-main,SYNTHETIC_OPERATIONAL_RECORD
MOV-001689,MED-0153,Vitamin D3 60K (Calcirol) (Formula 153),CIP148,STOCK_RECEIVED,100,77.5,7750.0,SUPPLIER_INVOICE,INV-SUPP-0039,2026-07-16T14:00:00Z,PHARM-KA-2022-7212,pharmaflow-main,SYNTHETIC_OPERATIONAL_RECORD
MOV-001690,MED-0154,Amoxicillin 500mg (Novamox) (Formula 154),OFL149,STOCK_RECEIVED,300,110.0,33000.0,SUPPLIER_INVOICE,INV-SUPP-0040,2026-06-22T18:00:00Z,PHARM-HIST-0001,pharmaflow-main,SYNTHETIC_OPERATIONAL_RECORD
MOV-001691,MED-0155,Amoxicillin + Clavulanic Acid 625mg (Augmentin) (Formula 155),MON150,STOCK_RECEIVED,200,165.0,33000.0,SUPPLIER_INVOICE,INV-SUPP-0041,2026-10-07T21:00:00Z,PHARM-KA-2022-7212,pharmaflow-main,SYNTHETIC_OPERATIONAL_RECORD
MOV-001692,MED-0156,Cetirizine 10mg (Cetzine) (Formula 156),IBU151,STOCK_RECEIVED,100,37.5,3750.0,SUPPLIER_INVOICE,INV-SUPP-0042,2026-08-22T09:00:00Z,PHARM-HIST-0001,pharmaflow-main,SYNTHETIC_OPERATIONAL_RECORD
MOV-001693,MED-0157,Levocetirizine 5mg (Levocet) (Formula 157),ACE152,STOCK_RECEIVED,300,53.0,15900.0,SUPPLIER_INVOICE,INV-SUPP-0043,2026-07-21T13:00:00Z,PHARM-KA-2022-7212,pharmaflow-main,SYNTHETIC_OPERATIONAL_RECORD
MOV-001694,MED-0158,Azithromycin 250mg (Azee 250) (Formula 158),VIL153,STOCK_RECEIVED,200,127.5,25500.0,SUPPLIER_INVOICE,INV-SUPP-0044,2026-08-04T14:00:00Z,PHARM-HIST-0001,pharmaflow-main,SYNTHETIC_OPERATIONAL_RECORD
MOV-001695,MED-0159,Azithromycin 500mg (Azithral 500) (Formula 159),RAB154,STOCK_RECEIVED,200,185.0,37000.0,SUPPLIER_INVOICE,INV-SUPP-0045,2026-05-11T06:00:00Z,PHARM-KA-2022-7212,pharmaflow-main,SYNTHETIC_OPERATIONAL_RECORD
MOV-001696,MED-0160,Metformin 500mg (Glycomet 500) (Formula 160),COU155,STOCK_RECEIVED,300,57.5,17250.0,SUPPLIER_INVOICE,INV-SUPP-0046,2026-06-27T15:00:00Z,PHARM-HIST-0001,pharmaflow-main,SYNTHETIC_OPERATIONAL_RECORD
MOV-001697,MED-0161,Metformin 1000mg SR (Glucophage) (Formula 161),ORA156,STOCK_RECEIVED,300,83.0,24900.0,SUPPLIER_INVOICE,INV-SUPP-0047,2026-05-16T18:00:00Z,PHARM-KA-2022-7212,pharmaflow-main,SYNTHETIC_OPERATIONAL_RECORD
MOV-001698,MED-0162,Pantoprazole 40mg (Pan 40) (Formula 162),MUL157,STOCK_RECEIVED,200,85.0,17000.0,SUPPLIER_INVOICE,INV-SUPP-0048,2026-09-14T00:00:00Z,PHARM-HIST-0001,pharmaflow-main,SYNTHETIC_OPERATIONAL_RECORD
MOV-001699,MED-0163,Pantoprazole + Domperidone (Pan-D) (Formula 163),THY158,STOCK_RECEIVED,200,147.5,29500.0,SUPPLIER_INVOICE,INV-SUPP-0049,2026-05-02T06:00:00Z,PHARM-KA-2022-7212,pharmaflow-main,SYNTHETIC_OPERATIONAL_RECORD
MOV-001700,MED-0164,Omeprazole 20mg (Omez) (Formula 164),CLO159,STOCK_RECEIVED,100,67.0,6700.0,SUPPLIER_INVOICE,INV-SUPP-0050,2026-07-17T11:00:00Z,PHARM-HIST-0001,pharmaflow-main,SYNTHETIC_OPERATIONAL_RECORD
MOV-001701,MED-0165,Telmisartan 40mg (Telma 40) (Formula 165),PAR160,STOCK_RECEIVED,200,105.5,21100.0,SUPPLIER_INVOICE,INV-SUPP-0051,2026-07-08T21:00:00Z,PHARM-KA-2022-7212,pharmaflow-main,SYNTHETIC_OPERATIONAL_RECORD
MOV-001702,MED-0166,Telmisartan + Amlodipine (Telma-AM) (Formula 166),PAR161,STOCK_RECEIVED,100,150.0,15000.0,SUPPLIER_INVOICE,INV-SUPP-0052,2026-05-25T02:00:00Z,PHARM-HIST-0001,pharmaflow-main,SYNTHETIC_OPERATIONAL_RECORD
MOV-001703,MED-0167,Atorvastatin 10mg (Atorva 10) (Formula 167),VIT162,STOCK_RECEIVED,200,122.5,24500.0,SUPPLIER_INVOICE,INV-SUPP-0053,2026-08-10T23:00:00Z,PHARM-KA-2022-7212,pharmaflow-main,SYNTHETIC_OPERATIONAL_RECORD
MOV-001704,MED-0168,Rosuvastatin 10mg (Rosuvas 10) (Formula 168),AMO163,STOCK_RECEIVED,300,150.0,45000.0,SUPPLIER_INVOICE,INV-SUPP-0054,2026-10-03T14:00:00Z,PHARM-HIST-0001,pharmaflow-main,SYNTHETIC_OPERATIONAL_RECORD
MOV-001705,MED-0169,Ciprofloxacin 500mg (Ciplox 500) (Formula 169),AMO164,STOCK_RECEIVED,100,72.0,7200.0,SUPPLIER_INVOICE,INV-SUPP-0055,2026-09-11T18:00:00Z,PHARM-KA-2022-7212,pharmaflow-main,SYNTHETIC_OPERATIONAL_RECORD
MOV-001706,MED-0170,Ofloxacin + Ornidazole (O2) (Formula 170),CET165,STOCK_RECEIVED,100,117.5,11750.0,SUPPLIER_INVOICE,INV-SUPP-0056,2026-08-09T23:00:00Z,PHARM-HIST-0001,pharmaflow-main,SYNTHETIC_OPERATIONAL_RECORD
MOV-001707,MED-0171,Montelukast + Levocetirizine (Montair-LC) (Formula 171),LEV166,STOCK_RECEIVED,100,163.0,16300.0,SUPPLIER_INVOICE,INV-SUPP-0057,2026-08-16T22:00:00Z,PHARM-KA-2022-7212,pharmaflow-main,SYNTHETIC_OPERATIONAL_RECORD
MOV-001708,MED-0172,Ibuprofen 400mg (Brufen 400) (Formula 172),AZI167,STOCK_RECEIVED,200,35.5,7100.0,SUPPLIER_INVOICE,INV-SUPP-0058,2026-05-24T13:00:00Z,PHARM-HIST-0001,pharmaflow-main,SYNTHETIC_OPERATIONAL_RECORD
MOV-001709,MED-0173,Aceclofenac + Paracetamol (Zerodol-P) (Formula 173),AZI168,STOCK_RECEIVED,100,85.0,8500.0,SUPPLIER_INVOICE,INV-SUPP-0059,2026-09-11T15:00:00Z,PHARM-KA-2022-7212,pharmaflow-main,SYNTHETIC_OPERATIONAL_RECORD
MOV-001710,MED-0174,Vildagliptin + Metformin (Galvus Met) (Formula 174),MET169,STOCK_RECEIVED,300,252.5,75750.0,SUPPLIER_INVOICE,INV-SUPP-0060,2026-06-17T14:00:00Z,PHARM-HIST-0001,pharmaflow-main,SYNTHETIC_OPERATIONAL_RECORD
MOV-001711,MED-0175,Rabeprazole 20mg (Razo 20) (Formula 175),MET170,STOCK_RECEIVED,100,127.0,12700.0,SUPPLIER_INVOICE,INV-SUPP-0061,2026-08-12T13:00:00Z,PHARM-KA-2022-7212,pharmaflow-main,SYNTHETIC_OPERATIONAL_RECORD
MOV-001712,MED-0176,Cough Syrup (Ascoril-D) (Formula 176),PAN171,STOCK_RECEIVED,100,88.0,8800.0,SUPPLIER_INVOICE,INV-SUPP-0062,2026-08-14T01:00:00Z,PHARM-HIST-0001,pharmaflow-main,SYNTHETIC_OPERATIONAL_RECORD
MOV-001713,MED-0177,Oral Rehydration Salts (Electral ORS) (Formula 177),PAN172,STOCK_RECEIVED,100,20.5,2050.0,SUPPLIER_INVOICE,INV-SUPP-0063,2026-09-29T04:00:00Z,PHARM-KA-2022-7212,pharmaflow-main,SYNTHETIC_OPERATIONAL_RECORD
MOV-001714,MED-0178,Multivitamin + Zinc (Becadexamin) (Formula 178),OME173,STOCK_RECEIVED,100,47.0,4700.0,SUPPLIER_INVOICE,INV-SUPP-0064,2026-05-10T23:00:00Z,PHARM-HIST-0001,pharmaflow-main,SYNTHETIC_OPERATIONAL_RECORD
MOV-001715,MED-0179,Thyroxine Sodium 50mcg (Thyronorm 50) (Formula 179),TEL174,STOCK_RECEIVED,100,132.5,13250.0,SUPPLIER_INVOICE,INV-SUPP-0065,2026-07-28T16:00:00Z,PHARM-KA-2022-7212,pharmaflow-main,SYNTHETIC_OPERATIONAL_RECORD
MOV-001716,MED-0180,Clopidogrel 75mg (Clopilet 75) (Formula 180),TEL175,STOCK_RECEIVED,300,140.0,42000.0,SUPPLIER_INVOICE,INV-SUPP-0066,2026-06-15T06:00:00Z,PHARM-HIST-0001,pharmaflow-main,SYNTHETIC_OPERATIONAL_RECORD
MOV-001717,MED-0181,Paracetamol 500mg (Formula 181),ATO176,STOCK_RECEIVED,100,37.5,3750.0,SUPPLIER_INVOICE,INV-SUPP-0067,2026-07-13T05:00:00Z,PHARM-KA-2022-7212,pharmaflow-main,SYNTHETIC_OPERATIONAL_RECORD
MOV-001718,MED-0182,Paracetamol 650mg (Dolo 650) (Formula 182),ROS177,STOCK_RECEIVED,300,47.0,14100.0,SUPPLIER_INVOICE,INV-SUPP-0068,2026-09-08T10:00:00Z,PHARM-HIST-0001,pharmaflow-main,SYNTHETIC_OPERATIONAL_RECORD
MOV-001719,MED-0183,Vitamin D3 60K (Calcirol) (Formula 183),CIP178,STOCK_RECEIVED,200,65.0,13000.0,SUPPLIER_INVOICE,INV-SUPP-0069,2026-05-07T19:00:00Z,PHARM-KA-2022-7212,pharmaflow-main,SYNTHETIC_OPERATIONAL_RECORD
MOV-001720,MED-0184,Amoxicillin 500mg (Novamox) (Formula 184),OFL179,STOCK_RECEIVED,300,97.5,29250.0,SUPPLIER_INVOICE,INV-SUPP-0070,2026-04-30T05:00:00Z,PHARM-HIST-0001,pharmaflow-main,SYNTHETIC_OPERATIONAL_RECORD
MOV-001721,MED-0185,Amoxicillin + Clavulanic Acid 625mg (Augmentin) (Formula 185),MON180,STOCK_RECEIVED,100,170.0,17000.0,SUPPLIER_INVOICE,INV-SUPP-0071,2026-06-08T14:00:00Z,PHARM-KA-2022-7212,pharmaflow-main,SYNTHETIC_OPERATIONAL_RECORD
MOV-001722,MED-0186,Cetirizine 10mg (Cetzine) (Formula 186),IBU181,STOCK_RECEIVED,200,42.5,8500.0,SUPPLIER_INVOICE,INV-SUPP-0072,2026-05-23T07:00:00Z,PHARM-HIST-0001,pharmaflow-main,SYNTHETIC_OPERATIONAL_RECORD
MOV-001723,MED-0187,Levocetirizine 5mg (Levocet) (Formula 187),ACE182,STOCK_RECEIVED,300,58.0,17400.0,SUPPLIER_INVOICE,INV-SUPP-0073,2026-04-12T13:00:00Z,PHARM-KA-2022-7212,pharmaflow-main,SYNTHETIC_OPERATIONAL_RECORD
MOV-001724,MED-0188,Azithromycin 250mg (Azee 250) (Formula 188),VIL183,STOCK_RECEIVED,100,132.5,13250.0,SUPPLIER_INVOICE,INV-SUPP-0074,2026-06-05T06:00:00Z,PHARM-HIST-0001,pharmaflow-main,SYNTHETIC_OPERATIONAL_RECORD
MOV-001725,MED-0189,Azithromycin 500mg (Azithral 500) (Formula 189),RAB184,STOCK_RECEIVED,200,190.0,38000.0,SUPPLIER_INVOICE,INV-SUPP-0075,2026-07-16T09:00:00Z,PHARM-KA-2022-7212,pharmaflow-main,SYNTHETIC_OPERATIONAL_RECORD
MOV-001726,MED-0190,Metformin 500mg (Glycomet 500) (Formula 190),COU185,STOCK_RECEIVED,100,45.0,4500.0,SUPPLIER_INVOICE,INV-SUPP-0076,2026-06-01T18:00:00Z,PHARM-HIST-0001,pharmaflow-main,SYNTHETIC_OPERATIONAL_RECORD
MOV-001727,MED-0191,Metformin 1000mg SR (Glucophage) (Formula 191),ORA186,STOCK_RECEIVED,100,70.5,7050.0,SUPPLIER_INVOICE,INV-SUPP-0077,2026-05-14T04:00:00Z,PHARM-KA-2022-7212,pharmaflow-main,SYNTHETIC_OPERATIONAL_RECORD
MOV-001728,MED-0192,Pantoprazole 40mg (Pan 40) (Formula 192),MUL187,STOCK_RECEIVED,100,90.0,9000.0,SUPPLIER_INVOICE,INV-SUPP-0078,2026-06-20T14:00:00Z,PHARM-HIST-0001,pharmaflow-main,SYNTHETIC_OPERATIONAL_RECORD
MOV-001729,MED-0193,Pantoprazole + Domperidone (Pan-D) (Formula 193),THY188,STOCK_RECEIVED,200,152.5,30500.0,SUPPLIER_INVOICE,INV-SUPP-0079,2026-07-08T22:00:00Z,PHARM-KA-2022-7212,pharmaflow-main,SYNTHETIC_OPERATIONAL_RECORD
MOV-001730,MED-0194,Omeprazole 20mg (Omez) (Formula 194),CLO189,STOCK_RECEIVED,300,72.0,21600.0,SUPPLIER_INVOICE,INV-SUPP-0080,2026-04-13T07:00:00Z,PHARM-HIST-0001,pharmaflow-main,SYNTHETIC_OPERATIONAL_RECORD
MOV-001731,MED-0195,Telmisartan 40mg (Telma 40) (Formula 195),PAR190,STOCK_RECEIVED,100,110.5,11050.0,SUPPLIER_INVOICE,INV-SUPP-0081,2026-09-13T16:00:00Z,PHARM-KA-2022-7212,pharmaflow-main,SYNTHETIC_OPERATIONAL_RECORD
MOV-001732,MED-0196,Telmisartan + Amlodipine (Telma-AM) (Formula 196),PAR191,STOCK_RECEIVED,300,155.0,46500.0,SUPPLIER_INVOICE,INV-SUPP-0082,2026-10-02T15:00:00Z,PHARM-HIST-0001,pharmaflow-main,SYNTHETIC_OPERATIONAL_RECORD
MOV-001733,MED-0197,Atorvastatin 10mg (Atorva 10) (Formula 197),VIT192,STOCK_RECEIVED,200,110.0,22000.0,SUPPLIER_INVOICE,INV-SUPP-0083,2026-08-20T07:00:00Z,PHARM-KA-2022-7212,pharmaflow-main,SYNTHETIC_OPERATIONAL_RECORD
MOV-001734,MED-0198,Rosuvastatin 10mg (Rosuvas 10) (Formula 198),AMO193,STOCK_RECEIVED,100,137.5,13750.0,SUPPLIER_INVOICE,INV-SUPP-0084,2026-08-09T13:00:00Z,PHARM-HIST-0001,pharmaflow-main,SYNTHETIC_OPERATIONAL_RECORD
MOV-001735,MED-0199,Ciprofloxacin 500mg (Ciplox 500) (Formula 199),AMO194,STOCK_RECEIVED,100,77.0,7700.0,SUPPLIER_INVOICE,INV-SUPP-0085,2026-08-24T06:00:00Z,PHARM-KA-2022-7212,pharmaflow-main,SYNTHETIC_OPERATIONAL_RECORD
MOV-001736,MED-0200,Ofloxacin + Ornidazole (O2) (Formula 200),CET195,STOCK_RECEIVED,100,122.5,12250.0,SUPPLIER_INVOICE,INV-SUPP-0086,2026-08-19T08:00:00Z,PHARM-HIST-0001,pharmaflow-main,SYNTHETIC_OPERATIONAL_RECORD
MOV-001737,MED-0201,Montelukast + Levocetirizine (Montair-LC) (Formula 201),LEV196,STOCK_RECEIVED,200,168.0,33600.0,SUPPLIER_INVOICE,INV-SUPP-0087,2026-06-13T11:00:00Z,PHARM-KA-2022-7212,pharmaflow-main,SYNTHETIC_OPERATIONAL_RECORD
MOV-001738,MED-0202,Ibuprofen 400mg (Brufen 400) (Formula 202),AZI197,STOCK_RECEIVED,300,40.5,12150.0,SUPPLIER_INVOICE,INV-SUPP-0088,2026-06-15T05:00:00Z,PHARM-HIST-0001,pharmaflow-main,SYNTHETIC_OPERATIONAL_RECORD
MOV-001739,MED-0203,Aceclofenac + Paracetamol (Zerodol-P) (Formula 203),AZI198,STOCK_RECEIVED,300,90.0,27000.0,SUPPLIER_INVOICE,INV-SUPP-0089,2026-09-04T11:00:00Z,PHARM-KA-2022-7212,pharmaflow-main,SYNTHETIC_OPERATIONAL_RECORD
MOV-001740,MED-0204,Vildagliptin + Metformin (Galvus Met) (Formula 204),MET199,STOCK_RECEIVED,100,240.0,24000.0,SUPPLIER_INVOICE,INV-SUPP-0090,2026-08-17T01:00:00Z,PHARM-HIST-0001,pharmaflow-main,SYNTHETIC_OPERATIONAL_RECORD
MOV-001741,MED-0205,Rabeprazole 20mg (Razo 20) (Formula 205),MET200,STOCK_RECEIVED,300,114.5,34350.0,SUPPLIER_INVOICE,INV-SUPP-0091,2026-07-23T15:00:00Z,PHARM-KA-2022-7212,pharmaflow-main,SYNTHETIC_OPERATIONAL_RECORD
MOV-001742,MED-0206,Cough Syrup (Ascoril-D) (Formula 206),PAN201,STOCK_RECEIVED,200,93.0,18600.0,SUPPLIER_INVOICE,INV-SUPP-0092,2026-08-29T14:00:00Z,PHARM-HIST-0001,pharmaflow-main,SYNTHETIC_OPERATIONAL_RECORD
MOV-001743,MED-0207,Oral Rehydration Salts (Electral ORS) (Formula 207),PAN202,STOCK_RECEIVED,100,25.5,2550.0,SUPPLIER_INVOICE,INV-SUPP-0093,2026-08-28T21:00:00Z,PHARM-KA-2022-7212,pharmaflow-main,SYNTHETIC_OPERATIONAL_RECORD
MOV-001744,MED-0208,Multivitamin + Zinc (Becadexamin) (Formula 208),OME203,STOCK_RECEIVED,200,52.0,10400.0,SUPPLIER_INVOICE,INV-SUPP-0094,2026-10-07T07:00:00Z,PHARM-HIST-0001,pharmaflow-main,SYNTHETIC_OPERATIONAL_RECORD
MOV-001745,MED-0209,Thyroxine Sodium 50mcg (Thyronorm 50) (Formula 209),TEL204,STOCK_RECEIVED,200,137.5,27500.0,SUPPLIER_INVOICE,INV-SUPP-0095,2026-09-29T19:00:00Z,PHARM-KA-2022-7212,pharmaflow-main,SYNTHETIC_OPERATIONAL_RECORD
MOV-001746,MED-0210,Clopidogrel 75mg (Clopilet 75) (Formula 210),TEL205,STOCK_RECEIVED,100,145.0,14500.0,SUPPLIER_INVOICE,INV-SUPP-0096,2026-04-15T23:00:00Z,PHARM-HIST-0001,pharmaflow-main,SYNTHETIC_OPERATIONAL_RECORD
MOV-001747,MED-0211,Paracetamol 500mg (Formula 211),ATO206,STOCK_RECEIVED,100,25.0,2500.0,SUPPLIER_INVOICE,INV-SUPP-0097,2026-09-17T07:00:00Z,PHARM-KA-2022-7212,pharmaflow-main,SYNTHETIC_OPERATIONAL_RECORD
MOV-001748,MED-0212,Paracetamol 650mg (Dolo 650) (Formula 212),ROS207,STOCK_RECEIVED,100,34.5,3450.0,SUPPLIER_INVOICE,INV-SUPP-0098,2026-09-20T08:00:00Z,PHARM-HIST-0001,pharmaflow-main,SYNTHETIC_OPERATIONAL_RECORD
MOV-001749,MED-0213,Vitamin D3 60K (Calcirol) (Formula 213),CIP208,STOCK_RECEIVED,200,70.0,14000.0,SUPPLIER_INVOICE,INV-SUPP-0099,2026-09-10T23:00:00Z,PHARM-KA-2022-7212,pharmaflow-main,SYNTHETIC_OPERATIONAL_RECORD
MOV-001750,MED-0214,Amoxicillin 500mg (Novamox) (Formula 214),OFL209,STOCK_RECEIVED,100,102.5,10250.0,SUPPLIER_INVOICE,INV-SUPP-0100,2026-04-12T07:00:00Z,PHARM-HIST-0001,pharmaflow-main,SYNTHETIC_OPERATIONAL_RECORD
MOV-001751,MED-0215,Amoxicillin + Clavulanic Acid 625mg (Augmentin) (Formula 215),MON210,STOCK_RECEIVED,200,175.0,35000.0,SUPPLIER_INVOICE,INV-SUPP-0101,2026-05-27T14:00:00Z,PHARM-KA-2022-7212,pharmaflow-main,SYNTHETIC_OPERATIONAL_RECORD
MOV-001752,MED-0216,Cetirizine 10mg (Cetzine) (Formula 216),IBU211,STOCK_RECEIVED,300,47.5,14250.0,SUPPLIER_INVOICE,INV-SUPP-0102,2026-04-17T20:00:00Z,PHARM-HIST-0001,pharmaflow-main,SYNTHETIC_OPERATIONAL_RECORD
MOV-001753,MED-0217,Levocetirizine 5mg (Levocet) (Formula 217),ACE212,STOCK_RECEIVED,300,63.0,18900.0,SUPPLIER_INVOICE,INV-SUPP-0103,2026-05-12T02:00:00Z,PHARM-KA-2022-7212,pharmaflow-main,SYNTHETIC_OPERATIONAL_RECORD
MOV-001754,MED-0218,Azithromycin 250mg (Azee 250) (Formula 218),VIL213,STOCK_RECEIVED,200,120.0,24000.0,SUPPLIER_INVOICE,INV-SUPP-0104,2026-08-28T17:00:00Z,PHARM-HIST-0001,pharmaflow-main,SYNTHETIC_OPERATIONAL_RECORD
MOV-001755,MED-0219,Azithromycin 500mg (Azithral 500) (Formula 219),RAB214,STOCK_RECEIVED,300,177.5,53250.0,SUPPLIER_INVOICE,INV-SUPP-0105,2026-04-21T18:00:00Z,PHARM-KA-2022-7212,pharmaflow-main,SYNTHETIC_OPERATIONAL_RECORD
MOV-001756,MED-0220,Metformin 500mg (Glycomet 500) (Formula 220),COU215,STOCK_RECEIVED,100,50.0,5000.0,SUPPLIER_INVOICE,INV-SUPP-0106,2026-06-15T23:00:00Z,PHARM-HIST-0001,pharmaflow-main,SYNTHETIC_OPERATIONAL_RECORD
MOV-001757,MED-0221,Metformin 1000mg SR (Glucophage) (Formula 221),ORA216,STOCK_RECEIVED,100,75.5,7550.0,SUPPLIER_INVOICE,INV-SUPP-0107,2026-05-04T22:00:00Z,PHARM-KA-2022-7212,pharmaflow-main,SYNTHETIC_OPERATIONAL_RECORD
MOV-001758,MED-0222,Pantoprazole 40mg (Pan 40) (Formula 222),MUL217,STOCK_RECEIVED,200,95.0,19000.0,SUPPLIER_INVOICE,INV-SUPP-0108,2026-07-20T04:00:00Z,PHARM-HIST-0001,pharmaflow-main,SYNTHETIC_OPERATIONAL_RECORD
MOV-001759,MED-0223,Pantoprazole + Domperidone (Pan-D) (Formula 223),THY218,STOCK_RECEIVED,300,157.5,47250.0,SUPPLIER_INVOICE,INV-SUPP-0109,2026-08-14T13:00:00Z,PHARM-KA-2022-7212,pharmaflow-main,SYNTHETIC_OPERATIONAL_RECORD
MOV-001760,MED-0224,Omeprazole 20mg (Omez) (Formula 224),CLO219,STOCK_RECEIVED,100,77.0,7700.0,SUPPLIER_INVOICE,INV-SUPP-0110,2026-08-19T00:00:00Z,PHARM-HIST-0001,pharmaflow-main,SYNTHETIC_OPERATIONAL_RECORD
MOV-001761,MED-0225,Telmisartan 40mg (Telma 40) (Formula 225),PAR220,STOCK_RECEIVED,200,98.0,19600.0,SUPPLIER_INVOICE,INV-SUPP-0111,2026-07-03T19:00:00Z,PHARM-KA-2022-7212,pharmaflow-main,SYNTHETIC_OPERATIONAL_RECORD
MOV-001762,MED-0226,Telmisartan + Amlodipine (Telma-AM) (Formula 226),PAR221,STOCK_RECEIVED,200,142.5,28500.0,SUPPLIER_INVOICE,INV-SUPP-0112,2026-09-14T18:00:00Z,PHARM-HIST-0001,pharmaflow-main,SYNTHETIC_OPERATIONAL_RECORD
MOV-001763,MED-0227,Atorvastatin 10mg (Atorva 10) (Formula 227),VIT222,STOCK_RECEIVED,100,115.0,11500.0,SUPPLIER_INVOICE,INV-SUPP-0113,2026-04-14T08:00:00Z,PHARM-KA-2022-7212,pharmaflow-main,SYNTHETIC_OPERATIONAL_RECORD
MOV-001764,MED-0228,Rosuvastatin 10mg (Rosuvas 10) (Formula 228),AMO223,STOCK_RECEIVED,100,142.5,14250.0,SUPPLIER_INVOICE,INV-SUPP-0114,2026-08-10T13:00:00Z,PHARM-HIST-0001,pharmaflow-main,SYNTHETIC_OPERATIONAL_RECORD
MOV-001765,MED-0229,Ciprofloxacin 500mg (Ciplox 500) (Formula 229),AMO224,STOCK_RECEIVED,300,82.0,24600.0,SUPPLIER_INVOICE,INV-SUPP-0115,2026-05-25T09:00:00Z,PHARM-KA-2022-7212,pharmaflow-main,SYNTHETIC_OPERATIONAL_RECORD
MOV-001766,MED-0230,Ofloxacin + Ornidazole (O2) (Formula 230),CET225,STOCK_RECEIVED,300,127.5,38250.0,SUPPLIER_INVOICE,INV-SUPP-0116,2026-06-08T00:00:00Z,PHARM-HIST-0001,pharmaflow-main,SYNTHETIC_OPERATIONAL_RECORD
MOV-001767,MED-0231,Montelukast + Levocetirizine (Montair-LC) (Formula 231),LEV226,STOCK_RECEIVED,300,173.0,51900.0,SUPPLIER_INVOICE,INV-SUPP-0117,2026-05-12T14:00:00Z,PHARM-KA-2022-7212,pharmaflow-main,SYNTHETIC_OPERATIONAL_RECORD
MOV-001768,MED-0232,Ibuprofen 400mg (Brufen 400) (Formula 232),AZI227,STOCK_RECEIVED,300,28.0,8400.0,SUPPLIER_INVOICE,INV-SUPP-0118,2026-09-04T11:00:00Z,PHARM-HIST-0001,pharmaflow-main,SYNTHETIC_OPERATIONAL_RECORD
MOV-001769,MED-0233,Aceclofenac + Paracetamol (Zerodol-P) (Formula 233),AZI228,STOCK_RECEIVED,300,77.5,23250.0,SUPPLIER_INVOICE,INV-SUPP-0119,2026-08-22T19:00:00Z,PHARM-KA-2022-7212,pharmaflow-main,SYNTHETIC_OPERATIONAL_RECORD
MOV-001770,MED-0234,Vildagliptin + Metformin (Galvus Met) (Formula 234),MET229,STOCK_RECEIVED,100,245.0,24500.0,SUPPLIER_INVOICE,INV-SUPP-0120,2026-09-06T05:00:00Z,PHARM-HIST-0001,pharmaflow-main,SYNTHETIC_OPERATIONAL_RECORD
MOV-001771,MED-0235,Rabeprazole 20mg (Razo 20) (Formula 235),MET230,STOCK_RECEIVED,100,119.5,11950.0,SUPPLIER_INVOICE,INV-SUPP-0121,2026-05-30T17:00:00Z,PHARM-KA-2022-7212,pharmaflow-main,SYNTHETIC_OPERATIONAL_RECORD
MOV-001772,MED-0236,Cough Syrup (Ascoril-D) (Formula 236),PAN231,STOCK_RECEIVED,300,98.0,29400.0,SUPPLIER_INVOICE,INV-SUPP-0122,2026-09-20T05:00:00Z,PHARM-HIST-0001,pharmaflow-main,SYNTHETIC_OPERATIONAL_RECORD
MOV-001773,MED-0237,Oral Rehydration Salts (Electral ORS) (Formula 237),PAN232,STOCK_RECEIVED,300,30.5,9150.0,SUPPLIER_INVOICE,INV-SUPP-0123,2026-05-20T10:00:00Z,PHARM-KA-2022-7212,pharmaflow-main,SYNTHETIC_OPERATIONAL_RECORD
MOV-001774,MED-0238,Multivitamin + Zinc (Becadexamin) (Formula 238),OME233,STOCK_RECEIVED,200,57.0,11400.0,SUPPLIER_INVOICE,INV-SUPP-0124,2026-05-26T19:00:00Z,PHARM-HIST-0001,pharmaflow-main,SYNTHETIC_OPERATIONAL_RECORD
MOV-001775,MED-0239,Thyroxine Sodium 50mcg (Thyronorm 50) (Formula 239),TEL234,STOCK_RECEIVED,100,125.0,12500.0,SUPPLIER_INVOICE,INV-SUPP-0125,2026-08-03T04:00:00Z,PHARM-KA-2022-7212,pharmaflow-main,SYNTHETIC_OPERATIONAL_RECORD
MOV-001776,MED-0240,Clopidogrel 75mg (Clopilet 75) (Formula 240),TEL235,STOCK_RECEIVED,200,132.5,26500.0,SUPPLIER_INVOICE,INV-SUPP-0126,2026-05-21T08:00:00Z,PHARM-HIST-0001,pharmaflow-main,SYNTHETIC_OPERATIONAL_RECORD
MOV-001777,MED-0241,Paracetamol 500mg (Formula 241),ATO236,STOCK_RECEIVED,100,30.0,3000.0,SUPPLIER_INVOICE,INV-SUPP-0127,2026-09-26T23:00:00Z,PHARM-KA-2022-7212,pharmaflow-main,SYNTHETIC_OPERATIONAL_RECORD
MOV-001778,MED-0242,Paracetamol 650mg (Dolo 650) (Formula 242),ROS237,STOCK_RECEIVED,200,39.5,7900.0,SUPPLIER_INVOICE,INV-SUPP-0128,2026-08-17T08:00:00Z,PHARM-HIST-0001,pharmaflow-main,SYNTHETIC_OPERATIONAL_RECORD
MOV-001779,MED-0243,Vitamin D3 60K (Calcirol) (Formula 243),CIP238,STOCK_RECEIVED,100,75.0,7500.0,SUPPLIER_INVOICE,INV-SUPP-0129,2026-04-12T16:00:00Z,PHARM-KA-2022-7212,pharmaflow-main,SYNTHETIC_OPERATIONAL_RECORD
MOV-001780,MED-0244,Amoxicillin 500mg (Novamox) (Formula 244),OFL239,STOCK_RECEIVED,100,107.5,10750.0,SUPPLIER_INVOICE,INV-SUPP-0130,2026-05-29T08:00:00Z,PHARM-HIST-0001,pharmaflow-main,SYNTHETIC_OPERATIONAL_RECORD
MOV-001781,MED-0245,Amoxicillin + Clavulanic Acid 625mg (Augmentin) (Formula 245),MON240,STOCK_RECEIVED,300,180.0,54000.0,SUPPLIER_INVOICE,INV-SUPP-0131,2026-06-17T10:00:00Z,PHARM-KA-2022-7212,pharmaflow-main,SYNTHETIC_OPERATIONAL_RECORD
MOV-001782,MED-0246,Cetirizine 10mg (Cetzine) (Formula 246),IBU241,STOCK_RECEIVED,200,35.0,7000.0,SUPPLIER_INVOICE,INV-SUPP-0132,2026-04-28T19:00:00Z,PHARM-HIST-0001,pharmaflow-main,SYNTHETIC_OPERATIONAL_RECORD
MOV-001783,MED-0247,Levocetirizine 5mg (Levocet) (Formula 247),ACE242,STOCK_RECEIVED,100,50.5,5050.0,SUPPLIER_INVOICE,INV-SUPP-0133,2026-07-17T22:00:00Z,PHARM-KA-2022-7212,pharmaflow-main,SYNTHETIC_OPERATIONAL_RECORD
MOV-001784,MED-0248,Azithromycin 250mg (Azee 250) (Formula 248),VIL243,STOCK_RECEIVED,100,125.0,12500.0,SUPPLIER_INVOICE,INV-SUPP-0134,2026-04-17T04:00:00Z,PHARM-HIST-0001,pharmaflow-main,SYNTHETIC_OPERATIONAL_RECORD
MOV-001785,MED-0249,Azithromycin 500mg (Azithral 500) (Formula 249),RAB244,STOCK_RECEIVED,200,182.5,36500.0,SUPPLIER_INVOICE,INV-SUPP-0135,2026-10-01T11:00:00Z,PHARM-KA-2022-7212,pharmaflow-main,SYNTHETIC_OPERATIONAL_RECORD
MOV-001786,MED-0250,Metformin 500mg (Glycomet 500) (Formula 250),COU245,STOCK_RECEIVED,100,55.0,5500.0,SUPPLIER_INVOICE,INV-SUPP-0136,2026-10-01T15:00:00Z,PHARM-HIST-0001,pharmaflow-main,SYNTHETIC_OPERATIONAL_RECORD
MOV-001787,MED-0251,Metformin 1000mg SR (Glucophage) (Formula 251),ORA246,STOCK_RECEIVED,300,80.5,24150.0,SUPPLIER_INVOICE,INV-SUPP-0137,2026-10-01T13:00:00Z,PHARM-KA-2022-7212,pharmaflow-main,SYNTHETIC_OPERATIONAL_RECORD
MOV-001788,MED-0252,Pantoprazole 40mg (Pan 40) (Formula 252),MUL247,STOCK_RECEIVED,100,100.0,10000.0,SUPPLIER_INVOICE,INV-SUPP-0138,2026-09-17T02:00:00Z,PHARM-HIST-0001,pharmaflow-main,SYNTHETIC_OPERATIONAL_RECORD
MOV-001789,MED-0253,Pantoprazole + Domperidone (Pan-D) (Formula 253),THY248,STOCK_RECEIVED,100,145.0,14500.0,SUPPLIER_INVOICE,INV-SUPP-0139,2026-04-27T18:00:00Z,PHARM-KA-2022-7212,pharmaflow-main,SYNTHETIC_OPERATIONAL_RECORD
MOV-001790,MED-0254,Omeprazole 20mg (Omez) (Formula 254),CLO249,STOCK_RECEIVED,100,64.5,6450.0,SUPPLIER_INVOICE,INV-SUPP-0140,2026-09-16T14:00:00Z,PHARM-HIST-0001,pharmaflow-main,SYNTHETIC_OPERATIONAL_RECORD
MOV-001791,MED-0255,Telmisartan 40mg (Telma 40) (Formula 255),PAR250,STOCK_RECEIVED,100,103.0,10300.0,SUPPLIER_INVOICE,INV-SUPP-0141,2026-06-07T09:00:00Z,PHARM-KA-2022-7212,pharmaflow-main,SYNTHETIC_OPERATIONAL_RECORD
MOV-001792,MED-0256,Telmisartan + Amlodipine (Telma-AM) (Formula 256),PAR251,STOCK_RECEIVED,200,147.5,29500.0,SUPPLIER_INVOICE,INV-SUPP-0142,2026-05-23T16:00:00Z,PHARM-HIST-0001,pharmaflow-main,SYNTHETIC_OPERATIONAL_RECORD
MOV-001793,MED-0257,Atorvastatin 10mg (Atorva 10) (Formula 257),VIT252,STOCK_RECEIVED,200,120.0,24000.0,SUPPLIER_INVOICE,INV-SUPP-0143,2026-09-23T16:00:00Z,PHARM-KA-2022-7212,pharmaflow-main,SYNTHETIC_OPERATIONAL_RECORD
MOV-001794,MED-0258,Rosuvastatin 10mg (Rosuvas 10) (Formula 258),AMO253,STOCK_RECEIVED,300,147.5,44250.0,SUPPLIER_INVOICE,INV-SUPP-0144,2026-05-07T12:00:00Z,PHARM-HIST-0001,pharmaflow-main,SYNTHETIC_OPERATIONAL_RECORD
MOV-001795,MED-0259,Ciprofloxacin 500mg (Ciplox 500) (Formula 259),AMO254,STOCK_RECEIVED,300,87.0,26100.0,SUPPLIER_INVOICE,INV-SUPP-0145,2026-08-31T01:00:00Z,PHARM-KA-2022-7212,pharmaflow-main,SYNTHETIC_OPERATIONAL_RECORD
MOV-001796,MED-0260,Ofloxacin + Ornidazole (O2) (Formula 260),CET255,STOCK_RECEIVED,200,115.0,23000.0,SUPPLIER_INVOICE,INV-SUPP-0146,2026-07-02T15:00:00Z,PHARM-HIST-0001,pharmaflow-main,SYNTHETIC_OPERATIONAL_RECORD
MOV-001797,MED-0261,Montelukast + Levocetirizine (Montair-LC) (Formula 261),LEV256,STOCK_RECEIVED,100,160.5,16050.0,SUPPLIER_INVOICE,INV-SUPP-0147,2026-05-31T16:00:00Z,PHARM-KA-2022-7212,pharmaflow-main,SYNTHETIC_OPERATIONAL_RECORD
MOV-001798,MED-0262,Ibuprofen 400mg (Brufen 400) (Formula 262),AZI257,STOCK_RECEIVED,200,33.0,6600.0,SUPPLIER_INVOICE,INV-SUPP-0148,2026-07-26T04:00:00Z,PHARM-HIST-0001,pharmaflow-main,SYNTHETIC_OPERATIONAL_RECORD
MOV-001799,MED-0263,Aceclofenac + Paracetamol (Zerodol-P) (Formula 263),AZI258,STOCK_RECEIVED,100,82.5,8250.0,SUPPLIER_INVOICE,INV-SUPP-0149,2026-09-16T19:00:00Z,PHARM-KA-2022-7212,pharmaflow-main,SYNTHETIC_OPERATIONAL_RECORD
MOV-001800,MED-0264,Vildagliptin + Metformin (Galvus Met) (Formula 264),MET259,STOCK_RECEIVED,100,250.0,25000.0,SUPPLIER_INVOICE,INV-SUPP-0150,2026-05-07T15:00:00Z,PHARM-HIST-0001,pharmaflow-main,SYNTHETIC_OPERATIONAL_RECORD
MOV-001801,MED-0265,Rabeprazole 20mg (Razo 20) (Formula 265),MET260,STOCK_RECEIVED,300,124.5,37350.0,SUPPLIER_INVOICE,INV-SUPP-0001,2026-05-22T21:00:00Z,PHARM-KA-2022-7212,pharmaflow-main,SYNTHETIC_OPERATIONAL_RECORD
MOV-001802,MED-0266,Cough Syrup (Ascoril-D) (Formula 266),PAN261,STOCK_RECEIVED,200,103.0,20600.0,SUPPLIER_INVOICE,INV-SUPP-0002,2026-06-04T20:00:00Z,PHARM-HIST-0001,pharmaflow-main,SYNTHETIC_OPERATIONAL_RECORD
MOV-001803,MED-0267,Oral Rehydration Salts (Electral ORS) (Formula 267),PAN262,STOCK_RECEIVED,100,18.0,1800.0,SUPPLIER_INVOICE,INV-SUPP-0003,2026-08-31T07:00:00Z,PHARM-KA-2022-7212,pharmaflow-main,SYNTHETIC_OPERATIONAL_RECORD
MOV-001804,MED-0268,Multivitamin + Zinc (Becadexamin) (Formula 268),OME263,STOCK_RECEIVED,200,44.5,8900.0,SUPPLIER_INVOICE,INV-SUPP-0004,2026-06-01T17:00:00Z,PHARM-HIST-0001,pharmaflow-main,SYNTHETIC_OPERATIONAL_RECORD
MOV-001805,MED-0269,Thyroxine Sodium 50mcg (Thyronorm 50) (Formula 269),TEL264,STOCK_RECEIVED,100,130.0,13000.0,SUPPLIER_INVOICE,INV-SUPP-0005,2026-07-20T00:00:00Z,PHARM-KA-2022-7212,pharmaflow-main,SYNTHETIC_OPERATIONAL_RECORD
MOV-001806,MED-0270,Clopidogrel 75mg (Clopilet 75) (Formula 270),TEL265,STOCK_RECEIVED,200,137.5,27500.0,SUPPLIER_INVOICE,INV-SUPP-0006,2026-09-27T20:00:00Z,PHARM-HIST-0001,pharmaflow-main,SYNTHETIC_OPERATIONAL_RECORD
MOV-001807,MED-0271,Paracetamol 500mg (Formula 271),ATO266,STOCK_RECEIVED,200,35.0,7000.0,SUPPLIER_INVOICE,INV-SUPP-0007,2026-06-11T12:00:00Z,PHARM-KA-2022-7212,pharmaflow-main,SYNTHETIC_OPERATIONAL_RECORD
MOV-001808,MED-0272,Paracetamol 650mg (Dolo 650) (Formula 272),ROS267,STOCK_RECEIVED,100,44.5,4450.0,SUPPLIER_INVOICE,INV-SUPP-0008,2026-05-08T11:00:00Z,PHARM-HIST-0001,pharmaflow-main,SYNTHETIC_OPERATIONAL_RECORD
MOV-001809,MED-0273,Vitamin D3 60K (Calcirol) (Formula 273),CIP268,STOCK_RECEIVED,100,80.0,8000.0,SUPPLIER_INVOICE,INV-SUPP-0009,2026-04-22T04:00:00Z,PHARM-KA-2022-7212,pharmaflow-main,SYNTHETIC_OPERATIONAL_RECORD
MOV-001810,MED-0274,Amoxicillin 500mg (Novamox) (Formula 274),OFL269,STOCK_RECEIVED,100,95.0,9500.0,SUPPLIER_INVOICE,INV-SUPP-0010,2026-07-04T01:00:00Z,PHARM-HIST-0001,pharmaflow-main,SYNTHETIC_OPERATIONAL_RECORD
MOV-001811,MED-0275,Amoxicillin + Clavulanic Acid 625mg (Augmentin) (Formula 275),MON270,STOCK_RECEIVED,300,167.5,50250.0,SUPPLIER_INVOICE,INV-SUPP-0011,2026-07-13T10:00:00Z,PHARM-KA-2022-7212,pharmaflow-main,SYNTHETIC_OPERATIONAL_RECORD
MOV-001812,MED-0276,Cetirizine 10mg (Cetzine) (Formula 276),IBU271,STOCK_RECEIVED,200,40.0,8000.0,SUPPLIER_INVOICE,INV-SUPP-0012,2026-05-29T04:00:00Z,PHARM-HIST-0001,pharmaflow-main,SYNTHETIC_OPERATIONAL_RECORD
MOV-001813,MED-0277,Levocetirizine 5mg (Levocet) (Formula 277),ACE272,STOCK_RECEIVED,300,55.5,16650.0,SUPPLIER_INVOICE,INV-SUPP-0013,2026-08-31T00:00:00Z,PHARM-KA-2022-7212,pharmaflow-main,SYNTHETIC_OPERATIONAL_RECORD
MOV-001814,MED-0278,Azithromycin 250mg (Azee 250) (Formula 278),VIL273,STOCK_RECEIVED,200,130.0,26000.0,SUPPLIER_INVOICE,INV-SUPP-0014,2026-05-17T09:00:00Z,PHARM-HIST-0001,pharmaflow-main,SYNTHETIC_OPERATIONAL_RECORD
MOV-001815,MED-0279,Azithromycin 500mg (Azithral 500) (Formula 279),RAB274,STOCK_RECEIVED,100,187.5,18750.0,SUPPLIER_INVOICE,INV-SUPP-0015,2026-06-25T08:00:00Z,PHARM-KA-2022-7212,pharmaflow-main,SYNTHETIC_OPERATIONAL_RECORD
MOV-001816,MED-0280,Metformin 500mg (Glycomet 500) (Formula 280),COU275,STOCK_RECEIVED,200,60.0,12000.0,SUPPLIER_INVOICE,INV-SUPP-0016,2026-05-31T05:00:00Z,PHARM-HIST-0001,pharmaflow-main,SYNTHETIC_OPERATIONAL_RECORD
MOV-001817,MED-0281,Metformin 1000mg SR (Glucophage) (Formula 281),ORA276,STOCK_RECEIVED,200,68.0,13600.0,SUPPLIER_INVOICE,INV-SUPP-0017,2026-07-05T15:00:00Z,PHARM-KA-2022-7212,pharmaflow-main,SYNTHETIC_OPERATIONAL_RECORD
MOV-001818,MED-0282,Pantoprazole 40mg (Pan 40) (Formula 282),MUL277,STOCK_RECEIVED,100,87.5,8750.0,SUPPLIER_INVOICE,INV-SUPP-0018,2026-07-07T03:00:00Z,PHARM-HIST-0001,pharmaflow-main,SYNTHETIC_OPERATIONAL_RECORD
MOV-001819,MED-0283,Pantoprazole + Domperidone (Pan-D) (Formula 283),THY278,STOCK_RECEIVED,100,150.0,15000.0,SUPPLIER_INVOICE,INV-SUPP-0019,2026-05-14T00:00:00Z,PHARM-KA-2022-7212,pharmaflow-main,SYNTHETIC_OPERATIONAL_RECORD
MOV-001820,MED-0284,Omeprazole 20mg (Omez) (Formula 284),CLO279,STOCK_RECEIVED,300,69.5,20850.0,SUPPLIER_INVOICE,INV-SUPP-0020,2026-09-27T19:00:00Z,PHARM-HIST-0001,pharmaflow-main,SYNTHETIC_OPERATIONAL_RECORD
MOV-001821,MED-0285,Telmisartan 40mg (Telma 40) (Formula 285),PAR280,STOCK_RECEIVED,300,108.0,32400.0,SUPPLIER_INVOICE,INV-SUPP-0021,2026-09-27T16:00:00Z,PHARM-KA-2022-7212,pharmaflow-main,SYNTHETIC_OPERATIONAL_RECORD
MOV-001822,MED-0286,Telmisartan + Amlodipine (Telma-AM) (Formula 286),PAR281,STOCK_RECEIVED,200,152.5,30500.0,SUPPLIER_INVOICE,INV-SUPP-0022,2026-09-24T23:00:00Z,PHARM-HIST-0001,pharmaflow-main,SYNTHETIC_OPERATIONAL_RECORD
MOV-001823,MED-0287,Atorvastatin 10mg (Atorva 10) (Formula 287),VIT282,STOCK_RECEIVED,100,125.0,12500.0,SUPPLIER_INVOICE,INV-SUPP-0023,2026-08-07T23:00:00Z,PHARM-KA-2022-7212,pharmaflow-main,SYNTHETIC_OPERATIONAL_RECORD
MOV-001824,MED-0288,Rosuvastatin 10mg (Rosuvas 10) (Formula 288),AMO283,STOCK_RECEIVED,300,135.0,40500.0,SUPPLIER_INVOICE,INV-SUPP-0024,2026-05-03T19:00:00Z,PHARM-HIST-0001,pharmaflow-main,SYNTHETIC_OPERATIONAL_RECORD
MOV-001825,MED-0289,Ciprofloxacin 500mg (Ciplox 500) (Formula 289),AMO284,STOCK_RECEIVED,200,74.5,14900.0,SUPPLIER_INVOICE,INV-SUPP-0025,2026-05-03T01:00:00Z,PHARM-KA-2022-7212,pharmaflow-main,SYNTHETIC_OPERATIONAL_RECORD
MOV-001826,MED-0290,Ofloxacin + Ornidazole (O2) (Formula 290),CET285,STOCK_RECEIVED,100,120.0,12000.0,SUPPLIER_INVOICE,INV-SUPP-0026,2026-05-01T16:00:00Z,PHARM-HIST-0001,pharmaflow-main,SYNTHETIC_OPERATIONAL_RECORD
MOV-001827,MED-0291,Montelukast + Levocetirizine (Montair-LC) (Formula 291),LEV286,STOCK_RECEIVED,300,165.5,49650.0,SUPPLIER_INVOICE,INV-SUPP-0027,2026-08-22T08:00:00Z,PHARM-KA-2022-7212,pharmaflow-main,SYNTHETIC_OPERATIONAL_RECORD
MOV-001828,MED-0292,Ibuprofen 400mg (Brufen 400) (Formula 292),AZI287,STOCK_RECEIVED,100,38.0,3800.0,SUPPLIER_INVOICE,INV-SUPP-0028,2026-09-23T04:00:00Z,PHARM-HIST-0001,pharmaflow-main,SYNTHETIC_OPERATIONAL_RECORD
MOV-001829,MED-0293,Aceclofenac + Paracetamol (Zerodol-P) (Formula 293),AZI288,STOCK_RECEIVED,100,87.5,8750.0,SUPPLIER_INVOICE,INV-SUPP-0029,2026-09-07T00:00:00Z,PHARM-KA-2022-7212,pharmaflow-main,SYNTHETIC_OPERATIONAL_RECORD
MOV-001830,MED-0294,Vildagliptin + Metformin (Galvus Met) (Formula 294),MET289,STOCK_RECEIVED,200,255.0,51000.0,SUPPLIER_INVOICE,INV-SUPP-0030,2026-05-26T09:00:00Z,PHARM-HIST-0001,pharmaflow-main,SYNTHETIC_OPERATIONAL_RECORD
MOV-001831,MED-0295,Rabeprazole 20mg (Razo 20) (Formula 295),MET290,STOCK_RECEIVED,300,112.0,33600.0,SUPPLIER_INVOICE,INV-SUPP-0031,2026-05-25T13:00:00Z,PHARM-KA-2022-7212,pharmaflow-main,SYNTHETIC_OPERATIONAL_RECORD
MOV-001832,MED-0296,Cough Syrup (Ascoril-D) (Formula 296),PAN291,STOCK_RECEIVED,100,90.5,9050.0,SUPPLIER_INVOICE,INV-SUPP-0032,2026-08-02T16:00:00Z,PHARM-HIST-0001,pharmaflow-main,SYNTHETIC_OPERATIONAL_RECORD
MOV-001833,MED-0297,Oral Rehydration Salts (Electral ORS) (Formula 297),PAN292,STOCK_RECEIVED,300,23.0,6900.0,SUPPLIER_INVOICE,INV-SUPP-0033,2026-08-02T16:00:00Z,PHARM-KA-2022-7212,pharmaflow-main,SYNTHETIC_OPERATIONAL_RECORD
MOV-001834,MED-0298,Multivitamin + Zinc (Becadexamin) (Formula 298),OME293,STOCK_RECEIVED,100,49.5,4950.0,SUPPLIER_INVOICE,INV-SUPP-0034,2026-05-20T21:00:00Z,PHARM-HIST-0001,pharmaflow-main,SYNTHETIC_OPERATIONAL_RECORD
MOV-001835,MED-0299,Thyroxine Sodium 50mcg (Thyronorm 50) (Formula 299),TEL294,STOCK_RECEIVED,200,135.0,27000.0,SUPPLIER_INVOICE,INV-SUPP-0035,2026-08-05T20:00:00Z,PHARM-KA-2022-7212,pharmaflow-main,SYNTHETIC_OPERATIONAL_RECORD
MOV-001836,MED-0300,Clopidogrel 75mg (Clopilet 75) (Formula 300),TEL295,STOCK_RECEIVED,100,142.5,14250.0,SUPPLIER_INVOICE,INV-SUPP-0036,2026-07-03T14:00:00Z,PHARM-HIST-0001,pharmaflow-main,SYNTHETIC_OPERATIONAL_RECORD
MOV-001837,MED-0301,Paracetamol 500mg (Formula 301),ATO296,STOCK_RECEIVED,100,40.0,4000.0,SUPPLIER_INVOICE,INV-SUPP-0037,2026-05-25T16:00:00Z,PHARM-KA-2022-7212,pharmaflow-main,SYNTHETIC_OPERATIONAL_RECORD
MOV-001838,MED-0302,Paracetamol 650mg (Dolo 650) (Formula 302),ROS297,STOCK_RECEIVED,100,32.0,3200.0,SUPPLIER_INVOICE,INV-SUPP-0038,2026-06-28T04:00:00Z,PHARM-HIST-0001,pharmaflow-main,SYNTHETIC_OPERATIONAL_RECORD
MOV-001839,MED-0303,Vitamin D3 60K (Calcirol) (Formula 303),CIP298,STOCK_RECEIVED,100,67.5,6750.0,SUPPLIER_INVOICE,INV-SUPP-0039,2026-08-29T15:00:00Z,PHARM-KA-2022-7212,pharmaflow-main,SYNTHETIC_OPERATIONAL_RECORD
MOV-001840,MED-0304,Amoxicillin 500mg (Novamox) (Formula 304),OFL299,STOCK_RECEIVED,100,100.0,10000.0,SUPPLIER_INVOICE,INV-SUPP-0040,2026-09-01T14:00:00Z,PHARM-HIST-0001,pharmaflow-main,SYNTHETIC_OPERATIONAL_RECORD
MOV-001841,MED-0305,Amoxicillin + Clavulanic Acid 625mg (Augmentin) (Formula 305),MON300,STOCK_RECEIVED,200,172.5,34500.0,SUPPLIER_INVOICE,INV-SUPP-0041,2026-05-02T15:00:00Z,PHARM-KA-2022-7212,pharmaflow-main,SYNTHETIC_OPERATIONAL_RECORD
MOV-001842,MED-0306,Cetirizine 10mg (Cetzine) (Formula 306),IBU301,STOCK_RECEIVED,200,45.0,9000.0,SUPPLIER_INVOICE,INV-SUPP-0042,2026-08-25T20:00:00Z,PHARM-HIST-0001,pharmaflow-main,SYNTHETIC_OPERATIONAL_RECORD
MOV-001843,MED-0307,Levocetirizine 5mg (Levocet) (Formula 307),ACE302,STOCK_RECEIVED,300,60.5,18150.0,SUPPLIER_INVOICE,INV-SUPP-0043,2026-04-25T15:00:00Z,PHARM-KA-2022-7212,pharmaflow-main,SYNTHETIC_OPERATIONAL_RECORD
MOV-001844,MED-0308,Azithromycin 250mg (Azee 250) (Formula 308),VIL303,STOCK_RECEIVED,300,135.0,40500.0,SUPPLIER_INVOICE,INV-SUPP-0044,2026-07-21T23:00:00Z,PHARM-HIST-0001,pharmaflow-main,SYNTHETIC_OPERATIONAL_RECORD
MOV-001845,MED-0309,Azithromycin 500mg (Azithral 500) (Formula 309),RAB304,STOCK_RECEIVED,200,175.0,35000.0,SUPPLIER_INVOICE,INV-SUPP-0045,2026-08-29T12:00:00Z,PHARM-KA-2022-7212,pharmaflow-main,SYNTHETIC_OPERATIONAL_RECORD
MOV-001846,MED-0310,Metformin 500mg (Glycomet 500) (Formula 310),COU305,STOCK_RECEIVED,100,47.5,4750.0,SUPPLIER_INVOICE,INV-SUPP-0046,2026-06-22T14:00:00Z,PHARM-HIST-0001,pharmaflow-main,SYNTHETIC_OPERATIONAL_RECORD
MOV-001847,MED-0311,Metformin 1000mg SR (Glucophage) (Formula 311),ORA306,STOCK_RECEIVED,100,73.0,7300.0,SUPPLIER_INVOICE,INV-SUPP-0047,2026-07-05T13:00:00Z,PHARM-KA-2022-7212,pharmaflow-main,SYNTHETIC_OPERATIONAL_RECORD
MOV-001848,MED-0312,Pantoprazole 40mg (Pan 40) (Formula 312),MUL307,STOCK_RECEIVED,300,92.5,27750.0,SUPPLIER_INVOICE,INV-SUPP-0048,2026-05-25T23:00:00Z,PHARM-HIST-0001,pharmaflow-main,SYNTHETIC_OPERATIONAL_RECORD
MOV-001849,MED-0313,Pantoprazole + Domperidone (Pan-D) (Formula 313),THY308,STOCK_RECEIVED,100,155.0,15500.0,SUPPLIER_INVOICE,INV-SUPP-0049,2026-09-12T03:00:00Z,PHARM-KA-2022-7212,pharmaflow-main,SYNTHETIC_OPERATIONAL_RECORD
MOV-001850,MED-0314,Omeprazole 20mg (Omez) (Formula 314),CLO309,STOCK_RECEIVED,200,74.5,14900.0,SUPPLIER_INVOICE,INV-SUPP-0050,2026-09-16T22:00:00Z,PHARM-HIST-0001,pharmaflow-main,SYNTHETIC_OPERATIONAL_RECORD
MOV-001851,MED-0315,Telmisartan 40mg (Telma 40) (Formula 315),PAR310,STOCK_RECEIVED,100,113.0,11300.0,SUPPLIER_INVOICE,INV-SUPP-0051,2026-07-01T03:00:00Z,PHARM-KA-2022-7212,pharmaflow-main,SYNTHETIC_OPERATIONAL_RECORD
MOV-001852,MED-0316,Telmisartan + Amlodipine (Telma-AM) (Formula 316),PAR311,STOCK_RECEIVED,300,140.0,42000.0,SUPPLIER_INVOICE,INV-SUPP-0052,2026-07-01T07:00:00Z,PHARM-HIST-0001,pharmaflow-main,SYNTHETIC_OPERATIONAL_RECORD
MOV-001853,MED-0317,Atorvastatin 10mg (Atorva 10) (Formula 317),VIT312,STOCK_RECEIVED,200,112.5,22500.0,SUPPLIER_INVOICE,INV-SUPP-0053,2026-07-05T03:00:00Z,PHARM-KA-2022-7212,pharmaflow-main,SYNTHETIC_OPERATIONAL_RECORD
MOV-001854,MED-0318,Rosuvastatin 10mg (Rosuvas 10) (Formula 318),AMO313,STOCK_RECEIVED,100,140.0,14000.0,SUPPLIER_INVOICE,INV-SUPP-0054,2026-08-22T00:00:00Z,PHARM-HIST-0001,pharmaflow-main,SYNTHETIC_OPERATIONAL_RECORD
MOV-001855,MED-0319,Ciprofloxacin 500mg (Ciplox 500) (Formula 319),AMO314,STOCK_RECEIVED,100,79.5,7950.0,SUPPLIER_INVOICE,INV-SUPP-0055,2026-04-19T01:00:00Z,PHARM-KA-2022-7212,pharmaflow-main,SYNTHETIC_OPERATIONAL_RECORD
MOV-001856,MED-0320,Ofloxacin + Ornidazole (O2) (Formula 320),CET315,STOCK_RECEIVED,200,125.0,25000.0,SUPPLIER_INVOICE,INV-SUPP-0056,2026-05-21T15:00:00Z,PHARM-HIST-0001,pharmaflow-main,SYNTHETIC_OPERATIONAL_RECORD
MOV-001857,MED-0321,Montelukast + Levocetirizine (Montair-LC) (Formula 321),LEV316,STOCK_RECEIVED,100,170.5,17050.0,SUPPLIER_INVOICE,INV-SUPP-0057,2026-07-25T06:00:00Z,PHARM-KA-2022-7212,pharmaflow-main,SYNTHETIC_OPERATIONAL_RECORD
MOV-001858,MED-0322,Ibuprofen 400mg (Brufen 400) (Formula 322),AZI317,STOCK_RECEIVED,300,43.0,12900.0,SUPPLIER_INVOICE,INV-SUPP-0058,2026-10-02T15:00:00Z,PHARM-HIST-0001,pharmaflow-main,SYNTHETIC_OPERATIONAL_RECORD
MOV-001859,MED-0323,Aceclofenac + Paracetamol (Zerodol-P) (Formula 323),AZI318,STOCK_RECEIVED,100,75.0,7500.0,SUPPLIER_INVOICE,INV-SUPP-0059,2026-06-10T00:00:00Z,PHARM-KA-2022-7212,pharmaflow-main,SYNTHETIC_OPERATIONAL_RECORD
MOV-001860,MED-0324,Vildagliptin + Metformin (Galvus Met) (Formula 324),MET319,STOCK_RECEIVED,200,242.5,48500.0,SUPPLIER_INVOICE,INV-SUPP-0060,2026-06-25T04:00:00Z,PHARM-HIST-0001,pharmaflow-main,SYNTHETIC_OPERATIONAL_RECORD
MOV-001861,MED-0325,Rabeprazole 20mg (Razo 20) (Formula 325),MET320,STOCK_RECEIVED,200,117.0,23400.0,SUPPLIER_INVOICE,INV-SUPP-0061,2026-05-29T18:00:00Z,PHARM-KA-2022-7212,pharmaflow-main,SYNTHETIC_OPERATIONAL_RECORD
MOV-001862,MED-0326,Cough Syrup (Ascoril-D) (Formula 326),PAN321,STOCK_RECEIVED,300,95.5,28650.0,SUPPLIER_INVOICE,INV-SUPP-0062,2026-06-01T12:00:00Z,PHARM-HIST-0001,pharmaflow-main,SYNTHETIC_OPERATIONAL_RECORD
MOV-001863,MED-0327,Oral Rehydration Salts (Electral ORS) (Formula 327),PAN322,STOCK_RECEIVED,100,28.0,2800.0,SUPPLIER_INVOICE,INV-SUPP-0063,2026-09-11T01:00:00Z,PHARM-KA-2022-7212,pharmaflow-main,SYNTHETIC_OPERATIONAL_RECORD
MOV-001864,MED-0328,Multivitamin + Zinc (Becadexamin) (Formula 328),OME323,STOCK_RECEIVED,100,54.5,5450.0,SUPPLIER_INVOICE,INV-SUPP-0064,2026-05-18T14:00:00Z,PHARM-HIST-0001,pharmaflow-main,SYNTHETIC_OPERATIONAL_RECORD
MOV-001865,MED-0329,Thyroxine Sodium 50mcg (Thyronorm 50) (Formula 329),TEL324,STOCK_RECEIVED,300,140.0,42000.0,SUPPLIER_INVOICE,INV-SUPP-0065,2026-05-29T07:00:00Z,PHARM-KA-2022-7212,pharmaflow-main,SYNTHETIC_OPERATIONAL_RECORD
MOV-001866,MED-0330,Clopidogrel 75mg (Clopilet 75) (Formula 330),TEL325,STOCK_RECEIVED,200,130.0,26000.0,SUPPLIER_INVOICE,INV-SUPP-0066,2026-07-15T13:00:00Z,PHARM-HIST-0001,pharmaflow-main,SYNTHETIC_OPERATIONAL_RECORD
MOV-001867,MED-0331,Paracetamol 500mg (Formula 331),ATO326,STOCK_RECEIVED,100,27.5,2750.0,SUPPLIER_INVOICE,INV-SUPP-0067,2026-06-10T17:00:00Z,PHARM-KA-2022-7212,pharmaflow-main,SYNTHETIC_OPERATIONAL_RECORD
MOV-001868,MED-0332,Paracetamol 650mg (Dolo 650) (Formula 332),ROS327,STOCK_RECEIVED,300,37.0,11100.0,SUPPLIER_INVOICE,INV-SUPP-0068,2026-09-22T15:00:00Z,PHARM-HIST-0001,pharmaflow-main,SYNTHETIC_OPERATIONAL_RECORD
MOV-001869,MED-0333,Vitamin D3 60K (Calcirol) (Formula 333),CIP328,STOCK_RECEIVED,300,72.5,21750.0,SUPPLIER_INVOICE,INV-SUPP-0069,2026-07-13T11:00:00Z,PHARM-KA-2022-7212,pharmaflow-main,SYNTHETIC_OPERATIONAL_RECORD
MOV-001870,MED-0334,Amoxicillin 500mg (Novamox) (Formula 334),OFL329,STOCK_RECEIVED,200,105.0,21000.0,SUPPLIER_INVOICE,INV-SUPP-0070,2026-04-15T16:00:00Z,PHARM-HIST-0001,pharmaflow-main,SYNTHETIC_OPERATIONAL_RECORD
MOV-001871,MED-0335,Amoxicillin + Clavulanic Acid 625mg (Augmentin) (Formula 335),MON330,STOCK_RECEIVED,100,177.5,17750.0,SUPPLIER_INVOICE,INV-SUPP-0071,2026-07-26T05:00:00Z,PHARM-KA-2022-7212,pharmaflow-main,SYNTHETIC_OPERATIONAL_RECORD
MOV-001872,MED-0336,Cetirizine 10mg (Cetzine) (Formula 336),IBU331,STOCK_RECEIVED,100,50.0,5000.0,SUPPLIER_INVOICE,INV-SUPP-0072,2026-08-14T06:00:00Z,PHARM-HIST-0001,pharmaflow-main,SYNTHETIC_OPERATIONAL_RECORD
MOV-001873,MED-0337,Levocetirizine 5mg (Levocet) (Formula 337),ACE332,STOCK_RECEIVED,200,48.0,9600.0,SUPPLIER_INVOICE,INV-SUPP-0073,2026-08-19T20:00:00Z,PHARM-KA-2022-7212,pharmaflow-main,SYNTHETIC_OPERATIONAL_RECORD
MOV-001874,MED-0338,Azithromycin 250mg (Azee 250) (Formula 338),VIL333,STOCK_RECEIVED,200,122.5,24500.0,SUPPLIER_INVOICE,INV-SUPP-0074,2026-05-11T02:00:00Z,PHARM-HIST-0001,pharmaflow-main,SYNTHETIC_OPERATIONAL_RECORD
MOV-001875,MED-0339,Azithromycin 500mg (Azithral 500) (Formula 339),RAB334,STOCK_RECEIVED,300,180.0,54000.0,SUPPLIER_INVOICE,INV-SUPP-0075,2026-09-07T00:00:00Z,PHARM-KA-2022-7212,pharmaflow-main,SYNTHETIC_OPERATIONAL_RECORD
MOV-001876,MED-0340,Metformin 500mg (Glycomet 500) (Formula 340),COU335,STOCK_RECEIVED,300,52.5,15750.0,SUPPLIER_INVOICE,INV-SUPP-0076,2026-08-13T08:00:00Z,PHARM-HIST-0001,pharmaflow-main,SYNTHETIC_OPERATIONAL_RECORD
MOV-001877,MED-0341,Metformin 1000mg SR (Glucophage) (Formula 341),ORA336,STOCK_RECEIVED,100,78.0,7800.0,SUPPLIER_INVOICE,INV-SUPP-0077,2026-09-15T09:00:00Z,PHARM-KA-2022-7212,pharmaflow-main,SYNTHETIC_OPERATIONAL_RECORD
MOV-001878,MED-0342,Pantoprazole 40mg (Pan 40) (Formula 342),MUL337,STOCK_RECEIVED,300,97.5,29250.0,SUPPLIER_INVOICE,INV-SUPP-0078,2026-05-07T22:00:00Z,PHARM-HIST-0001,pharmaflow-main,SYNTHETIC_OPERATIONAL_RECORD
MOV-001879,MED-0343,Pantoprazole + Domperidone (Pan-D) (Formula 343),THY338,STOCK_RECEIVED,300,160.0,48000.0,SUPPLIER_INVOICE,INV-SUPP-0079,2026-06-10T13:00:00Z,PHARM-KA-2022-7212,pharmaflow-main,SYNTHETIC_OPERATIONAL_RECORD
MOV-001880,MED-0344,Omeprazole 20mg (Omez) (Formula 344),CLO339,STOCK_RECEIVED,100,62.0,6200.0,SUPPLIER_INVOICE,INV-SUPP-0080,2026-05-22T11:00:00Z,PHARM-HIST-0001,pharmaflow-main,SYNTHETIC_OPERATIONAL_RECORD
MOV-001881,MED-0345,Telmisartan 40mg (Telma 40) (Formula 345),PAR340,STOCK_RECEIVED,300,100.5,30150.0,SUPPLIER_INVOICE,INV-SUPP-0081,2026-08-19T05:00:00Z,PHARM-KA-2022-7212,pharmaflow-main,SYNTHETIC_OPERATIONAL_RECORD
MOV-001882,MED-0346,Telmisartan + Amlodipine (Telma-AM) (Formula 346),PAR341,STOCK_RECEIVED,300,145.0,43500.0,SUPPLIER_INVOICE,INV-SUPP-0082,2026-09-14T16:00:00Z,PHARM-HIST-0001,pharmaflow-main,SYNTHETIC_OPERATIONAL_RECORD
MOV-001883,MED-0347,Atorvastatin 10mg (Atorva 10) (Formula 347),VIT342,STOCK_RECEIVED,300,117.5,35250.0,SUPPLIER_INVOICE,INV-SUPP-0083,2026-08-18T21:00:00Z,PHARM-KA-2022-7212,pharmaflow-main,SYNTHETIC_OPERATIONAL_RECORD
MOV-001884,MED-0348,Rosuvastatin 10mg (Rosuvas 10) (Formula 348),AMO343,STOCK_RECEIVED,100,145.0,14500.0,SUPPLIER_INVOICE,INV-SUPP-0084,2026-09-04T00:00:00Z,PHARM-HIST-0001,pharmaflow-main,SYNTHETIC_OPERATIONAL_RECORD
MOV-001885,MED-0349,Ciprofloxacin 500mg (Ciplox 500) (Formula 349),AMO344,STOCK_RECEIVED,300,84.5,25350.0,SUPPLIER_INVOICE,INV-SUPP-0085,2026-07-18T05:00:00Z,PHARM-KA-2022-7212,pharmaflow-main,SYNTHETIC_OPERATIONAL_RECORD
MOV-001886,MED-0350,Ofloxacin + Ornidazole (O2) (Formula 350),CET345,STOCK_RECEIVED,100,130.0,13000.0,SUPPLIER_INVOICE,INV-SUPP-0086,2026-06-26T11:00:00Z,PHARM-HIST-0001,pharmaflow-main,SYNTHETIC_OPERATIONAL_RECORD
MOV-001887,MED-0351,Montelukast + Levocetirizine (Montair-LC) (Formula 351),LEV346,STOCK_RECEIVED,300,158.0,47400.0,SUPPLIER_INVOICE,INV-SUPP-0087,2026-09-19T10:00:00Z,PHARM-KA-2022-7212,pharmaflow-main,SYNTHETIC_OPERATIONAL_RECORD
MOV-001888,MED-0352,Ibuprofen 400mg (Brufen 400) (Formula 352),AZI347,STOCK_RECEIVED,300,30.5,9150.0,SUPPLIER_INVOICE,INV-SUPP-0088,2026-05-31T21:00:00Z,PHARM-HIST-0001,pharmaflow-main,SYNTHETIC_OPERATIONAL_RECORD
MOV-001889,MED-0353,Aceclofenac + Paracetamol (Zerodol-P) (Formula 353),AZI348,STOCK_RECEIVED,200,80.0,16000.0,SUPPLIER_INVOICE,INV-SUPP-0089,2026-07-01T09:00:00Z,PHARM-KA-2022-7212,pharmaflow-main,SYNTHETIC_OPERATIONAL_RECORD
MOV-001890,MED-0354,Vildagliptin + Metformin (Galvus Met) (Formula 354),MET349,STOCK_RECEIVED,200,247.5,49500.0,SUPPLIER_INVOICE,INV-SUPP-0090,2026-06-01T23:00:00Z,PHARM-HIST-0001,pharmaflow-main,SYNTHETIC_OPERATIONAL_RECORD
MOV-001891,MED-0355,Rabeprazole 20mg (Razo 20) (Formula 355),MET350,STOCK_RECEIVED,300,122.0,36600.0,SUPPLIER_INVOICE,INV-SUPP-0091,2026-05-27T12:00:00Z,PHARM-KA-2022-7212,pharmaflow-main,SYNTHETIC_OPERATIONAL_RECORD
MOV-001892,MED-0356,Cough Syrup (Ascoril-D) (Formula 356),PAN351,STOCK_RECEIVED,100,100.5,10050.0,SUPPLIER_INVOICE,INV-SUPP-0092,2026-08-22T06:00:00Z,PHARM-HIST-0001,pharmaflow-main,SYNTHETIC_OPERATIONAL_RECORD
MOV-001893,MED-0357,Oral Rehydration Salts (Electral ORS) (Formula 357),PAN352,STOCK_RECEIVED,100,33.0,3300.0,SUPPLIER_INVOICE,INV-SUPP-0093,2026-09-30T18:00:00Z,PHARM-KA-2022-7212,pharmaflow-main,SYNTHETIC_OPERATIONAL_RECORD
MOV-001894,MED-0358,Multivitamin + Zinc (Becadexamin) (Formula 358),OME353,STOCK_RECEIVED,100,42.0,4200.0,SUPPLIER_INVOICE,INV-SUPP-0094,2026-07-14T23:00:00Z,PHARM-HIST-0001,pharmaflow-main,SYNTHETIC_OPERATIONAL_RECORD
MOV-001895,MED-0359,Thyroxine Sodium 50mcg (Thyronorm 50) (Formula 359),TEL354,STOCK_RECEIVED,100,127.5,12750.0,SUPPLIER_INVOICE,INV-SUPP-0095,2026-05-21T08:00:00Z,PHARM-KA-2022-7212,pharmaflow-main,SYNTHETIC_OPERATIONAL_RECORD
MOV-001896,MED-0360,Clopidogrel 75mg (Clopilet 75) (Formula 360),TEL355,STOCK_RECEIVED,300,135.0,40500.0,SUPPLIER_INVOICE,INV-SUPP-0096,2026-05-27T12:00:00Z,PHARM-HIST-0001,pharmaflow-main,SYNTHETIC_OPERATIONAL_RECORD
MOV-001897,MED-0361,Paracetamol 500mg (Formula 361),ATO356,STOCK_RECEIVED,100,32.5,3250.0,SUPPLIER_INVOICE,INV-SUPP-0097,2026-04-15T00:00:00Z,PHARM-KA-2022-7212,pharmaflow-main,SYNTHETIC_OPERATIONAL_RECORD
MOV-001898,MED-0362,Paracetamol 650mg (Dolo 650) (Formula 362),ROS357,STOCK_RECEIVED,200,42.0,8400.0,SUPPLIER_INVOICE,INV-SUPP-0098,2026-06-09T16:00:00Z,PHARM-HIST-0001,pharmaflow-main,SYNTHETIC_OPERATIONAL_RECORD
MOV-001899,MED-0363,Vitamin D3 60K (Calcirol) (Formula 363),CIP358,STOCK_RECEIVED,300,77.5,23250.0,SUPPLIER_INVOICE,INV-SUPP-0099,2026-06-03T04:00:00Z,PHARM-KA-2022-7212,pharmaflow-main,SYNTHETIC_OPERATIONAL_RECORD
MOV-001900,MED-0364,Amoxicillin 500mg (Novamox) (Formula 364),OFL359,STOCK_RECEIVED,300,110.0,33000.0,SUPPLIER_INVOICE,INV-SUPP-0100,2026-07-27T17:00:00Z,PHARM-HIST-0001,pharmaflow-main,SYNTHETIC_OPERATIONAL_RECORD
MOV-001901,MED-0365,Amoxicillin + Clavulanic Acid 625mg (Augmentin) (Formula 365),MON360,STOCK_RECEIVED,100,165.0,16500.0,SUPPLIER_INVOICE,INV-SUPP-0101,2026-06-24T12:00:00Z,PHARM-KA-2022-7212,pharmaflow-main,SYNTHETIC_OPERATIONAL_RECORD
MOV-001902,MED-0366,Cetirizine 10mg (Cetzine) (Formula 366),IBU361,STOCK_RECEIVED,300,37.5,11250.0,SUPPLIER_INVOICE,INV-SUPP-0102,2026-04-17T06:00:00Z,PHARM-HIST-0001,pharmaflow-main,SYNTHETIC_OPERATIONAL_RECORD
MOV-001903,MED-0367,Levocetirizine 5mg (Levocet) (Formula 367),ACE362,STOCK_RECEIVED,200,53.0,10600.0,SUPPLIER_INVOICE,INV-SUPP-0103,2026-07-05T17:00:00Z,PHARM-KA-2022-7212,pharmaflow-main,SYNTHETIC_OPERATIONAL_RECORD
MOV-001904,MED-0368,Azithromycin 250mg (Azee 250) (Formula 368),VIL363,STOCK_RECEIVED,200,127.5,25500.0,SUPPLIER_INVOICE,INV-SUPP-0104,2026-09-04T11:00:00Z,PHARM-HIST-0001,pharmaflow-main,SYNTHETIC_OPERATIONAL_RECORD
MOV-001905,MED-0369,Azithromycin 500mg (Azithral 500) (Formula 369),RAB364,STOCK_RECEIVED,100,185.0,18500.0,SUPPLIER_INVOICE,INV-SUPP-0105,2026-07-20T17:00:00Z,PHARM-KA-2022-7212,pharmaflow-main,SYNTHETIC_OPERATIONAL_RECORD
MOV-001906,MED-0370,Metformin 500mg (Glycomet 500) (Formula 370),COU365,STOCK_RECEIVED,100,57.5,5750.0,SUPPLIER_INVOICE,INV-SUPP-0106,2026-09-06T20:00:00Z,PHARM-HIST-0001,pharmaflow-main,SYNTHETIC_OPERATIONAL_RECORD
MOV-001907,MED-0371,Metformin 1000mg SR (Glucophage) (Formula 371),ORA366,STOCK_RECEIVED,300,83.0,24900.0,SUPPLIER_INVOICE,INV-SUPP-0107,2026-05-14T03:00:00Z,PHARM-KA-2022-7212,pharmaflow-main,SYNTHETIC_OPERATIONAL_RECORD
MOV-001908,MED-0372,Pantoprazole 40mg (Pan 40) (Formula 372),MUL367,STOCK_RECEIVED,100,85.0,8500.0,SUPPLIER_INVOICE,INV-SUPP-0108,2026-05-23T03:00:00Z,PHARM-HIST-0001,pharmaflow-main,SYNTHETIC_OPERATIONAL_RECORD
MOV-001909,MED-0373,Pantoprazole + Domperidone (Pan-D) (Formula 373),THY368,STOCK_RECEIVED,100,147.5,14750.0,SUPPLIER_INVOICE,INV-SUPP-0109,2026-08-10T00:00:00Z,PHARM-KA-2022-7212,pharmaflow-main,SYNTHETIC_OPERATIONAL_RECORD
MOV-001910,MED-0374,Omeprazole 20mg (Omez) (Formula 374),CLO369,STOCK_RECEIVED,300,67.0,20100.0,SUPPLIER_INVOICE,INV-SUPP-0110,2026-06-08T02:00:00Z,PHARM-HIST-0001,pharmaflow-main,SYNTHETIC_OPERATIONAL_RECORD
MOV-001911,MED-0375,Telmisartan 40mg (Telma 40) (Formula 375),PAR370,STOCK_RECEIVED,100,105.5,10550.0,SUPPLIER_INVOICE,INV-SUPP-0111,2026-05-11T08:00:00Z,PHARM-KA-2022-7212,pharmaflow-main,SYNTHETIC_OPERATIONAL_RECORD
MOV-001912,MED-0376,Telmisartan + Amlodipine (Telma-AM) (Formula 376),PAR371,STOCK_RECEIVED,200,150.0,30000.0,SUPPLIER_INVOICE,INV-SUPP-0112,2026-08-20T07:00:00Z,PHARM-HIST-0001,pharmaflow-main,SYNTHETIC_OPERATIONAL_RECORD
MOV-001913,MED-0377,Atorvastatin 10mg (Atorva 10) (Formula 377),VIT372,STOCK_RECEIVED,300,122.5,36750.0,SUPPLIER_INVOICE,INV-SUPP-0113,2026-08-29T06:00:00Z,PHARM-KA-2022-7212,pharmaflow-main,SYNTHETIC_OPERATIONAL_RECORD
MOV-001914,MED-0378,Rosuvastatin 10mg (Rosuvas 10) (Formula 378),AMO373,STOCK_RECEIVED,300,150.0,45000.0,SUPPLIER_INVOICE,INV-SUPP-0114,2026-05-06T20:00:00Z,PHARM-HIST-0001,pharmaflow-main,SYNTHETIC_OPERATIONAL_RECORD
MOV-001915,MED-0379,Ciprofloxacin 500mg (Ciplox 500) (Formula 379),AMO374,STOCK_RECEIVED,100,72.0,7200.0,SUPPLIER_INVOICE,INV-SUPP-0115,2026-09-20T05:00:00Z,PHARM-KA-2022-7212,pharmaflow-main,SYNTHETIC_OPERATIONAL_RECORD
MOV-001916,MED-0380,Ofloxacin + Ornidazole (O2) (Formula 380),CET375,STOCK_RECEIVED,200,117.5,23500.0,SUPPLIER_INVOICE,INV-SUPP-0116,2026-07-30T02:00:00Z,PHARM-HIST-0001,pharmaflow-main,SYNTHETIC_OPERATIONAL_RECORD
MOV-001917,MED-0381,Montelukast + Levocetirizine (Montair-LC) (Formula 381),LEV376,STOCK_RECEIVED,200,163.0,32600.0,SUPPLIER_INVOICE,INV-SUPP-0117,2026-06-23T10:00:00Z,PHARM-KA-2022-7212,pharmaflow-main,SYNTHETIC_OPERATIONAL_RECORD
MOV-001918,MED-0382,Ibuprofen 400mg (Brufen 400) (Formula 382),AZI377,STOCK_RECEIVED,100,35.5,3550.0,SUPPLIER_INVOICE,INV-SUPP-0118,2026-08-04T11:00:00Z,PHARM-HIST-0001,pharmaflow-main,SYNTHETIC_OPERATIONAL_RECORD
MOV-001919,MED-0383,Aceclofenac + Paracetamol (Zerodol-P) (Formula 383),AZI378,STOCK_RECEIVED,300,85.0,25500.0,SUPPLIER_INVOICE,INV-SUPP-0119,2026-07-25T08:00:00Z,PHARM-KA-2022-7212,pharmaflow-main,SYNTHETIC_OPERATIONAL_RECORD
MOV-001920,MED-0384,Vildagliptin + Metformin (Galvus Met) (Formula 384),MET379,STOCK_RECEIVED,300,252.5,75750.0,SUPPLIER_INVOICE,INV-SUPP-0120,2026-05-23T23:00:00Z,PHARM-HIST-0001,pharmaflow-main,SYNTHETIC_OPERATIONAL_RECORD
MOV-001921,MED-0385,Rabeprazole 20mg (Razo 20) (Formula 385),MET380,STOCK_RECEIVED,300,127.0,38100.0,SUPPLIER_INVOICE,INV-SUPP-0121,2026-09-28T01:00:00Z,PHARM-KA-2022-7212,pharmaflow-main,SYNTHETIC_OPERATIONAL_RECORD
MOV-001922,MED-0386,Cough Syrup (Ascoril-D) (Formula 386),PAN381,STOCK_RECEIVED,300,88.0,26400.0,SUPPLIER_INVOICE,INV-SUPP-0122,2026-10-03T02:00:00Z,PHARM-HIST-0001,pharmaflow-main,SYNTHETIC_OPERATIONAL_RECORD
MOV-001923,MED-0387,Oral Rehydration Salts (Electral ORS) (Formula 387),PAN382,STOCK_RECEIVED,100,20.5,2050.0,SUPPLIER_INVOICE,INV-SUPP-0123,2026-06-04T00:00:00Z,PHARM-KA-2022-7212,pharmaflow-main,SYNTHETIC_OPERATIONAL_RECORD
MOV-001924,MED-0388,Multivitamin + Zinc (Becadexamin) (Formula 388),OME383,STOCK_RECEIVED,200,47.0,9400.0,SUPPLIER_INVOICE,INV-SUPP-0124,2026-06-18T13:00:00Z,PHARM-HIST-0001,pharmaflow-main,SYNTHETIC_OPERATIONAL_RECORD
MOV-001925,MED-0389,Thyroxine Sodium 50mcg (Thyronorm 50) (Formula 389),TEL384,STOCK_RECEIVED,100,132.5,13250.0,SUPPLIER_INVOICE,INV-SUPP-0125,2026-05-28T14:00:00Z,PHARM-KA-2022-7212,pharmaflow-main,SYNTHETIC_OPERATIONAL_RECORD
MOV-001926,MED-0390,Clopidogrel 75mg (Clopilet 75) (Formula 390),TEL385,STOCK_RECEIVED,100,140.0,14000.0,SUPPLIER_INVOICE,INV-SUPP-0126,2026-09-08T13:00:00Z,PHARM-HIST-0001,pharmaflow-main,SYNTHETIC_OPERATIONAL_RECORD
MOV-001927,MED-0391,Paracetamol 500mg (Formula 391),ATO386,STOCK_RECEIVED,100,37.5,3750.0,SUPPLIER_INVOICE,INV-SUPP-0127,2026-06-21T12:00:00Z,PHARM-KA-2022-7212,pharmaflow-main,SYNTHETIC_OPERATIONAL_RECORD
MOV-001928,MED-0392,Paracetamol 650mg (Dolo 650) (Formula 392),ROS387,STOCK_RECEIVED,100,47.0,4700.0,SUPPLIER_INVOICE,INV-SUPP-0128,2026-08-20T11:00:00Z,PHARM-HIST-0001,pharmaflow-main,SYNTHETIC_OPERATIONAL_RECORD
MOV-001929,MED-0393,Vitamin D3 60K (Calcirol) (Formula 393),CIP388,STOCK_RECEIVED,300,65.0,19500.0,SUPPLIER_INVOICE,INV-SUPP-0129,2026-08-17T01:00:00Z,PHARM-KA-2022-7212,pharmaflow-main,SYNTHETIC_OPERATIONAL_RECORD
MOV-001930,MED-0394,Amoxicillin 500mg (Novamox) (Formula 394),OFL389,STOCK_RECEIVED,200,97.5,19500.0,SUPPLIER_INVOICE,INV-SUPP-0130,2026-06-28T17:00:00Z,PHARM-HIST-0001,pharmaflow-main,SYNTHETIC_OPERATIONAL_RECORD
MOV-001931,MED-0395,Amoxicillin + Clavulanic Acid 625mg (Augmentin) (Formula 395),MON390,STOCK_RECEIVED,100,170.0,17000.0,SUPPLIER_INVOICE,INV-SUPP-0131,2026-10-02T00:00:00Z,PHARM-KA-2022-7212,pharmaflow-main,SYNTHETIC_OPERATIONAL_RECORD
MOV-001932,MED-0396,Cetirizine 10mg (Cetzine) (Formula 396),IBU391,STOCK_RECEIVED,100,42.5,4250.0,SUPPLIER_INVOICE,INV-SUPP-0132,2026-04-15T22:00:00Z,PHARM-HIST-0001,pharmaflow-main,SYNTHETIC_OPERATIONAL_RECORD
MOV-001933,MED-0397,Levocetirizine 5mg (Levocet) (Formula 397),ACE392,STOCK_RECEIVED,100,58.0,5800.0,SUPPLIER_INVOICE,INV-SUPP-0133,2026-07-17T13:00:00Z,PHARM-KA-2022-7212,pharmaflow-main,SYNTHETIC_OPERATIONAL_RECORD
MOV-001934,MED-0398,Azithromycin 250mg (Azee 250) (Formula 398),VIL393,STOCK_RECEIVED,100,132.5,13250.0,SUPPLIER_INVOICE,INV-SUPP-0134,2026-09-13T07:00:00Z,PHARM-HIST-0001,pharmaflow-main,SYNTHETIC_OPERATIONAL_RECORD
MOV-001935,MED-0399,Azithromycin 500mg (Azithral 500) (Formula 399),RAB394,STOCK_RECEIVED,100,190.0,19000.0,SUPPLIER_INVOICE,INV-SUPP-0135,2026-08-04T02:00:00Z,PHARM-KA-2022-7212,pharmaflow-main,SYNTHETIC_OPERATIONAL_RECORD
MOV-001936,MED-0400,Metformin 500mg (Glycomet 500) (Formula 400),COU395,STOCK_RECEIVED,200,45.0,9000.0,SUPPLIER_INVOICE,INV-SUPP-0136,2026-09-24T23:00:00Z,PHARM-HIST-0001,pharmaflow-main,SYNTHETIC_OPERATIONAL_RECORD
MOV-001937,MED-0401,Metformin 1000mg SR (Glucophage) (Formula 401),ORA396,STOCK_RECEIVED,300,70.5,21150.0,SUPPLIER_INVOICE,INV-SUPP-0137,2026-05-21T07:00:00Z,PHARM-KA-2022-7212,pharmaflow-main,SYNTHETIC_OPERATIONAL_RECORD
MOV-001938,MED-0402,Pantoprazole 40mg (Pan 40) (Formula 402),MUL397,STOCK_RECEIVED,200,90.0,18000.0,SUPPLIER_INVOICE,INV-SUPP-0138,2026-05-15T09:00:00Z,PHARM-HIST-0001,pharmaflow-main,SYNTHETIC_OPERATIONAL_RECORD
MOV-001939,MED-0403,Pantoprazole + Domperidone (Pan-D) (Formula 403),THY398,STOCK_RECEIVED,200,152.5,30500.0,SUPPLIER_INVOICE,INV-SUPP-0139,2026-04-30T21:00:00Z,PHARM-KA-2022-7212,pharmaflow-main,SYNTHETIC_OPERATIONAL_RECORD
MOV-001940,MED-0404,Omeprazole 20mg (Omez) (Formula 404),CLO399,STOCK_RECEIVED,200,72.0,14400.0,SUPPLIER_INVOICE,INV-SUPP-0140,2026-05-17T16:00:00Z,PHARM-HIST-0001,pharmaflow-main,SYNTHETIC_OPERATIONAL_RECORD
MOV-001941,MED-0405,Telmisartan 40mg (Telma 40) (Formula 405),PAR400,STOCK_RECEIVED,100,110.5,11050.0,SUPPLIER_INVOICE,INV-SUPP-0141,2026-05-02T06:00:00Z,PHARM-KA-2022-7212,pharmaflow-main,SYNTHETIC_OPERATIONAL_RECORD
MOV-001942,MED-0406,Telmisartan + Amlodipine (Telma-AM) (Formula 406),PAR401,STOCK_RECEIVED,300,155.0,46500.0,SUPPLIER_INVOICE,INV-SUPP-0142,2026-08-02T03:00:00Z,PHARM-HIST-0001,pharmaflow-main,SYNTHETIC_OPERATIONAL_RECORD
MOV-001943,MED-0407,Atorvastatin 10mg (Atorva 10) (Formula 407),VIT402,STOCK_RECEIVED,300,110.0,33000.0,SUPPLIER_INVOICE,INV-SUPP-0143,2026-09-28T09:00:00Z,PHARM-KA-2022-7212,pharmaflow-main,SYNTHETIC_OPERATIONAL_RECORD
MOV-001944,MED-0408,Rosuvastatin 10mg (Rosuvas 10) (Formula 408),AMO403,STOCK_RECEIVED,100,137.5,13750.0,SUPPLIER_INVOICE,INV-SUPP-0144,2026-07-22T19:00:00Z,PHARM-HIST-0001,pharmaflow-main,SYNTHETIC_OPERATIONAL_RECORD
MOV-001945,MED-0409,Ciprofloxacin 500mg (Ciplox 500) (Formula 409),AMO404,STOCK_RECEIVED,100,77.0,7700.0,SUPPLIER_INVOICE,INV-SUPP-0145,2026-05-25T22:00:00Z,PHARM-KA-2022-7212,pharmaflow-main,SYNTHETIC_OPERATIONAL_RECORD
MOV-001946,MED-0410,Ofloxacin + Ornidazole (O2) (Formula 410),CET405,STOCK_RECEIVED,100,122.5,12250.0,SUPPLIER_INVOICE,INV-SUPP-0146,2026-07-13T03:00:00Z,PHARM-HIST-0001,pharmaflow-main,SYNTHETIC_OPERATIONAL_RECORD
MOV-001947,MED-0411,Montelukast + Levocetirizine (Montair-LC) (Formula 411),LEV406,STOCK_RECEIVED,100,168.0,16800.0,SUPPLIER_INVOICE,INV-SUPP-0147,2026-06-07T15:00:00Z,PHARM-KA-2022-7212,pharmaflow-main,SYNTHETIC_OPERATIONAL_RECORD
MOV-001948,MED-0412,Ibuprofen 400mg (Brufen 400) (Formula 412),AZI407,STOCK_RECEIVED,300,40.5,12150.0,SUPPLIER_INVOICE,INV-SUPP-0148,2026-05-26T08:00:00Z,PHARM-HIST-0001,pharmaflow-main,SYNTHETIC_OPERATIONAL_RECORD
MOV-001949,MED-0413,Aceclofenac + Paracetamol (Zerodol-P) (Formula 413),AZI408,STOCK_RECEIVED,200,90.0,18000.0,SUPPLIER_INVOICE,INV-SUPP-0149,2026-09-27T06:00:00Z,PHARM-KA-2022-7212,pharmaflow-main,SYNTHETIC_OPERATIONAL_RECORD
MOV-001950,MED-0414,Vildagliptin + Metformin (Galvus Met) (Formula 414),MET409,STOCK_RECEIVED,100,240.0,24000.0,SUPPLIER_INVOICE,INV-SUPP-0150,2026-04-26T01:00:00Z,PHARM-HIST-0001,pharmaflow-main,SYNTHETIC_OPERATIONAL_RECORD
MOV-001951,MED-0415,Rabeprazole 20mg (Razo 20) (Formula 415),MET410,STOCK_RECEIVED,300,114.5,34350.0,SUPPLIER_INVOICE,INV-SUPP-0001,2026-09-07T11:00:00Z,PHARM-KA-2022-7212,pharmaflow-main,SYNTHETIC_OPERATIONAL_RECORD
MOV-001952,MED-0416,Cough Syrup (Ascoril-D) (Formula 416),PAN411,STOCK_RECEIVED,100,93.0,9300.0,SUPPLIER_INVOICE,INV-SUPP-0002,2026-04-21T01:00:00Z,PHARM-HIST-0001,pharmaflow-main,SYNTHETIC_OPERATIONAL_RECORD
MOV-001953,MED-0417,Oral Rehydration Salts (Electral ORS) (Formula 417),PAN412,STOCK_RECEIVED,200,25.5,5100.0,SUPPLIER_INVOICE,INV-SUPP-0003,2026-04-14T14:00:00Z,PHARM-KA-2022-7212,pharmaflow-main,SYNTHETIC_OPERATIONAL_RECORD
MOV-001954,MED-0418,Multivitamin + Zinc (Becadexamin) (Formula 418),OME413,STOCK_RECEIVED,100,52.0,5200.0,SUPPLIER_INVOICE,INV-SUPP-0004,2026-05-06T11:00:00Z,PHARM-HIST-0001,pharmaflow-main,SYNTHETIC_OPERATIONAL_RECORD
MOV-001955,MED-0419,Thyroxine Sodium 50mcg (Thyronorm 50) (Formula 419),TEL414,STOCK_RECEIVED,300,137.5,41250.0,SUPPLIER_INVOICE,INV-SUPP-0005,2026-07-05T18:00:00Z,PHARM-KA-2022-7212,pharmaflow-main,SYNTHETIC_OPERATIONAL_RECORD
MOV-001956,MED-0420,Clopidogrel 75mg (Clopilet 75) (Formula 420),TEL415,STOCK_RECEIVED,300,145.0,43500.0,SUPPLIER_INVOICE,INV-SUPP-0006,2026-09-22T03:00:00Z,PHARM-HIST-0001,pharmaflow-main,SYNTHETIC_OPERATIONAL_RECORD
MOV-001957,MED-0421,Paracetamol 500mg (Formula 421),ATO416,STOCK_RECEIVED,200,25.0,5000.0,SUPPLIER_INVOICE,INV-SUPP-0007,2026-05-15T07:00:00Z,PHARM-KA-2022-7212,pharmaflow-main,SYNTHETIC_OPERATIONAL_RECORD
MOV-001958,MED-0422,Paracetamol 650mg (Dolo 650) (Formula 422),ROS417,STOCK_RECEIVED,100,34.5,3450.0,SUPPLIER_INVOICE,INV-SUPP-0008,2026-06-15T04:00:00Z,PHARM-HIST-0001,pharmaflow-main,SYNTHETIC_OPERATIONAL_RECORD
MOV-001959,MED-0423,Vitamin D3 60K (Calcirol) (Formula 423),CIP418,STOCK_RECEIVED,300,70.0,21000.0,SUPPLIER_INVOICE,INV-SUPP-0009,2026-08-27T00:00:00Z,PHARM-KA-2022-7212,pharmaflow-main,SYNTHETIC_OPERATIONAL_RECORD
MOV-001960,MED-0424,Amoxicillin 500mg (Novamox) (Formula 424),OFL419,STOCK_RECEIVED,300,102.5,30750.0,SUPPLIER_INVOICE,INV-SUPP-0010,2026-04-10T18:00:00Z,PHARM-HIST-0001,pharmaflow-main,SYNTHETIC_OPERATIONAL_RECORD
MOV-001961,MED-0425,Amoxicillin + Clavulanic Acid 625mg (Augmentin) (Formula 425),MON420,STOCK_RECEIVED,300,175.0,52500.0,SUPPLIER_INVOICE,INV-SUPP-0011,2026-04-30T23:00:00Z,PHARM-KA-2022-7212,pharmaflow-main,SYNTHETIC_OPERATIONAL_RECORD
MOV-001962,MED-0426,Cetirizine 10mg (Cetzine) (Formula 426),IBU421,STOCK_RECEIVED,300,47.5,14250.0,SUPPLIER_INVOICE,INV-SUPP-0012,2026-05-15T00:00:00Z,PHARM-HIST-0001,pharmaflow-main,SYNTHETIC_OPERATIONAL_RECORD
MOV-001963,MED-0427,Levocetirizine 5mg (Levocet) (Formula 427),ACE422,STOCK_RECEIVED,300,63.0,18900.0,SUPPLIER_INVOICE,INV-SUPP-0013,2026-07-24T19:00:00Z,PHARM-KA-2022-7212,pharmaflow-main,SYNTHETIC_OPERATIONAL_RECORD
MOV-001964,MED-0428,Azithromycin 250mg (Azee 250) (Formula 428),VIL423,STOCK_RECEIVED,300,120.0,36000.0,SUPPLIER_INVOICE,INV-SUPP-0014,2026-05-06T17:00:00Z,PHARM-HIST-0001,pharmaflow-main,SYNTHETIC_OPERATIONAL_RECORD
MOV-001965,MED-0429,Azithromycin 500mg (Azithral 500) (Formula 429),RAB424,STOCK_RECEIVED,300,177.5,53250.0,SUPPLIER_INVOICE,INV-SUPP-0015,2026-04-17T15:00:00Z,PHARM-KA-2022-7212,pharmaflow-main,SYNTHETIC_OPERATIONAL_RECORD
MOV-001966,MED-0430,Metformin 500mg (Glycomet 500) (Formula 430),COU425,STOCK_RECEIVED,200,50.0,10000.0,SUPPLIER_INVOICE,INV-SUPP-0016,2026-09-15T20:00:00Z,PHARM-HIST-0001,pharmaflow-main,SYNTHETIC_OPERATIONAL_RECORD
MOV-001967,MED-0431,Metformin 1000mg SR (Glucophage) (Formula 431),ORA426,STOCK_RECEIVED,200,75.5,15100.0,SUPPLIER_INVOICE,INV-SUPP-0017,2026-08-31T19:00:00Z,PHARM-KA-2022-7212,pharmaflow-main,SYNTHETIC_OPERATIONAL_RECORD
MOV-001968,MED-0432,Pantoprazole 40mg (Pan 40) (Formula 432),MUL427,STOCK_RECEIVED,200,95.0,19000.0,SUPPLIER_INVOICE,INV-SUPP-0018,2026-05-13T00:00:00Z,PHARM-HIST-0001,pharmaflow-main,SYNTHETIC_OPERATIONAL_RECORD
MOV-001969,MED-0433,Pantoprazole + Domperidone (Pan-D) (Formula 433),PCT101,STOCK_RECEIVED,300,157.5,47250.0,SUPPLIER_INVOICE,INV-SUPP-0019,2026-05-16T05:00:00Z,PHARM-KA-2022-7212,pharmaflow-main,SYNTHETIC_OPERATIONAL_RECORD
MOV-001970,MED-0434,Omeprazole 20mg (Omez) (Formula 434),VD102,STOCK_RECEIVED,100,77.0,7700.0,SUPPLIER_INVOICE,INV-SUPP-0020,2026-07-15T18:00:00Z,PHARM-HIST-0001,pharmaflow-main,SYNTHETIC_OPERATIONAL_RECORD
MOV-001971,MED-0435,Telmisartan 40mg (Telma 40) (Formula 435),AMX204,STOCK_RECEIVED,100,98.0,9800.0,SUPPLIER_INVOICE,INV-SUPP-0021,2026-07-25T12:00:00Z,PHARM-KA-2022-7212,pharmaflow-main,SYNTHETIC_OPERATIONAL_RECORD
MOV-001972,MED-0436,Telmisartan + Amlodipine (Telma-AM) (Formula 436),CTZ302,STOCK_RECEIVED,300,142.5,42750.0,SUPPLIER_INVOICE,INV-SUPP-0022,2026-07-20T18:00:00Z,PHARM-HIST-0001,pharmaflow-main,SYNTHETIC_OPERATIONAL_RECORD
MOV-001973,MED-0437,Atorvastatin 10mg (Atorva 10) (Formula 437),DEMO-EXP-001,STOCK_RECEIVED,300,115.0,34500.0,SUPPLIER_INVOICE,INV-SUPP-0023,2026-08-20T07:00:00Z,PHARM-KA-2022-7212,pharmaflow-main,SYNTHETIC_OPERATIONAL_RECORD
MOV-001974,MED-0438,Rosuvastatin 10mg (Rosuvas 10) (Formula 438),DEMO-EXP-002,STOCK_RECEIVED,100,142.5,14250.0,SUPPLIER_INVOICE,INV-SUPP-0024,2026-09-11T07:00:00Z,PHARM-HIST-0001,pharmaflow-main,SYNTHETIC_OPERATIONAL_RECORD
MOV-001975,MED-0439,Ciprofloxacin 500mg (Ciplox 500) (Formula 439),LEV106,STOCK_RECEIVED,100,82.0,8200.0,SUPPLIER_INVOICE,INV-SUPP-0025,2026-07-25T08:00:00Z,PHARM-KA-2022-7212,pharmaflow-main,SYNTHETIC_OPERATIONAL_RECORD
MOV-001976,MED-0440,Ofloxacin + Ornidazole (O2) (Formula 440),AZI107,STOCK_RECEIVED,200,127.5,25500.0,SUPPLIER_INVOICE,INV-SUPP-0026,2026-06-26T18:00:00Z,PHARM-HIST-0001,pharmaflow-main,SYNTHETIC_OPERATIONAL_RECORD
MOV-001977,MED-0441,Montelukast + Levocetirizine (Montair-LC) (Formula 441),AZI108,STOCK_RECEIVED,300,173.0,51900.0,SUPPLIER_INVOICE,INV-SUPP-0027,2026-09-23T23:00:00Z,PHARM-KA-2022-7212,pharmaflow-main,SYNTHETIC_OPERATIONAL_RECORD
MOV-001978,MED-0442,Ibuprofen 400mg (Brufen 400) (Formula 442),MET109,STOCK_RECEIVED,300,28.0,8400.0,SUPPLIER_INVOICE,INV-SUPP-0028,2026-04-12T12:00:00Z,PHARM-HIST-0001,pharmaflow-main,SYNTHETIC_OPERATIONAL_RECORD
MOV-001979,MED-0443,Aceclofenac + Paracetamol (Zerodol-P) (Formula 443),MET110,STOCK_RECEIVED,300,77.5,23250.0,SUPPLIER_INVOICE,INV-SUPP-0029,2026-06-09T08:00:00Z,PHARM-KA-2022-7212,pharmaflow-main,SYNTHETIC_OPERATIONAL_RECORD
MOV-001980,MED-0444,Vildagliptin + Metformin (Galvus Met) (Formula 444),PAN111,STOCK_RECEIVED,200,245.0,49000.0,SUPPLIER_INVOICE,INV-SUPP-0030,2026-04-28T09:00:00Z,PHARM-HIST-0001,pharmaflow-main,SYNTHETIC_OPERATIONAL_RECORD
MOV-001981,MED-0445,Rabeprazole 20mg (Razo 20) (Formula 445),PAN112,STOCK_RECEIVED,200,119.5,23900.0,SUPPLIER_INVOICE,INV-SUPP-0031,2026-06-24T12:00:00Z,PHARM-KA-2022-7212,pharmaflow-main,SYNTHETIC_OPERATIONAL_RECORD
MOV-001982,MED-0446,Cough Syrup (Ascoril-D) (Formula 446),OME113,STOCK_RECEIVED,300,98.0,29400.0,SUPPLIER_INVOICE,INV-SUPP-0032,2026-06-17T07:00:00Z,PHARM-HIST-0001,pharmaflow-main,SYNTHETIC_OPERATIONAL_RECORD
MOV-001983,MED-0447,Oral Rehydration Salts (Electral ORS) (Formula 447),TEL114,STOCK_RECEIVED,300,30.5,9150.0,SUPPLIER_INVOICE,INV-SUPP-0033,2026-08-14T03:00:00Z,PHARM-KA-2022-7212,pharmaflow-main,SYNTHETIC_OPERATIONAL_RECORD
MOV-001984,MED-0448,Multivitamin + Zinc (Becadexamin) (Formula 448),TEL115,STOCK_RECEIVED,300,57.0,17100.0,SUPPLIER_INVOICE,INV-SUPP-0034,2026-08-10T20:00:00Z,PHARM-HIST-0001,pharmaflow-main,SYNTHETIC_OPERATIONAL_RECORD
MOV-001985,MED-0449,Thyroxine Sodium 50mcg (Thyronorm 50) (Formula 449),ATO116,STOCK_RECEIVED,300,125.0,37500.0,SUPPLIER_INVOICE,INV-SUPP-0035,2026-08-13T02:00:00Z,PHARM-KA-2022-7212,pharmaflow-main,SYNTHETIC_OPERATIONAL_RECORD
MOV-001986,MED-0450,Clopidogrel 75mg (Clopilet 75) (Formula 450),ROS117,STOCK_RECEIVED,300,132.5,39750.0,SUPPLIER_INVOICE,INV-SUPP-0036,2026-04-21T17:00:00Z,PHARM-HIST-0001,pharmaflow-main,SYNTHETIC_OPERATIONAL_RECORD
MOV-001987,MED-0451,Paracetamol 500mg (Formula 451),CIP118,STOCK_RECEIVED,200,30.0,6000.0,SUPPLIER_INVOICE,INV-SUPP-0037,2026-04-25T05:00:00Z,PHARM-KA-2022-7212,pharmaflow-main,SYNTHETIC_OPERATIONAL_RECORD
MOV-001988,MED-0452,Paracetamol 650mg (Dolo 650) (Formula 452),OFL119,STOCK_RECEIVED,300,39.5,11850.0,SUPPLIER_INVOICE,INV-SUPP-0038,2026-09-02T15:00:00Z,PHARM-HIST-0001,pharmaflow-main,SYNTHETIC_OPERATIONAL_RECORD
MOV-001989,MED-0453,Vitamin D3 60K (Calcirol) (Formula 453),MON120,STOCK_RECEIVED,300,75.0,22500.0,SUPPLIER_INVOICE,INV-SUPP-0039,2026-10-04T03:00:00Z,PHARM-KA-2022-7212,pharmaflow-main,SYNTHETIC_OPERATIONAL_RECORD
MOV-001990,MED-0454,Amoxicillin 500mg (Novamox) (Formula 454),IBU121,STOCK_RECEIVED,100,107.5,10750.0,SUPPLIER_INVOICE,INV-SUPP-0040,2026-07-11T23:00:00Z,PHARM-HIST-0001,pharmaflow-main,SYNTHETIC_OPERATIONAL_RECORD
MOV-001991,MED-0455,Amoxicillin + Clavulanic Acid 625mg (Augmentin) (Formula 455),ACE122,STOCK_RECEIVED,300,180.0,54000.0,SUPPLIER_INVOICE,INV-SUPP-0041,2026-09-08T08:00:00Z,PHARM-KA-2022-7212,pharmaflow-main,SYNTHETIC_OPERATIONAL_RECORD
MOV-001992,MED-0456,Cetirizine 10mg (Cetzine) (Formula 456),VIL123,STOCK_RECEIVED,300,35.0,10500.0,SUPPLIER_INVOICE,INV-SUPP-0042,2026-05-16T17:00:00Z,PHARM-HIST-0001,pharmaflow-main,SYNTHETIC_OPERATIONAL_RECORD
MOV-001993,MED-0457,Levocetirizine 5mg (Levocet) (Formula 457),RAB124,STOCK_RECEIVED,200,50.5,10100.0,SUPPLIER_INVOICE,INV-SUPP-0043,2026-07-13T12:00:00Z,PHARM-KA-2022-7212,pharmaflow-main,SYNTHETIC_OPERATIONAL_RECORD
MOV-001994,MED-0458,Azithromycin 250mg (Azee 250) (Formula 458),COU125,STOCK_RECEIVED,300,125.0,37500.0,SUPPLIER_INVOICE,INV-SUPP-0044,2026-09-01T00:00:00Z,PHARM-HIST-0001,pharmaflow-main,SYNTHETIC_OPERATIONAL_RECORD
MOV-001995,MED-0459,Azithromycin 500mg (Azithral 500) (Formula 459),ORA126,STOCK_RECEIVED,300,182.5,54750.0,SUPPLIER_INVOICE,INV-SUPP-0045,2026-07-08T19:00:00Z,PHARM-KA-2022-7212,pharmaflow-main,SYNTHETIC_OPERATIONAL_RECORD
MOV-001996,MED-0460,Metformin 500mg (Glycomet 500) (Formula 460),MUL127,STOCK_RECEIVED,300,55.0,16500.0,SUPPLIER_INVOICE,INV-SUPP-0046,2026-08-31T23:00:00Z,PHARM-HIST-0001,pharmaflow-main,SYNTHETIC_OPERATIONAL_RECORD
MOV-001997,MED-0461,Metformin 1000mg SR (Glucophage) (Formula 461),THY128,STOCK_RECEIVED,300,80.5,24150.0,SUPPLIER_INVOICE,INV-SUPP-0047,2026-08-01T10:00:00Z,PHARM-KA-2022-7212,pharmaflow-main,SYNTHETIC_OPERATIONAL_RECORD
MOV-001998,MED-0462,Pantoprazole 40mg (Pan 40) (Formula 462),CLO129,STOCK_RECEIVED,300,100.0,30000.0,SUPPLIER_INVOICE,INV-SUPP-0048,2026-07-02T18:00:00Z,PHARM-HIST-0001,pharmaflow-main,SYNTHETIC_OPERATIONAL_RECORD
MOV-001999,MED-0463,Pantoprazole + Domperidone (Pan-D) (Formula 463),PAR130,STOCK_RECEIVED,200,145.0,29000.0,SUPPLIER_INVOICE,INV-SUPP-0049,2026-07-11T23:00:00Z,PHARM-KA-2022-7212,pharmaflow-main,SYNTHETIC_OPERATIONAL_RECORD
MOV-002000,MED-0464,Omeprazole 20mg (Omez) (Formula 464),PAR131,STOCK_RECEIVED,300,64.5,19350.0,SUPPLIER_INVOICE,INV-SUPP-0050,2026-09-20T06:00:00Z,PHARM-HIST-0001,pharmaflow-main,SYNTHETIC_OPERATIONAL_RECORD
MOV-002001,MED-0465,Telmisartan 40mg (Telma 40) (Formula 465),VIT132,SUPPLIER_RETURN,-20,103.0,2060.0,SUPPLIER_DEBIT_NOTE,RET-0025,2026-05-17T21:00:00Z,PHARM-KA-2022-7212,pharmaflow-main,SYNTHETIC_OPERATIONAL_RECORD
MOV-002002,MED-0466,Telmisartan + Amlodipine (Telma-AM) (Formula 466),AMO133,SUPPLIER_RETURN,-50,147.5,7375.0,SUPPLIER_DEBIT_NOTE,RET-0026,2026-09-12T15:00:00Z,PHARM-HIST-0001,pharmaflow-main,SYNTHETIC_OPERATIONAL_RECORD
MOV-002003,MED-0467,Atorvastatin 10mg (Atorva 10) (Formula 467),AMO134,SUPPLIER_RETURN,-20,120.0,2400.0,SUPPLIER_DEBIT_NOTE,RET-0027,2026-08-20T20:00:00Z,PHARM-KA-2022-7212,pharmaflow-main,SYNTHETIC_OPERATIONAL_RECORD
MOV-002004,MED-0468,Rosuvastatin 10mg (Rosuvas 10) (Formula 468),CET135,SUPPLIER_RETURN,-50,147.5,7375.0,SUPPLIER_DEBIT_NOTE,RET-0028,2026-05-15T02:00:00Z,PHARM-HIST-0001,pharmaflow-main,SYNTHETIC_OPERATIONAL_RECORD
MOV-002005,MED-0469,Ciprofloxacin 500mg (Ciplox 500) (Formula 469),LEV136,SUPPLIER_RETURN,-20,87.0,1740.0,SUPPLIER_DEBIT_NOTE,RET-0029,2026-08-05T06:00:00Z,PHARM-KA-2022-7212,pharmaflow-main,SYNTHETIC_OPERATIONAL_RECORD
MOV-002006,MED-0470,Ofloxacin + Ornidazole (O2) (Formula 470),AZI137,SUPPLIER_RETURN,-50,115.0,5750.0,SUPPLIER_DEBIT_NOTE,RET-0030,2026-06-27T19:00:00Z,PHARM-HIST-0001,pharmaflow-main,SYNTHETIC_OPERATIONAL_RECORD
MOV-002007,MED-0471,Montelukast + Levocetirizine (Montair-LC) (Formula 471),AZI138,SUPPLIER_RETURN,-20,160.5,3210.0,SUPPLIER_DEBIT_NOTE,RET-0031,2026-08-07T18:00:00Z,PHARM-KA-2022-7212,pharmaflow-main,SYNTHETIC_OPERATIONAL_RECORD
MOV-002008,MED-0472,Ibuprofen 400mg (Brufen 400) (Formula 472),MET139,SUPPLIER_RETURN,-50,33.0,1650.0,SUPPLIER_DEBIT_NOTE,RET-0032,2026-05-31T04:00:00Z,PHARM-HIST-0001,pharmaflow-main,SYNTHETIC_OPERATIONAL_RECORD
MOV-002009,MED-0473,Aceclofenac + Paracetamol (Zerodol-P) (Formula 473),MET140,SUPPLIER_RETURN,-20,82.5,1650.0,SUPPLIER_DEBIT_NOTE,RET-0033,2026-10-01T07:00:00Z,PHARM-KA-2022-7212,pharmaflow-main,SYNTHETIC_OPERATIONAL_RECORD
MOV-002010,MED-0474,Vildagliptin + Metformin (Galvus Met) (Formula 474),PAN141,SUPPLIER_RETURN,-50,250.0,12500.0,SUPPLIER_DEBIT_NOTE,RET-0034,2026-08-12T12:00:00Z,PHARM-HIST-0001,pharmaflow-main,SYNTHETIC_OPERATIONAL_RECORD
MOV-002011,MED-0475,Rabeprazole 20mg (Razo 20) (Formula 475),PAN142,SUPPLIER_RETURN,-20,124.5,2490.0,SUPPLIER_DEBIT_NOTE,RET-0035,2026-04-20T20:00:00Z,PHARM-KA-2022-7212,pharmaflow-main,SYNTHETIC_OPERATIONAL_RECORD
MOV-002012,MED-0476,Cough Syrup (Ascoril-D) (Formula 476),OME143,SUPPLIER_RETURN,-50,103.0,5150.0,SUPPLIER_DEBIT_NOTE,RET-0036,2026-05-08T00:00:00Z,PHARM-HIST-0001,pharmaflow-main,SYNTHETIC_OPERATIONAL_RECORD
MOV-002013,MED-0477,Oral Rehydration Salts (Electral ORS) (Formula 477),TEL144,SUPPLIER_RETURN,-50,18.0,900.0,SUPPLIER_DEBIT_NOTE,RET-0037,2026-09-22T11:00:00Z,PHARM-KA-2022-7212,pharmaflow-main,SYNTHETIC_OPERATIONAL_RECORD
MOV-002014,MED-0478,Multivitamin + Zinc (Becadexamin) (Formula 478),TEL145,SUPPLIER_RETURN,-20,44.5,890.0,SUPPLIER_DEBIT_NOTE,RET-0038,2026-06-30T20:00:00Z,PHARM-HIST-0001,pharmaflow-main,SYNTHETIC_OPERATIONAL_RECORD
MOV-002015,MED-0479,Thyroxine Sodium 50mcg (Thyronorm 50) (Formula 479),ATO146,SUPPLIER_RETURN,-20,130.0,2600.0,SUPPLIER_DEBIT_NOTE,RET-0039,2026-09-19T10:00:00Z,PHARM-KA-2022-7212,pharmaflow-main,SYNTHETIC_OPERATIONAL_RECORD
MOV-002016,MED-0480,Clopidogrel 75mg (Clopilet 75) (Formula 480),ROS147,SUPPLIER_RETURN,-20,137.5,2750.0,SUPPLIER_DEBIT_NOTE,RET-0040,2026-05-05T02:00:00Z,PHARM-HIST-0001,pharmaflow-main,SYNTHETIC_OPERATIONAL_RECORD
MOV-002017,MED-0481,Paracetamol 500mg (Formula 481),CIP148,SUPPLIER_RETURN,-20,35.0,700.0,SUPPLIER_DEBIT_NOTE,RET-0041,2026-09-26T10:00:00Z,PHARM-KA-2022-7212,pharmaflow-main,SYNTHETIC_OPERATIONAL_RECORD
MOV-002018,MED-0482,Paracetamol 650mg (Dolo 650) (Formula 482),OFL149,SUPPLIER_RETURN,-50,44.5,2225.0,SUPPLIER_DEBIT_NOTE,RET-0042,2026-05-26T11:00:00Z,PHARM-HIST-0001,pharmaflow-main,SYNTHETIC_OPERATIONAL_RECORD
MOV-002019,MED-0483,Vitamin D3 60K (Calcirol) (Formula 483),MON150,SUPPLIER_RETURN,-50,80.0,4000.0,SUPPLIER_DEBIT_NOTE,RET-0043,2026-09-18T03:00:00Z,PHARM-KA-2022-7212,pharmaflow-main,SYNTHETIC_OPERATIONAL_RECORD
MOV-002020,MED-0484,Amoxicillin 500mg (Novamox) (Formula 484),IBU151,SUPPLIER_RETURN,-20,95.0,1900.0,SUPPLIER_DEBIT_NOTE,RET-0044,2026-07-18T11:00:00Z,PHARM-HIST-0001,pharmaflow-main,SYNTHETIC_OPERATIONAL_RECORD
MOV-002021,MED-0485,Amoxicillin + Clavulanic Acid 625mg (Augmentin) (Formula 485),ACE152,SUPPLIER_RETURN,-50,167.5,8375.0,SUPPLIER_DEBIT_NOTE,RET-0045,2026-06-26T07:00:00Z,PHARM-KA-2022-7212,pharmaflow-main,SYNTHETIC_OPERATIONAL_RECORD
MOV-002022,MED-0486,Cetirizine 10mg (Cetzine) (Formula 486),VIL153,SUPPLIER_RETURN,-20,40.0,800.0,SUPPLIER_DEBIT_NOTE,RET-0046,2026-05-11T22:00:00Z,PHARM-HIST-0001,pharmaflow-main,SYNTHETIC_OPERATIONAL_RECORD
MOV-002023,MED-0487,Levocetirizine 5mg (Levocet) (Formula 487),RAB154,SUPPLIER_RETURN,-50,55.5,2775.0,SUPPLIER_DEBIT_NOTE,RET-0047,2026-05-01T08:00:00Z,PHARM-KA-2022-7212,pharmaflow-main,SYNTHETIC_OPERATIONAL_RECORD
MOV-002024,MED-0488,Azithromycin 250mg (Azee 250) (Formula 488),COU155,SUPPLIER_RETURN,-20,130.0,2600.0,SUPPLIER_DEBIT_NOTE,RET-0048,2026-07-06T05:00:00Z,PHARM-HIST-0001,pharmaflow-main,SYNTHETIC_OPERATIONAL_RECORD
MOV-002025,MED-0489,Azithromycin 500mg (Azithral 500) (Formula 489),ORA156,SUPPLIER_RETURN,-50,187.5,9375.0,SUPPLIER_DEBIT_NOTE,RET-0049,2026-07-31T12:00:00Z,PHARM-KA-2022-7212,pharmaflow-main,SYNTHETIC_OPERATIONAL_RECORD
MOV-002026,MED-0490,Metformin 500mg (Glycomet 500) (Formula 490),MUL157,SUPPLIER_RETURN,-50,60.0,3000.0,SUPPLIER_DEBIT_NOTE,RET-0050,2026-06-17T22:00:00Z,PHARM-HIST-0001,pharmaflow-main,SYNTHETIC_OPERATIONAL_RECORD
MOV-002027,MED-0491,Metformin 1000mg SR (Glucophage) (Formula 491),THY158,SUPPLIER_RETURN,-50,68.0,3400.0,SUPPLIER_DEBIT_NOTE,RET-0051,2026-06-30T07:00:00Z,PHARM-KA-2022-7212,pharmaflow-main,SYNTHETIC_OPERATIONAL_RECORD
MOV-002028,MED-0492,Pantoprazole 40mg (Pan 40) (Formula 492),CLO159,SUPPLIER_RETURN,-20,87.5,1750.0,SUPPLIER_DEBIT_NOTE,RET-0052,2026-06-16T08:00:00Z,PHARM-HIST-0001,pharmaflow-main,SYNTHETIC_OPERATIONAL_RECORD
MOV-002029,MED-0493,Pantoprazole + Domperidone (Pan-D) (Formula 493),PAR160,SUPPLIER_RETURN,-50,150.0,7500.0,SUPPLIER_DEBIT_NOTE,RET-0001,2026-06-24T15:00:00Z,PHARM-KA-2022-7212,pharmaflow-main,SYNTHETIC_OPERATIONAL_RECORD
MOV-002030,MED-0494,Omeprazole 20mg (Omez) (Formula 494),PAR161,SUPPLIER_RETURN,-20,69.5,1390.0,SUPPLIER_DEBIT_NOTE,RET-0002,2026-05-09T08:00:00Z,PHARM-HIST-0001,pharmaflow-main,SYNTHETIC_OPERATIONAL_RECORD
MOV-002031,MED-0495,Telmisartan 40mg (Telma 40) (Formula 495),VIT162,SUPPLIER_RETURN,-50,108.0,5400.0,SUPPLIER_DEBIT_NOTE,RET-0003,2026-10-03T19:00:00Z,PHARM-KA-2022-7212,pharmaflow-main,SYNTHETIC_OPERATIONAL_RECORD
MOV-002032,MED-0496,Telmisartan + Amlodipine (Telma-AM) (Formula 496),AMO163,SUPPLIER_RETURN,-20,152.5,3050.0,SUPPLIER_DEBIT_NOTE,RET-0004,2026-06-04T13:00:00Z,PHARM-HIST-0001,pharmaflow-main,SYNTHETIC_OPERATIONAL_RECORD
MOV-002033,MED-0497,Atorvastatin 10mg (Atorva 10) (Formula 497),AMO164,SUPPLIER_RETURN,-50,125.0,6250.0,SUPPLIER_DEBIT_NOTE,RET-0005,2026-07-02T11:00:00Z,PHARM-KA-2022-7212,pharmaflow-main,SYNTHETIC_OPERATIONAL_RECORD
MOV-002034,MED-0498,Rosuvastatin 10mg (Rosuvas 10) (Formula 498),CET165,SUPPLIER_RETURN,-20,135.0,2700.0,SUPPLIER_DEBIT_NOTE,RET-0006,2026-05-16T14:00:00Z,PHARM-HIST-0001,pharmaflow-main,SYNTHETIC_OPERATIONAL_RECORD
MOV-002035,MED-0499,Ciprofloxacin 500mg (Ciplox 500) (Formula 499),LEV166,SUPPLIER_RETURN,-20,74.5,1490.0,SUPPLIER_DEBIT_NOTE,RET-0007,2026-08-02T12:00:00Z,PHARM-KA-2022-7212,pharmaflow-main,SYNTHETIC_OPERATIONAL_RECORD
MOV-002036,MED-0500,Ofloxacin + Ornidazole (O2) (Formula 500),AZI167,SUPPLIER_RETURN,-50,120.0,6000.0,SUPPLIER_DEBIT_NOTE,RET-0008,2026-05-26T15:00:00Z,PHARM-HIST-0001,pharmaflow-main,SYNTHETIC_OPERATIONAL_RECORD
MOV-002037,MED-0501,Montelukast + Levocetirizine (Montair-LC) (Formula 501),AZI168,SUPPLIER_RETURN,-50,165.5,8275.0,SUPPLIER_DEBIT_NOTE,RET-0009,2026-09-21T06:00:00Z,PHARM-KA-2022-7212,pharmaflow-main,SYNTHETIC_OPERATIONAL_RECORD
MOV-002038,MED-0502,Ibuprofen 400mg (Brufen 400) (Formula 502),MET169,SUPPLIER_RETURN,-20,38.0,760.0,SUPPLIER_DEBIT_NOTE,RET-0010,2026-08-17T22:00:00Z,PHARM-HIST-0001,pharmaflow-main,SYNTHETIC_OPERATIONAL_RECORD
MOV-002039,MED-0503,Aceclofenac + Paracetamol (Zerodol-P) (Formula 503),MET170,SUPPLIER_RETURN,-20,87.5,1750.0,SUPPLIER_DEBIT_NOTE,RET-0011,2026-09-16T08:00:00Z,PHARM-KA-2022-7212,pharmaflow-main,SYNTHETIC_OPERATIONAL_RECORD
MOV-002040,MED-0504,Vildagliptin + Metformin (Galvus Met) (Formula 504),PAN171,SUPPLIER_RETURN,-50,255.0,12750.0,SUPPLIER_DEBIT_NOTE,RET-0012,2026-07-08T14:00:00Z,PHARM-HIST-0001,pharmaflow-main,SYNTHETIC_OPERATIONAL_RECORD
MOV-002041,MED-0505,Rabeprazole 20mg (Razo 20) (Formula 505),PAN172,SUPPLIER_RETURN,-20,112.0,2240.0,SUPPLIER_DEBIT_NOTE,RET-0013,2026-08-18T01:00:00Z,PHARM-KA-2022-7212,pharmaflow-main,SYNTHETIC_OPERATIONAL_RECORD
MOV-002042,MED-0506,Cough Syrup (Ascoril-D) (Formula 506),OME173,SUPPLIER_RETURN,-50,90.5,4525.0,SUPPLIER_DEBIT_NOTE,RET-0014,2026-09-10T22:00:00Z,PHARM-HIST-0001,pharmaflow-main,SYNTHETIC_OPERATIONAL_RECORD
MOV-002043,MED-0507,Oral Rehydration Salts (Electral ORS) (Formula 507),TEL174,SUPPLIER_RETURN,-20,23.0,460.0,SUPPLIER_DEBIT_NOTE,RET-0015,2026-06-12T12:00:00Z,PHARM-KA-2022-7212,pharmaflow-main,SYNTHETIC_OPERATIONAL_RECORD
MOV-002044,MED-0508,Multivitamin + Zinc (Becadexamin) (Formula 508),TEL175,SUPPLIER_RETURN,-20,49.5,990.0,SUPPLIER_DEBIT_NOTE,RET-0016,2026-08-26T15:00:00Z,PHARM-HIST-0001,pharmaflow-main,SYNTHETIC_OPERATIONAL_RECORD
MOV-002045,MED-0509,Thyroxine Sodium 50mcg (Thyronorm 50) (Formula 509),ATO176,SUPPLIER_RETURN,-20,135.0,2700.0,SUPPLIER_DEBIT_NOTE,RET-0017,2026-09-17T17:00:00Z,PHARM-KA-2022-7212,pharmaflow-main,SYNTHETIC_OPERATIONAL_RECORD
MOV-002046,MED-0510,Clopidogrel 75mg (Clopilet 75) (Formula 510),ROS177,SUPPLIER_RETURN,-20,142.5,2850.0,SUPPLIER_DEBIT_NOTE,RET-0018,2026-10-08T00:00:00Z,PHARM-HIST-0001,pharmaflow-main,SYNTHETIC_OPERATIONAL_RECORD
MOV-002047,MED-0511,Paracetamol 500mg (Formula 511),CIP178,SUPPLIER_RETURN,-20,40.0,800.0,SUPPLIER_DEBIT_NOTE,RET-0019,2026-08-12T23:00:00Z,PHARM-KA-2022-7212,pharmaflow-main,SYNTHETIC_OPERATIONAL_RECORD
MOV-002048,MED-0512,Paracetamol 650mg (Dolo 650) (Formula 512),OFL179,SUPPLIER_RETURN,-20,32.0,640.0,SUPPLIER_DEBIT_NOTE,RET-0020,2026-05-29T15:00:00Z,PHARM-HIST-0001,pharmaflow-main,SYNTHETIC_OPERATIONAL_RECORD
MOV-002049,MED-0001,Paracetamol 500mg,MON180,SUPPLIER_RETURN,-50,25.0,1250.0,SUPPLIER_DEBIT_NOTE,RET-0021,2026-09-04T22:00:00Z,PHARM-KA-2022-7212,pharmaflow-main,SYNTHETIC_OPERATIONAL_RECORD
MOV-002050,MED-0002,Paracetamol 650mg (Dolo 650),IBU181,SUPPLIER_RETURN,-50,34.5,1725.0,SUPPLIER_DEBIT_NOTE,RET-0022,2026-05-21T18:00:00Z,PHARM-HIST-0001,pharmaflow-main,SYNTHETIC_OPERATIONAL_RECORD
MOV-002051,MED-0003,Vitamin D3 60K (Calcirol),ACE182,SUPPLIER_RETURN,-50,70.0,3500.0,SUPPLIER_DEBIT_NOTE,RET-0023,2026-07-04T09:00:00Z,PHARM-KA-2022-7212,pharmaflow-main,SYNTHETIC_OPERATIONAL_RECORD
MOV-002052,MED-0004,Amoxicillin 500mg (Novamox),VIL183,SUPPLIER_RETURN,-20,102.5,2050.0,SUPPLIER_DEBIT_NOTE,RET-0024,2026-08-13T22:00:00Z,PHARM-HIST-0001,pharmaflow-main,SYNTHETIC_OPERATIONAL_RECORD
MOV-002053,MED-0005,Amoxicillin + Clavulanic Acid 625mg (Augmentin),RAB184,SUPPLIER_RETURN,-20,175.0,3500.0,SUPPLIER_DEBIT_NOTE,RET-0025,2026-04-20T19:00:00Z,PHARM-KA-2022-7212,pharmaflow-main,SYNTHETIC_OPERATIONAL_RECORD
MOV-002054,MED-0006,Cetirizine 10mg (Cetzine),COU185,SUPPLIER_RETURN,-50,47.5,2375.0,SUPPLIER_DEBIT_NOTE,RET-0026,2026-07-22T04:00:00Z,PHARM-HIST-0001,pharmaflow-main,SYNTHETIC_OPERATIONAL_RECORD
MOV-002055,MED-0007,Levocetirizine 5mg (Levocet),ORA186,SUPPLIER_RETURN,-20,63.0,1260.0,SUPPLIER_DEBIT_NOTE,RET-0027,2026-08-25T18:00:00Z,PHARM-KA-2022-7212,pharmaflow-main,SYNTHETIC_OPERATIONAL_RECORD
MOV-002056,MED-0008,Azithromycin 250mg (Azee 250),MUL187,SUPPLIER_RETURN,-50,120.0,6000.0,SUPPLIER_DEBIT_NOTE,RET-0028,2026-09-26T08:00:00Z,PHARM-HIST-0001,pharmaflow-main,SYNTHETIC_OPERATIONAL_RECORD
MOV-002057,MED-0009,Azithromycin 500mg (Azithral 500),THY188,SUPPLIER_RETURN,-50,177.5,8875.0,SUPPLIER_DEBIT_NOTE,RET-0029,2026-07-24T20:00:00Z,PHARM-KA-2022-7212,pharmaflow-main,SYNTHETIC_OPERATIONAL_RECORD
MOV-002058,MED-0010,Metformin 500mg (Glycomet 500),CLO189,SUPPLIER_RETURN,-20,50.0,1000.0,SUPPLIER_DEBIT_NOTE,RET-0030,2026-09-13T23:00:00Z,PHARM-HIST-0001,pharmaflow-main,SYNTHETIC_OPERATIONAL_RECORD
MOV-002059,MED-0011,Metformin 1000mg SR (Glucophage),PAR190,SUPPLIER_RETURN,-50,75.5,3775.0,SUPPLIER_DEBIT_NOTE,RET-0031,2026-07-28T11:00:00Z,PHARM-KA-2022-7212,pharmaflow-main,SYNTHETIC_OPERATIONAL_RECORD
MOV-002060,MED-0012,Pantoprazole 40mg (Pan 40),PAR191,SUPPLIER_RETURN,-20,95.0,1900.0,SUPPLIER_DEBIT_NOTE,RET-0032,2026-06-15T06:00:00Z,PHARM-HIST-0001,pharmaflow-main,SYNTHETIC_OPERATIONAL_RECORD
MOV-002061,MED-0013,Pantoprazole + Domperidone (Pan-D),VIT192,SUPPLIER_RETURN,-50,157.5,7875.0,SUPPLIER_DEBIT_NOTE,RET-0033,2026-09-12T00:00:00Z,PHARM-KA-2022-7212,pharmaflow-main,SYNTHETIC_OPERATIONAL_RECORD
MOV-002062,MED-0014,Omeprazole 20mg (Omez),AMO193,SUPPLIER_RETURN,-50,77.0,3850.0,SUPPLIER_DEBIT_NOTE,RET-0034,2026-05-25T09:00:00Z,PHARM-HIST-0001,pharmaflow-main,SYNTHETIC_OPERATIONAL_RECORD
MOV-002063,MED-0015,Telmisartan 40mg (Telma 40),AMO194,SUPPLIER_RETURN,-20,98.0,1960.0,SUPPLIER_DEBIT_NOTE,RET-0035,2026-06-11T13:00:00Z,PHARM-KA-2022-7212,pharmaflow-main,SYNTHETIC_OPERATIONAL_RECORD
MOV-002064,MED-0016,Telmisartan + Amlodipine (Telma-AM),CET195,SUPPLIER_RETURN,-50,142.5,7125.0,SUPPLIER_DEBIT_NOTE,RET-0036,2026-04-20T20:00:00Z,PHARM-HIST-0001,pharmaflow-main,SYNTHETIC_OPERATIONAL_RECORD
MOV-002065,MED-0017,Atorvastatin 10mg (Atorva 10),LEV196,SUPPLIER_RETURN,-20,115.0,2300.0,SUPPLIER_DEBIT_NOTE,RET-0037,2026-08-22T10:00:00Z,PHARM-KA-2022-7212,pharmaflow-main,SYNTHETIC_OPERATIONAL_RECORD
MOV-002066,MED-0018,Rosuvastatin 10mg (Rosuvas 10),AZI197,SUPPLIER_RETURN,-20,142.5,2850.0,SUPPLIER_DEBIT_NOTE,RET-0038,2026-08-27T16:00:00Z,PHARM-HIST-0001,pharmaflow-main,SYNTHETIC_OPERATIONAL_RECORD
MOV-002067,MED-0019,Ciprofloxacin 500mg (Ciplox 500),AZI198,SUPPLIER_RETURN,-20,82.0,1640.0,SUPPLIER_DEBIT_NOTE,RET-0039,2026-06-04T18:00:00Z,PHARM-KA-2022-7212,pharmaflow-main,SYNTHETIC_OPERATIONAL_RECORD
MOV-002068,MED-0020,Ofloxacin + Ornidazole (O2),MET199,SUPPLIER_RETURN,-20,127.5,2550.0,SUPPLIER_DEBIT_NOTE,RET-0040,2026-09-11T16:00:00Z,PHARM-HIST-0001,pharmaflow-main,SYNTHETIC_OPERATIONAL_RECORD
MOV-002069,MED-0021,Montelukast + Levocetirizine (Montair-LC),MET200,SUPPLIER_RETURN,-20,173.0,3460.0,SUPPLIER_DEBIT_NOTE,RET-0041,2026-08-02T20:00:00Z,PHARM-KA-2022-7212,pharmaflow-main,SYNTHETIC_OPERATIONAL_RECORD
MOV-002070,MED-0022,Ibuprofen 400mg (Brufen 400),PAN201,SUPPLIER_RETURN,-50,28.0,1400.0,SUPPLIER_DEBIT_NOTE,RET-0042,2026-08-25T18:00:00Z,PHARM-HIST-0001,pharmaflow-main,SYNTHETIC_OPERATIONAL_RECORD
MOV-002071,MED-0023,Aceclofenac + Paracetamol (Zerodol-P),PAN202,SUPPLIER_RETURN,-50,77.5,3875.0,SUPPLIER_DEBIT_NOTE,RET-0043,2026-06-04T13:00:00Z,PHARM-KA-2022-7212,pharmaflow-main,SYNTHETIC_OPERATIONAL_RECORD
MOV-002072,MED-0024,Vildagliptin + Metformin (Galvus Met),OME203,SUPPLIER_RETURN,-50,245.0,12250.0,SUPPLIER_DEBIT_NOTE,RET-0044,2026-08-09T23:00:00Z,PHARM-HIST-0001,pharmaflow-main,SYNTHETIC_OPERATIONAL_RECORD
MOV-002073,MED-0025,Rabeprazole 20mg (Razo 20),TEL204,SUPPLIER_RETURN,-20,119.5,2390.0,SUPPLIER_DEBIT_NOTE,RET-0045,2026-05-23T05:00:00Z,PHARM-KA-2022-7212,pharmaflow-main,SYNTHETIC_OPERATIONAL_RECORD
MOV-002074,MED-0026,Cough Syrup (Ascoril-D),TEL205,SUPPLIER_RETURN,-20,98.0,1960.0,SUPPLIER_DEBIT_NOTE,RET-0046,2026-05-30T07:00:00Z,PHARM-HIST-0001,pharmaflow-main,SYNTHETIC_OPERATIONAL_RECORD
MOV-002075,MED-0027,Oral Rehydration Salts (Electral ORS),ATO206,SUPPLIER_RETURN,-50,30.5,1525.0,SUPPLIER_DEBIT_NOTE,RET-0047,2026-06-26T12:00:00Z,PHARM-KA-2022-7212,pharmaflow-main,SYNTHETIC_OPERATIONAL_RECORD
MOV-002076,MED-0028,Multivitamin + Zinc (Becadexamin),ROS207,SUPPLIER_RETURN,-50,57.0,2850.0,SUPPLIER_DEBIT_NOTE,RET-0048,2026-08-10T18:00:00Z,PHARM-HIST-0001,pharmaflow-main,SYNTHETIC_OPERATIONAL_RECORD
MOV-002077,MED-0029,Thyroxine Sodium 50mcg (Thyronorm 50),CIP208,SUPPLIER_RETURN,-50,125.0,6250.0,SUPPLIER_DEBIT_NOTE,RET-0049,2026-10-02T21:00:00Z,PHARM-KA-2022-7212,pharmaflow-main,SYNTHETIC_OPERATIONAL_RECORD
MOV-002078,MED-0030,Clopidogrel 75mg (Clopilet 75),OFL209,SUPPLIER_RETURN,-50,132.5,6625.0,SUPPLIER_DEBIT_NOTE,RET-0050,2026-06-26T15:00:00Z,PHARM-HIST-0001,pharmaflow-main,SYNTHETIC_OPERATIONAL_RECORD
MOV-002079,MED-0031,Paracetamol 500mg (Formula 31),MON210,SUPPLIER_RETURN,-20,30.0,600.0,SUPPLIER_DEBIT_NOTE,RET-0051,2026-06-13T21:00:00Z,PHARM-KA-2022-7212,pharmaflow-main,SYNTHETIC_OPERATIONAL_RECORD
MOV-002080,MED-0032,Paracetamol 650mg (Dolo 650) (Formula 32),IBU211,SUPPLIER_RETURN,-20,39.5,790.0,SUPPLIER_DEBIT_NOTE,RET-0052,2026-06-26T21:00:00Z,PHARM-HIST-0001,pharmaflow-main,SYNTHETIC_OPERATIONAL_RECORD
MOV-002081,MED-0033,Vitamin D3 60K (Calcirol) (Formula 33),ACE212,SUPPLIER_RETURN,-20,75.0,1500.0,SUPPLIER_DEBIT_NOTE,RET-0001,2026-06-26T20:00:00Z,PHARM-KA-2022-7212,pharmaflow-main,SYNTHETIC_OPERATIONAL_RECORD
MOV-002082,MED-0034,Amoxicillin 500mg (Novamox) (Formula 34),VIL213,SUPPLIER_RETURN,-20,107.5,2150.0,SUPPLIER_DEBIT_NOTE,RET-0002,2026-10-05T01:00:00Z,PHARM-HIST-0001,pharmaflow-main,SYNTHETIC_OPERATIONAL_RECORD
MOV-002083,MED-0035,Amoxicillin + Clavulanic Acid 625mg (Augmentin) (Formula 35),RAB214,SUPPLIER_RETURN,-20,180.0,3600.0,SUPPLIER_DEBIT_NOTE,RET-0003,2026-07-03T19:00:00Z,PHARM-KA-2022-7212,pharmaflow-main,SYNTHETIC_OPERATIONAL_RECORD
MOV-002084,MED-0036,Cetirizine 10mg (Cetzine) (Formula 36),COU215,SUPPLIER_RETURN,-20,35.0,700.0,SUPPLIER_DEBIT_NOTE,RET-0004,2026-09-16T15:00:00Z,PHARM-HIST-0001,pharmaflow-main,SYNTHETIC_OPERATIONAL_RECORD
MOV-002085,MED-0037,Levocetirizine 5mg (Levocet) (Formula 37),ORA216,SUPPLIER_RETURN,-20,50.5,1010.0,SUPPLIER_DEBIT_NOTE,RET-0005,2026-08-23T05:00:00Z,PHARM-KA-2022-7212,pharmaflow-main,SYNTHETIC_OPERATIONAL_RECORD
MOV-002086,MED-0038,Azithromycin 250mg (Azee 250) (Formula 38),MUL217,SUPPLIER_RETURN,-50,125.0,6250.0,SUPPLIER_DEBIT_NOTE,RET-0006,2026-07-16T15:00:00Z,PHARM-HIST-0001,pharmaflow-main,SYNTHETIC_OPERATIONAL_RECORD
MOV-002087,MED-0039,Azithromycin 500mg (Azithral 500) (Formula 39),THY218,SUPPLIER_RETURN,-20,182.5,3650.0,SUPPLIER_DEBIT_NOTE,RET-0007,2026-09-16T00:00:00Z,PHARM-KA-2022-7212,pharmaflow-main,SYNTHETIC_OPERATIONAL_RECORD
MOV-002088,MED-0040,Metformin 500mg (Glycomet 500) (Formula 40),CLO219,SUPPLIER_RETURN,-50,55.0,2750.0,SUPPLIER_DEBIT_NOTE,RET-0008,2026-10-05T02:00:00Z,PHARM-HIST-0001,pharmaflow-main,SYNTHETIC_OPERATIONAL_RECORD
MOV-002089,MED-0041,Metformin 1000mg SR (Glucophage) (Formula 41),PAR220,SUPPLIER_RETURN,-50,80.5,4025.0,SUPPLIER_DEBIT_NOTE,RET-0009,2026-09-11T15:00:00Z,PHARM-KA-2022-7212,pharmaflow-main,SYNTHETIC_OPERATIONAL_RECORD
MOV-002090,MED-0042,Pantoprazole 40mg (Pan 40) (Formula 42),PAR221,SUPPLIER_RETURN,-50,100.0,5000.0,SUPPLIER_DEBIT_NOTE,RET-0010,2026-06-26T18:00:00Z,PHARM-HIST-0001,pharmaflow-main,SYNTHETIC_OPERATIONAL_RECORD
MOV-002091,MED-0043,Pantoprazole + Domperidone (Pan-D) (Formula 43),VIT222,SUPPLIER_RETURN,-20,145.0,2900.0,SUPPLIER_DEBIT_NOTE,RET-0011,2026-09-19T20:00:00Z,PHARM-KA-2022-7212,pharmaflow-main,SYNTHETIC_OPERATIONAL_RECORD
MOV-002092,MED-0044,Omeprazole 20mg (Omez) (Formula 44),AMO223,SUPPLIER_RETURN,-20,64.5,1290.0,SUPPLIER_DEBIT_NOTE,RET-0012,2026-09-19T18:00:00Z,PHARM-HIST-0001,pharmaflow-main,SYNTHETIC_OPERATIONAL_RECORD
MOV-002093,MED-0045,Telmisartan 40mg (Telma 40) (Formula 45),AMO224,SUPPLIER_RETURN,-20,103.0,2060.0,SUPPLIER_DEBIT_NOTE,RET-0013,2026-07-16T18:00:00Z,PHARM-KA-2022-7212,pharmaflow-main,SYNTHETIC_OPERATIONAL_RECORD
MOV-002094,MED-0046,Telmisartan + Amlodipine (Telma-AM) (Formula 46),CET225,SUPPLIER_RETURN,-50,147.5,7375.0,SUPPLIER_DEBIT_NOTE,RET-0014,2026-06-13T17:00:00Z,PHARM-HIST-0001,pharmaflow-main,SYNTHETIC_OPERATIONAL_RECORD
MOV-002095,MED-0047,Atorvastatin 10mg (Atorva 10) (Formula 47),LEV226,SUPPLIER_RETURN,-20,120.0,2400.0,SUPPLIER_DEBIT_NOTE,RET-0015,2026-05-18T18:00:00Z,PHARM-KA-2022-7212,pharmaflow-main,SYNTHETIC_OPERATIONAL_RECORD
MOV-002096,MED-0048,Rosuvastatin 10mg (Rosuvas 10) (Formula 48),AZI227,SUPPLIER_RETURN,-50,147.5,7375.0,SUPPLIER_DEBIT_NOTE,RET-0016,2026-08-08T23:00:00Z,PHARM-HIST-0001,pharmaflow-main,SYNTHETIC_OPERATIONAL_RECORD
MOV-002097,MED-0049,Ciprofloxacin 500mg (Ciplox 500) (Formula 49),AZI228,SUPPLIER_RETURN,-50,87.0,4350.0,SUPPLIER_DEBIT_NOTE,RET-0017,2026-05-22T12:00:00Z,PHARM-KA-2022-7212,pharmaflow-main,SYNTHETIC_OPERATIONAL_RECORD
MOV-002098,MED-0050,Ofloxacin + Ornidazole (O2) (Formula 50),MET229,SUPPLIER_RETURN,-20,115.0,2300.0,SUPPLIER_DEBIT_NOTE,RET-0018,2026-09-06T11:00:00Z,PHARM-HIST-0001,pharmaflow-main,SYNTHETIC_OPERATIONAL_RECORD
MOV-002099,MED-0051,Montelukast + Levocetirizine (Montair-LC) (Formula 51),MET230,SUPPLIER_RETURN,-50,160.5,8025.0,SUPPLIER_DEBIT_NOTE,RET-0019,2026-09-29T17:00:00Z,PHARM-KA-2022-7212,pharmaflow-main,SYNTHETIC_OPERATIONAL_RECORD
MOV-002100,MED-0052,Ibuprofen 400mg (Brufen 400) (Formula 52),PAN231,SUPPLIER_RETURN,-20,33.0,660.0,SUPPLIER_DEBIT_NOTE,RET-0020,2026-04-21T19:00:00Z,PHARM-HIST-0001,pharmaflow-main,SYNTHETIC_OPERATIONAL_RECORD
MOV-002101,MED-0053,Aceclofenac + Paracetamol (Zerodol-P) (Formula 53),PAN232,SUPPLIER_RETURN,-50,82.5,4125.0,SUPPLIER_DEBIT_NOTE,RET-0021,2026-05-07T14:00:00Z,PHARM-KA-2022-7212,pharmaflow-main,SYNTHETIC_OPERATIONAL_RECORD
MOV-002102,MED-0054,Vildagliptin + Metformin (Galvus Met) (Formula 54),OME233,SUPPLIER_RETURN,-50,250.0,12500.0,SUPPLIER_DEBIT_NOTE,RET-0022,2026-06-01T03:00:00Z,PHARM-HIST-0001,pharmaflow-main,SYNTHETIC_OPERATIONAL_RECORD
MOV-002103,MED-0055,Rabeprazole 20mg (Razo 20) (Formula 55),TEL234,SUPPLIER_RETURN,-20,124.5,2490.0,SUPPLIER_DEBIT_NOTE,RET-0023,2026-07-23T17:00:00Z,PHARM-KA-2022-7212,pharmaflow-main,SYNTHETIC_OPERATIONAL_RECORD
MOV-002104,MED-0056,Cough Syrup (Ascoril-D) (Formula 56),TEL235,SUPPLIER_RETURN,-50,103.0,5150.0,SUPPLIER_DEBIT_NOTE,RET-0024,2026-05-04T20:00:00Z,PHARM-HIST-0001,pharmaflow-main,SYNTHETIC_OPERATIONAL_RECORD
MOV-002105,MED-0057,Oral Rehydration Salts (Electral ORS) (Formula 57),ATO236,SUPPLIER_RETURN,-20,18.0,360.0,SUPPLIER_DEBIT_NOTE,RET-0025,2026-04-26T10:00:00Z,PHARM-KA-2022-7212,pharmaflow-main,SYNTHETIC_OPERATIONAL_RECORD
MOV-002106,MED-0058,Multivitamin + Zinc (Becadexamin) (Formula 58),ROS237,SUPPLIER_RETURN,-50,44.5,2225.0,SUPPLIER_DEBIT_NOTE,RET-0026,2026-07-11T22:00:00Z,PHARM-HIST-0001,pharmaflow-main,SYNTHETIC_OPERATIONAL_RECORD
MOV-002107,MED-0059,Thyroxine Sodium 50mcg (Thyronorm 50) (Formula 59),CIP238,SUPPLIER_RETURN,-50,130.0,6500.0,SUPPLIER_DEBIT_NOTE,RET-0027,2026-09-28T14:00:00Z,PHARM-KA-2022-7212,pharmaflow-main,SYNTHETIC_OPERATIONAL_RECORD
MOV-002108,MED-0060,Clopidogrel 75mg (Clopilet 75) (Formula 60),OFL239,SUPPLIER_RETURN,-50,137.5,6875.0,SUPPLIER_DEBIT_NOTE,RET-0028,2026-09-15T01:00:00Z,PHARM-HIST-0001,pharmaflow-main,SYNTHETIC_OPERATIONAL_RECORD
MOV-002109,MED-0061,Paracetamol 500mg (Formula 61),MON240,SUPPLIER_RETURN,-20,35.0,700.0,SUPPLIER_DEBIT_NOTE,RET-0029,2026-08-08T19:00:00Z,PHARM-KA-2022-7212,pharmaflow-main,SYNTHETIC_OPERATIONAL_RECORD
MOV-002110,MED-0062,Paracetamol 650mg (Dolo 650) (Formula 62),IBU241,SUPPLIER_RETURN,-50,44.5,2225.0,SUPPLIER_DEBIT_NOTE,RET-0030,2026-06-16T00:00:00Z,PHARM-HIST-0001,pharmaflow-main,SYNTHETIC_OPERATIONAL_RECORD
MOV-002111,MED-0063,Vitamin D3 60K (Calcirol) (Formula 63),ACE242,SUPPLIER_RETURN,-50,80.0,4000.0,SUPPLIER_DEBIT_NOTE,RET-0031,2026-08-18T19:00:00Z,PHARM-KA-2022-7212,pharmaflow-main,SYNTHETIC_OPERATIONAL_RECORD
MOV-002112,MED-0064,Amoxicillin 500mg (Novamox) (Formula 64),VIL243,SUPPLIER_RETURN,-20,95.0,1900.0,SUPPLIER_DEBIT_NOTE,RET-0032,2026-10-01T17:00:00Z,PHARM-HIST-0001,pharmaflow-main,SYNTHETIC_OPERATIONAL_RECORD
MOV-002113,MED-0065,Amoxicillin + Clavulanic Acid 625mg (Augmentin) (Formula 65),RAB244,SUPPLIER_RETURN,-50,167.5,8375.0,SUPPLIER_DEBIT_NOTE,RET-0033,2026-07-30T00:00:00Z,PHARM-KA-2022-7212,pharmaflow-main,SYNTHETIC_OPERATIONAL_RECORD
MOV-002114,MED-0066,Cetirizine 10mg (Cetzine) (Formula 66),COU245,SUPPLIER_RETURN,-20,40.0,800.0,SUPPLIER_DEBIT_NOTE,RET-0034,2026-05-04T10:00:00Z,PHARM-HIST-0001,pharmaflow-main,SYNTHETIC_OPERATIONAL_RECORD
MOV-002115,MED-0067,Levocetirizine 5mg (Levocet) (Formula 67),ORA246,SUPPLIER_RETURN,-50,55.5,2775.0,SUPPLIER_DEBIT_NOTE,RET-0035,2026-06-03T17:00:00Z,PHARM-KA-2022-7212,pharmaflow-main,SYNTHETIC_OPERATIONAL_RECORD
MOV-002116,MED-0068,Azithromycin 250mg (Azee 250) (Formula 68),MUL247,SUPPLIER_RETURN,-50,130.0,6500.0,SUPPLIER_DEBIT_NOTE,RET-0036,2026-07-01T19:00:00Z,PHARM-HIST-0001,pharmaflow-main,SYNTHETIC_OPERATIONAL_RECORD
MOV-002117,MED-0069,Azithromycin 500mg (Azithral 500) (Formula 69),THY248,SUPPLIER_RETURN,-20,187.5,3750.0,SUPPLIER_DEBIT_NOTE,RET-0037,2026-05-01T18:00:00Z,PHARM-KA-2022-7212,pharmaflow-main,SYNTHETIC_OPERATIONAL_RECORD
MOV-002118,MED-0070,Metformin 500mg (Glycomet 500) (Formula 70),CLO249,SUPPLIER_RETURN,-50,60.0,3000.0,SUPPLIER_DEBIT_NOTE,RET-0038,2026-05-31T21:00:00Z,PHARM-HIST-0001,pharmaflow-main,SYNTHETIC_OPERATIONAL_RECORD
MOV-002119,MED-0071,Metformin 1000mg SR (Glucophage) (Formula 71),PAR250,SUPPLIER_RETURN,-20,68.0,1360.0,SUPPLIER_DEBIT_NOTE,RET-0039,2026-09-05T02:00:00Z,PHARM-KA-2022-7212,pharmaflow-main,SYNTHETIC_OPERATIONAL_RECORD
MOV-002120,MED-0072,Pantoprazole 40mg (Pan 40) (Formula 72),PAR251,SUPPLIER_RETURN,-20,87.5,1750.0,SUPPLIER_DEBIT_NOTE,RET-0040,2026-06-03T13:00:00Z,PHARM-HIST-0001,pharmaflow-main,SYNTHETIC_OPERATIONAL_RECORD
MOV-002121,MED-0073,Pantoprazole + Domperidone (Pan-D) (Formula 73),VIT252,SUPPLIER_RETURN,-20,150.0,3000.0,SUPPLIER_DEBIT_NOTE,RET-0041,2026-04-26T19:00:00Z,PHARM-KA-2022-7212,pharmaflow-main,SYNTHETIC_OPERATIONAL_RECORD
MOV-002122,MED-0074,Omeprazole 20mg (Omez) (Formula 74),AMO253,SUPPLIER_RETURN,-50,69.5,3475.0,SUPPLIER_DEBIT_NOTE,RET-0042,2026-04-16T20:00:00Z,PHARM-HIST-0001,pharmaflow-main,SYNTHETIC_OPERATIONAL_RECORD
MOV-002123,MED-0075,Telmisartan 40mg (Telma 40) (Formula 75),AMO254,SUPPLIER_RETURN,-20,108.0,2160.0,SUPPLIER_DEBIT_NOTE,RET-0043,2026-06-27T16:00:00Z,PHARM-KA-2022-7212,pharmaflow-main,SYNTHETIC_OPERATIONAL_RECORD
MOV-002124,MED-0076,Telmisartan + Amlodipine (Telma-AM) (Formula 76),CET255,SUPPLIER_RETURN,-20,152.5,3050.0,SUPPLIER_DEBIT_NOTE,RET-0044,2026-04-16T16:00:00Z,PHARM-HIST-0001,pharmaflow-main,SYNTHETIC_OPERATIONAL_RECORD
MOV-002125,MED-0077,Atorvastatin 10mg (Atorva 10) (Formula 77),LEV256,SUPPLIER_RETURN,-20,125.0,2500.0,SUPPLIER_DEBIT_NOTE,RET-0045,2026-07-06T11:00:00Z,PHARM-KA-2022-7212,pharmaflow-main,SYNTHETIC_OPERATIONAL_RECORD
MOV-002126,MED-0078,Rosuvastatin 10mg (Rosuvas 10) (Formula 78),AZI257,SUPPLIER_RETURN,-50,135.0,6750.0,SUPPLIER_DEBIT_NOTE,RET-0046,2026-09-30T15:00:00Z,PHARM-HIST-0001,pharmaflow-main,SYNTHETIC_OPERATIONAL_RECORD
MOV-002127,MED-0079,Ciprofloxacin 500mg (Ciplox 500) (Formula 79),AZI258,SUPPLIER_RETURN,-50,74.5,3725.0,SUPPLIER_DEBIT_NOTE,RET-0047,2026-07-01T00:00:00Z,PHARM-KA-2022-7212,pharmaflow-main,SYNTHETIC_OPERATIONAL_RECORD
MOV-002128,MED-0080,Ofloxacin + Ornidazole (O2) (Formula 80),MET259,SUPPLIER_RETURN,-50,120.0,6000.0,SUPPLIER_DEBIT_NOTE,RET-0048,2026-04-15T22:00:00Z,PHARM-HIST-0001,pharmaflow-main,SYNTHETIC_OPERATIONAL_RECORD
MOV-002129,MED-0081,Montelukast + Levocetirizine (Montair-LC) (Formula 81),MET260,SUPPLIER_RETURN,-20,165.5,3310.0,SUPPLIER_DEBIT_NOTE,RET-0049,2026-09-30T15:00:00Z,PHARM-KA-2022-7212,pharmaflow-main,SYNTHETIC_OPERATIONAL_RECORD
MOV-002130,MED-0082,Ibuprofen 400mg (Brufen 400) (Formula 82),PAN261,SUPPLIER_RETURN,-20,38.0,760.0,SUPPLIER_DEBIT_NOTE,RET-0050,2026-08-27T04:00:00Z,PHARM-HIST-0001,pharmaflow-main,SYNTHETIC_OPERATIONAL_RECORD
MOV-002131,MED-0083,Aceclofenac + Paracetamol (Zerodol-P) (Formula 83),PAN262,SUPPLIER_RETURN,-20,87.5,1750.0,SUPPLIER_DEBIT_NOTE,RET-0051,2026-07-13T01:00:00Z,PHARM-KA-2022-7212,pharmaflow-main,SYNTHETIC_OPERATIONAL_RECORD
MOV-002132,MED-0084,Vildagliptin + Metformin (Galvus Met) (Formula 84),OME263,SUPPLIER_RETURN,-50,255.0,12750.0,SUPPLIER_DEBIT_NOTE,RET-0052,2026-08-05T07:00:00Z,PHARM-HIST-0001,pharmaflow-main,SYNTHETIC_OPERATIONAL_RECORD
MOV-002133,MED-0085,Rabeprazole 20mg (Razo 20) (Formula 85),TEL264,SUPPLIER_RETURN,-50,112.0,5600.0,SUPPLIER_DEBIT_NOTE,RET-0001,2026-06-12T18:00:00Z,PHARM-KA-2022-7212,pharmaflow-main,SYNTHETIC_OPERATIONAL_RECORD
MOV-002134,MED-0086,Cough Syrup (Ascoril-D) (Formula 86),TEL265,SUPPLIER_RETURN,-50,90.5,4525.0,SUPPLIER_DEBIT_NOTE,RET-0002,2026-08-19T08:00:00Z,PHARM-HIST-0001,pharmaflow-main,SYNTHETIC_OPERATIONAL_RECORD
MOV-002135,MED-0087,Oral Rehydration Salts (Electral ORS) (Formula 87),ATO266,SUPPLIER_RETURN,-50,23.0,1150.0,SUPPLIER_DEBIT_NOTE,RET-0003,2026-05-05T03:00:00Z,PHARM-KA-2022-7212,pharmaflow-main,SYNTHETIC_OPERATIONAL_RECORD
MOV-002136,MED-0088,Multivitamin + Zinc (Becadexamin) (Formula 88),ROS267,SUPPLIER_RETURN,-20,49.5,990.0,SUPPLIER_DEBIT_NOTE,RET-0004,2026-04-28T05:00:00Z,PHARM-HIST-0001,pharmaflow-main,SYNTHETIC_OPERATIONAL_RECORD
MOV-002137,MED-0089,Thyroxine Sodium 50mcg (Thyronorm 50) (Formula 89),CIP268,SUPPLIER_RETURN,-20,135.0,2700.0,SUPPLIER_DEBIT_NOTE,RET-0005,2026-04-16T19:00:00Z,PHARM-KA-2022-7212,pharmaflow-main,SYNTHETIC_OPERATIONAL_RECORD
MOV-002138,MED-0090,Clopidogrel 75mg (Clopilet 75) (Formula 90),OFL269,SUPPLIER_RETURN,-50,142.5,7125.0,SUPPLIER_DEBIT_NOTE,RET-0006,2026-06-30T05:00:00Z,PHARM-HIST-0001,pharmaflow-main,SYNTHETIC_OPERATIONAL_RECORD
MOV-002139,MED-0091,Paracetamol 500mg (Formula 91),MON270,SUPPLIER_RETURN,-20,40.0,800.0,SUPPLIER_DEBIT_NOTE,RET-0007,2026-05-21T18:00:00Z,PHARM-KA-2022-7212,pharmaflow-main,SYNTHETIC_OPERATIONAL_RECORD
MOV-002140,MED-0092,Paracetamol 650mg (Dolo 650) (Formula 92),IBU271,SUPPLIER_RETURN,-20,32.0,640.0,SUPPLIER_DEBIT_NOTE,RET-0008,2026-07-13T00:00:00Z,PHARM-HIST-0001,pharmaflow-main,SYNTHETIC_OPERATIONAL_RECORD
MOV-002141,MED-0093,Vitamin D3 60K (Calcirol) (Formula 93),ACE272,SUPPLIER_RETURN,-20,67.5,1350.0,SUPPLIER_DEBIT_NOTE,RET-0009,2026-08-03T10:00:00Z,PHARM-KA-2022-7212,pharmaflow-main,SYNTHETIC_OPERATIONAL_RECORD
MOV-002142,MED-0094,Amoxicillin 500mg (Novamox) (Formula 94),VIL273,SUPPLIER_RETURN,-50,100.0,5000.0,SUPPLIER_DEBIT_NOTE,RET-0010,2026-08-21T19:00:00Z,PHARM-HIST-0001,pharmaflow-main,SYNTHETIC_OPERATIONAL_RECORD
MOV-002143,MED-0095,Amoxicillin + Clavulanic Acid 625mg (Augmentin) (Formula 95),RAB274,SUPPLIER_RETURN,-50,172.5,8625.0,SUPPLIER_DEBIT_NOTE,RET-0011,2026-06-07T07:00:00Z,PHARM-KA-2022-7212,pharmaflow-main,SYNTHETIC_OPERATIONAL_RECORD
MOV-002144,MED-0096,Cetirizine 10mg (Cetzine) (Formula 96),COU275,SUPPLIER_RETURN,-50,45.0,2250.0,SUPPLIER_DEBIT_NOTE,RET-0012,2026-07-01T07:00:00Z,PHARM-HIST-0001,pharmaflow-main,SYNTHETIC_OPERATIONAL_RECORD
MOV-002145,MED-0097,Levocetirizine 5mg (Levocet) (Formula 97),ORA276,SUPPLIER_RETURN,-20,60.5,1210.0,SUPPLIER_DEBIT_NOTE,RET-0013,2026-06-26T18:00:00Z,PHARM-KA-2022-7212,pharmaflow-main,SYNTHETIC_OPERATIONAL_RECORD
MOV-002146,MED-0098,Azithromycin 250mg (Azee 250) (Formula 98),MUL277,SUPPLIER_RETURN,-20,135.0,2700.0,SUPPLIER_DEBIT_NOTE,RET-0014,2026-04-14T05:00:00Z,PHARM-HIST-0001,pharmaflow-main,SYNTHETIC_OPERATIONAL_RECORD
MOV-002147,MED-0099,Azithromycin 500mg (Azithral 500) (Formula 99),THY278,SUPPLIER_RETURN,-50,175.0,8750.0,SUPPLIER_DEBIT_NOTE,RET-0015,2026-05-25T17:00:00Z,PHARM-KA-2022-7212,pharmaflow-main,SYNTHETIC_OPERATIONAL_RECORD
MOV-002148,MED-0100,Metformin 500mg (Glycomet 500) (Formula 100),CLO279,SUPPLIER_RETURN,-50,47.5,2375.0,SUPPLIER_DEBIT_NOTE,RET-0016,2026-09-12T05:00:00Z,PHARM-HIST-0001,pharmaflow-main,SYNTHETIC_OPERATIONAL_RECORD
MOV-002149,MED-0101,Metformin 1000mg SR (Glucophage) (Formula 101),PAR280,SUPPLIER_RETURN,-20,73.0,1460.0,SUPPLIER_DEBIT_NOTE,RET-0017,2026-05-17T14:00:00Z,PHARM-KA-2022-7212,pharmaflow-main,SYNTHETIC_OPERATIONAL_RECORD
MOV-002150,MED-0102,Pantoprazole 40mg (Pan 40) (Formula 102),PAR281,SUPPLIER_RETURN,-50,92.5,4625.0,SUPPLIER_DEBIT_NOTE,RET-0018,2026-07-06T01:00:00Z,PHARM-HIST-0001,pharmaflow-main,SYNTHETIC_OPERATIONAL_RECORD
MOV-002151,MED-0103,Pantoprazole + Domperidone (Pan-D) (Formula 103),VIT282,SUPPLIER_RETURN,-20,155.0,3100.0,SUPPLIER_DEBIT_NOTE,RET-0019,2026-04-25T21:00:00Z,PHARM-KA-2022-7212,pharmaflow-main,SYNTHETIC_OPERATIONAL_RECORD
MOV-002152,MED-0104,Omeprazole 20mg (Omez) (Formula 104),AMO283,SUPPLIER_RETURN,-50,74.5,3725.0,SUPPLIER_DEBIT_NOTE,RET-0020,2026-07-01T19:00:00Z,PHARM-HIST-0001,pharmaflow-main,SYNTHETIC_OPERATIONAL_RECORD
MOV-002153,MED-0105,Telmisartan 40mg (Telma 40) (Formula 105),AMO284,SUPPLIER_RETURN,-50,113.0,5650.0,SUPPLIER_DEBIT_NOTE,RET-0021,2026-10-03T17:00:00Z,PHARM-KA-2022-7212,pharmaflow-main,SYNTHETIC_OPERATIONAL_RECORD
MOV-002154,MED-0106,Telmisartan + Amlodipine (Telma-AM) (Formula 106),CET285,SUPPLIER_RETURN,-50,140.0,7000.0,SUPPLIER_DEBIT_NOTE,RET-0022,2026-06-05T15:00:00Z,PHARM-HIST-0001,pharmaflow-main,SYNTHETIC_OPERATIONAL_RECORD
MOV-002155,MED-0107,Atorvastatin 10mg (Atorva 10) (Formula 107),LEV286,SUPPLIER_RETURN,-50,112.5,5625.0,SUPPLIER_DEBIT_NOTE,RET-0023,2026-08-03T05:00:00Z,PHARM-KA-2022-7212,pharmaflow-main,SYNTHETIC_OPERATIONAL_RECORD
MOV-002156,MED-0108,Rosuvastatin 10mg (Rosuvas 10) (Formula 108),AZI287,SUPPLIER_RETURN,-20,140.0,2800.0,SUPPLIER_DEBIT_NOTE,RET-0024,2026-08-20T03:00:00Z,PHARM-HIST-0001,pharmaflow-main,SYNTHETIC_OPERATIONAL_RECORD
MOV-002157,MED-0109,Ciprofloxacin 500mg (Ciplox 500) (Formula 109),AZI288,SUPPLIER_RETURN,-20,79.5,1590.0,SUPPLIER_DEBIT_NOTE,RET-0025,2026-04-18T20:00:00Z,PHARM-KA-2022-7212,pharmaflow-main,SYNTHETIC_OPERATIONAL_RECORD
MOV-002158,MED-0110,Ofloxacin + Ornidazole (O2) (Formula 110),MET289,SUPPLIER_RETURN,-20,125.0,2500.0,SUPPLIER_DEBIT_NOTE,RET-0026,2026-09-09T21:00:00Z,PHARM-HIST-0001,pharmaflow-main,SYNTHETIC_OPERATIONAL_RECORD
MOV-002159,MED-0111,Montelukast + Levocetirizine (Montair-LC) (Formula 111),MET290,SUPPLIER_RETURN,-50,170.5,8525.0,SUPPLIER_DEBIT_NOTE,RET-0027,2026-08-27T11:00:00Z,PHARM-KA-2022-7212,pharmaflow-main,SYNTHETIC_OPERATIONAL_RECORD
MOV-002160,MED-0112,Ibuprofen 400mg (Brufen 400) (Formula 112),PAN291,SUPPLIER_RETURN,-20,43.0,860.0,SUPPLIER_DEBIT_NOTE,RET-0028,2026-05-27T14:00:00Z,PHARM-HIST-0001,pharmaflow-main,SYNTHETIC_OPERATIONAL_RECORD
MOV-002161,MED-0113,Aceclofenac + Paracetamol (Zerodol-P) (Formula 113),PAN292,SUPPLIER_RETURN,-50,75.0,3750.0,SUPPLIER_DEBIT_NOTE,RET-0029,2026-05-13T05:00:00Z,PHARM-KA-2022-7212,pharmaflow-main,SYNTHETIC_OPERATIONAL_RECORD
MOV-002162,MED-0114,Vildagliptin + Metformin (Galvus Met) (Formula 114),OME293,SUPPLIER_RETURN,-50,242.5,12125.0,SUPPLIER_DEBIT_NOTE,RET-0030,2026-09-29T10:00:00Z,PHARM-HIST-0001,pharmaflow-main,SYNTHETIC_OPERATIONAL_RECORD
MOV-002163,MED-0115,Rabeprazole 20mg (Razo 20) (Formula 115),TEL294,SUPPLIER_RETURN,-50,117.0,5850.0,SUPPLIER_DEBIT_NOTE,RET-0031,2026-08-16T00:00:00Z,PHARM-KA-2022-7212,pharmaflow-main,SYNTHETIC_OPERATIONAL_RECORD
MOV-002164,MED-0116,Cough Syrup (Ascoril-D) (Formula 116),TEL295,SUPPLIER_RETURN,-50,95.5,4775.0,SUPPLIER_DEBIT_NOTE,RET-0032,2026-09-16T02:00:00Z,PHARM-HIST-0001,pharmaflow-main,SYNTHETIC_OPERATIONAL_RECORD
MOV-002165,MED-0117,Oral Rehydration Salts (Electral ORS) (Formula 117),ATO296,SUPPLIER_RETURN,-50,28.0,1400.0,SUPPLIER_DEBIT_NOTE,RET-0033,2026-06-14T09:00:00Z,PHARM-KA-2022-7212,pharmaflow-main,SYNTHETIC_OPERATIONAL_RECORD
MOV-002166,MED-0118,Multivitamin + Zinc (Becadexamin) (Formula 118),ROS297,SUPPLIER_RETURN,-50,54.5,2725.0,SUPPLIER_DEBIT_NOTE,RET-0034,2026-07-17T06:00:00Z,PHARM-HIST-0001,pharmaflow-main,SYNTHETIC_OPERATIONAL_RECORD
MOV-002167,MED-0119,Thyroxine Sodium 50mcg (Thyronorm 50) (Formula 119),CIP298,SUPPLIER_RETURN,-20,140.0,2800.0,SUPPLIER_DEBIT_NOTE,RET-0035,2026-08-13T13:00:00Z,PHARM-KA-2022-7212,pharmaflow-main,SYNTHETIC_OPERATIONAL_RECORD
MOV-002168,MED-0120,Clopidogrel 75mg (Clopilet 75) (Formula 120),OFL299,SUPPLIER_RETURN,-20,130.0,2600.0,SUPPLIER_DEBIT_NOTE,RET-0036,2026-07-06T17:00:00Z,PHARM-HIST-0001,pharmaflow-main,SYNTHETIC_OPERATIONAL_RECORD
MOV-002169,MED-0121,Paracetamol 500mg (Formula 121),MON300,SUPPLIER_RETURN,-20,27.5,550.0,SUPPLIER_DEBIT_NOTE,RET-0037,2026-06-22T21:00:00Z,PHARM-KA-2022-7212,pharmaflow-main,SYNTHETIC_OPERATIONAL_RECORD
MOV-002170,MED-0122,Paracetamol 650mg (Dolo 650) (Formula 122),IBU301,SUPPLIER_RETURN,-20,37.0,740.0,SUPPLIER_DEBIT_NOTE,RET-0038,2026-08-08T23:00:00Z,PHARM-HIST-0001,pharmaflow-main,SYNTHETIC_OPERATIONAL_RECORD
MOV-002171,MED-0123,Vitamin D3 60K (Calcirol) (Formula 123),ACE302,SUPPLIER_RETURN,-50,72.5,3625.0,SUPPLIER_DEBIT_NOTE,RET-0039,2026-07-19T11:00:00Z,PHARM-KA-2022-7212,pharmaflow-main,SYNTHETIC_OPERATIONAL_RECORD
MOV-002172,MED-0124,Amoxicillin 500mg (Novamox) (Formula 124),VIL303,SUPPLIER_RETURN,-20,105.0,2100.0,SUPPLIER_DEBIT_NOTE,RET-0040,2026-05-03T04:00:00Z,PHARM-HIST-0001,pharmaflow-main,SYNTHETIC_OPERATIONAL_RECORD
MOV-002173,MED-0125,Amoxicillin + Clavulanic Acid 625mg (Augmentin) (Formula 125),RAB304,SUPPLIER_RETURN,-20,177.5,3550.0,SUPPLIER_DEBIT_NOTE,RET-0041,2026-04-12T16:00:00Z,PHARM-KA-2022-7212,pharmaflow-main,SYNTHETIC_OPERATIONAL_RECORD
MOV-002174,MED-0126,Cetirizine 10mg (Cetzine) (Formula 126),COU305,SUPPLIER_RETURN,-20,50.0,1000.0,SUPPLIER_DEBIT_NOTE,RET-0042,2026-07-28T10:00:00Z,PHARM-HIST-0001,pharmaflow-main,SYNTHETIC_OPERATIONAL_RECORD
MOV-002175,MED-0127,Levocetirizine 5mg (Levocet) (Formula 127),ORA306,SUPPLIER_RETURN,-20,48.0,960.0,SUPPLIER_DEBIT_NOTE,RET-0043,2026-07-10T07:00:00Z,PHARM-KA-2022-7212,pharmaflow-main,SYNTHETIC_OPERATIONAL_RECORD
MOV-002176,MED-0128,Azithromycin 250mg (Azee 250) (Formula 128),MUL307,SUPPLIER_RETURN,-50,122.5,6125.0,SUPPLIER_DEBIT_NOTE,RET-0044,2026-07-01T17:00:00Z,PHARM-HIST-0001,pharmaflow-main,SYNTHETIC_OPERATIONAL_RECORD
MOV-002177,MED-0129,Azithromycin 500mg (Azithral 500) (Formula 129),THY308,SUPPLIER_RETURN,-20,180.0,3600.0,SUPPLIER_DEBIT_NOTE,RET-0045,2026-04-12T18:00:00Z,PHARM-KA-2022-7212,pharmaflow-main,SYNTHETIC_OPERATIONAL_RECORD
MOV-002178,MED-0130,Metformin 500mg (Glycomet 500) (Formula 130),CLO309,SUPPLIER_RETURN,-50,52.5,2625.0,SUPPLIER_DEBIT_NOTE,RET-0046,2026-05-18T11:00:00Z,PHARM-HIST-0001,pharmaflow-main,SYNTHETIC_OPERATIONAL_RECORD
MOV-002179,MED-0131,Metformin 1000mg SR (Glucophage) (Formula 131),PAR310,SUPPLIER_RETURN,-20,78.0,1560.0,SUPPLIER_DEBIT_NOTE,RET-0047,2026-06-08T12:00:00Z,PHARM-KA-2022-7212,pharmaflow-main,SYNTHETIC_OPERATIONAL_RECORD
MOV-002180,MED-0132,Pantoprazole 40mg (Pan 40) (Formula 132),PAR311,SUPPLIER_RETURN,-50,97.5,4875.0,SUPPLIER_DEBIT_NOTE,RET-0048,2026-07-08T08:00:00Z,PHARM-HIST-0001,pharmaflow-main,SYNTHETIC_OPERATIONAL_RECORD
MOV-002181,MED-0133,Pantoprazole + Domperidone (Pan-D) (Formula 133),VIT312,SUPPLIER_RETURN,-20,160.0,3200.0,SUPPLIER_DEBIT_NOTE,RET-0049,2026-05-29T20:00:00Z,PHARM-KA-2022-7212,pharmaflow-main,SYNTHETIC_OPERATIONAL_RECORD
MOV-002182,MED-0134,Omeprazole 20mg (Omez) (Formula 134),AMO313,SUPPLIER_RETURN,-50,62.0,3100.0,SUPPLIER_DEBIT_NOTE,RET-0050,2026-06-28T07:00:00Z,PHARM-HIST-0001,pharmaflow-main,SYNTHETIC_OPERATIONAL_RECORD
MOV-002183,MED-0135,Telmisartan 40mg (Telma 40) (Formula 135),AMO314,SUPPLIER_RETURN,-20,100.5,2010.0,SUPPLIER_DEBIT_NOTE,RET-0051,2026-07-15T19:00:00Z,PHARM-KA-2022-7212,pharmaflow-main,SYNTHETIC_OPERATIONAL_RECORD
MOV-002184,MED-0136,Telmisartan + Amlodipine (Telma-AM) (Formula 136),CET315,SUPPLIER_RETURN,-50,145.0,7250.0,SUPPLIER_DEBIT_NOTE,RET-0052,2026-06-24T11:00:00Z,PHARM-HIST-0001,pharmaflow-main,SYNTHETIC_OPERATIONAL_RECORD
MOV-002185,MED-0137,Atorvastatin 10mg (Atorva 10) (Formula 137),LEV316,SUPPLIER_RETURN,-50,117.5,5875.0,SUPPLIER_DEBIT_NOTE,RET-0001,2026-05-11T20:00:00Z,PHARM-KA-2022-7212,pharmaflow-main,SYNTHETIC_OPERATIONAL_RECORD
MOV-002186,MED-0138,Rosuvastatin 10mg (Rosuvas 10) (Formula 138),AZI317,SUPPLIER_RETURN,-50,145.0,7250.0,SUPPLIER_DEBIT_NOTE,RET-0002,2026-06-14T19:00:00Z,PHARM-HIST-0001,pharmaflow-main,SYNTHETIC_OPERATIONAL_RECORD
MOV-002187,MED-0139,Ciprofloxacin 500mg (Ciplox 500) (Formula 139),AZI318,SUPPLIER_RETURN,-50,84.5,4225.0,SUPPLIER_DEBIT_NOTE,RET-0003,2026-07-29T03:00:00Z,PHARM-KA-2022-7212,pharmaflow-main,SYNTHETIC_OPERATIONAL_RECORD
MOV-002188,MED-0140,Ofloxacin + Ornidazole (O2) (Formula 140),MET319,SUPPLIER_RETURN,-20,130.0,2600.0,SUPPLIER_DEBIT_NOTE,RET-0004,2026-09-02T21:00:00Z,PHARM-HIST-0001,pharmaflow-main,SYNTHETIC_OPERATIONAL_RECORD
MOV-002189,MED-0141,Montelukast + Levocetirizine (Montair-LC) (Formula 141),MET320,SUPPLIER_RETURN,-50,158.0,7900.0,SUPPLIER_DEBIT_NOTE,RET-0005,2026-05-31T02:00:00Z,PHARM-KA-2022-7212,pharmaflow-main,SYNTHETIC_OPERATIONAL_RECORD
MOV-002190,MED-0142,Ibuprofen 400mg (Brufen 400) (Formula 142),PAN321,SUPPLIER_RETURN,-50,30.5,1525.0,SUPPLIER_DEBIT_NOTE,RET-0006,2026-05-22T16:00:00Z,PHARM-HIST-0001,pharmaflow-main,SYNTHETIC_OPERATIONAL_RECORD
MOV-002191,MED-0143,Aceclofenac + Paracetamol (Zerodol-P) (Formula 143),PAN322,SUPPLIER_RETURN,-50,80.0,4000.0,SUPPLIER_DEBIT_NOTE,RET-0007,2026-05-10T23:00:00Z,PHARM-KA-2022-7212,pharmaflow-main,SYNTHETIC_OPERATIONAL_RECORD
MOV-002192,MED-0144,Vildagliptin + Metformin (Galvus Met) (Formula 144),OME323,SUPPLIER_RETURN,-50,247.5,12375.0,SUPPLIER_DEBIT_NOTE,RET-0008,2026-07-18T14:00:00Z,PHARM-HIST-0001,pharmaflow-main,SYNTHETIC_OPERATIONAL_RECORD
MOV-002193,MED-0145,Rabeprazole 20mg (Razo 20) (Formula 145),TEL324,SUPPLIER_RETURN,-50,122.0,6100.0,SUPPLIER_DEBIT_NOTE,RET-0009,2026-08-23T20:00:00Z,PHARM-KA-2022-7212,pharmaflow-main,SYNTHETIC_OPERATIONAL_RECORD
MOV-002194,MED-0146,Cough Syrup (Ascoril-D) (Formula 146),TEL325,SUPPLIER_RETURN,-20,100.5,2010.0,SUPPLIER_DEBIT_NOTE,RET-0010,2026-07-22T17:00:00Z,PHARM-HIST-0001,pharmaflow-main,SYNTHETIC_OPERATIONAL_RECORD
MOV-002195,MED-0147,Oral Rehydration Salts (Electral ORS) (Formula 147),ATO326,SUPPLIER_RETURN,-20,33.0,660.0,SUPPLIER_DEBIT_NOTE,RET-0011,2026-09-16T14:00:00Z,PHARM-KA-2022-7212,pharmaflow-main,SYNTHETIC_OPERATIONAL_RECORD
MOV-002196,MED-0148,Multivitamin + Zinc (Becadexamin) (Formula 148),ROS327,SUPPLIER_RETURN,-50,42.0,2100.0,SUPPLIER_DEBIT_NOTE,RET-0012,2026-07-15T12:00:00Z,PHARM-HIST-0001,pharmaflow-main,SYNTHETIC_OPERATIONAL_RECORD
MOV-002197,MED-0149,Thyroxine Sodium 50mcg (Thyronorm 50) (Formula 149),CIP328,SUPPLIER_RETURN,-20,127.5,2550.0,SUPPLIER_DEBIT_NOTE,RET-0013,2026-10-07T11:00:00Z,PHARM-KA-2022-7212,pharmaflow-main,SYNTHETIC_OPERATIONAL_RECORD
MOV-002198,MED-0150,Clopidogrel 75mg (Clopilet 75) (Formula 150),OFL329,SUPPLIER_RETURN,-20,135.0,2700.0,SUPPLIER_DEBIT_NOTE,RET-0014,2026-08-30T03:00:00Z,PHARM-HIST-0001,pharmaflow-main,SYNTHETIC_OPERATIONAL_RECORD
MOV-002199,MED-0151,Paracetamol 500mg (Formula 151),MON330,SUPPLIER_RETURN,-50,32.5,1625.0,SUPPLIER_DEBIT_NOTE,RET-0015,2026-04-28T05:00:00Z,PHARM-KA-2022-7212,pharmaflow-main,SYNTHETIC_OPERATIONAL_RECORD
MOV-002200,MED-0152,Paracetamol 650mg (Dolo 650) (Formula 152),IBU331,SUPPLIER_RETURN,-20,42.0,840.0,SUPPLIER_DEBIT_NOTE,RET-0016,2026-09-20T05:00:00Z,PHARM-HIST-0001,pharmaflow-main,SYNTHETIC_OPERATIONAL_RECORD
MOV-002201,MED-0153,Vitamin D3 60K (Calcirol) (Formula 153),ACE332,SUPPLIER_RETURN,-20,77.5,1550.0,SUPPLIER_DEBIT_NOTE,RET-0017,2026-04-27T09:00:00Z,PHARM-KA-2022-7212,pharmaflow-main,SYNTHETIC_OPERATIONAL_RECORD
MOV-002202,MED-0154,Amoxicillin 500mg (Novamox) (Formula 154),VIL333,SUPPLIER_RETURN,-50,110.0,5500.0,SUPPLIER_DEBIT_NOTE,RET-0018,2026-07-19T10:00:00Z,PHARM-HIST-0001,pharmaflow-main,SYNTHETIC_OPERATIONAL_RECORD
MOV-002203,MED-0155,Amoxicillin + Clavulanic Acid 625mg (Augmentin) (Formula 155),RAB334,SUPPLIER_RETURN,-20,165.0,3300.0,SUPPLIER_DEBIT_NOTE,RET-0019,2026-10-07T02:00:00Z,PHARM-KA-2022-7212,pharmaflow-main,SYNTHETIC_OPERATIONAL_RECORD
MOV-002204,MED-0156,Cetirizine 10mg (Cetzine) (Formula 156),COU335,SUPPLIER_RETURN,-50,37.5,1875.0,SUPPLIER_DEBIT_NOTE,RET-0020,2026-06-07T11:00:00Z,PHARM-HIST-0001,pharmaflow-main,SYNTHETIC_OPERATIONAL_RECORD
MOV-002205,MED-0157,Levocetirizine 5mg (Levocet) (Formula 157),ORA336,SUPPLIER_RETURN,-20,53.0,1060.0,SUPPLIER_DEBIT_NOTE,RET-0021,2026-04-28T16:00:00Z,PHARM-KA-2022-7212,pharmaflow-main,SYNTHETIC_OPERATIONAL_RECORD
MOV-002206,MED-0158,Azithromycin 250mg (Azee 250) (Formula 158),MUL337,SUPPLIER_RETURN,-50,127.5,6375.0,SUPPLIER_DEBIT_NOTE,RET-0022,2026-05-18T13:00:00Z,PHARM-HIST-0001,pharmaflow-main,SYNTHETIC_OPERATIONAL_RECORD
MOV-002207,MED-0159,Azithromycin 500mg (Azithral 500) (Formula 159),THY338,SUPPLIER_RETURN,-20,185.0,3700.0,SUPPLIER_DEBIT_NOTE,RET-0023,2026-04-17T09:00:00Z,PHARM-KA-2022-7212,pharmaflow-main,SYNTHETIC_OPERATIONAL_RECORD
MOV-002208,MED-0160,Metformin 500mg (Glycomet 500) (Formula 160),CLO339,SUPPLIER_RETURN,-50,57.5,2875.0,SUPPLIER_DEBIT_NOTE,RET-0024,2026-07-23T03:00:00Z,PHARM-HIST-0001,pharmaflow-main,SYNTHETIC_OPERATIONAL_RECORD
MOV-002209,MED-0161,Metformin 1000mg SR (Glucophage) (Formula 161),PAR340,SUPPLIER_RETURN,-50,83.0,4150.0,SUPPLIER_DEBIT_NOTE,RET-0025,2026-07-01T18:00:00Z,PHARM-KA-2022-7212,pharmaflow-main,SYNTHETIC_OPERATIONAL_RECORD
MOV-002210,MED-0162,Pantoprazole 40mg (Pan 40) (Formula 162),PAR341,SUPPLIER_RETURN,-50,85.0,4250.0,SUPPLIER_DEBIT_NOTE,RET-0026,2026-09-01T21:00:00Z,PHARM-HIST-0001,pharmaflow-main,SYNTHETIC_OPERATIONAL_RECORD
MOV-002211,MED-0163,Pantoprazole + Domperidone (Pan-D) (Formula 163),VIT342,SUPPLIER_RETURN,-20,147.5,2950.0,SUPPLIER_DEBIT_NOTE,RET-0027,2026-06-21T22:00:00Z,PHARM-KA-2022-7212,pharmaflow-main,SYNTHETIC_OPERATIONAL_RECORD
MOV-002212,MED-0164,Omeprazole 20mg (Omez) (Formula 164),AMO343,SUPPLIER_RETURN,-50,67.0,3350.0,SUPPLIER_DEBIT_NOTE,RET-0028,2026-07-25T16:00:00Z,PHARM-HIST-0001,pharmaflow-main,SYNTHETIC_OPERATIONAL_RECORD
MOV-002213,MED-0165,Telmisartan 40mg (Telma 40) (Formula 165),AMO344,SUPPLIER_RETURN,-50,105.5,5275.0,SUPPLIER_DEBIT_NOTE,RET-0029,2026-08-30T13:00:00Z,PHARM-KA-2022-7212,pharmaflow-main,SYNTHETIC_OPERATIONAL_RECORD
MOV-002214,MED-0166,Telmisartan + Amlodipine (Telma-AM) (Formula 166),CET345,SUPPLIER_RETURN,-20,150.0,3000.0,SUPPLIER_DEBIT_NOTE,RET-0030,2026-09-05T01:00:00Z,PHARM-HIST-0001,pharmaflow-main,SYNTHETIC_OPERATIONAL_RECORD
MOV-002215,MED-0167,Atorvastatin 10mg (Atorva 10) (Formula 167),LEV346,SUPPLIER_RETURN,-20,122.5,2450.0,SUPPLIER_DEBIT_NOTE,RET-0031,2026-07-06T03:00:00Z,PHARM-KA-2022-7212,pharmaflow-main,SYNTHETIC_OPERATIONAL_RECORD
MOV-002216,MED-0168,Rosuvastatin 10mg (Rosuvas 10) (Formula 168),AZI347,SUPPLIER_RETURN,-20,150.0,3000.0,SUPPLIER_DEBIT_NOTE,RET-0032,2026-09-20T20:00:00Z,PHARM-HIST-0001,pharmaflow-main,SYNTHETIC_OPERATIONAL_RECORD
MOV-002217,MED-0169,Ciprofloxacin 500mg (Ciplox 500) (Formula 169),AZI348,SUPPLIER_RETURN,-20,72.0,1440.0,SUPPLIER_DEBIT_NOTE,RET-0033,2026-08-24T14:00:00Z,PHARM-KA-2022-7212,pharmaflow-main,SYNTHETIC_OPERATIONAL_RECORD
MOV-002218,MED-0170,Ofloxacin + Ornidazole (O2) (Formula 170),MET349,SUPPLIER_RETURN,-20,117.5,2350.0,SUPPLIER_DEBIT_NOTE,RET-0034,2026-09-04T06:00:00Z,PHARM-HIST-0001,pharmaflow-main,SYNTHETIC_OPERATIONAL_RECORD
MOV-002219,MED-0171,Montelukast + Levocetirizine (Montair-LC) (Formula 171),MET350,SUPPLIER_RETURN,-20,163.0,3260.0,SUPPLIER_DEBIT_NOTE,RET-0035,2026-09-06T06:00:00Z,PHARM-KA-2022-7212,pharmaflow-main,SYNTHETIC_OPERATIONAL_RECORD
MOV-002220,MED-0172,Ibuprofen 400mg (Brufen 400) (Formula 172),PAN351,SUPPLIER_RETURN,-20,35.5,710.0,SUPPLIER_DEBIT_NOTE,RET-0036,2026-04-26T12:00:00Z,PHARM-HIST-0001,pharmaflow-main,SYNTHETIC_OPERATIONAL_RECORD
MOV-002221,MED-0173,Aceclofenac + Paracetamol (Zerodol-P) (Formula 173),PAN352,SUPPLIER_RETURN,-50,85.0,4250.0,SUPPLIER_DEBIT_NOTE,RET-0037,2026-05-02T10:00:00Z,PHARM-KA-2022-7212,pharmaflow-main,SYNTHETIC_OPERATIONAL_RECORD
MOV-002222,MED-0174,Vildagliptin + Metformin (Galvus Met) (Formula 174),OME353,SUPPLIER_RETURN,-20,252.5,5050.0,SUPPLIER_DEBIT_NOTE,RET-0038,2026-07-03T13:00:00Z,PHARM-HIST-0001,pharmaflow-main,SYNTHETIC_OPERATIONAL_RECORD
MOV-002223,MED-0175,Rabeprazole 20mg (Razo 20) (Formula 175),TEL354,SUPPLIER_RETURN,-20,127.0,2540.0,SUPPLIER_DEBIT_NOTE,RET-0039,2026-09-14T20:00:00Z,PHARM-KA-2022-7212,pharmaflow-main,SYNTHETIC_OPERATIONAL_RECORD
MOV-002224,MED-0176,Cough Syrup (Ascoril-D) (Formula 176),TEL355,SUPPLIER_RETURN,-20,88.0,1760.0,SUPPLIER_DEBIT_NOTE,RET-0040,2026-06-24T04:00:00Z,PHARM-HIST-0001,pharmaflow-main,SYNTHETIC_OPERATIONAL_RECORD
MOV-002225,MED-0177,Oral Rehydration Salts (Electral ORS) (Formula 177),ATO356,SUPPLIER_RETURN,-50,20.5,1025.0,SUPPLIER_DEBIT_NOTE,RET-0041,2026-08-29T06:00:00Z,PHARM-KA-2022-7212,pharmaflow-main,SYNTHETIC_OPERATIONAL_RECORD
MOV-002226,MED-0178,Multivitamin + Zinc (Becadexamin) (Formula 178),ROS357,SUPPLIER_RETURN,-50,47.0,2350.0,SUPPLIER_DEBIT_NOTE,RET-0042,2026-07-12T12:00:00Z,PHARM-HIST-0001,pharmaflow-main,SYNTHETIC_OPERATIONAL_RECORD
MOV-002227,MED-0179,Thyroxine Sodium 50mcg (Thyronorm 50) (Formula 179),CIP358,SUPPLIER_RETURN,-20,132.5,2650.0,SUPPLIER_DEBIT_NOTE,RET-0043,2026-06-10T00:00:00Z,PHARM-KA-2022-7212,pharmaflow-main,SYNTHETIC_OPERATIONAL_RECORD
MOV-002228,MED-0180,Clopidogrel 75mg (Clopilet 75) (Formula 180),OFL359,SUPPLIER_RETURN,-20,140.0,2800.0,SUPPLIER_DEBIT_NOTE,RET-0044,2026-04-20T22:00:00Z,PHARM-HIST-0001,pharmaflow-main,SYNTHETIC_OPERATIONAL_RECORD
MOV-002229,MED-0181,Paracetamol 500mg (Formula 181),MON360,SUPPLIER_RETURN,-20,37.5,750.0,SUPPLIER_DEBIT_NOTE,RET-0045,2026-08-23T01:00:00Z,PHARM-KA-2022-7212,pharmaflow-main,SYNTHETIC_OPERATIONAL_RECORD
MOV-002230,MED-0182,Paracetamol 650mg (Dolo 650) (Formula 182),IBU361,SUPPLIER_RETURN,-50,47.0,2350.0,SUPPLIER_DEBIT_NOTE,RET-0046,2026-06-12T02:00:00Z,PHARM-HIST-0001,pharmaflow-main,SYNTHETIC_OPERATIONAL_RECORD
MOV-002231,MED-0183,Vitamin D3 60K (Calcirol) (Formula 183),ACE362,SUPPLIER_RETURN,-50,65.0,3250.0,SUPPLIER_DEBIT_NOTE,RET-0047,2026-07-07T19:00:00Z,PHARM-KA-2022-7212,pharmaflow-main,SYNTHETIC_OPERATIONAL_RECORD
MOV-002232,MED-0184,Amoxicillin 500mg (Novamox) (Formula 184),VIL363,SUPPLIER_RETURN,-50,97.5,4875.0,SUPPLIER_DEBIT_NOTE,RET-0048,2026-06-07T08:00:00Z,PHARM-HIST-0001,pharmaflow-main,SYNTHETIC_OPERATIONAL_RECORD
MOV-002233,MED-0185,Amoxicillin + Clavulanic Acid 625mg (Augmentin) (Formula 185),RAB364,SUPPLIER_RETURN,-50,170.0,8500.0,SUPPLIER_DEBIT_NOTE,RET-0049,2026-08-29T18:00:00Z,PHARM-KA-2022-7212,pharmaflow-main,SYNTHETIC_OPERATIONAL_RECORD
MOV-002234,MED-0186,Cetirizine 10mg (Cetzine) (Formula 186),COU365,SUPPLIER_RETURN,-20,42.5,850.0,SUPPLIER_DEBIT_NOTE,RET-0050,2026-07-17T08:00:00Z,PHARM-HIST-0001,pharmaflow-main,SYNTHETIC_OPERATIONAL_RECORD
MOV-002235,MED-0187,Levocetirizine 5mg (Levocet) (Formula 187),ORA366,SUPPLIER_RETURN,-20,58.0,1160.0,SUPPLIER_DEBIT_NOTE,RET-0051,2026-05-30T15:00:00Z,PHARM-KA-2022-7212,pharmaflow-main,SYNTHETIC_OPERATIONAL_RECORD
MOV-002236,MED-0188,Azithromycin 250mg (Azee 250) (Formula 188),MUL367,SUPPLIER_RETURN,-50,132.5,6625.0,SUPPLIER_DEBIT_NOTE,RET-0052,2026-07-02T15:00:00Z,PHARM-HIST-0001,pharmaflow-main,SYNTHETIC_OPERATIONAL_RECORD
MOV-002237,MED-0189,Azithromycin 500mg (Azithral 500) (Formula 189),THY368,SUPPLIER_RETURN,-20,190.0,3800.0,SUPPLIER_DEBIT_NOTE,RET-0001,2026-09-12T00:00:00Z,PHARM-KA-2022-7212,pharmaflow-main,SYNTHETIC_OPERATIONAL_RECORD
MOV-002238,MED-0190,Metformin 500mg (Glycomet 500) (Formula 190),CLO369,SUPPLIER_RETURN,-20,45.0,900.0,SUPPLIER_DEBIT_NOTE,RET-0002,2026-05-21T07:00:00Z,PHARM-HIST-0001,pharmaflow-main,SYNTHETIC_OPERATIONAL_RECORD
MOV-002239,MED-0191,Metformin 1000mg SR (Glucophage) (Formula 191),PAR370,SUPPLIER_RETURN,-50,70.5,3525.0,SUPPLIER_DEBIT_NOTE,RET-0003,2026-09-07T16:00:00Z,PHARM-KA-2022-7212,pharmaflow-main,SYNTHETIC_OPERATIONAL_RECORD
MOV-002240,MED-0192,Pantoprazole 40mg (Pan 40) (Formula 192),PAR371,SUPPLIER_RETURN,-50,90.0,4500.0,SUPPLIER_DEBIT_NOTE,RET-0004,2026-08-25T10:00:00Z,PHARM-HIST-0001,pharmaflow-main,SYNTHETIC_OPERATIONAL_RECORD
MOV-002241,MED-0193,Pantoprazole + Domperidone (Pan-D) (Formula 193),VIT372,SUPPLIER_RETURN,-50,152.5,7625.0,SUPPLIER_DEBIT_NOTE,RET-0005,2026-04-16T06:00:00Z,PHARM-KA-2022-7212,pharmaflow-main,SYNTHETIC_OPERATIONAL_RECORD
MOV-002242,MED-0194,Omeprazole 20mg (Omez) (Formula 194),AMO373,SUPPLIER_RETURN,-20,72.0,1440.0,SUPPLIER_DEBIT_NOTE,RET-0006,2026-06-16T14:00:00Z,PHARM-HIST-0001,pharmaflow-main,SYNTHETIC_OPERATIONAL_RECORD
MOV-002243,MED-0195,Telmisartan 40mg (Telma 40) (Formula 195),AMO374,SUPPLIER_RETURN,-20,110.5,2210.0,SUPPLIER_DEBIT_NOTE,RET-0007,2026-05-16T16:00:00Z,PHARM-KA-2022-7212,pharmaflow-main,SYNTHETIC_OPERATIONAL_RECORD
MOV-002244,MED-0196,Telmisartan + Amlodipine (Telma-AM) (Formula 196),CET375,SUPPLIER_RETURN,-20,155.0,3100.0,SUPPLIER_DEBIT_NOTE,RET-0008,2026-10-01T02:00:00Z,PHARM-HIST-0001,pharmaflow-main,SYNTHETIC_OPERATIONAL_RECORD
MOV-002245,MED-0197,Atorvastatin 10mg (Atorva 10) (Formula 197),LEV376,SUPPLIER_RETURN,-20,110.0,2200.0,SUPPLIER_DEBIT_NOTE,RET-0009,2026-08-25T08:00:00Z,PHARM-KA-2022-7212,pharmaflow-main,SYNTHETIC_OPERATIONAL_RECORD
MOV-002246,MED-0198,Rosuvastatin 10mg (Rosuvas 10) (Formula 198),AZI377,SUPPLIER_RETURN,-20,137.5,2750.0,SUPPLIER_DEBIT_NOTE,RET-0010,2026-06-25T07:00:00Z,PHARM-HIST-0001,pharmaflow-main,SYNTHETIC_OPERATIONAL_RECORD
MOV-002247,MED-0199,Ciprofloxacin 500mg (Ciplox 500) (Formula 199),AZI378,SUPPLIER_RETURN,-20,77.0,1540.0,SUPPLIER_DEBIT_NOTE,RET-0011,2026-06-21T02:00:00Z,PHARM-KA-2022-7212,pharmaflow-main,SYNTHETIC_OPERATIONAL_RECORD
MOV-002248,MED-0200,Ofloxacin + Ornidazole (O2) (Formula 200),MET379,SUPPLIER_RETURN,-20,122.5,2450.0,SUPPLIER_DEBIT_NOTE,RET-0012,2026-04-28T03:00:00Z,PHARM-HIST-0001,pharmaflow-main,SYNTHETIC_OPERATIONAL_RECORD
MOV-002249,MED-0201,Montelukast + Levocetirizine (Montair-LC) (Formula 201),MET380,SUPPLIER_RETURN,-20,168.0,3360.0,SUPPLIER_DEBIT_NOTE,RET-0013,2026-05-19T19:00:00Z,PHARM-KA-2022-7212,pharmaflow-main,SYNTHETIC_OPERATIONAL_RECORD
MOV-002250,MED-0202,Ibuprofen 400mg (Brufen 400) (Formula 202),PAN381,SUPPLIER_RETURN,-20,40.5,810.0,SUPPLIER_DEBIT_NOTE,RET-0014,2026-08-09T07:00:00Z,PHARM-HIST-0001,pharmaflow-main,SYNTHETIC_OPERATIONAL_RECORD
MOV-002251,MED-0203,Aceclofenac + Paracetamol (Zerodol-P) (Formula 203),PAN382,QUARANTINED,-30,90.0,2700.0,QUALITY_HOLD,HOLD-2250,2026-04-24T01:00:00Z,PHARM-KA-2022-7212,pharmaflow-main,SYNTHETIC_OPERATIONAL_RECORD
MOV-002252,MED-0204,Vildagliptin + Metformin (Galvus Met) (Formula 204),OME383,QUARANTINED,-10,240.0,2400.0,QUALITY_HOLD,HOLD-2251,2026-05-13T19:00:00Z,PHARM-HIST-0001,pharmaflow-main,SYNTHETIC_OPERATIONAL_RECORD
MOV-002253,MED-0205,Rabeprazole 20mg (Razo 20) (Formula 205),TEL384,QUARANTINED,-10,114.5,1145.0,QUALITY_HOLD,HOLD-2252,2026-07-18T19:00:00Z,PHARM-KA-2022-7212,pharmaflow-main,SYNTHETIC_OPERATIONAL_RECORD
MOV-002254,MED-0206,Cough Syrup (Ascoril-D) (Formula 206),TEL385,QUARANTINED,-30,93.0,2790.0,QUALITY_HOLD,HOLD-2253,2026-07-31T23:00:00Z,PHARM-HIST-0001,pharmaflow-main,SYNTHETIC_OPERATIONAL_RECORD
MOV-002255,MED-0207,Oral Rehydration Salts (Electral ORS) (Formula 207),ATO386,QUARANTINED,-10,25.5,255.0,QUALITY_HOLD,HOLD-2254,2026-06-04T13:00:00Z,PHARM-KA-2022-7212,pharmaflow-main,SYNTHETIC_OPERATIONAL_RECORD
MOV-002256,MED-0208,Multivitamin + Zinc (Becadexamin) (Formula 208),ROS387,QUARANTINED,-30,52.0,1560.0,QUALITY_HOLD,HOLD-2255,2026-06-04T05:00:00Z,PHARM-HIST-0001,pharmaflow-main,SYNTHETIC_OPERATIONAL_RECORD
MOV-002257,MED-0209,Thyroxine Sodium 50mcg (Thyronorm 50) (Formula 209),CIP388,QUARANTINED,-10,137.5,1375.0,QUALITY_HOLD,HOLD-2256,2026-06-30T03:00:00Z,PHARM-KA-2022-7212,pharmaflow-main,SYNTHETIC_OPERATIONAL_RECORD
MOV-002258,MED-0210,Clopidogrel 75mg (Clopilet 75) (Formula 210),OFL389,QUARANTINED,-10,145.0,1450.0,QUALITY_HOLD,HOLD-2257,2026-10-02T18:00:00Z,PHARM-HIST-0001,pharmaflow-main,SYNTHETIC_OPERATIONAL_RECORD
MOV-002259,MED-0211,Paracetamol 500mg (Formula 211),MON390,QUARANTINED,-30,25.0,750.0,QUALITY_HOLD,HOLD-2258,2026-08-03T04:00:00Z,PHARM-KA-2022-7212,pharmaflow-main,SYNTHETIC_OPERATIONAL_RECORD
MOV-002260,MED-0212,Paracetamol 650mg (Dolo 650) (Formula 212),IBU391,QUARANTINED,-30,34.5,1035.0,QUALITY_HOLD,HOLD-2259,2026-05-04T14:00:00Z,PHARM-HIST-0001,pharmaflow-main,SYNTHETIC_OPERATIONAL_RECORD
MOV-002261,MED-0213,Vitamin D3 60K (Calcirol) (Formula 213),ACE392,QUARANTINED,-10,70.0,700.0,QUALITY_HOLD,HOLD-2260,2026-08-22T22:00:00Z,PHARM-KA-2022-7212,pharmaflow-main,SYNTHETIC_OPERATIONAL_RECORD
MOV-002262,MED-0214,Amoxicillin 500mg (Novamox) (Formula 214),VIL393,QUARANTINED,-30,102.5,3075.0,QUALITY_HOLD,HOLD-2261,2026-10-08T07:00:00Z,PHARM-HIST-0001,pharmaflow-main,SYNTHETIC_OPERATIONAL_RECORD
MOV-002263,MED-0215,Amoxicillin + Clavulanic Acid 625mg (Augmentin) (Formula 215),RAB394,QUARANTINED,-10,175.0,1750.0,QUALITY_HOLD,HOLD-2262,2026-06-18T10:00:00Z,PHARM-KA-2022-7212,pharmaflow-main,SYNTHETIC_OPERATIONAL_RECORD
MOV-002264,MED-0216,Cetirizine 10mg (Cetzine) (Formula 216),COU395,QUARANTINED,-10,47.5,475.0,QUALITY_HOLD,HOLD-2263,2026-09-24T02:00:00Z,PHARM-HIST-0001,pharmaflow-main,SYNTHETIC_OPERATIONAL_RECORD
MOV-002265,MED-0217,Levocetirizine 5mg (Levocet) (Formula 217),ORA396,QUARANTINED,-10,63.0,630.0,QUALITY_HOLD,HOLD-2264,2026-04-20T17:00:00Z,PHARM-KA-2022-7212,pharmaflow-main,SYNTHETIC_OPERATIONAL_RECORD
MOV-002266,MED-0218,Azithromycin 250mg (Azee 250) (Formula 218),MUL397,QUARANTINED,-30,120.0,3600.0,QUALITY_HOLD,HOLD-2265,2026-05-26T21:00:00Z,PHARM-HIST-0001,pharmaflow-main,SYNTHETIC_OPERATIONAL_RECORD
MOV-002267,MED-0219,Azithromycin 500mg (Azithral 500) (Formula 219),THY398,QUARANTINED,-10,177.5,1775.0,QUALITY_HOLD,HOLD-2266,2026-08-14T21:00:00Z,PHARM-KA-2022-7212,pharmaflow-main,SYNTHETIC_OPERATIONAL_RECORD
MOV-002268,MED-0220,Metformin 500mg (Glycomet 500) (Formula 220),CLO399,QUARANTINED,-30,50.0,1500.0,QUALITY_HOLD,HOLD-2267,2026-09-02T18:00:00Z,PHARM-HIST-0001,pharmaflow-main,SYNTHETIC_OPERATIONAL_RECORD
MOV-002269,MED-0221,Metformin 1000mg SR (Glucophage) (Formula 221),PAR400,QUARANTINED,-10,75.5,755.0,QUALITY_HOLD,HOLD-2268,2026-09-05T08:00:00Z,PHARM-KA-2022-7212,pharmaflow-main,SYNTHETIC_OPERATIONAL_RECORD
MOV-002270,MED-0222,Pantoprazole 40mg (Pan 40) (Formula 222),PAR401,QUARANTINED,-10,95.0,950.0,QUALITY_HOLD,HOLD-2269,2026-04-19T09:00:00Z,PHARM-HIST-0001,pharmaflow-main,SYNTHETIC_OPERATIONAL_RECORD
MOV-002271,MED-0223,Pantoprazole + Domperidone (Pan-D) (Formula 223),VIT402,QUARANTINED,-10,157.5,1575.0,QUALITY_HOLD,HOLD-2270,2026-07-07T00:00:00Z,PHARM-KA-2022-7212,pharmaflow-main,SYNTHETIC_OPERATIONAL_RECORD
MOV-002272,MED-0224,Omeprazole 20mg (Omez) (Formula 224),AMO403,QUARANTINED,-10,77.0,770.0,QUALITY_HOLD,HOLD-2271,2026-05-21T06:00:00Z,PHARM-HIST-0001,pharmaflow-main,SYNTHETIC_OPERATIONAL_RECORD
MOV-002273,MED-0225,Telmisartan 40mg (Telma 40) (Formula 225),AMO404,QUARANTINED,-10,98.0,980.0,QUALITY_HOLD,HOLD-2272,2026-09-29T11:00:00Z,PHARM-KA-2022-7212,pharmaflow-main,SYNTHETIC_OPERATIONAL_RECORD
MOV-002274,MED-0226,Telmisartan + Amlodipine (Telma-AM) (Formula 226),CET405,QUARANTINED,-30,142.5,4275.0,QUALITY_HOLD,HOLD-2273,2026-05-19T21:00:00Z,PHARM-HIST-0001,pharmaflow-main,SYNTHETIC_OPERATIONAL_RECORD
MOV-002275,MED-0227,Atorvastatin 10mg (Atorva 10) (Formula 227),LEV406,QUARANTINED,-30,115.0,3450.0,QUALITY_HOLD,HOLD-2274,2026-05-28T20:00:00Z,PHARM-KA-2022-7212,pharmaflow-main,SYNTHETIC_OPERATIONAL_RECORD
MOV-002276,MED-0228,Rosuvastatin 10mg (Rosuvas 10) (Formula 228),AZI407,QUARANTINED,-30,142.5,4275.0,QUALITY_HOLD,HOLD-2275,2026-07-10T15:00:00Z,PHARM-HIST-0001,pharmaflow-main,SYNTHETIC_OPERATIONAL_RECORD
MOV-002277,MED-0229,Ciprofloxacin 500mg (Ciplox 500) (Formula 229),AZI408,QUARANTINED,-10,82.0,820.0,QUALITY_HOLD,HOLD-2276,2026-04-13T13:00:00Z,PHARM-KA-2022-7212,pharmaflow-main,SYNTHETIC_OPERATIONAL_RECORD
MOV-002278,MED-0230,Ofloxacin + Ornidazole (O2) (Formula 230),MET409,QUARANTINED,-30,127.5,3825.0,QUALITY_HOLD,HOLD-2277,2026-04-20T20:00:00Z,PHARM-HIST-0001,pharmaflow-main,SYNTHETIC_OPERATIONAL_RECORD
MOV-002279,MED-0231,Montelukast + Levocetirizine (Montair-LC) (Formula 231),MET410,QUARANTINED,-30,173.0,5190.0,QUALITY_HOLD,HOLD-2278,2026-08-22T05:00:00Z,PHARM-KA-2022-7212,pharmaflow-main,SYNTHETIC_OPERATIONAL_RECORD
MOV-002280,MED-0232,Ibuprofen 400mg (Brufen 400) (Formula 232),PAN411,QUARANTINED,-30,28.0,840.0,QUALITY_HOLD,HOLD-2279,2026-09-23T11:00:00Z,PHARM-HIST-0001,pharmaflow-main,SYNTHETIC_OPERATIONAL_RECORD
MOV-002281,MED-0233,Aceclofenac + Paracetamol (Zerodol-P) (Formula 233),PAN412,QUARANTINED,-10,77.5,775.0,QUALITY_HOLD,HOLD-2280,2026-10-04T04:00:00Z,PHARM-KA-2022-7212,pharmaflow-main,SYNTHETIC_OPERATIONAL_RECORD
MOV-002282,MED-0234,Vildagliptin + Metformin (Galvus Met) (Formula 234),OME413,QUARANTINED,-30,245.0,7350.0,QUALITY_HOLD,HOLD-2281,2026-08-09T00:00:00Z,PHARM-HIST-0001,pharmaflow-main,SYNTHETIC_OPERATIONAL_RECORD
MOV-002283,MED-0235,Rabeprazole 20mg (Razo 20) (Formula 235),TEL414,QUARANTINED,-10,119.5,1195.0,QUALITY_HOLD,HOLD-2282,2026-05-14T18:00:00Z,PHARM-KA-2022-7212,pharmaflow-main,SYNTHETIC_OPERATIONAL_RECORD
MOV-002284,MED-0236,Cough Syrup (Ascoril-D) (Formula 236),TEL415,QUARANTINED,-30,98.0,2940.0,QUALITY_HOLD,HOLD-2283,2026-09-09T22:00:00Z,PHARM-HIST-0001,pharmaflow-main,SYNTHETIC_OPERATIONAL_RECORD
MOV-002285,MED-0237,Oral Rehydration Salts (Electral ORS) (Formula 237),ATO416,QUARANTINED,-10,30.5,305.0,QUALITY_HOLD,HOLD-2284,2026-07-12T07:00:00Z,PHARM-KA-2022-7212,pharmaflow-main,SYNTHETIC_OPERATIONAL_RECORD
MOV-002286,MED-0238,Multivitamin + Zinc (Becadexamin) (Formula 238),ROS417,QUARANTINED,-10,57.0,570.0,QUALITY_HOLD,HOLD-2285,2026-05-15T10:00:00Z,PHARM-HIST-0001,pharmaflow-main,SYNTHETIC_OPERATIONAL_RECORD
MOV-002287,MED-0239,Thyroxine Sodium 50mcg (Thyronorm 50) (Formula 239),CIP418,QUARANTINED,-10,125.0,1250.0,QUALITY_HOLD,HOLD-2286,2026-08-30T16:00:00Z,PHARM-KA-2022-7212,pharmaflow-main,SYNTHETIC_OPERATIONAL_RECORD
MOV-002288,MED-0240,Clopidogrel 75mg (Clopilet 75) (Formula 240),OFL419,QUARANTINED,-10,132.5,1325.0,QUALITY_HOLD,HOLD-2287,2026-05-10T13:00:00Z,PHARM-HIST-0001,pharmaflow-main,SYNTHETIC_OPERATIONAL_RECORD
MOV-002289,MED-0241,Paracetamol 500mg (Formula 241),MON420,QUARANTINED,-30,30.0,900.0,QUALITY_HOLD,HOLD-2288,2026-04-22T12:00:00Z,PHARM-KA-2022-7212,pharmaflow-main,SYNTHETIC_OPERATIONAL_RECORD
MOV-002290,MED-0242,Paracetamol 650mg (Dolo 650) (Formula 242),IBU421,QUARANTINED,-10,39.5,395.0,QUALITY_HOLD,HOLD-2289,2026-07-23T06:00:00Z,PHARM-HIST-0001,pharmaflow-main,SYNTHETIC_OPERATIONAL_RECORD
MOV-002291,MED-0243,Vitamin D3 60K (Calcirol) (Formula 243),ACE422,QUARANTINED,-30,75.0,2250.0,QUALITY_HOLD,HOLD-2290,2026-07-29T16:00:00Z,PHARM-KA-2022-7212,pharmaflow-main,SYNTHETIC_OPERATIONAL_RECORD
MOV-002292,MED-0244,Amoxicillin 500mg (Novamox) (Formula 244),VIL423,QUARANTINED,-10,107.5,1075.0,QUALITY_HOLD,HOLD-2291,2026-09-23T17:00:00Z,PHARM-HIST-0001,pharmaflow-main,SYNTHETIC_OPERATIONAL_RECORD
MOV-002293,MED-0245,Amoxicillin + Clavulanic Acid 625mg (Augmentin) (Formula 245),RAB424,QUARANTINED,-10,180.0,1800.0,QUALITY_HOLD,HOLD-2292,2026-10-06T18:00:00Z,PHARM-KA-2022-7212,pharmaflow-main,SYNTHETIC_OPERATIONAL_RECORD
MOV-002294,MED-0246,Cetirizine 10mg (Cetzine) (Formula 246),COU425,QUARANTINED,-30,35.0,1050.0,QUALITY_HOLD,HOLD-2293,2026-06-10T10:00:00Z,PHARM-HIST-0001,pharmaflow-main,SYNTHETIC_OPERATIONAL_RECORD
MOV-002295,MED-0247,Levocetirizine 5mg (Levocet) (Formula 247),ORA426,QUARANTINED,-10,50.5,505.0,QUALITY_HOLD,HOLD-2294,2026-04-15T18:00:00Z,PHARM-KA-2022-7212,pharmaflow-main,SYNTHETIC_OPERATIONAL_RECORD
MOV-002296,MED-0248,Azithromycin 250mg (Azee 250) (Formula 248),MUL427,QUARANTINED,-30,125.0,3750.0,QUALITY_HOLD,HOLD-2295,2026-09-14T17:00:00Z,PHARM-HIST-0001,pharmaflow-main,SYNTHETIC_OPERATIONAL_RECORD
MOV-002297,MED-0249,Azithromycin 500mg (Azithral 500) (Formula 249),PCT101,QUARANTINED,-10,182.5,1825.0,QUALITY_HOLD,HOLD-2296,2026-09-01T00:00:00Z,PHARM-KA-2022-7212,pharmaflow-main,SYNTHETIC_OPERATIONAL_RECORD
MOV-002298,MED-0250,Metformin 500mg (Glycomet 500) (Formula 250),VD102,QUARANTINED,-10,55.0,550.0,QUALITY_HOLD,HOLD-2297,2026-04-29T08:00:00Z,PHARM-HIST-0001,pharmaflow-main,SYNTHETIC_OPERATIONAL_RECORD
MOV-002299,MED-0251,Metformin 1000mg SR (Glucophage) (Formula 251),AMX204,QUARANTINED,-10,80.5,805.0,QUALITY_HOLD,HOLD-2298,2026-09-09T06:00:00Z,PHARM-KA-2022-7212,pharmaflow-main,SYNTHETIC_OPERATIONAL_RECORD
MOV-002300,MED-0252,Pantoprazole 40mg (Pan 40) (Formula 252),CTZ302,QUARANTINED,-10,100.0,1000.0,QUALITY_HOLD,HOLD-2299,2026-09-07T15:00:00Z,PHARM-HIST-0001,pharmaflow-main,SYNTHETIC_OPERATIONAL_RECORD
MOV-002301,MED-0253,Pantoprazole + Domperidone (Pan-D) (Formula 253),DEMO-EXP-001,QUARANTINED,-30,145.0,4350.0,QUALITY_HOLD,HOLD-2300,2026-06-25T22:00:00Z,PHARM-KA-2022-7212,pharmaflow-main,SYNTHETIC_OPERATIONAL_RECORD
MOV-002302,MED-0254,Omeprazole 20mg (Omez) (Formula 254),DEMO-EXP-002,QUARANTINED,-10,64.5,645.0,QUALITY_HOLD,HOLD-2301,2026-09-25T09:00:00Z,PHARM-HIST-0001,pharmaflow-main,SYNTHETIC_OPERATIONAL_RECORD
MOV-002303,MED-0255,Telmisartan 40mg (Telma 40) (Formula 255),LEV106,QUARANTINED,-10,103.0,1030.0,QUALITY_HOLD,HOLD-2302,2026-09-09T09:00:00Z,PHARM-KA-2022-7212,pharmaflow-main,SYNTHETIC_OPERATIONAL_RECORD
MOV-002304,MED-0256,Telmisartan + Amlodipine (Telma-AM) (Formula 256),AZI107,QUARANTINED,-30,147.5,4425.0,QUALITY_HOLD,HOLD-2303,2026-06-27T09:00:00Z,PHARM-HIST-0001,pharmaflow-main,SYNTHETIC_OPERATIONAL_RECORD
MOV-002305,MED-0257,Atorvastatin 10mg (Atorva 10) (Formula 257),AZI108,QUARANTINED,-10,120.0,1200.0,QUALITY_HOLD,HOLD-2304,2026-08-23T11:00:00Z,PHARM-KA-2022-7212,pharmaflow-main,SYNTHETIC_OPERATIONAL_RECORD
MOV-002306,MED-0258,Rosuvastatin 10mg (Rosuvas 10) (Formula 258),MET109,QUARANTINED,-10,147.5,1475.0,QUALITY_HOLD,HOLD-2305,2026-05-02T13:00:00Z,PHARM-HIST-0001,pharmaflow-main,SYNTHETIC_OPERATIONAL_RECORD
MOV-002307,MED-0259,Ciprofloxacin 500mg (Ciplox 500) (Formula 259),MET110,QUARANTINED,-10,87.0,870.0,QUALITY_HOLD,HOLD-2306,2026-06-16T08:00:00Z,PHARM-KA-2022-7212,pharmaflow-main,SYNTHETIC_OPERATIONAL_RECORD
MOV-002308,MED-0260,Ofloxacin + Ornidazole (O2) (Formula 260),PAN111,QUARANTINED,-30,115.0,3450.0,QUALITY_HOLD,HOLD-2307,2026-04-21T13:00:00Z,PHARM-HIST-0001,pharmaflow-main,SYNTHETIC_OPERATIONAL_RECORD
MOV-002309,MED-0261,Montelukast + Levocetirizine (Montair-LC) (Formula 261),PAN112,QUARANTINED,-30,160.5,4815.0,QUALITY_HOLD,HOLD-2308,2026-08-06T06:00:00Z,PHARM-KA-2022-7212,pharmaflow-main,SYNTHETIC_OPERATIONAL_RECORD
MOV-002310,MED-0262,Ibuprofen 400mg (Brufen 400) (Formula 262),OME113,QUARANTINED,-10,33.0,330.0,QUALITY_HOLD,HOLD-2309,2026-09-29T03:00:00Z,PHARM-HIST-0001,pharmaflow-main,SYNTHETIC_OPERATIONAL_RECORD
MOV-002311,MED-0263,Aceclofenac + Paracetamol (Zerodol-P) (Formula 263),TEL114,QUARANTINED,-10,82.5,825.0,QUALITY_HOLD,HOLD-2310,2026-06-20T00:00:00Z,PHARM-KA-2022-7212,pharmaflow-main,SYNTHETIC_OPERATIONAL_RECORD
MOV-002312,MED-0264,Vildagliptin + Metformin (Galvus Met) (Formula 264),TEL115,QUARANTINED,-30,250.0,7500.0,QUALITY_HOLD,HOLD-2311,2026-08-15T19:00:00Z,PHARM-HIST-0001,pharmaflow-main,SYNTHETIC_OPERATIONAL_RECORD
MOV-002313,MED-0265,Rabeprazole 20mg (Razo 20) (Formula 265),ATO116,QUARANTINED,-10,124.5,1245.0,QUALITY_HOLD,HOLD-2312,2026-04-22T07:00:00Z,PHARM-KA-2022-7212,pharmaflow-main,SYNTHETIC_OPERATIONAL_RECORD
MOV-002314,MED-0266,Cough Syrup (Ascoril-D) (Formula 266),ROS117,QUARANTINED,-30,103.0,3090.0,QUALITY_HOLD,HOLD-2313,2026-04-24T15:00:00Z,PHARM-HIST-0001,pharmaflow-main,SYNTHETIC_OPERATIONAL_RECORD
MOV-002315,MED-0267,Oral Rehydration Salts (Electral ORS) (Formula 267),CIP118,QUARANTINED,-30,18.0,540.0,QUALITY_HOLD,HOLD-2314,2026-05-28T09:00:00Z,PHARM-KA-2022-7212,pharmaflow-main,SYNTHETIC_OPERATIONAL_RECORD
MOV-002316,MED-0268,Multivitamin + Zinc (Becadexamin) (Formula 268),OFL119,QUARANTINED,-10,44.5,445.0,QUALITY_HOLD,HOLD-2315,2026-07-28T07:00:00Z,PHARM-HIST-0001,pharmaflow-main,SYNTHETIC_OPERATIONAL_RECORD
MOV-002317,MED-0269,Thyroxine Sodium 50mcg (Thyronorm 50) (Formula 269),MON120,QUARANTINED,-10,130.0,1300.0,QUALITY_HOLD,HOLD-2316,2026-09-15T03:00:00Z,PHARM-KA-2022-7212,pharmaflow-main,SYNTHETIC_OPERATIONAL_RECORD
MOV-002318,MED-0270,Clopidogrel 75mg (Clopilet 75) (Formula 270),IBU121,QUARANTINED,-10,137.5,1375.0,QUALITY_HOLD,HOLD-2317,2026-05-18T15:00:00Z,PHARM-HIST-0001,pharmaflow-main,SYNTHETIC_OPERATIONAL_RECORD
MOV-002319,MED-0271,Paracetamol 500mg (Formula 271),ACE122,QUARANTINED,-30,35.0,1050.0,QUALITY_HOLD,HOLD-2318,2026-04-30T20:00:00Z,PHARM-KA-2022-7212,pharmaflow-main,SYNTHETIC_OPERATIONAL_RECORD
MOV-002320,MED-0272,Paracetamol 650mg (Dolo 650) (Formula 272),VIL123,QUARANTINED,-10,44.5,445.0,QUALITY_HOLD,HOLD-2319,2026-07-14T12:00:00Z,PHARM-HIST-0001,pharmaflow-main,SYNTHETIC_OPERATIONAL_RECORD
MOV-002321,MED-0273,Vitamin D3 60K (Calcirol) (Formula 273),RAB124,QUARANTINED,-30,80.0,2400.0,QUALITY_HOLD,HOLD-2320,2026-09-04T08:00:00Z,PHARM-KA-2022-7212,pharmaflow-main,SYNTHETIC_OPERATIONAL_RECORD
MOV-002322,MED-0274,Amoxicillin 500mg (Novamox) (Formula 274),COU125,QUARANTINED,-30,95.0,2850.0,QUALITY_HOLD,HOLD-2321,2026-07-04T08:00:00Z,PHARM-HIST-0001,pharmaflow-main,SYNTHETIC_OPERATIONAL_RECORD
MOV-002323,MED-0275,Amoxicillin + Clavulanic Acid 625mg (Augmentin) (Formula 275),ORA126,QUARANTINED,-10,167.5,1675.0,QUALITY_HOLD,HOLD-2322,2026-05-10T06:00:00Z,PHARM-KA-2022-7212,pharmaflow-main,SYNTHETIC_OPERATIONAL_RECORD
MOV-002324,MED-0276,Cetirizine 10mg (Cetzine) (Formula 276),MUL127,QUARANTINED,-30,40.0,1200.0,QUALITY_HOLD,HOLD-2323,2026-07-10T13:00:00Z,PHARM-HIST-0001,pharmaflow-main,SYNTHETIC_OPERATIONAL_RECORD
MOV-002325,MED-0277,Levocetirizine 5mg (Levocet) (Formula 277),THY128,QUARANTINED,-30,55.5,1665.0,QUALITY_HOLD,HOLD-2324,2026-09-21T13:00:00Z,PHARM-KA-2022-7212,pharmaflow-main,SYNTHETIC_OPERATIONAL_RECORD
MOV-002326,MED-0278,Azithromycin 250mg (Azee 250) (Formula 278),CLO129,QUARANTINED,-10,130.0,1300.0,QUALITY_HOLD,HOLD-2325,2026-08-14T14:00:00Z,PHARM-HIST-0001,pharmaflow-main,SYNTHETIC_OPERATIONAL_RECORD
MOV-002327,MED-0279,Azithromycin 500mg (Azithral 500) (Formula 279),PAR130,QUARANTINED,-30,187.5,5625.0,QUALITY_HOLD,HOLD-2326,2026-09-05T14:00:00Z,PHARM-KA-2022-7212,pharmaflow-main,SYNTHETIC_OPERATIONAL_RECORD
MOV-002328,MED-0280,Metformin 500mg (Glycomet 500) (Formula 280),PAR131,QUARANTINED,-30,60.0,1800.0,QUALITY_HOLD,HOLD-2327,2026-10-04T09:00:00Z,PHARM-HIST-0001,pharmaflow-main,SYNTHETIC_OPERATIONAL_RECORD
MOV-002329,MED-0281,Metformin 1000mg SR (Glucophage) (Formula 281),VIT132,QUARANTINED,-10,68.0,680.0,QUALITY_HOLD,HOLD-2328,2026-06-14T09:00:00Z,PHARM-KA-2022-7212,pharmaflow-main,SYNTHETIC_OPERATIONAL_RECORD
MOV-002330,MED-0282,Pantoprazole 40mg (Pan 40) (Formula 282),AMO133,QUARANTINED,-10,87.5,875.0,QUALITY_HOLD,HOLD-2329,2026-07-30T06:00:00Z,PHARM-HIST-0001,pharmaflow-main,SYNTHETIC_OPERATIONAL_RECORD
MOV-002331,MED-0283,Pantoprazole + Domperidone (Pan-D) (Formula 283),AMO134,QUARANTINED,-30,150.0,4500.0,QUALITY_HOLD,HOLD-2330,2026-07-08T19:00:00Z,PHARM-KA-2022-7212,pharmaflow-main,SYNTHETIC_OPERATIONAL_RECORD
MOV-002332,MED-0284,Omeprazole 20mg (Omez) (Formula 284),CET135,QUARANTINED,-30,69.5,2085.0,QUALITY_HOLD,HOLD-2331,2026-05-23T01:00:00Z,PHARM-HIST-0001,pharmaflow-main,SYNTHETIC_OPERATIONAL_RECORD
MOV-002333,MED-0285,Telmisartan 40mg (Telma 40) (Formula 285),LEV136,QUARANTINED,-30,108.0,3240.0,QUALITY_HOLD,HOLD-2332,2026-07-22T08:00:00Z,PHARM-KA-2022-7212,pharmaflow-main,SYNTHETIC_OPERATIONAL_RECORD
MOV-002334,MED-0286,Telmisartan + Amlodipine (Telma-AM) (Formula 286),AZI137,QUARANTINED,-10,152.5,1525.0,QUALITY_HOLD,HOLD-2333,2026-10-02T04:00:00Z,PHARM-HIST-0001,pharmaflow-main,SYNTHETIC_OPERATIONAL_RECORD
MOV-002335,MED-0287,Atorvastatin 10mg (Atorva 10) (Formula 287),AZI138,QUARANTINED,-10,125.0,1250.0,QUALITY_HOLD,HOLD-2334,2026-08-30T12:00:00Z,PHARM-KA-2022-7212,pharmaflow-main,SYNTHETIC_OPERATIONAL_RECORD
MOV-002336,MED-0288,Rosuvastatin 10mg (Rosuvas 10) (Formula 288),MET139,QUARANTINED,-10,135.0,1350.0,QUALITY_HOLD,HOLD-2335,2026-06-07T11:00:00Z,PHARM-HIST-0001,pharmaflow-main,SYNTHETIC_OPERATIONAL_RECORD
MOV-002337,MED-0289,Ciprofloxacin 500mg (Ciplox 500) (Formula 289),MET140,QUARANTINED,-30,74.5,2235.0,QUALITY_HOLD,HOLD-2336,2026-09-07T01:00:00Z,PHARM-KA-2022-7212,pharmaflow-main,SYNTHETIC_OPERATIONAL_RECORD
MOV-002338,MED-0290,Ofloxacin + Ornidazole (O2) (Formula 290),PAN141,QUARANTINED,-10,120.0,1200.0,QUALITY_HOLD,HOLD-2337,2026-06-08T05:00:00Z,PHARM-HIST-0001,pharmaflow-main,SYNTHETIC_OPERATIONAL_RECORD
MOV-002339,MED-0291,Montelukast + Levocetirizine (Montair-LC) (Formula 291),PAN142,QUARANTINED,-30,165.5,4965.0,QUALITY_HOLD,HOLD-2338,2026-07-29T11:00:00Z,PHARM-KA-2022-7212,pharmaflow-main,SYNTHETIC_OPERATIONAL_RECORD
MOV-002340,MED-0292,Ibuprofen 400mg (Brufen 400) (Formula 292),OME143,QUARANTINED,-10,38.0,380.0,QUALITY_HOLD,HOLD-2339,2026-05-07T17:00:00Z,PHARM-HIST-0001,pharmaflow-main,SYNTHETIC_OPERATIONAL_RECORD
MOV-002341,MED-0293,Aceclofenac + Paracetamol (Zerodol-P) (Formula 293),TEL144,QUARANTINED,-10,87.5,875.0,QUALITY_HOLD,HOLD-2340,2026-06-16T13:00:00Z,PHARM-KA-2022-7212,pharmaflow-main,SYNTHETIC_OPERATIONAL_RECORD
MOV-002342,MED-0294,Vildagliptin + Metformin (Galvus Met) (Formula 294),TEL145,QUARANTINED,-10,255.0,2550.0,QUALITY_HOLD,HOLD-2341,2026-06-19T23:00:00Z,PHARM-HIST-0001,pharmaflow-main,SYNTHETIC_OPERATIONAL_RECORD
MOV-002343,MED-0295,Rabeprazole 20mg (Razo 20) (Formula 295),ATO146,QUARANTINED,-10,112.0,1120.0,QUALITY_HOLD,HOLD-2342,2026-06-25T05:00:00Z,PHARM-KA-2022-7212,pharmaflow-main,SYNTHETIC_OPERATIONAL_RECORD
MOV-002344,MED-0296,Cough Syrup (Ascoril-D) (Formula 296),ROS147,QUARANTINED,-10,90.5,905.0,QUALITY_HOLD,HOLD-2343,2026-09-06T03:00:00Z,PHARM-HIST-0001,pharmaflow-main,SYNTHETIC_OPERATIONAL_RECORD
MOV-002345,MED-0297,Oral Rehydration Salts (Electral ORS) (Formula 297),CIP148,QUARANTINED,-10,23.0,230.0,QUALITY_HOLD,HOLD-2344,2026-07-13T02:00:00Z,PHARM-KA-2022-7212,pharmaflow-main,SYNTHETIC_OPERATIONAL_RECORD
MOV-002346,MED-0298,Multivitamin + Zinc (Becadexamin) (Formula 298),OFL149,QUARANTINED,-30,49.5,1485.0,QUALITY_HOLD,HOLD-2345,2026-08-28T15:00:00Z,PHARM-HIST-0001,pharmaflow-main,SYNTHETIC_OPERATIONAL_RECORD
MOV-002347,MED-0299,Thyroxine Sodium 50mcg (Thyronorm 50) (Formula 299),MON150,QUARANTINED,-10,135.0,1350.0,QUALITY_HOLD,HOLD-2346,2026-08-12T14:00:00Z,PHARM-KA-2022-7212,pharmaflow-main,SYNTHETIC_OPERATIONAL_RECORD
MOV-002348,MED-0300,Clopidogrel 75mg (Clopilet 75) (Formula 300),IBU151,QUARANTINED,-30,142.5,4275.0,QUALITY_HOLD,HOLD-2347,2026-09-30T05:00:00Z,PHARM-HIST-0001,pharmaflow-main,SYNTHETIC_OPERATIONAL_RECORD
MOV-002349,MED-0301,Paracetamol 500mg (Formula 301),ACE152,QUARANTINED,-10,40.0,400.0,QUALITY_HOLD,HOLD-2348,2026-09-07T12:00:00Z,PHARM-KA-2022-7212,pharmaflow-main,SYNTHETIC_OPERATIONAL_RECORD
MOV-002350,MED-0302,Paracetamol 650mg (Dolo 650) (Formula 302),VIL153,QUARANTINED,-30,32.0,960.0,QUALITY_HOLD,HOLD-2349,2026-06-26T21:00:00Z,PHARM-HIST-0001,pharmaflow-main,SYNTHETIC_OPERATIONAL_RECORD
MOV-002351,MED-0303,Vitamin D3 60K (Calcirol) (Formula 303),RAB154,EXPIRED,-25,67.5,1687.5,EXPIRY_WRITE_OFF,EXP-WO-2350,2026-07-05T23:00:00Z,PHARM-KA-2022-7212,pharmaflow-main,SYNTHETIC_OPERATIONAL_RECORD
MOV-002352,MED-0304,Amoxicillin 500mg (Novamox) (Formula 304),COU155,EXPIRED,-25,100.0,2500.0,EXPIRY_WRITE_OFF,EXP-WO-2351,2026-05-02T10:00:00Z,PHARM-HIST-0001,pharmaflow-main,SYNTHETIC_OPERATIONAL_RECORD
MOV-002353,MED-0305,Amoxicillin + Clavulanic Acid 625mg (Augmentin) (Formula 305),ORA156,EXPIRED,-25,172.5,4312.5,EXPIRY_WRITE_OFF,EXP-WO-2352,2026-06-16T18:00:00Z,PHARM-KA-2022-7212,pharmaflow-main,SYNTHETIC_OPERATIONAL_RECORD
MOV-002354,MED-0306,Cetirizine 10mg (Cetzine) (Formula 306),MUL157,EXPIRED,-25,45.0,1125.0,EXPIRY_WRITE_OFF,EXP-WO-2353,2026-07-05T03:00:00Z,PHARM-HIST-0001,pharmaflow-main,SYNTHETIC_OPERATIONAL_RECORD
MOV-002355,MED-0307,Levocetirizine 5mg (Levocet) (Formula 307),THY158,EXPIRED,-25,60.5,1512.5,EXPIRY_WRITE_OFF,EXP-WO-2354,2026-08-25T05:00:00Z,PHARM-KA-2022-7212,pharmaflow-main,SYNTHETIC_OPERATIONAL_RECORD
MOV-002356,MED-0308,Azithromycin 250mg (Azee 250) (Formula 308),CLO159,EXPIRED,-25,135.0,3375.0,EXPIRY_WRITE_OFF,EXP-WO-2355,2026-06-08T09:00:00Z,PHARM-HIST-0001,pharmaflow-main,SYNTHETIC_OPERATIONAL_RECORD
MOV-002357,MED-0309,Azithromycin 500mg (Azithral 500) (Formula 309),PAR160,EXPIRED,-15,175.0,2625.0,EXPIRY_WRITE_OFF,EXP-WO-2356,2026-08-04T22:00:00Z,PHARM-KA-2022-7212,pharmaflow-main,SYNTHETIC_OPERATIONAL_RECORD
MOV-002358,MED-0310,Metformin 500mg (Glycomet 500) (Formula 310),PAR161,EXPIRED,-25,47.5,1187.5,EXPIRY_WRITE_OFF,EXP-WO-2357,2026-10-08T09:00:00Z,PHARM-HIST-0001,pharmaflow-main,SYNTHETIC_OPERATIONAL_RECORD
MOV-002359,MED-0311,Metformin 1000mg SR (Glucophage) (Formula 311),VIT162,EXPIRED,-15,73.0,1095.0,EXPIRY_WRITE_OFF,EXP-WO-2358,2026-05-19T11:00:00Z,PHARM-KA-2022-7212,pharmaflow-main,SYNTHETIC_OPERATIONAL_RECORD
MOV-002360,MED-0312,Pantoprazole 40mg (Pan 40) (Formula 312),AMO163,EXPIRED,-15,92.5,1387.5,EXPIRY_WRITE_OFF,EXP-WO-2359,2026-05-30T09:00:00Z,PHARM-HIST-0001,pharmaflow-main,SYNTHETIC_OPERATIONAL_RECORD
MOV-002361,MED-0313,Pantoprazole + Domperidone (Pan-D) (Formula 313),AMO164,EXPIRED,-15,155.0,2325.0,EXPIRY_WRITE_OFF,EXP-WO-2360,2026-08-16T12:00:00Z,PHARM-KA-2022-7212,pharmaflow-main,SYNTHETIC_OPERATIONAL_RECORD
MOV-002362,MED-0314,Omeprazole 20mg (Omez) (Formula 314),CET165,EXPIRED,-25,74.5,1862.5,EXPIRY_WRITE_OFF,EXP-WO-2361,2026-05-20T05:00:00Z,PHARM-HIST-0001,pharmaflow-main,SYNTHETIC_OPERATIONAL_RECORD
MOV-002363,MED-0315,Telmisartan 40mg (Telma 40) (Formula 315),LEV166,EXPIRED,-15,113.0,1695.0,EXPIRY_WRITE_OFF,EXP-WO-2362,2026-06-15T00:00:00Z,PHARM-KA-2022-7212,pharmaflow-main,SYNTHETIC_OPERATIONAL_RECORD
MOV-002364,MED-0316,Telmisartan + Amlodipine (Telma-AM) (Formula 316),AZI167,EXPIRED,-25,140.0,3500.0,EXPIRY_WRITE_OFF,EXP-WO-2363,2026-09-14T21:00:00Z,PHARM-HIST-0001,pharmaflow-main,SYNTHETIC_OPERATIONAL_RECORD
MOV-002365,MED-0317,Atorvastatin 10mg (Atorva 10) (Formula 317),AZI168,EXPIRED,-15,112.5,1687.5,EXPIRY_WRITE_OFF,EXP-WO-2364,2026-06-21T20:00:00Z,PHARM-KA-2022-7212,pharmaflow-main,SYNTHETIC_OPERATIONAL_RECORD
MOV-002366,MED-0318,Rosuvastatin 10mg (Rosuvas 10) (Formula 318),MET169,EXPIRED,-15,140.0,2100.0,EXPIRY_WRITE_OFF,EXP-WO-2365,2026-05-22T12:00:00Z,PHARM-HIST-0001,pharmaflow-main,SYNTHETIC_OPERATIONAL_RECORD
MOV-002367,MED-0319,Ciprofloxacin 500mg (Ciplox 500) (Formula 319),MET170,EXPIRED,-15,79.5,1192.5,EXPIRY_WRITE_OFF,EXP-WO-2366,2026-04-20T01:00:00Z,PHARM-KA-2022-7212,pharmaflow-main,SYNTHETIC_OPERATIONAL_RECORD
MOV-002368,MED-0320,Ofloxacin + Ornidazole (O2) (Formula 320),PAN171,EXPIRED,-25,125.0,3125.0,EXPIRY_WRITE_OFF,EXP-WO-2367,2026-09-11T08:00:00Z,PHARM-HIST-0001,pharmaflow-main,SYNTHETIC_OPERATIONAL_RECORD
MOV-002369,MED-0321,Montelukast + Levocetirizine (Montair-LC) (Formula 321),PAN172,EXPIRED,-15,170.5,2557.5,EXPIRY_WRITE_OFF,EXP-WO-2368,2026-09-11T02:00:00Z,PHARM-KA-2022-7212,pharmaflow-main,SYNTHETIC_OPERATIONAL_RECORD
MOV-002370,MED-0322,Ibuprofen 400mg (Brufen 400) (Formula 322),OME173,EXPIRED,-15,43.0,645.0,EXPIRY_WRITE_OFF,EXP-WO-2369,2026-06-12T10:00:00Z,PHARM-HIST-0001,pharmaflow-main,SYNTHETIC_OPERATIONAL_RECORD
MOV-002371,MED-0323,Aceclofenac + Paracetamol (Zerodol-P) (Formula 323),TEL174,EXPIRED,-15,75.0,1125.0,EXPIRY_WRITE_OFF,EXP-WO-2370,2026-05-31T11:00:00Z,PHARM-KA-2022-7212,pharmaflow-main,SYNTHETIC_OPERATIONAL_RECORD
MOV-002372,MED-0324,Vildagliptin + Metformin (Galvus Met) (Formula 324),TEL175,EXPIRED,-25,242.5,6062.5,EXPIRY_WRITE_OFF,EXP-WO-2371,2026-06-15T09:00:00Z,PHARM-HIST-0001,pharmaflow-main,SYNTHETIC_OPERATIONAL_RECORD
MOV-002373,MED-0325,Rabeprazole 20mg (Razo 20) (Formula 325),ATO176,EXPIRED,-15,117.0,1755.0,EXPIRY_WRITE_OFF,EXP-WO-2372,2026-09-24T22:00:00Z,PHARM-KA-2022-7212,pharmaflow-main,SYNTHETIC_OPERATIONAL_RECORD
MOV-002374,MED-0326,Cough Syrup (Ascoril-D) (Formula 326),ROS177,EXPIRED,-15,95.5,1432.5,EXPIRY_WRITE_OFF,EXP-WO-2373,2026-07-15T10:00:00Z,PHARM-HIST-0001,pharmaflow-main,SYNTHETIC_OPERATIONAL_RECORD
MOV-002375,MED-0327,Oral Rehydration Salts (Electral ORS) (Formula 327),CIP178,EXPIRED,-15,28.0,420.0,EXPIRY_WRITE_OFF,EXP-WO-2374,2026-07-27T01:00:00Z,PHARM-KA-2022-7212,pharmaflow-main,SYNTHETIC_OPERATIONAL_RECORD
MOV-002376,MED-0328,Multivitamin + Zinc (Becadexamin) (Formula 328),OFL179,EXPIRED,-25,54.5,1362.5,EXPIRY_WRITE_OFF,EXP-WO-2375,2026-06-05T03:00:00Z,PHARM-HIST-0001,pharmaflow-main,SYNTHETIC_OPERATIONAL_RECORD
MOV-002377,MED-0329,Thyroxine Sodium 50mcg (Thyronorm 50) (Formula 329),MON180,EXPIRED,-15,140.0,2100.0,EXPIRY_WRITE_OFF,EXP-WO-2376,2026-06-28T07:00:00Z,PHARM-KA-2022-7212,pharmaflow-main,SYNTHETIC_OPERATIONAL_RECORD
MOV-002378,MED-0330,Clopidogrel 75mg (Clopilet 75) (Formula 330),IBU181,EXPIRED,-15,130.0,1950.0,EXPIRY_WRITE_OFF,EXP-WO-2377,2026-04-11T06:00:00Z,PHARM-HIST-0001,pharmaflow-main,SYNTHETIC_OPERATIONAL_RECORD
MOV-002379,MED-0331,Paracetamol 500mg (Formula 331),ACE182,EXPIRED,-15,27.5,412.5,EXPIRY_WRITE_OFF,EXP-WO-2378,2026-10-03T18:00:00Z,PHARM-KA-2022-7212,pharmaflow-main,SYNTHETIC_OPERATIONAL_RECORD
MOV-002380,MED-0332,Paracetamol 650mg (Dolo 650) (Formula 332),VIL183,EXPIRED,-25,37.0,925.0,EXPIRY_WRITE_OFF,EXP-WO-2379,2026-08-23T01:00:00Z,PHARM-HIST-0001,pharmaflow-main,SYNTHETIC_OPERATIONAL_RECORD
MOV-002381,MED-0333,Vitamin D3 60K (Calcirol) (Formula 333),RAB184,EXPIRED,-25,72.5,1812.5,EXPIRY_WRITE_OFF,EXP-WO-2380,2026-06-15T23:00:00Z,PHARM-KA-2022-7212,pharmaflow-main,SYNTHETIC_OPERATIONAL_RECORD
MOV-002382,MED-0334,Amoxicillin 500mg (Novamox) (Formula 334),COU185,EXPIRED,-25,105.0,2625.0,EXPIRY_WRITE_OFF,EXP-WO-2381,2026-05-09T04:00:00Z,PHARM-HIST-0001,pharmaflow-main,SYNTHETIC_OPERATIONAL_RECORD
MOV-002383,MED-0335,Amoxicillin + Clavulanic Acid 625mg (Augmentin) (Formula 335),ORA186,EXPIRED,-25,177.5,4437.5,EXPIRY_WRITE_OFF,EXP-WO-2382,2026-10-01T06:00:00Z,PHARM-KA-2022-7212,pharmaflow-main,SYNTHETIC_OPERATIONAL_RECORD
MOV-002384,MED-0336,Cetirizine 10mg (Cetzine) (Formula 336),MUL187,EXPIRED,-15,50.0,750.0,EXPIRY_WRITE_OFF,EXP-WO-2383,2026-05-18T12:00:00Z,PHARM-HIST-0001,pharmaflow-main,SYNTHETIC_OPERATIONAL_RECORD
MOV-002385,MED-0337,Levocetirizine 5mg (Levocet) (Formula 337),THY188,EXPIRED,-25,48.0,1200.0,EXPIRY_WRITE_OFF,EXP-WO-2384,2026-08-18T15:00:00Z,PHARM-KA-2022-7212,pharmaflow-main,SYNTHETIC_OPERATIONAL_RECORD
MOV-002386,MED-0338,Azithromycin 250mg (Azee 250) (Formula 338),CLO189,EXPIRED,-15,122.5,1837.5,EXPIRY_WRITE_OFF,EXP-WO-2385,2026-05-06T00:00:00Z,PHARM-HIST-0001,pharmaflow-main,SYNTHETIC_OPERATIONAL_RECORD
MOV-002387,MED-0339,Azithromycin 500mg (Azithral 500) (Formula 339),PAR190,EXPIRED,-15,180.0,2700.0,EXPIRY_WRITE_OFF,EXP-WO-2386,2026-06-18T04:00:00Z,PHARM-KA-2022-7212,pharmaflow-main,SYNTHETIC_OPERATIONAL_RECORD
MOV-002388,MED-0340,Metformin 500mg (Glycomet 500) (Formula 340),PAR191,EXPIRED,-25,52.5,1312.5,EXPIRY_WRITE_OFF,EXP-WO-2387,2026-06-29T23:00:00Z,PHARM-HIST-0001,pharmaflow-main,SYNTHETIC_OPERATIONAL_RECORD
MOV-002389,MED-0341,Metformin 1000mg SR (Glucophage) (Formula 341),VIT192,EXPIRED,-15,78.0,1170.0,EXPIRY_WRITE_OFF,EXP-WO-2388,2026-09-18T01:00:00Z,PHARM-KA-2022-7212,pharmaflow-main,SYNTHETIC_OPERATIONAL_RECORD
MOV-002390,MED-0342,Pantoprazole 40mg (Pan 40) (Formula 342),AMO193,EXPIRED,-15,97.5,1462.5,EXPIRY_WRITE_OFF,EXP-WO-2389,2026-05-27T05:00:00Z,PHARM-HIST-0001,pharmaflow-main,SYNTHETIC_OPERATIONAL_RECORD
MOV-002391,MED-0343,Pantoprazole + Domperidone (Pan-D) (Formula 343),AMO194,EXPIRED,-15,160.0,2400.0,EXPIRY_WRITE_OFF,EXP-WO-2390,2026-04-11T21:00:00Z,PHARM-KA-2022-7212,pharmaflow-main,SYNTHETIC_OPERATIONAL_RECORD
MOV-002392,MED-0344,Omeprazole 20mg (Omez) (Formula 344),CET195,EXPIRED,-15,62.0,930.0,EXPIRY_WRITE_OFF,EXP-WO-2391,2026-09-30T11:00:00Z,PHARM-HIST-0001,pharmaflow-main,SYNTHETIC_OPERATIONAL_RECORD
MOV-002393,MED-0345,Telmisartan 40mg (Telma 40) (Formula 345),LEV196,EXPIRED,-25,100.5,2512.5,EXPIRY_WRITE_OFF,EXP-WO-2392,2026-06-26T23:00:00Z,PHARM-KA-2022-7212,pharmaflow-main,SYNTHETIC_OPERATIONAL_RECORD
MOV-002394,MED-0346,Telmisartan + Amlodipine (Telma-AM) (Formula 346),AZI197,EXPIRED,-25,145.0,3625.0,EXPIRY_WRITE_OFF,EXP-WO-2393,2026-09-13T03:00:00Z,PHARM-HIST-0001,pharmaflow-main,SYNTHETIC_OPERATIONAL_RECORD
MOV-002395,MED-0347,Atorvastatin 10mg (Atorva 10) (Formula 347),AZI198,EXPIRED,-25,117.5,2937.5,EXPIRY_WRITE_OFF,EXP-WO-2394,2026-04-30T18:00:00Z,PHARM-KA-2022-7212,pharmaflow-main,SYNTHETIC_OPERATIONAL_RECORD
MOV-002396,MED-0348,Rosuvastatin 10mg (Rosuvas 10) (Formula 348),MET199,EXPIRED,-15,145.0,2175.0,EXPIRY_WRITE_OFF,EXP-WO-2395,2026-09-21T09:00:00Z,PHARM-HIST-0001,pharmaflow-main,SYNTHETIC_OPERATIONAL_RECORD
MOV-002397,MED-0349,Ciprofloxacin 500mg (Ciplox 500) (Formula 349),MET200,EXPIRED,-15,84.5,1267.5,EXPIRY_WRITE_OFF,EXP-WO-2396,2026-06-15T18:00:00Z,PHARM-KA-2022-7212,pharmaflow-main,SYNTHETIC_OPERATIONAL_RECORD
MOV-002398,MED-0350,Ofloxacin + Ornidazole (O2) (Formula 350),PAN201,EXPIRED,-25,130.0,3250.0,EXPIRY_WRITE_OFF,EXP-WO-2397,2026-04-20T22:00:00Z,PHARM-HIST-0001,pharmaflow-main,SYNTHETIC_OPERATIONAL_RECORD
MOV-002399,MED-0351,Montelukast + Levocetirizine (Montair-LC) (Formula 351),PAN202,EXPIRED,-15,158.0,2370.0,EXPIRY_WRITE_OFF,EXP-WO-2398,2026-08-05T11:00:00Z,PHARM-KA-2022-7212,pharmaflow-main,SYNTHETIC_OPERATIONAL_RECORD
MOV-002400,MED-0352,Ibuprofen 400mg (Brufen 400) (Formula 352),OME203,EXPIRED,-15,30.5,457.5,EXPIRY_WRITE_OFF,EXP-WO-2399,2026-04-24T04:00:00Z,PHARM-HIST-0001,pharmaflow-main,SYNTHETIC_OPERATIONAL_RECORD
MOV-002401,MED-0353,Aceclofenac + Paracetamol (Zerodol-P) (Formula 353),TEL204,EXPIRED,-15,80.0,1200.0,EXPIRY_WRITE_OFF,EXP-WO-2400,2026-05-21T19:00:00Z,PHARM-KA-2022-7212,pharmaflow-main,SYNTHETIC_OPERATIONAL_RECORD
MOV-002402,MED-0354,Vildagliptin + Metformin (Galvus Met) (Formula 354),TEL205,EXPIRED,-15,247.5,3712.5,EXPIRY_WRITE_OFF,EXP-WO-2401,2026-05-16T14:00:00Z,PHARM-HIST-0001,pharmaflow-main,SYNTHETIC_OPERATIONAL_RECORD
MOV-002403,MED-0355,Rabeprazole 20mg (Razo 20) (Formula 355),ATO206,EXPIRED,-25,122.0,3050.0,EXPIRY_WRITE_OFF,EXP-WO-2402,2026-05-15T12:00:00Z,PHARM-KA-2022-7212,pharmaflow-main,SYNTHETIC_OPERATIONAL_RECORD
MOV-002404,MED-0356,Cough Syrup (Ascoril-D) (Formula 356),ROS207,EXPIRED,-25,100.5,2512.5,EXPIRY_WRITE_OFF,EXP-WO-2403,2026-08-05T15:00:00Z,PHARM-HIST-0001,pharmaflow-main,SYNTHETIC_OPERATIONAL_RECORD
MOV-002405,MED-0357,Oral Rehydration Salts (Electral ORS) (Formula 357),CIP208,EXPIRED,-15,33.0,495.0,EXPIRY_WRITE_OFF,EXP-WO-2404,2026-07-19T07:00:00Z,PHARM-KA-2022-7212,pharmaflow-main,SYNTHETIC_OPERATIONAL_RECORD
MOV-002406,MED-0358,Multivitamin + Zinc (Becadexamin) (Formula 358),OFL209,EXPIRED,-15,42.0,630.0,EXPIRY_WRITE_OFF,EXP-WO-2405,2026-08-03T17:00:00Z,PHARM-HIST-0001,pharmaflow-main,SYNTHETIC_OPERATIONAL_RECORD
MOV-002407,MED-0359,Thyroxine Sodium 50mcg (Thyronorm 50) (Formula 359),MON210,EXPIRED,-15,127.5,1912.5,EXPIRY_WRITE_OFF,EXP-WO-2406,2026-05-11T03:00:00Z,PHARM-KA-2022-7212,pharmaflow-main,SYNTHETIC_OPERATIONAL_RECORD
MOV-002408,MED-0360,Clopidogrel 75mg (Clopilet 75) (Formula 360),IBU211,EXPIRED,-25,135.0,3375.0,EXPIRY_WRITE_OFF,EXP-WO-2407,2026-06-28T17:00:00Z,PHARM-HIST-0001,pharmaflow-main,SYNTHETIC_OPERATIONAL_RECORD
MOV-002409,MED-0361,Paracetamol 500mg (Formula 361),ACE212,EXPIRED,-25,32.5,812.5,EXPIRY_WRITE_OFF,EXP-WO-2408,2026-04-28T05:00:00Z,PHARM-KA-2022-7212,pharmaflow-main,SYNTHETIC_OPERATIONAL_RECORD
MOV-002410,MED-0362,Paracetamol 650mg (Dolo 650) (Formula 362),VIL213,EXPIRED,-15,42.0,630.0,EXPIRY_WRITE_OFF,EXP-WO-2409,2026-08-18T22:00:00Z,PHARM-HIST-0001,pharmaflow-main,SYNTHETIC_OPERATIONAL_RECORD
MOV-002411,MED-0363,Vitamin D3 60K (Calcirol) (Formula 363),RAB214,EXPIRED,-25,77.5,1937.5,EXPIRY_WRITE_OFF,EXP-WO-2410,2026-04-16T09:00:00Z,PHARM-KA-2022-7212,pharmaflow-main,SYNTHETIC_OPERATIONAL_RECORD
MOV-002412,MED-0364,Amoxicillin 500mg (Novamox) (Formula 364),COU215,EXPIRED,-25,110.0,2750.0,EXPIRY_WRITE_OFF,EXP-WO-2411,2026-07-02T17:00:00Z,PHARM-HIST-0001,pharmaflow-main,SYNTHETIC_OPERATIONAL_RECORD
MOV-002413,MED-0365,Amoxicillin + Clavulanic Acid 625mg (Augmentin) (Formula 365),ORA216,EXPIRED,-25,165.0,4125.0,EXPIRY_WRITE_OFF,EXP-WO-2412,2026-09-11T23:00:00Z,PHARM-KA-2022-7212,pharmaflow-main,SYNTHETIC_OPERATIONAL_RECORD
MOV-002414,MED-0366,Cetirizine 10mg (Cetzine) (Formula 366),MUL217,EXPIRED,-25,37.5,937.5,EXPIRY_WRITE_OFF,EXP-WO-2413,2026-09-13T08:00:00Z,PHARM-HIST-0001,pharmaflow-main,SYNTHETIC_OPERATIONAL_RECORD
MOV-002415,MED-0367,Levocetirizine 5mg (Levocet) (Formula 367),THY218,EXPIRED,-15,53.0,795.0,EXPIRY_WRITE_OFF,EXP-WO-2414,2026-06-06T03:00:00Z,PHARM-KA-2022-7212,pharmaflow-main,SYNTHETIC_OPERATIONAL_RECORD
MOV-002416,MED-0368,Azithromycin 250mg (Azee 250) (Formula 368),CLO219,EXPIRED,-15,127.5,1912.5,EXPIRY_WRITE_OFF,EXP-WO-2415,2026-06-05T21:00:00Z,PHARM-HIST-0001,pharmaflow-main,SYNTHETIC_OPERATIONAL_RECORD
MOV-002417,MED-0369,Azithromycin 500mg (Azithral 500) (Formula 369),PAR220,EXPIRED,-25,185.0,4625.0,EXPIRY_WRITE_OFF,EXP-WO-2416,2026-08-06T05:00:00Z,PHARM-KA-2022-7212,pharmaflow-main,SYNTHETIC_OPERATIONAL_RECORD
MOV-002418,MED-0370,Metformin 500mg (Glycomet 500) (Formula 370),PAR221,EXPIRED,-15,57.5,862.5,EXPIRY_WRITE_OFF,EXP-WO-2417,2026-07-17T23:00:00Z,PHARM-HIST-0001,pharmaflow-main,SYNTHETIC_OPERATIONAL_RECORD
MOV-002419,MED-0371,Metformin 1000mg SR (Glucophage) (Formula 371),VIT222,EXPIRED,-15,83.0,1245.0,EXPIRY_WRITE_OFF,EXP-WO-2418,2026-08-15T13:00:00Z,PHARM-KA-2022-7212,pharmaflow-main,SYNTHETIC_OPERATIONAL_RECORD
MOV-002420,MED-0372,Pantoprazole 40mg (Pan 40) (Formula 372),AMO223,EXPIRED,-25,85.0,2125.0,EXPIRY_WRITE_OFF,EXP-WO-2419,2026-05-11T18:00:00Z,PHARM-HIST-0001,pharmaflow-main,SYNTHETIC_OPERATIONAL_RECORD
MOV-002421,MED-0373,Pantoprazole + Domperidone (Pan-D) (Formula 373),AMO224,EXPIRED,-15,147.5,2212.5,EXPIRY_WRITE_OFF,EXP-WO-2420,2026-05-04T22:00:00Z,PHARM-KA-2022-7212,pharmaflow-main,SYNTHETIC_OPERATIONAL_RECORD
MOV-002422,MED-0374,Omeprazole 20mg (Omez) (Formula 374),CET225,EXPIRED,-15,67.0,1005.0,EXPIRY_WRITE_OFF,EXP-WO-2421,2026-09-20T14:00:00Z,PHARM-HIST-0001,pharmaflow-main,SYNTHETIC_OPERATIONAL_RECORD
MOV-002423,MED-0375,Telmisartan 40mg (Telma 40) (Formula 375),LEV226,EXPIRED,-25,105.5,2637.5,EXPIRY_WRITE_OFF,EXP-WO-2422,2026-08-26T23:00:00Z,PHARM-KA-2022-7212,pharmaflow-main,SYNTHETIC_OPERATIONAL_RECORD
MOV-002424,MED-0376,Telmisartan + Amlodipine (Telma-AM) (Formula 376),AZI227,EXPIRED,-15,150.0,2250.0,EXPIRY_WRITE_OFF,EXP-WO-2423,2026-10-02T06:00:00Z,PHARM-HIST-0001,pharmaflow-main,SYNTHETIC_OPERATIONAL_RECORD
MOV-002425,MED-0377,Atorvastatin 10mg (Atorva 10) (Formula 377),AZI228,EXPIRED,-25,122.5,3062.5,EXPIRY_WRITE_OFF,EXP-WO-2424,2026-09-24T20:00:00Z,PHARM-KA-2022-7212,pharmaflow-main,SYNTHETIC_OPERATIONAL_RECORD
MOV-002426,MED-0378,Rosuvastatin 10mg (Rosuvas 10) (Formula 378),MET229,EXPIRED,-25,150.0,3750.0,EXPIRY_WRITE_OFF,EXP-WO-2425,2026-05-23T07:00:00Z,PHARM-HIST-0001,pharmaflow-main,SYNTHETIC_OPERATIONAL_RECORD
MOV-002427,MED-0379,Ciprofloxacin 500mg (Ciplox 500) (Formula 379),MET230,EXPIRED,-15,72.0,1080.0,EXPIRY_WRITE_OFF,EXP-WO-2426,2026-09-15T23:00:00Z,PHARM-KA-2022-7212,pharmaflow-main,SYNTHETIC_OPERATIONAL_RECORD
MOV-002428,MED-0380,Ofloxacin + Ornidazole (O2) (Formula 380),PAN231,EXPIRED,-15,117.5,1762.5,EXPIRY_WRITE_OFF,EXP-WO-2427,2026-08-28T15:00:00Z,PHARM-HIST-0001,pharmaflow-main,SYNTHETIC_OPERATIONAL_RECORD
MOV-002429,MED-0381,Montelukast + Levocetirizine (Montair-LC) (Formula 381),PAN232,EXPIRED,-15,163.0,2445.0,EXPIRY_WRITE_OFF,EXP-WO-2428,2026-04-29T15:00:00Z,PHARM-KA-2022-7212,pharmaflow-main,SYNTHETIC_OPERATIONAL_RECORD
MOV-002430,MED-0382,Ibuprofen 400mg (Brufen 400) (Formula 382),OME233,EXPIRED,-25,35.5,887.5,EXPIRY_WRITE_OFF,EXP-WO-2429,2026-09-13T19:00:00Z,PHARM-HIST-0001,pharmaflow-main,SYNTHETIC_OPERATIONAL_RECORD
MOV-002431,MED-0383,Aceclofenac + Paracetamol (Zerodol-P) (Formula 383),TEL234,EXPIRED,-15,85.0,1275.0,EXPIRY_WRITE_OFF,EXP-WO-2430,2026-08-09T01:00:00Z,PHARM-KA-2022-7212,pharmaflow-main,SYNTHETIC_OPERATIONAL_RECORD
MOV-002432,MED-0384,Vildagliptin + Metformin (Galvus Met) (Formula 384),TEL235,EXPIRED,-25,252.5,6312.5,EXPIRY_WRITE_OFF,EXP-WO-2431,2026-09-01T09:00:00Z,PHARM-HIST-0001,pharmaflow-main,SYNTHETIC_OPERATIONAL_RECORD
MOV-002433,MED-0385,Rabeprazole 20mg (Razo 20) (Formula 385),ATO236,EXPIRED,-15,127.0,1905.0,EXPIRY_WRITE_OFF,EXP-WO-2432,2026-06-17T12:00:00Z,PHARM-KA-2022-7212,pharmaflow-main,SYNTHETIC_OPERATIONAL_RECORD
MOV-002434,MED-0386,Cough Syrup (Ascoril-D) (Formula 386),ROS237,EXPIRED,-25,88.0,2200.0,EXPIRY_WRITE_OFF,EXP-WO-2433,2026-04-21T20:00:00Z,PHARM-HIST-0001,pharmaflow-main,SYNTHETIC_OPERATIONAL_RECORD
MOV-002435,MED-0387,Oral Rehydration Salts (Electral ORS) (Formula 387),CIP238,EXPIRED,-15,20.5,307.5,EXPIRY_WRITE_OFF,EXP-WO-2434,2026-09-19T19:00:00Z,PHARM-KA-2022-7212,pharmaflow-main,SYNTHETIC_OPERATIONAL_RECORD
MOV-002436,MED-0388,Multivitamin + Zinc (Becadexamin) (Formula 388),OFL239,EXPIRED,-25,47.0,1175.0,EXPIRY_WRITE_OFF,EXP-WO-2435,2026-08-03T03:00:00Z,PHARM-HIST-0001,pharmaflow-main,SYNTHETIC_OPERATIONAL_RECORD
MOV-002437,MED-0389,Thyroxine Sodium 50mcg (Thyronorm 50) (Formula 389),MON240,EXPIRED,-15,132.5,1987.5,EXPIRY_WRITE_OFF,EXP-WO-2436,2026-08-28T09:00:00Z,PHARM-KA-2022-7212,pharmaflow-main,SYNTHETIC_OPERATIONAL_RECORD
MOV-002438,MED-0390,Clopidogrel 75mg (Clopilet 75) (Formula 390),IBU241,EXPIRED,-25,140.0,3500.0,EXPIRY_WRITE_OFF,EXP-WO-2437,2026-07-08T20:00:00Z,PHARM-HIST-0001,pharmaflow-main,SYNTHETIC_OPERATIONAL_RECORD
MOV-002439,MED-0391,Paracetamol 500mg (Formula 391),ACE242,EXPIRED,-15,37.5,562.5,EXPIRY_WRITE_OFF,EXP-WO-2438,2026-05-14T22:00:00Z,PHARM-KA-2022-7212,pharmaflow-main,SYNTHETIC_OPERATIONAL_RECORD
MOV-002440,MED-0392,Paracetamol 650mg (Dolo 650) (Formula 392),VIL243,EXPIRED,-25,47.0,1175.0,EXPIRY_WRITE_OFF,EXP-WO-2439,2026-06-18T12:00:00Z,PHARM-HIST-0001,pharmaflow-main,SYNTHETIC_OPERATIONAL_RECORD
MOV-002441,MED-0393,Vitamin D3 60K (Calcirol) (Formula 393),RAB244,EXPIRED,-15,65.0,975.0,EXPIRY_WRITE_OFF,EXP-WO-2440,2026-09-23T12:00:00Z,PHARM-KA-2022-7212,pharmaflow-main,SYNTHETIC_OPERATIONAL_RECORD
MOV-002442,MED-0394,Amoxicillin 500mg (Novamox) (Formula 394),COU245,EXPIRED,-25,97.5,2437.5,EXPIRY_WRITE_OFF,EXP-WO-2441,2026-05-23T11:00:00Z,PHARM-HIST-0001,pharmaflow-main,SYNTHETIC_OPERATIONAL_RECORD
MOV-002443,MED-0395,Amoxicillin + Clavulanic Acid 625mg (Augmentin) (Formula 395),ORA246,EXPIRED,-25,170.0,4250.0,EXPIRY_WRITE_OFF,EXP-WO-2442,2026-06-09T02:00:00Z,PHARM-KA-2022-7212,pharmaflow-main,SYNTHETIC_OPERATIONAL_RECORD
MOV-002444,MED-0396,Cetirizine 10mg (Cetzine) (Formula 396),MUL247,EXPIRED,-25,42.5,1062.5,EXPIRY_WRITE_OFF,EXP-WO-2443,2026-04-21T10:00:00Z,PHARM-HIST-0001,pharmaflow-main,SYNTHETIC_OPERATIONAL_RECORD
MOV-002445,MED-0397,Levocetirizine 5mg (Levocet) (Formula 397),THY248,EXPIRED,-15,58.0,870.0,EXPIRY_WRITE_OFF,EXP-WO-2444,2026-08-21T00:00:00Z,PHARM-KA-2022-7212,pharmaflow-main,SYNTHETIC_OPERATIONAL_RECORD
MOV-002446,MED-0398,Azithromycin 250mg (Azee 250) (Formula 398),CLO249,EXPIRED,-15,132.5,1987.5,EXPIRY_WRITE_OFF,EXP-WO-2445,2026-07-23T17:00:00Z,PHARM-HIST-0001,pharmaflow-main,SYNTHETIC_OPERATIONAL_RECORD
MOV-002447,MED-0399,Azithromycin 500mg (Azithral 500) (Formula 399),PAR250,EXPIRED,-25,190.0,4750.0,EXPIRY_WRITE_OFF,EXP-WO-2446,2026-09-14T16:00:00Z,PHARM-KA-2022-7212,pharmaflow-main,SYNTHETIC_OPERATIONAL_RECORD
MOV-002448,MED-0400,Metformin 500mg (Glycomet 500) (Formula 400),PAR251,EXPIRED,-15,45.0,675.0,EXPIRY_WRITE_OFF,EXP-WO-2447,2026-08-28T20:00:00Z,PHARM-HIST-0001,pharmaflow-main,SYNTHETIC_OPERATIONAL_RECORD
MOV-002449,MED-0401,Metformin 1000mg SR (Glucophage) (Formula 401),VIT252,EXPIRED,-25,70.5,1762.5,EXPIRY_WRITE_OFF,EXP-WO-2448,2026-04-18T18:00:00Z,PHARM-KA-2022-7212,pharmaflow-main,SYNTHETIC_OPERATIONAL_RECORD
MOV-002450,MED-0402,Pantoprazole 40mg (Pan 40) (Formula 402),AMO253,EXPIRED,-25,90.0,2250.0,EXPIRY_WRITE_OFF,EXP-WO-2449,2026-08-26T17:00:00Z,PHARM-HIST-0001,pharmaflow-main,SYNTHETIC_OPERATIONAL_RECORD
